future_x1,future_y1,future_x2,future_y2,future_x3,future_y3,future_x4,future_y4,future_x5,future_y5,future_x6,future_y6,future_x7,future_y7,future_x8,future_y8,future_x9,future_y9,future_x10,future_y10,future_x11,future_y11,future_x12,future_y12,future_x13,future_y13,future_x14,future_y14,future_x15,future_y15,future_x16,future_y16,future_x17,future_y17,future_x18,future_y18,future_x19,future_y19,future_x20,future_y20
159.97650789683607,35.08638792593425,182.57194650461062,46.28501348819597,201.57296008655948,62.86586217636771,215.7280316433899,83.73682309297288,224.1048260339699,107.52321365773487,226.151598977176,132.65832417828778,221.73353813149453,157.48661044064,211.14164261802148,180.37273745665385,195.07355612995627,199.80929211465605,174.58761607120576,214.51607015305495,151.03314531443894,223.5243978408152,125.96157796784617,226.24093444967443,101.02427292332361,222.48675311709607,77.86374577852388,212.50912600758522,58.00548322968481,196.9652375332418,42.75746566685777,176.87889837536713,33.12401599645452,153.57311137279504,29.739649107501464,128.58293087880085,32.827279039562896,103.55435517493609,42.183536570737374,80.1359114740453
