future_x1,future_y1,future_x2,future_y2,future_x3,future_y3,future_x4,future_y4,future_x5,future_y5,future_x6,future_y6,future_x7,future_y7,future_x8,future_y8,future_x9,future_y9,future_x10,future_y10,future_x11,future_y11,future_x12,future_y12,future_x13,future_y13,future_x14,future_y14,future_x15,future_y15,future_x16,future_y16,future_x17,future_y17,future_x18,future_y18,future_x19,future_y19,future_x20,future_y20
47.83106597742977,75.20643653054682,63.90836184211496,56.54035933229768,84.20710485861478,42.581028680661106,107.39030203758904,34.24788708505501,131.93097350281658,32.089803600250335,156.2127282454532,36.24892212585942,178.63622901425163,46.451298984381964,197.72453394635968,62.02494644123935,212.22037652769458,81.94409371587885,221.16897646028076,104.89675019695177,223.9809270323552,129.37112075620888,220.47101686416704,153.75518134716467,210.87042900406212,176.44285626179675,195.81151387157473,195.93980359526827,176.2861389898731,210.96184127398004,153.58035883582087,220.51953073783417,129.1897078303815,223.9833471045719,104.72069576449174,221.12514333105236,81.78499374318416,212.13317730123399,61.893280175617306,197.59971206965562
