future_x1,future_y1,future_x2,future_y2,future_x3,future_y3,future_x4,future_y4,future_x5,future_y5,future_x6,future_y6,future_x7,future_y7,future_x8,future_y8,future_x9,future_y9,future_x10,future_y10,future_x11,future_y11,future_x12,future_y12,future_x13,future_y13,future_x14,future_y14,future_x15,future_y15,future_x16,future_y16,future_x17,future_y17,future_x18,future_y18,future_x19,future_y19,future_x20,future_y20
60.49524963051232,128.57509076949043,62.572003891498156,111.37473678205762,68.9582255925387,95.26941909072728,79.23328111924101,81.31992736247055,92.72039569825509,70.44505605812563,108.53122971052609,63.361087298317756,125.62438989279406,60.53461236709197,142.87402154012932,62.151799302761745,159.1439638290466,68.10613079074757,173.36258396142185,78.00542001193575,184.59336111822574,91.19764234207145,192.09657115440743,106.81388147658977,195.37800912300202,123.82556129992834,194.22154048033858,141.11219387634574,188.70333696110904,157.5351812864938,179.1868594659669,172.01281029258814,166.298918417802,183.5915002483882,150.88838839049242,191.508611453298,133.9702963042657,195.24267702790596,116.65896586349663,194.54774974824215
