future_x1,future_y1,future_x2,future_y2,future_x3,future_y3,future_x4,future_y4,future_x5,future_y5,future_x6,future_y6,future_x7,future_y7,future_x8,future_y8,future_x9,future_y9,future_x10,future_y10,future_x11,future_y11,future_x12,future_y12,future_x13,future_y13,future_x14,future_y14,future_x15,future_y15,future_x16,future_y16,future_x17,future_y17,future_x18,future_y18,future_x19,future_y19,future_x20,future_y20
77.72880257138387,97.82955971897826,87.06340656008759,86.02805609466105,99.09433210880826,76.9910682191665,113.02915265690426,71.31382454700862,127.95004007258567,69.37026128607383,142.87421813895645,71.28839278937389,156.81869389777373,76.94187978701116,168.86500326905178,85.95835082352278,178.21970642433243,97.7439288024459,184.26664833737868,111.52234717760565,186.60754232915238,126.38607937177456,185.08820353937693,141.3561137425627,179.8087044360229,155.4464369694578,171.11678346194242,167.72897861201028,159.58494096342775,177.3947392137501,145.97273099572718,183.80707570024458,131.1767326860098,186.54363438580864,116.17149633003753,185.42416963776913,101.94535385531049,180.5224158996196,89.43532154597023,172.1612311127633
