future_x1,future_y1,future_x2,future_y2,future_x3,future_y3,future_x4,future_y4,future_x5,future_y5,future_x6,future_y6,future_x7,future_y7,future_x8,future_y8,future_x9,future_y9,future_x10,future_y10,future_x11,future_y11,future_x12,future_y12,future_x13,future_y13,future_x14,future_y14,future_x15,future_y15,future_x16,future_y16,future_x17,future_y17,future_x18,future_y18,future_x19,future_y19,future_x20,future_y20
69.15013533670796,197.28243724317016,53.45435788311292,180.0222060530173,42.66858893670111,159.3354905368962,37.50324181982819,136.58483780400695,38.298536263201356,113.26873784370811,45.00208956044381,90.92292428050712,57.172366797063745,71.01922204715066,74.00776290172936,54.86860445495569,94.39940100721755,43.534844885196435,117.00416951464564,37.76445050214993,140.3331872161712,37.93749295998656,162.84986964990983,44.04257467843661,183.07113746789207,55.67757955354277,199.6651006468771,72.07615865737965,211.53878449293256,92.1582064248318,217.91011929627814,114.60100267293745,218.35945197997765,137.9263346266239,212.85718688643297,160.59786058873482,201.76573511910902,181.1223023181323,185.81564404453303,198.1478009987302
