future_x1,future_y1,future_x2,future_y2,future_x3,future_y3,future_x4,future_y4,future_x5,future_y5,future_x6,future_y6,future_x7,future_y7,future_x8,future_y8,future_x9,future_y9,future_x10,future_y10,future_x11,future_y11,future_x12,future_y12,future_x13,future_y13,future_x14,future_y14,future_x15,future_y15,future_x16,future_y16,future_x17,future_y17,future_x18,future_y18,future_x19,future_y19,future_x20,future_y20
55.36066763982163,97.39774295860612,65.541825879132,79.91728764672968,79.83684185134297,65.60383874862613,97.30416286416133,55.40016305603665,116.79328980945466,49.97833385228738,137.02055570976347,49.69546426644844,156.6536754733335,54.57018573066601,174.39949792024396,64.2814208059433,189.08918022202673,78.18953120516997,199.75517467205444,95.37844808193582,205.69495699124056,114.71600963982287,206.51729865314368,134.92853187717577,202.16803546464538,154.68470080542605,192.93363513397225,172.68326051272626,179.42232884533286,187.73872142825326,162.5240496241354,198.8594435436113,143.35181618451597,205.31295157731873,123.16842305901586,206.67418004671768,103.30326562388842,202.8534705469011,85.06477840640049,194.10247717346533
