future_x1,future_y1,future_x2,future_y2,future_x3,future_y3,future_x4,future_y4,future_x5,future_y5,future_x6,future_y6,future_x7,future_y7,future_x8,future_y8,future_x9,future_y9,future_x10,future_y10,future_x11,future_y11,future_x12,future_y12,future_x13,future_y13,future_x14,future_y14,future_x15,future_y15,future_x16,future_y16,future_x17,future_y17,future_x18,future_y18,future_x19,future_y19,future_x20,future_y20
51.8206405251278,149.4079441436071,48.88066442479678,129.3136287892639,51.15194681960091,109.13279022112297,58.484887872929775,90.1946555574684,70.39649754093801,73.74660022720751,86.10220809916413,60.87198858679149,104.56755032496287,52.41881725796789,124.57628964255278,48.9438611501554,144.8105343888104,50.676001034476855,163.9375398047,57.501148128191446,180.69749033773496,68.96975864387872,193.98647840377856,84.32644335155119,202.92921414545967,102.5597218961457,206.93667710065256,122.46864476236495,205.7449125076374,142.7418947777213,199.4324168971831,162.04415806984554,188.41496785559707,179.10407558565925,173.41823850052128,192.79798217512152,155.43000043901878,202.2239176975524,135.63506339843389,206.7610353497178
