future_x1,future_y1,future_x2,future_y2,future_x3,future_y3,future_x4,future_y4,future_x5,future_y5,future_x6,future_y6,future_x7,future_y7,future_x8,future_y8,future_x9,future_y9,future_x10,future_y10,future_x11,future_y11,future_x12,future_y12,future_x13,future_y13,future_x14,future_y14,future_x15,future_y15,future_x16,future_y16,future_x17,future_y17,future_x18,future_y18,future_x19,future_y19,future_x20,future_y20
75.54328185474813,179.64022699249108,64.12728246900883,164.58819861119994,56.91831085240901,147.1262591829047,54.39119170241453,128.40455335335687,56.71237574870965,109.65620129271915,63.728976342384996,92.11607824653647,74.9788394576904,76.93947848725954,89.72098383761396,65.12602093038656,106.98440631866379,57.45380843286166,125.6320377330416,54.428177424311,144.43563688135112,56.24841351781292,162.1566896243071,62.79462540315292,177.62798460986664,73.6356415841294,189.8304925850906,88.05740983497121,197.9604855751985,105.11002882289182,201.48247507125558,123.67031412124363,200.16448241029923,142.51577765260998,194.09331823603753,160.40514784654232,183.66886464617096,176.16012698709062,169.57773663730424,188.7430007369192
