future_x1,future_y1,future_x2,future_y2,future_x3,future_y3,future_x4,future_y4,future_x5,future_y5,future_x6,future_y6,future_x7,future_y7,future_x8,future_y8,future_x9,future_y9,future_x10,future_y10,future_x11,future_y11,future_x12,future_y12,future_x13,future_y13,future_x14,future_y14,future_x15,future_y15,future_x16,future_y16,future_x17,future_y17,future_x18,future_y18,future_x19,future_y19,future_x20,future_y20
207.25275562934843,179.572735894319,191.51635911969385,198.0458313295551,171.5964066734763,211.9053019041781,148.80494193531626,220.2382824728351,124.64314301003253,222.49591458692436,100.70244616275217,218.52949749652296,78.55972459290007,208.6002824445455,59.67342641619159,193.36226514409378,45.28751280974602,173.81910982627744,36.34952351143963,151.25804209064557,33.44816635509832,127.16506475865616,36.77454155685396,103.1270811059853,46.10955474612868,80.72737220554475,60.838347792085926,61.441312849684365,79.99079692756041,46.539194806215804,102.30541072906796,37.00255803228035,126.31241926118948,33.45954075783007,150.43058165219287,36.14350665731513,173.07133579228002,44.877674164097556,192.74343025105134,59.08676033012486
