future_x1,future_y1,future_x2,future_y2,future_x3,future_y3,future_x4,future_y4,future_x5,future_y5,future_x6,future_y6,future_x7,future_y7,future_x8,future_y8,future_x9,future_y9,future_x10,future_y10,future_x11,future_y11,future_x12,future_y12,future_x13,future_y13,future_x14,future_y14,future_x15,future_y15,future_x16,future_y16,future_x17,future_y17,future_x18,future_y18,future_x19,future_y19,future_x20,future_y20
137.49434802699508,44.553425104778,158.42062427997416,49.718079196929224,177.3432217159636,60.03883478860257,193.01578827801782,74.83590703501508,204.4060377993825,93.13467490470028,210.7637423598104,113.72987537543824,211.67014664924727,135.26498904989236,207.06554962218829,156.3215883937127,197.2532367549288,175.51276360271396,182.87950390441253,191.57447252952375,164.89108851325693,203.4487978334224,144.47281198876613,210.35362755449432,122.96954049065565,211.8341695451589,101.7976042427962,207.79290671973587,82.351509807054,198.4960200955069,65.91208979012967,184.55585656651908,53.56213977664274,166.8905961842902,46.115099129475496,146.66377549227312,44.061473153734795,125.20765025822087,47.53652557141859,103.93544537950834
