future_x1,future_y1,future_x2,future_y2,future_x3,future_y3,future_x4,future_y4,future_x5,future_y5,future_x6,future_y6,future_x7,future_y7,future_x8,future_y8,future_x9,future_y9,future_x10,future_y10,future_x11,future_y11,future_x12,future_y12,future_x13,future_y13,future_x14,future_y14,future_x15,future_y15,future_x16,future_y16,future_x17,future_y17,future_x18,future_y18,future_x19,future_y19,future_x20,future_y20
30.981208725840915,108.09332424282866,39.242997205963064,84.05553442105229,53.35083686245686,62.91218207018713,72.37550352118818,46.05589105079822,95.06392225399117,34.59691449042563,119.92170216383764,29.290007070863112,145.31156563984246,30.4847125056926,169.5611889602791,38.1023405632384,191.07335123579452,51.64115006178983,208.43113664433338,70.20939645495496,220.49126072819192,92.58406730143021,226.45937374179422,117.29143696037231,225.94238113478337,142.70413471268643,218.97433503987682,167.14833283873327,206.01419140182034,189.01399462352995,187.91558047598681,206.86092071631896,165.870581786954,219.51360901591428,141.33120685451365,226.13868005940455,115.91376129033813,226.29976822888784,91.29238553251339,219.9862633228808
