future_x1,future_y1,future_x2,future_y2,future_x3,future_y3,future_x4,future_y4,future_x5,future_y5,future_x6,future_y6,future_x7,future_y7,future_x8,future_y8,future_x9,future_y9,future_x10,future_y10,future_x11,future_y11,future_x12,future_y12,future_x13,future_y13,future_x14,future_y14,future_x15,future_y15,future_x16,future_y16,future_x17,future_y17,future_x18,future_y18,future_x19,future_y19,future_x20,future_y20
81.24997955934349,79.81486757474048,95.05374857795175,69.50285549467579,111.02754887093559,63.043804754949505,128.1192532702492,60.863145912999954,145.20310295727108,63.10450981244435,161.15385647030456,69.62026722236524,174.92090463594997,79.98125255501046,185.59746978495082,93.50503120144505,192.48033139064987,109.30084863440126,195.11614425300777,126.32830066966238,193.3312984437979,143.46586052209864,187.2433542637752,159.58474906689034,177.25329903917793,173.62328278191865,164.0191357698742,184.65680238447072,148.41254323402575,191.95857625651644,131.4614621662328,195.04766720560335,114.28238911660706,193.72060977877047,98.0068375099931,188.06481167780055,83.70680960672789,178.4527965808333,72.32418821396325,165.51766757152436
