future_x1,future_y1,future_x2,future_y2,future_x3,future_y3,future_x4,future_y4,future_x5,future_y5,future_x6,future_y6,future_x7,future_y7,future_x8,future_y8,future_x9,future_y9,future_x10,future_y10,future_x11,future_y11,future_x12,future_y12,future_x13,future_y13,future_x14,future_y14,future_x15,future_y15,future_x16,future_y16,future_x17,future_y17,future_x18,future_y18,future_x19,future_y19,future_x20,future_y20
182.66255549698639,182.52641290018337,166.98421112605098,194.6434990085446,148.73814042210464,202.3710576034486,129.12613546628032,205.2001068401721,109.43995669475521,202.94430912170608,90.97625006156848,195.75224437403452,74.9511424128869,184.0976237101412,62.420140316887895,168.74808806761035,54.20860827709032,150.71464692260253,50.857405437331906,131.18508733980912,52.58726146047762,111.44573942478746,59.28423799213604,92.7967511598574,70.50723330175546,76.4664531144651,85.51703580189117,63.53045346704691,103.32501281229541,54.840792209667725,122.75822764433683,50.96982085056659,142.53669601673084,52.17250402301576,161.35769324686055,58.36962603525129,177.98155925682744,69.15300847555035,191.313349778753,83.8123952106965
