future_x1,future_y1,future_x2,future_y2,future_x3,future_y3,future_x4,future_y4,future_x5,future_y5,future_x6,future_y6,future_x7,future_y7,future_x8,future_y8,future_x9,future_y9,future_x10,future_y10,future_x11,future_y11,future_x12,future_y12,future_x13,future_y13,future_x14,future_y14,future_x15,future_y15,future_x16,future_y16,future_x17,future_y17,future_x18,future_y18,future_x19,future_y19,future_x20,future_y20
101.32543119551742,218.1034562188184,79.27062961318418,208.34683506639274,60.425427094653855,193.29810518033167,46.031078018559185,173.94846322437854,37.035677731750496,151.5723888852964,34.03171548885777,127.64370024610591,37.21704967232989,103.73847957597502,46.38187569138282,81.43126340746713,60.922544929644715,62.191334424970535,79.88132454542844,47.28594598225652,102.00947931349641,37.69685344393571,125.84952057222674,34.05565008095313,149.83120488324397,36.60216667323331,172.37495937496055,45.16867486299522,191.99592157661502,59.190934717572716,207.40174107584946,77.74535884512397,217.57770121514605,99.60984521895624,221.85355421832543,123.34427190769786,219.94766759789547,147.3853518613546,211.98557410472262,170.14960006668795
