future_x1,future_y1,future_x2,future_y2,future_x3,future_y3,future_x4,future_y4,future_x5,future_y5,future_x6,future_y6,future_x7,future_y7,future_x8,future_y8,future_x9,future_y9,future_x10,future_y10,future_x11,future_y11,future_x12,future_y12,future_x13,future_y13,future_x14,future_y14,future_x15,future_y15,future_x16,future_y16,future_x17,future_y17,future_x18,future_y18,future_x19,future_y19,future_x20,future_y20
197.95944858174414,94.02231505848728,204.30353446741438,112.94748699962344,205.62182685632055,132.86410478236155,201.8274953629341,152.46034440236576,193.1704566743014,170.44548381994727,180.2209135870065,185.6349174024289,163.83179814264423,197.0281809242515,145.08259257480412,203.87484794561138,125.20822834597585,205.7239572517907,105.51774639627368,202.4537157752663,87.30807611201882,194.27952059377878,71.77861203150636,181.73977162905067,59.95221476176883,165.66040950411943,52.60783944431127,147.10051430175776,50.2292292499567,127.28254840538888,52.97305324691608,107.51183803372513,60.658587266951,89.09059688245594,72.77961744766768,73.23215477471776,88.53778241456982,60.98104071916242,106.89515799331383,53.144184169035896
