future_x1,future_y1,future_x2,future_y2,future_x3,future_y3,future_x4,future_y4,future_x5,future_y5,future_x6,future_y6,future_x7,future_y7,future_x8,future_y8,future_x9,future_y9,future_x10,future_y10,future_x11,future_y11,future_x12,future_y12,future_x13,future_y13,future_x14,future_y14,future_x15,future_y15,future_x16,future_y16,future_x17,future_y17,future_x18,future_y18,future_x19,future_y19,future_x20,future_y20
153.03412860015263,215.85521484017565,129.84863551401827,219.33361328732545,106.54138056705938,216.79625004139882,84.64751479988567,208.41025056767495,65.60909524117486,194.72796544746143,50.680102664880394,176.65058936404537,40.84384714080285,155.36880319207728,36.74820152818084,132.2843488467797,38.66292881019254,108.9177024284372,46.46191393870575,86.80792684455693,59.63147050307359,67.41130019706397,77.30417509758112,52.00539685710777,98.31600085974506,41.604939004456156,121.28298703326259,36.89496113722865,144.6923946531985,38.18568972527669,167.00234431120617,45.392109894922726,186.74337327941902,58.03956500180092,202.61522285160052,75.29502027143553,213.5724809256998,96.02193130279532,218.89343891042364,118.85510347683024
