future_x1,future_y1,future_x2,future_y2,future_x3,future_y3,future_x4,future_y4,future_x5,future_y5,future_x6,future_y6,future_x7,future_y7,future_x8,future_y8,future_x9,future_y9,future_x10,future_y10,future_x11,future_y11,future_x12,future_y12,future_x13,future_y13,future_x14,future_y14,future_x15,future_y15,future_x16,future_y16,future_x17,future_y17,future_x18,future_y18,future_x19,future_y19,future_x20,future_y20
165.82695285041027,49.980882410701156,184.43874931588542,62.178053454652044,199.3331622911055,78.71063980014752,209.52915931942925,98.48970938762007,214.35517287891105,120.21249793493521,213.49333371576287,142.44821655171333,207.0004075577016,163.7322917971552,195.30405619376074,182.66283098438186,179.1746691875621,197.9929589666245,159.67462155080332,208.71294456884462,138.08829956104623,214.1167073414131,115.83750362940421,213.84832411523968,94.3878002761127,207.9254721667724,75.15199141621964,196.73826489000635,59.397059028316505,181.0235566648986,48.16071437033658,161.8164093526356,42.18304829526605,140.3819171159947,41.857784573509264,118.13187997762171,47.20634696097673,96.53181447922479,57.87644810621619,77.00442625913689
