future_x1,future_y1,future_x2,future_y2,future_x3,future_y3,future_x4,future_y4,future_x5,future_y5,future_x6,future_y6,future_x7,future_y7,future_x8,future_y8,future_x9,future_y9,future_x10,future_y10,future_x11,future_y11,future_x12,future_y12,future_x13,future_y13,future_x14,future_y14,future_x15,future_y15,future_x16,future_y16,future_x17,future_y17,future_x18,future_y18,future_x19,future_y19,future_x20,future_y20
97.24776368333897,81.73712547437378,110.03542317551471,75.43358888637378,124.00633392868116,72.59238112713743,138.24029070074536,73.40064062451073,151.79976251260427,77.8051307184366,163.7916438780277,85.51574613626784,173.42607991282227,96.02462100922827,180.0684907602808,108.6395798651953,183.28136870240283,122.52972832131745,182.85309495665118,136.78018060897438,178.8118781167857,150.4523192586983,171.42389617121248,162.64561789261893,161.17576447629,172.55695511660704,148.7424844455939,179.53351275504025,134.9429840404286,183.11577424353172,120.68617842283352,183.06779105599728,106.91110352945482,179.39272364356873,94.52506571640768,172.33263326894507,84.34388129844055,162.3525384471796,77.03814215303753,150.1097861282191
