future_x1,future_y1,future_x2,future_y2,future_x3,future_y3,future_x4,future_y4,future_x5,future_y5,future_x6,future_y6,future_x7,future_y7,future_x8,future_y8,future_x9,future_y9,future_x10,future_y10,future_x11,future_y11,future_x12,future_y12,future_x13,future_y13,future_x14,future_y14,future_x15,future_y15,future_x16,future_y16,future_x17,future_y17,future_x18,future_y18,future_x19,future_y19,future_x20,future_y20
118.21905201452888,73.5066676646481,132.4108951304294,72.81182901514171,146.31221110081626,75.75200351109392,159.0073785997826,82.13353420116889,169.66022023788025,91.53609644817338,177.5690780565296,103.3403829484058,182.21302879222483,116.76889490392853,183.28619490508953,130.93715260448818,180.71789144836913,144.9119523930139,174.6772817891428,157.7728328729827,165.56223552747204,168.67270183654287,153.9731224960829,176.89363067219566,140.67326891980835,181.89414130860442,126.53868032156548,183.34487110205444,112.50034271599067,181.15026657114578,99.48290246888759,175.45487710348246,88.34376372274431,166.63383409432814,79.81661478519221,155.2681426163764,74.46310316018261,142.1064130546483,72.63584218466801,128.01555328306083
