future_x1,future_y1,future_x2,future_y2,future_x3,future_y3,future_x4,future_y4,future_x5,future_y5,future_x6,future_y6,future_x7,future_y7,future_x8,future_y8,future_x9,future_y9,future_x10,future_y10,future_x11,future_y11,future_x12,future_y12,future_x13,future_y13,future_x14,future_y14,future_x15,future_y15,future_x16,future_y16,future_x17,future_y17,future_x18,future_y18,future_x19,future_y19,future_x20,future_y20
88.4399837063508,209.97291096378493,68.87893637791076,197.2044280174562,53.2119453228477,179.87773991451127,42.47092947267615,159.1340828636795,37.36335445117382,136.3397544740146,38.22563478365031,112.99612146703853,45.00097568441717,90.64073095346096,57.243113890899394,70.74603865954631,74.14571115134927,54.622424449723795,94.59546434051946,43.33188310582966,117.24543406292948,37.61807518903129,140.60376189646885,37.857345240516025,163.1319328438699,44.03393354643664,183.34611085702647,55.741014164104556,199.9148728883688,72.20749083900097,211.74690413776642,92.34878587803549,218.06287837712534,114.83827672918446,218.4467888974581,138.19467503989443,212.8733491244285,160.879592902487,201.70965813885115,181.39887000755814
