future_x1,future_y1,future_x2,future_y2,future_x3,future_y3,future_x4,future_y4,future_x5,future_y5,future_x6,future_y6,future_x7,future_y7,future_x8,future_y8,future_x9,future_y9,future_x10,future_y10,future_x11,future_y11,future_x12,future_y12,future_x13,future_y13,future_x14,future_y14,future_x15,future_y15,future_x16,future_y16,future_x17,future_y17,future_x18,future_y18,future_x19,future_y19,future_x20,future_y20
213.7194623285754,118.50401579373984,213.31340450314963,140.63419764083065,207.28811086471129,161.93221792708005,196.04044221132852,180.9952654643079,180.31123526002222,196.56773733700282,161.13650684221307,207.62394019540585,139.7792158241853,213.43564837064716,117.6460773084007,213.6200690424972,96.19490821504218,208.1650551954903,76.83860700129789,197.42990569184116,60.852091971286356,182.1216997637086,49.28832775940555,163.24872467245916,42.90897097016045,142.05406405950268,42.13420305502265,119.93372124523846,47.01505472412342,98.34467035069626,57.23004476760478,78.70889152848784,72.10635467334001,62.31971109957617,90.66414435788059,50.25661557780997,111.68109011942335,43.31415042490735,133.77289396879303,41.94958667635191
