future_x1,future_y1,future_x2,future_y2,future_x3,future_y3,future_x4,future_y4,future_x5,future_y5,future_x6,future_y6,future_x7,future_y7,future_x8,future_y8,future_x9,future_y9,future_x10,future_y10,future_x11,future_y11,future_x12,future_y12,future_x13,future_y13,future_x14,future_y14,future_x15,future_y15,future_x16,future_y16,future_x17,future_y17,future_x18,future_y18,future_x19,future_y19,future_x20,future_y20
61.6982855426275,115.7722657193312,66.99401538472576,99.29974448290534,76.3079533332135,84.71758859508441,89.0266293948919,72.98626344900308,104.31231776997465,64.87846218448934,121.15821433378709,60.92821163467309,138.4547505979425,61.39569822030697,155.06267632876015,66.25013056248325,169.88809717762524,75.1717675814965,181.9545249096376,87.57297849951227,190.46719458437866,102.63694761305386,194.86541238615519,119.37147451443732,194.85948617187307,136.67432616741567,190.44980627638913,153.40583637015456,181.92681980279264,168.46397078368273,169.851900091005,180.8569133075148,155.02037141250898,189.76839284258307,138.40912429930358,194.61144764188245,121.11227186551126,195.06708601669652,104.26908516958295,191.10529698002452
