future_x1,future_y1,future_x2,future_y2,future_x3,future_y3,future_x4,future_y4,future_x5,future_y5,future_x6,future_y6,future_x7,future_y7,future_x8,future_y8,future_x9,future_y9,future_x10,future_y10,future_x11,future_y11,future_x12,future_y12,future_x13,future_y13,future_x14,future_y14,future_x15,future_y15,future_x16,future_y16,future_x17,future_y17,future_x18,future_y18,future_x19,future_y19,future_x20,future_y20
202.428425268456,121.25843215622211,201.69315569100763,140.42409068042036,196.1040273085513,158.77142650724042,186.02917254474454,175.09197764701184,172.13217978911877,188.31077790905448,155.32838561557315,197.55716041200168,136.7245854047913,202.22210475625778,117.54613337878574,201.99835064108026,99.05623366228947,196.90063581072684,82.47273832990527,187.26472534110928,68.88793260245349,173.72529620376798,59.19659060483377,157.1741337581007,54.037040350637085,138.70139359341175,53.74911975556108,119.5237975566655,58.35179294052645,100.90449339216745,67.54190114464488,84.0698565022773,80.71413052014374,70.12871374793544,97.00088161445217,59.999309678112894,115.32941450399368,54.34882561613294,134.4925056696425,53.54943522669517
