future_x1,future_y1,future_x2,future_y2,future_x3,future_y3,future_x4,future_y4,future_x5,future_y5,future_x6,future_y6,future_x7,future_y7,future_x8,future_y8,future_x9,future_y9,future_x10,future_y10,future_x11,future_y11,future_x12,future_y12,future_x13,future_y13,future_x14,future_y14,future_x15,future_y15,future_x16,future_y16,future_x17,future_y17,future_x18,future_y18,future_x19,future_y19,future_x20,future_y20
111.90076248305337,63.07044930052774,128.9569278135181,61.11116466986353,145.95006432604376,63.55756682624957,161.76090545492826,70.24852152952452,175.34805746817023,80.7433236816929,185.81659170087462,94.35072472167111,192.4769897495414,110.17446226617744,194.89055915473884,127.17229315045581,192.89832823179498,144.22464161023606,186.63151686831455,160.208341037423,176.50289362103433,174.07061224955694,163.17958838377453,184.8984056350492,147.53915134191246,191.97853989815835,130.6117524255856,194.84467631703998,113.51232834099774,193.30803451768656,97.36714637002919,187.4698266446707,83.23962187240957,177.71459094207177,72.0602755801182,164.68486383360417,64.56544410306492,149.23885874572872,61.248780527697505,132.39393919198983
