future_x1,future_y1,future_x2,future_y2,future_x3,future_y3,future_x4,future_y4,future_x5,future_y5,future_x6,future_y6,future_x7,future_y7,future_x8,future_y8,future_x9,future_y9,future_x10,future_y10,future_x11,future_y11,future_x12,future_y12,future_x13,future_y13,future_x14,future_y14,future_x15,future_y15,future_x16,future_y16,future_x17,future_y17,future_x18,future_y18,future_x19,future_y19,future_x20,future_y20
206.29520124480916,181.00032537517893,190.22698747280623,199.1826879086426,170.06014326190007,212.67654561109848,147.12297398081125,220.59311472225792,122.92625468094062,222.41096406814899,99.06372168589517,218.0103595436029,77.10709987028126,207.6811504951232,58.50257974024042,192.10367856120553,44.47556293584883,172.30396642465152,35.949950169263076,149.58613800564723,33.48728776330174,125.44652129379051,37.24978095250897,101.47509150491946,46.98961010527566,79.25074608832722,62.06525356264835,60.237309379850146,81.48374197692335,45.68711663797363,103.96606103414209,36.55852797758877,128.03139475771047,33.45280521237456,152.0946606403822,36.574509263199374,174.57091237491002,45.718026589000345,193.97973361377518,60.28111208757734
