future_x1,future_y1,future_x2,future_y2,future_x3,future_y3,future_x4,future_y4,future_x5,future_y5,future_x6,future_y6,future_x7,future_y7,future_x8,future_y8,future_x9,future_y9,future_x10,future_y10,future_x11,future_y11,future_x12,future_y12,future_x13,future_y13,future_x14,future_y14,future_x15,future_y15,future_x16,future_y16,future_x17,future_y17,future_x18,future_y18,future_x19,future_y19,future_x20,future_y20
156.98632949913954,52.37058919220834,175.2810414330749,62.23893098519265,190.4615496513743,76.43867833234583,201.52797780474899,94.0345534857741,207.75142672707466,113.86759001576722,208.72198396357996,134.63146906423756,204.37572298344935,154.95856108403794,194.9989137520448,173.51000585599235,181.2091673300444,189.06389759104584,163.91475642556486,200.59576673511168,144.25479128377077,207.3460574779078,123.52419127695453,208.8701565056054,103.08839400149338,205.06767781334514,84.29341963541805,196.18907470996172,68.37721423981444,182.81914350992193,56.38811144861643,165.83850545503375,49.115783133002836,146.36560389007013,47.039227030231984,125.68303709479824,50.29521717350977,105.15307891959202,58.66929516059008,86.12795152566545
