future_x1,future_y1,future_x2,future_y2,future_x3,future_y3,future_x4,future_y4,future_x5,future_y5,future_x6,future_y6,future_x7,future_y7,future_x8,future_y8,future_x9,future_y9,future_x10,future_y10,future_x11,future_y11,future_x12,future_y12,future_x13,future_y13,future_x14,future_y14,future_x15,future_y15,future_x16,future_y16,future_x17,future_y17,future_x18,future_y18,future_x19,future_y19,future_x20,future_y20
98.67692932631793,176.26074744121405,87.35922223589945,167.2080272399338,78.71835256875232,155.5728388777906,73.32345813589211,142.12154336823204,71.52987798610135,127.74012107857472,73.45574771448273,113.37581592251234,78.97421836673712,99.97474438000565,87.72181144727986,88.41957877649702,99.12235972187099,79.47140936225964,112.42495693462361,73.71961449261741,126.75341685080336,71.54304074987266,141.163983965924,73.08504990930706,154.7074947189871,78.24407630086971,166.4918949117017,86.6803165134955,175.74099557372455,97.8381108193135,181.84559727173337,110.98254214729175,184.40361551870487,125.24784198554741,183.2465643911516,139.69441491878675,178.4506539895999,153.37072583392262,170.3317707991965,165.37597354347702
