future_x1,future_y1,future_x2,future_y2,future_x3,future_y3,future_x4,future_y4,future_x5,future_y5,future_x6,future_y6,future_x7,future_y7,future_x8,future_y8,future_x9,future_y9,future_x10,future_y10,future_x11,future_y11,future_x12,future_y12,future_x13,future_y13,future_x14,future_y14,future_x15,future_y15,future_x16,future_y16,future_x17,future_y17,future_x18,future_y18,future_x19,future_y19,future_x20,future_y20
131.71175987309582,190.38824280838557,115.71036777454299,189.2783399076428,100.51844215939008,184.13229000073676,87.13661139292688,175.28904179216286,76.44628049145192,163.331062917885,69.15157667394524,149.04597524732588,65.73297145804673,133.37467753722737,66.41563401818631,117.34937238038862,71.15460023731221,102.02557935402956,79.63773430452484,88.4126123762395,91.3062877906098,77.40710043525823,105.3917020614706,69.7339304020231,120.96623000898408,65.89850177502089,137.00404285837428,66.15343813696545,152.44879720322655,70.48194789990622,166.28321191119161,78.59893029663836,177.59607216166398,89.96975377139114,185.64224734079696,103.84546991605953,189.89176966700134,119.3121435577899,190.06474094394244,135.35104983216098
