future_x1,future_y1,future_x2,future_y2,future_x3,future_y3,future_x4,future_y4,future_x5,future_y5,future_x6,future_y6,future_x7,future_y7,future_x8,future_y8,future_x9,future_y9,future_x10,future_y10,future_x11,future_y11,future_x12,future_y12,future_x13,future_y13,future_x14,future_y14,future_x15,future_y15,future_x16,future_y16,future_x17,future_y17,future_x18,future_y18,future_x19,future_y19,future_x20,future_y20
91.0140569133278,82.71228228303124,103.75881201837441,74.79001816142114,118.1002324124178,70.37247217054806,133.09370893870226,69.75060952018309,147.751684240342,72.96538969255596,161.10869901770036,79.80506861320657,172.28498277950484,89.8191453442781,180.54440063187386,102.34803469011514,185.34293939351113,116.56651130518284,186.364539460227,131.538063823337,183.54191232425535,146.27657893007142,177.06097258578833,159.81129250689014,167.3485925387223,171.25072978857128,155.04448588464854,179.84142306358348,140.959072476817,185.01753942922304,126.02009936650342,186.4381498295752,111.21153399939291,184.00968462122296,97.5087544105615,177.89209661285992,85.81430516790925,168.48832564525375,76.89845055030858,156.41775863545791
