future_x1,future_y1,future_x2,future_y2,future_x3,future_y3,future_x4,future_y4,future_x5,future_y5,future_x6,future_y6,future_x7,future_y7,future_x8,future_y8,future_x9,future_y9,future_x10,future_y10,future_x11,future_y11,future_x12,future_y12,future_x13,future_y13,future_x14,future_y14,future_x15,future_y15,future_x16,future_y16,future_x17,future_y17,future_x18,future_y18,future_x19,future_y19,future_x20,future_y20
205.3038655994644,121.13965318935358,204.50413123850467,141.04108501713165,198.66539091356483,160.08355532068524,188.17221793909482,177.01281652050284,173.71575356908244,190.71380924958495,156.2481844240313,200.28410663298203,136.92002595550244,205.0933533577024,117.00434282312447,204.8247845309769,97.81289746974642,199.4960896539829,80.6097498360171,189.45824748866113,66.52799903857564,175.37240856005786,56.49515088793015,158.1663479467191,51.17202697434482,138.97335663102226,50.90923912378679,119.05759637966862,55.724096068801444,99.7308347150016,65.29946339496345,82.26604429504405,79.00465185343043,67.8135575484076,95.93695821417333,57.32529910623792,114.9811225382259,51.492086522911166,134.88278566805783,50.69812902374238
