future_x1,future_y1,future_x2,future_y2,future_x3,future_y3,future_x4,future_y4,future_x5,future_y5,future_x6,future_y6,future_x7,future_y7,future_x8,future_y8,future_x9,future_y9,future_x10,future_y10,future_x11,future_y11,future_x12,future_y12,future_x13,future_y13,future_x14,future_y14,future_x15,future_y15,future_x16,future_y16,future_x17,future_y17,future_x18,future_y18,future_x19,future_y19,future_x20,future_y20
58.65927523433413,104.83897662006765,66.83784633338504,87.9530266574991,79.044911738647,73.70480271371382,94.47644329655476,63.03277548652326,112.11603080422364,56.639866608720325,130.80182868267195,54.947150150958805,149.30308186773604,58.06611824036838,166.40119047949923,65.79133754218134,180.969973880743,77.61398029108666,192.04984746789043,92.75533864010649,198.91102648053786,110.2181148774923,201.101593860025,128.85210924039063,198.47726612896255,147.42997874473843,191.21089673819282,164.72807711529595,179.78109093561304,179.6070512289878,164.94068204765503,191.08688552217217,147.66714550844523,198.41145150174964,129.09821665633456,201.09831075482765,110.45695288333233,198.9704911417131,92.97117597902853,192.1681432078365
