future_x1,future_y1,future_x2,future_y2,future_x3,future_y3,future_x4,future_y4,future_x5,future_y5,future_x6,future_y6,future_x7,future_y7,future_x8,future_y8,future_x9,future_y9,future_x10,future_y10,future_x11,future_y11,future_x12,future_y12,future_x13,future_y13,future_x14,future_y14,future_x15,future_y15,future_x16,future_y16,future_x17,future_y17,future_x18,future_y18,future_x19,future_y19,future_x20,future_y20
157.9110758451744,68.52687824551141,172.0632092556433,78.09851445564581,183.31308404769737,90.95695203452658,190.91971819522274,106.25525967794152,194.38209463920984,122.98580208298596,193.4721611781847,140.04660865546,188.2498513093677,156.31395568688842,179.05913666080724,170.71638131786221,166.50537102422555,182.30525823275985,151.41541824199223,190.3172757587539,134.78319015696974,194.22471593547525,117.70418181181695,193.77021208173102,101.30331578936527,188.9837004583819,86.66084828445894,180.1804484925099,74.74121716326476,167.94028943547448,66.32951848969046,153.06943118075418,61.979795543457584,136.547354734439,61.978546315102406,119.46229991315457,66.32585308605245,102.93958755573217,74.7353770090921,88.06749936359552
