future_x1,future_y1,future_x2,future_y2,future_x3,future_y3,future_x4,future_y4,future_x5,future_y5,future_x6,future_y6,future_x7,future_y7,future_x8,future_y8,future_x9,future_y9,future_x10,future_y10,future_x11,future_y11,future_x12,future_y12,future_x13,future_y13,future_x14,future_y14,future_x15,future_y15,future_x16,future_y16,future_x17,future_y17,future_x18,future_y18,future_x19,future_y19,future_x20,future_y20
204.6472365044177,103.11339288746936,208.45719879315706,123.44135549795713,206.96778315288074,144.0695768848219,200.2770911393178,163.63936270160207,188.82581054819514,180.86173330957538,173.36818916011933,194.60232345548638,154.92235560556435,203.95609814876707,134.7032595060332,208.30696351707226,114.0426478428082,207.3683463233154,94.30134837387763,201.2020693417805,76.77963762222478,190.2142793515041,62.63159711975359,175.1286959529265,52.78909890156143,156.93894319595125,47.90042700694178,136.84310373496427,48.287577731181386,116.16480615388362,53.925051081316695,96.2660431078622,64.44153035361651,78.45746258469042,79.14433920609437,63.91204102385197,97.06506534132905,53.58782428257216,117.02334575914763,48.164825177028774
