future_x1,future_y1,future_x2,future_y2,future_x3,future_y3,future_x4,future_y4,future_x5,future_y5,future_x6,future_y6,future_x7,future_y7,future_x8,future_y8,future_x9,future_y9,future_x10,future_y10,future_x11,future_y11,future_x12,future_y12,future_x13,future_y13,future_x14,future_y14,future_x15,future_y15,future_x16,future_y16,future_x17,future_y17,future_x18,future_y18,future_x19,future_y19,future_x20,future_y20
129.55377686625886,75.62912421568379,142.83212365152505,77.74931880111205,155.1335407164142,83.17931480714407,165.64778535962506,91.56146119172722,173.6823284248078,102.3436611603604,178.70796828888797,114.8157364642718,180.39368715141552,128.15620386037108,178.62845378748253,141.48638276392694,173.5285367084064,153.92827025001267,165.4298460429768,164.66237142037397,154.86580854740777,172.9816760921648,142.53223302420608,178.33822659069918,129.2414803173222,180.37920942118257,115.86895651361158,178.97019361251978,103.29545361880642,174.20398512104617,92.34913548561892,166.39451409177676,83.75099013736458,156.0561575976254,78.06734131352556,143.8698597809322,75.67254710244097,130.63828092138465,76.72434254556292,117.23292957292323
