future_x1,future_y1,future_x2,future_y2,future_x3,future_y3,future_x4,future_y4,future_x5,future_y5,future_x6,future_y6,future_x7,future_y7,future_x8,future_y8,future_x9,future_y9,future_x10,future_y10,future_x11,future_y11,future_x12,future_y12,future_x13,future_y13,future_x14,future_y14,future_x15,future_y15,future_x16,future_y16,future_x17,future_y17,future_x18,future_y18,future_x19,future_y19,future_x20,future_y20
152.29861353282286,59.822046612881394,168.85114896269644,68.25186550107875,182.71299070157545,80.61704318889633,192.9711174254715,96.10313733046473,198.9498693902091,113.69014391456473,200.25545130238706,132.21968064691785,196.8018699622209,150.47128472907693,188.8165982746151,167.2427996195185,176.8255925638455,181.42955603842273,161.61865003840813,192.09713189580825,144.19738816443294,198.5428987519246,125.70927232793082,200.34230100298177,107.3720371068222,197.37681957650753,90.39347920628119,189.84177828511397,75.89190496003877,178.2334786669206,64.82247218677473,163.31651068668515,57.91427795431713,146.073392404551,55.62233601648464,127.6398556359698,58.09760696725917,109.2300400647784,65.17705510018277,92.05652295912195
