future_x1,future_y1,future_x2,future_y2,future_x3,future_y3,future_x4,future_y4,future_x5,future_y5,future_x6,future_y6,future_x7,future_y7,future_x8,future_y8,future_x9,future_y9,future_x10,future_y10,future_x11,future_y11,future_x12,future_y12,future_x13,future_y13,future_x14,future_y14,future_x15,future_y15,future_x16,future_y16,future_x17,future_y17,future_x18,future_y18,future_x19,future_y19,future_x20,future_y20
183.93147035344975,114.45520972894856,185.53692596769767,129.1370442266147,183.35266580572892,143.74398639433127,177.52255791499223,157.31393827075848,168.43060702773516,168.95310409180792,156.67566178132432,177.89486086551094,143.03197107244046,183.55025261025293,128.39818753251046,185.54678241287303,113.73817705138948,183.7529472366088,100.0175329774398,178.286899474087,88.13997653720199,169.50866474521666,78.88783251197812,157.99642852097705,72.8705007886496,144.50845347363935,70.48431774736004,129.93313589769465,71.88645124795637,115.23049077538128,76.98454864284552,101.36891961989892,85.44281965819401,89.26142593304962,96.70415348964053,79.70547949730093,110.02681335225094,73.3304903889675,124.53329156876683,70.55635237871452
