future_x1,future_y1,future_x2,future_y2,future_x3,future_y3,future_x4,future_y4,future_x5,future_y5,future_x6,future_y6,future_x7,future_y7,future_x8,future_y8,future_x9,future_y9,future_x10,future_y10,future_x11,future_y11,future_x12,future_y12,future_x13,future_y13,future_x14,future_y14,future_x15,future_y15,future_x16,future_y16,future_x17,future_y17,future_x18,future_y18,future_x19,future_y19,future_x20,future_y20
186.62930711614874,182.57597870227076,170.80771054133032,195.7010562874766,152.16654977788505,204.3669495008371,131.93363983059578,208.00287233539524,111.44163754089784,206.36934181746966,92.0402650751638,199.5739517447927,75.00740939167373,188.06428593472774,61.46495319117943,172.59843775715083,52.30488121302713,154.1950777066316,48.13052894486826,134.06635785326543,49.216843446874435,113.53807247438613,55.49227374309501,93.96233355113586,66.54348358387556,76.6285128283692,81.64257616945655,62.67831631054078,99.79503765649751,53.03058488001919,119.80524161002056,48.32077410541527,140.35519989748178,48.859099450892856,160.09137303423674,54.610103685807914,177.71382214728249,65.19499230364855,192.061830491745,79.91658312601598
