future_x1,future_y1,future_x2,future_y2,future_x3,future_y3,future_x4,future_y4,future_x5,future_y5,future_x6,future_y6,future_x7,future_y7,future_x8,future_y8,future_x9,future_y9,future_x10,future_y10,future_x11,future_y11,future_x12,future_y12,future_x13,future_y13,future_x14,future_y14,future_x15,future_y15,future_x16,future_y16,future_x17,future_y17,future_x18,future_y18,future_x19,future_y19,future_x20,future_y20
63.29406740632197,109.22744175588218,70.20304234757344,93.376621453561,80.91886026051404,79.80629774879921,94.73571520371169,69.4102908964567,110.74354894455718,62.87334222595554,127.8879926746648,60.62601310442233,145.03981385709085,62.81632566691185,161.06929403308087,69.30001321976263,174.9206386344299,79.65002248207716,185.68151773953593,93.18464179259385,192.64315741540366,109.01240259501634,195.34702368121563,126.0907967294753,193.6150242167446,143.2949420686193,187.561238555864,159.49167378114188,177.58440414655212,173.6141811422477,164.34165318907125,184.73227387767625,148.70523009655855,192.1136498921639,131.7050404171556,195.27212893430416,114.46081527905785,193.99967524873594,98.10835940167578,188.3801000180276
