future_x1,future_y1,future_x2,future_y2,future_x3,future_y3,future_x4,future_y4,future_x5,future_y5,future_x6,future_y6,future_x7,future_y7,future_x8,future_y8,future_x9,future_y9,future_x10,future_y10,future_x11,future_y11,future_x12,future_y12,future_x13,future_y13,future_x14,future_y14,future_x15,future_y15,future_x16,future_y16,future_x17,future_y17,future_x18,future_y18,future_x19,future_y19,future_x20,future_y20
136.24333472155917,70.49471307781573,150.60819330844058,74.4866354387749,163.483945110214,82.00325847682556,174.02251840748966,92.54949378687695,181.52978161760487,105.43070512164962,185.51126282804287,119.798461165234,185.70471858554063,134.70641814219488,182.09740677146866,149.1726515093565,174.92692587169822,162.24433120337642,164.66556536175938,173.0604805571018,151.98919798173904,180.90868521828273,137.7327628361724,185.27201689227664,122.83527146026206,185.8630812387762,108.27795907197977,182.64294733053748,95.01965472743741,175.82371187012734,83.93362727607752,165.8545292704947,75.75006680751062,153.3920277393279,71.00799009560134,139.25705993549496,70.0197378263509,124.38063685031257,72.85040202809884,109.74260602188593
