future_x1,future_y1,future_x2,future_y2,future_x3,future_y3,future_x4,future_y4,future_x5,future_y5,future_x6,future_y6,future_x7,future_y7,future_x8,future_y8,future_x9,future_y9,future_x10,future_y10,future_x11,future_y11,future_x12,future_y12,future_x13,future_y13,future_x14,future_y14,future_x15,future_y15,future_x16,future_y16,future_x17,future_y17,future_x18,future_y18,future_x19,future_y19,future_x20,future_y20
68.53970520817819,166.13709131242246,60.79119311886029,149.74719908668854,57.46944299943192,131.92491015082072,58.79324458571098,113.8441038599043,64.6754046244653,96.69568702195798,74.72848992696991,81.60915386585998,88.29034596672224,69.57819099805461,104.46771021841352,61.3952274372336,122.19504761058255,57.59924064146044,140.3047328477288,58.44025632559861,157.6039569868777,63.86288031707774,172.95329275530287,73.50994713749643,185.34174384171877,86.74604499332084,193.95333497919094,102.69936768329639,198.22085681054372,120.31913681312344,197.86322558759872,138.44481215717607,192.9039969776926,155.88253157125564,183.66981455075484,171.4837456802765,170.76889513858958,184.22086800403144,155.0509681454308,193.25495776488776
