future_x1,future_y1,future_x2,future_y2,future_x3,future_y3,future_x4,future_y4,future_x5,future_y5,future_x6,future_y6,future_x7,future_y7,future_x8,future_y8,future_x9,future_y9,future_x10,future_y10,future_x11,future_y11,future_x12,future_y12,future_x13,future_y13,future_x14,future_y14,future_x15,future_y15,future_x16,future_y16,future_x17,future_y17,future_x18,future_y18,future_x19,future_y19,future_x20,future_y20
55.62508369629181,152.08262633563112,51.879051953271215,132.86853875999955,53.146787505973265,113.3337809741407,59.3447899354349,94.76502546742606,70.06482284054663,78.38531821433145,84.6008026560364,65.27352177038709,101.99530541280906,56.29325512465846,121.10262823557463,52.036010742367495,140.66425198162057,52.78219543926838,159.39173461356398,58.48266116182262,176.05157546751914,68.7619421631692,189.54646076365464,82.94298535568166,198.98753905839996,100.09174495561327,203.75296615767738,119.0787041577928,203.52886338349356,138.65327166592337,198.3299914448095,157.52615289135076,188.49877821161178,174.45427037520454,174.68276442860548,188.32264008225872,157.79195292470922,198.2178107186653,138.93887054686218,203.4880289340594
