future_x1,future_y1,future_x2,future_y2,future_x3,future_y3,future_x4,future_y4,future_x5,future_y5,future_x6,future_y6,future_x7,future_y7,future_x8,future_y8,future_x9,future_y9,future_x10,future_y10,future_x11,future_y11,future_x12,future_y12,future_x13,future_y13,future_x14,future_y14,future_x15,future_y15,future_x16,future_y16,future_x17,future_y17,future_x18,future_y18,future_x19,future_y19,future_x20,future_y20
64.08426684138756,138.03820379535347,63.63425803475499,121.43968431373165,67.42375044705315,105.27326528647143,75.2031461211926,90.60376086904112,86.46004892165044,78.39738973553585,100.45301391690245,69.45813431075476,116.26038324451218,64.37478582295955,132.8409918454574,63.482163097386675,149.102744635792,66.83905944578228,163.97454822528414,74.22437019776797,176.47685934261733,85.15165593729327,185.78620323859963,98.90118222492092,191.28941251098507,114.56732548394154,192.6240138672121,131.11822262360693,189.70210271853907,147.4637355292054,182.71613308628315,162.52725388333323,172.12624146335628,175.31660696793017,158.6299395550987,184.98941378441262,143.11617211137457,190.90856715376134,126.606765867645,192.68419729186132
