future_x1,future_y1,future_x2,future_y2,future_x3,future_y3,future_x4,future_y4,future_x5,future_y5,future_x6,future_y6,future_x7,future_y7,future_x8,future_y8,future_x9,future_y9,future_x10,future_y10,future_x11,future_y11,future_x12,future_y12,future_x13,future_y13,future_x14,future_y14,future_x15,future_y15,future_x16,future_y16,future_x17,future_y17,future_x18,future_y18,future_x19,future_y19,future_x20,future_y20
134.4097871065976,38.47428797790829,156.9849183828393,43.05405842446301,177.65093476251064,53.228861443580314,195.0466525016354,68.32852547372953,208.02628869913224,87.35849903291538,215.73492920656673,109.06535764971719,217.66483823421999,132.0193616714051,213.68890077610672,154.70862721288646,204.06899514179668,175.6387076014003,189.43874413151605,193.43102630523614,170.76178096221494,206.913677982679,149.2682787928432,215.19861696726787,126.37392438261753,217.74014910786005,103.58667274712082,214.37087435159046,82.40742449178592,205.3127126825996,64.23116778971595,191.1622871842925,50.25509636681615,172.85162698143017,41.39975537683051,151.58677839429552,38.2484089564696,128.76836773050124,41.00862306524036,105.89934790986999
