future_x1,future_y1,future_x2,future_y2,future_x3,future_y3,future_x4,future_y4,future_x5,future_y5,future_x6,future_y6,future_x7,future_y7,future_x8,future_y8,future_x9,future_y9,future_x10,future_y10,future_x11,future_y11,future_x12,future_y12,future_x13,future_y13,future_x14,future_y14,future_x15,future_y15,future_x16,future_y16,future_x17,future_y17,future_x18,future_y18,future_x19,future_y19,future_x20,future_y20
190.64981229466113,86.84581669305871,199.06119929017558,104.14687149115338,202.79208339997717,123.01903172982806,201.59672694982717,142.21926743859132,195.55386305104747,160.48293969298226,185.0615097809958,176.6070970716306,170.81075440317102,189.52970901644971,153.74023435031393,198.39961732714545,134.9743131170833,202.63259837874116,115.74902315666483,201.94984347922357,97.33065361189936,196.39632282765132,80.93234516526226,186.33782351592822,67.63418555481546,172.43685666861631,58.312068729058254,155.60902061635107,53.580003389500675,136.96269427744073,53.74967081507501,117.72603289143497,58.80989572471438,99.16607458924989,68.42738234620353,82.50528591042497,81.9686672095359,68.84104306403684,98.54184272643286,59.073352364536234
