future_x1,future_y1,future_x2,future_y2,future_x3,future_y3,future_x4,future_y4,future_x5,future_y5,future_x6,future_y6,future_x7,future_y7,future_x8,future_y8,future_x9,future_y9,future_x10,future_y10,future_x11,future_y11,future_x12,future_y12,future_x13,future_y13,future_x14,future_y14,future_x15,future_y15,future_x16,future_y16,future_x17,future_y17,future_x18,future_y18,future_x19,future_y19,future_x20,future_y20
153.25145124863673,209.80279070146764,131.59927354949716,213.53582633391864,109.71002681123119,211.63497616108057,89.02546382647283,204.2254412041598,70.90798992621764,191.7952564258937,56.55092705998263,175.16314591630288,46.8999146885004,155.42459697384606,42.59062448218975,133.8797049558694,43.90689129674716,111.94754145517571,50.7620181627216,91.07268601137295,62.70448665094749,72.63007772089522,78.94769649601946,57.83445377064483,98.42177565366416,47.66033979889991,119.84404828102454,42.77786198253331,141.80351920981687,43.50860863889969,162.8538102747794,49.80444855338585,181.6084271715734,61.25070118045798,196.83208201620053,77.0934499103952,207.5220565722234,96.2891993914613,212.974247091641,117.57360618818079
