future_x1,future_y1,future_x2,future_y2,future_x3,future_y3,future_x4,future_y4,future_x5,future_y5,future_x6,future_y6,future_x7,future_y7,future_x8,future_y8,future_x9,future_y9,future_x10,future_y10,future_x11,future_y11,future_x12,future_y12,future_x13,future_y13,future_x14,future_y14,future_x15,future_y15,future_x16,future_y16,future_x17,future_y17,future_x18,future_y18,future_x19,future_y19,future_x20,future_y20
139.25416493288648,183.68598509363903,124.71024866480732,184.7165117081278,110.38301450695785,182.01135978961779,97.21613722826878,175.7487063388823,86.07686376116351,166.3410460484003,77.69889128678062,154.40802200859588,72.63404168167821,140.73561241870422,71.21591532734698,126.22436150228383,73.53791825352044,111.83006443966526,79.44710987510855,98.5008131517864,88.55427654650236,87.11454946541758,100.25956743050921,78.42123877058712,113.79200415485333,72.99347294865913,128.26026192102725,71.18875614882154,142.71137732703022,73.12595749056445,156.19351606616607,78.67748165378785,167.81866625705845,87.47767304689188,176.8211280584634,98.94690000559805,182.6079471034283,112.32973269740508,184.79796991425218,126.74470011339803
