future_x1,future_y1,future_x2,future_y2,future_x3,future_y3,future_x4,future_y4,future_x5,future_y5,future_x6,future_y6,future_x7,future_y7,future_x8,future_y8,future_x9,future_y9,future_x10,future_y10,future_x11,future_y11,future_x12,future_y12,future_x13,future_y13,future_x14,future_y14,future_x15,future_y15,future_x16,future_y16,future_x17,future_y17,future_x18,future_y18,future_x19,future_y19,future_x20,future_y20
203.9519048645791,101.02849998460734,208.31541664190365,121.24814727087266,207.3888890853209,141.91251075244935,201.2333486754643,161.66051555481988,190.25423501846564,179.19144350283597,175.174696241115,193.35060596656263,156.9879582594907,203.205398354004,136.89190515737775,208.10672686054897,116.21017959034705,207.73176155301306,96.30500000059547,202.10519982211872,78.48743700670384,191.5976396690418,63.93105868579872,176.90116997082822,53.594632570895016,158.98378549141927,48.15897565835681,139.02562913014677,47.982111850384086,118.34126086313759,53.07569042354385,98.29307319614227,63.10421873982014,80.20155608945738,77.40715973830474,65.25832182756834,95.04243873849278,54.44761852031982,114.84849394470339,48.48150181174259
