future_x1,future_y1,future_x2,future_y2,future_x3,future_y3,future_x4,future_y4,future_x5,future_y5,future_x6,future_y6,future_x7,future_y7,future_x8,future_y8,future_x9,future_y9,future_x10,future_y10,future_x11,future_y11,future_x12,future_y12,future_x13,future_y13,future_x14,future_y14,future_x15,future_y15,future_x16,future_y16,future_x17,future_y17,future_x18,future_y18,future_x19,future_y19,future_x20,future_y20
163.42209641970015,196.4439849670361,144.8350739863367,203.20561333310812,125.13919590233225,205.01376365851215,105.63174697472178,201.74934067184282,87.59760097302524,193.62735821133978,72.22459138788818,181.18277716598072,60.525273825521296,165.23526984746476,53.2702332205786,146.8352316159819,50.93732864139581,127.19459574736365,53.68021871917925,107.60700847581785,61.31824079902728,89.36262194716252,73.34831043059329,73.66311731297424,88.97805742890554,61.54255503773406,107.17801597211891,53.79926567696877,126.74943119355129,50.943267194911925,146.4032161324404,53.16267222223202,164.84485848050633,60.3112978667351,180.85968467342283,71.91829416680778,193.39286533934035,87.2191570017821,201.61889248149052,105.20608276901189
