future_x1,future_y1,future_x2,future_y2,future_x3,future_y3,future_x4,future_y4,future_x5,future_y5,future_x6,future_y6,future_x7,future_y7,future_x8,future_y8,future_x9,future_y9,future_x10,future_y10,future_x11,future_y11,future_x12,future_y12,future_x13,future_y13,future_x14,future_y14,future_x15,future_y15,future_x16,future_y16,future_x17,future_y17,future_x18,future_y18,future_x19,future_y19,future_x20,future_y20
208.675630774533,97.18527187149584,213.86176098066198,118.73377791103233,213.39253743457905,140.89261110041,207.2988659214866,162.20226211917117,195.98211100300915,181.2591537116104,180.1876598184285,196.80808842845718,160.955826562919,207.8249232136004,139.55333135869586,213.58402540789126,117.38986671821489,213.706067126226,95.9252470161708,208.18300999294513,76.57325664488575,197.37863459588704,60.608529971382154,182.0045797862024,49.08259652248127,163.0734700146552,42.754621149142395,141.83221800999968,42.04140102466805,119.67989587201811,46.989912964594936,98.07558406554112,57.27421926105539,78.44226791539859,72.2169358313302,62.07311153666913,90.833848663748,50.046282543080636,111.89873986295109,43.1539376723853
