future_x1,future_y1,future_x2,future_y2,future_x3,future_y3,future_x4,future_y4,future_x5,future_y5,future_x6,future_y6,future_x7,future_y7,future_x8,future_y8,future_x9,future_y9,future_x10,future_y10,future_x11,future_y11,future_x12,future_y12,future_x13,future_y13,future_x14,future_y14,future_x15,future_y15,future_x16,future_y16,future_x17,future_y17,future_x18,future_y18,future_x19,future_y19,future_x20,future_y20
89.93326959013942,210.68610337274694,70.14152117877539,198.27420638868503,54.160667880226256,181.23364243757277,43.043301414406244,160.6868019313938,37.52167604024383,137.98701899963208,37.95947804161469,114.62943305139481,44.327871238560505,92.15251021905875,56.207396305409816,72.03671105253807,72.81559879568988,55.606978797764384,93.0585661318092,43.945470947125955,115.6029790343506,37.820282068289615,138.9639316658059,37.63485263945431,161.60273614448735,43.401396118673674,182.02826945601777,54.740094494645064,198.89518746658294,70.90411530465913,211.0925370933456,90.82880235374998,217.81693012028387,113.20180014888149,218.62545900739505,136.54949324606784,213.4648693510509,159.33406711350125,202.67506752800517,180.05479751909007
