future_x1,future_y1,future_x2,future_y2,future_x3,future_y3,future_x4,future_y4,future_x5,future_y5,future_x6,future_y6,future_x7,future_y7,future_x8,future_y8,future_x9,future_y9,future_x10,future_y10,future_x11,future_y11,future_x12,future_y12,future_x13,future_y13,future_x14,future_y14,future_x15,future_y15,future_x16,future_y16,future_x17,future_y17,future_x18,future_y18,future_x19,future_y19,future_x20,future_y20
188.00943790181333,121.46258396774303,187.6970663699982,136.95157597780593,183.4526996818334,151.85096525650047,175.55589645341917,165.17939157896583,164.52678596300711,176.05896745544027,151.09180941892006,183.77310089488188,136.13587232672518,187.81369431119958,120.64405947837011,187.9146107782788,105.63675155229016,184.0692033520756,92.10241692160871,176.53075287691706,80.93250539195637,165.79578543954582,72.86273214503463,152.57136828017934,68.42461926809435,137.7285382416315,67.91048662535307,122.24493022904771,71.35419797568379,107.14038450276767,78.52893050897849,93.4097740816149,88.96211471245141,81.95747663358797,101.9665605406315,73.53780691538583,116.68571973886094,68.70533322597387,132.1501030810818,67.7783503207792
