future_x1,future_y1,future_x2,future_y2,future_x3,future_y3,future_x4,future_y4,future_x5,future_y5,future_x6,future_y6,future_x7,future_y7,future_x8,future_y8,future_x9,future_y9,future_x10,future_y10,future_x11,future_y11,future_x12,future_y12,future_x13,future_y13,future_x14,future_y14,future_x15,future_y15,future_x16,future_y16,future_x17,future_y17,future_x18,future_y18,future_x19,future_y19,future_x20,future_y20
183.2295834466798,193.65363385144673,164.7004475310362,205.54858913362165,143.75400720325445,212.3357443948496,121.76991655556645,213.56805821022817,100.19617535076964,209.16436324193305,80.45375535648563,199.41471239102404,63.84300689999881,184.96127423048048,51.458010251004666,166.75603605708784,44.114513147151655,145.9981004846125,42.29620091501616,124.05470558838456,46.12283814814077,102.37117067289165,55.34238031602048,82.37569915657018,69.34757487925606,65.38530880816288,87.21595846510712,52.519085315069646,107.77061565739714,44.62447280698697,129.65769747434706,42.221456268614915,151.43559371759204,45.46831231158811,171.66988578416579,54.151184158501806,189.0278257982377,67.69816749108239,202.3661191188866,85.21697938680377
