future_x1,future_y1,future_x2,future_y2,future_x3,future_y3,future_x4,future_y4,future_x5,future_y5,future_x6,future_y6,future_x7,future_y7,future_x8,future_y8,future_x9,future_y9,future_x10,future_y10,future_x11,future_y11,future_x12,future_y12,future_x13,future_y13,future_x14,future_y14,future_x15,future_y15,future_x16,future_y16,future_x17,future_y17,future_x18,future_y18,future_x19,future_y19,future_x20,future_y20
138.13367851969227,204.23825861796377,118.39566633729322,204.30675128935445,99.29025129472127,199.3492385854239,82.07582687720799,189.69225105657782,67.88623495580092,175.97185393176738,57.65608438313188,159.09175217203008,52.059192231737626,140.16376721841633,51.46420229214414,120.43460598103675,55.91030405393329,101.20374548852674,65.10465145857881,83.73784179128693,78.44165143996933,69.18730064482243,95.04285179742153,58.51050511197194,113.81480115443867,52.41069089380507,133.52107001062362,51.28962714614279,152.8636891623978,55.22115363187143,170.5686414856317,63.946317205739405,185.46977609533297,76.89042797095347,196.58561780901826,93.20091169017101,203.18401279678142,111.80346527144124,204.8303524805264,131.47281660300004
