future_x1,future_y1,future_x2,future_y2,future_x3,future_y3,future_x4,future_y4,future_x5,future_y5,future_x6,future_y6,future_x7,future_y7,future_x8,future_y8,future_x9,future_y9,future_x10,future_y10,future_x11,future_y11,future_x12,future_y12,future_x13,future_y13,future_x14,future_y14,future_x15,future_y15,future_x16,future_y16,future_x17,future_y17,future_x18,future_y18,future_x19,future_y19,future_x20,future_y20
130.24136611788396,72.78115047388255,144.22193932278384,75.17014338775546,157.13404148342084,81.03881717945434,168.12720663486385,90.00062694273315,176.47736113737116,101.46529588973536,181.63451536741366,114.6776944050563,183.2589892253463,128.76757726351164,181.24378543761017,142.8069030298753,175.72163701797479,155.8709602523318,167.05626470112531,167.0992743239313,155.81842018475228,175.75228333270533,142.74829311121297,181.26004990016577,128.7067578830703,183.2598005638558,114.61867148010576,181.61982014241624,101.41195701256666,176.44812726164753,89.95648532126904,168.08535962108337,81.00678023699899,157.08233761871097,75.15232126321885,144.16378412366265,72.77871703579147,130.1805900231848,74.04230690089999,116.05376961189283
