future_x1,future_y1,future_x2,future_y2,future_x3,future_y3,future_x4,future_y4,future_x5,future_y5,future_x6,future_y6,future_x7,future_y7,future_x8,future_y8,future_x9,future_y9,future_x10,future_y10,future_x11,future_y11,future_x12,future_y12,future_x13,future_y13,future_x14,future_y14,future_x15,future_y15,future_x16,future_y16,future_x17,future_y17,future_x18,future_y18,future_x19,future_y19,future_x20,future_y20
121.74050224992467,52.811463867379345,141.08374941270935,53.69446333445248,159.5652249266359,59.47165657058035,175.96763158395623,69.76252410968135,189.21061171467477,83.88924970752683,198.42190581098112,100.92136525230812,202.9948045993256,119.73703679310056,202.6281104333307,139.0969550328096,197.34597591834603,157.72596342899203,187.49631308072492,174.39704740228586,173.72787786316584,188.01215263578692,156.94753929421398,197.67450930332797,138.26054783234386,202.74769853333135,118.8977371580485,202.8975706482235,100.13445432628649,198.1142542009525,83.20655800981459,188.71280616576288,69.22901767650356,175.3124604579055,59.122475231055844,158.7958415951421,53.55260619756908,140.25082992598334,52.88627446723406,120.89890751800078
