future_x1,future_y1,future_x2,future_y2,future_x3,future_y3,future_x4,future_y4,future_x5,future_y5,future_x6,future_y6,future_x7,future_y7,future_x8,future_y8,future_x9,future_y9,future_x10,future_y10,future_x11,future_y11,future_x12,future_y12,future_x13,future_y13,future_x14,future_y14,future_x15,future_y15,future_x16,future_y16,future_x17,future_y17,future_x18,future_y18,future_x19,future_y19,future_x20,future_y20
87.49560617592904,64.08435400843577,105.09744349244578,55.88004002363364,124.2077760622734,52.425965046316776,143.56788650330355,53.94963449519875,161.90260561360736,60.350690659973495,178.00430241366695,71.20752284239629,190.81242572941892,85.8050370830755,199.48335824594784,103.18175639865139,203.445982038548,122.1931492344396,202.43929571290928,141.58701495327227,196.5296054712802,160.08596103477473,186.10615780127864,176.4715395582532,171.85550144379056,189.66450125224466,154.7162673095069,198.79588111339086,135.81734480116407,203.26423348333597,116.40352660760558,202.77524674940156,97.75351943496526,197.36112841500903,81.09572096385854,187.37848372663433,67.5273104509324,173.48482758323362,57.941982137132044,156.59527679006575
