future_x1,future_y1,future_x2,future_y2,future_x3,future_y3,future_x4,future_y4,future_x5,future_y5,future_x6,future_y6,future_x7,future_y7,future_x8,future_y8,future_x9,future_y9,future_x10,future_y10,future_x11,future_y11,future_x12,future_y12,future_x13,future_y13,future_x14,future_y14,future_x15,future_y15,future_x16,future_y16,future_x17,future_y17,future_x18,future_y18,future_x19,future_y19,future_x20,future_y20
178.6950250385432,76.62096580903959,190.10256288888664,91.21600347044544,197.41966562534108,108.23384856578707,200.16438640750522,126.55360707873777,198.155941999665,144.96863342152338,191.5266202036109,162.26600711434838,180.71306661647176,177.30642276561758,166.42752461824585,189.09923133533277,149.61092289033755,196.8676900286505,131.370900393268,200.1001230830646,112.90885083817321,198.58362370288094,95.44079192644234,192.41807733607996,80.11727136851152,182.00958263917278,67.947585136122,168.04370346347957,59.73329937363792,151.4403136422074,56.01545460105328,133.29300876263952,57.03892964620455,114.79707561567919,62.736312504365785,97.17076367266618,72.73234048401187,81.57504410686848,86.368617184973,69.03714149599702
