future_x1,future_y1,future_x2,future_y2,future_x3,future_y3,future_x4,future_y4,future_x5,future_y5,future_x6,future_y6,future_x7,future_y7,future_x8,future_y8,future_x9,future_y9,future_x10,future_y10,future_x11,future_y11,future_x12,future_y12,future_x13,future_y13,future_x14,future_y14,future_x15,future_y15,future_x16,future_y16,future_x17,future_y17,future_x18,future_y18,future_x19,future_y19,future_x20,future_y20
198.07601979123092,177.6996805231242,183.1185727954853,193.89878395593036,164.5306967948452,205.7574111295167,143.5366971504544,212.49448405391126,121.519360487078,213.66626001749555,99.92887634300169,209.19555905660795,80.18731927297134,199.3768474757524,63.594982767070036,184.85684258827249,51.24473437711019,166.59191616182372,43.950033118779714,145.7851022248221,42.191350341156266,123.8068582652838,46.08452309593538,102.10479894920188,55.373124437113574,82.10834781951502,69.44535318745362,65.13458716798598,87.37433071371684,52.301507353691974,107.97915053124702,44.45436947134138,129.90265965670687,42.1100315513369,151.7008485778541,45.42290529104798,171.93796209821187,54.17478560452602,189.2810665046332,67.78922287549909
