future_x1,future_y1,future_x2,future_y2,future_x3,future_y3,future_x4,future_y4,future_x5,future_y5,future_x6,future_y6,future_x7,future_y7,future_x8,future_y8,future_x9,future_y9,future_x10,future_y10,future_x11,future_y11,future_x12,future_y12,future_x13,future_y13,future_x14,future_y14,future_x15,future_y15,future_x16,future_y16,future_x17,future_y17,future_x18,future_y18,future_x19,future_y19,future_x20,future_y20
64.87181552685999,85.93285425708555,77.65780546714753,71.2507632170543,93.75962442717844,60.306506173321765,112.1167131867248,53.820935393888675,131.51996737137983,52.22122819987895,150.6913760819375,55.61275058866738,168.3681991072943,63.77211721795399,183.38613832123428,76.16190486050338,194.7560251123224,91.966050216034,201.72897276787666,110.14360057502904,203.84570249792796,129.49727700383235,200.96679420108845,148.75233408189078,193.28186948135098,166.64052203128543,181.29710206905662,181.98362100555093,165.80187828217026,193.77104548485136,147.81680346331825,201.22640730178298,128.5264789903386,203.8586530707152,109.20147755639906,201.49440781289303,91.11465588051739,194.28939443846014,75.45731697886772,182.71817693208737
