future_x1,future_y1,future_x2,future_y2,future_x3,future_y3,future_x4,future_y4,future_x5,future_y5,future_x6,future_y6,future_x7,future_y7,future_x8,future_y8,future_x9,future_y9,future_x10,future_y10,future_x11,future_y11,future_x12,future_y12,future_x13,future_y13,future_x14,future_y14,future_x15,future_y15,future_x16,future_y16,future_x17,future_y17,future_x18,future_y18,future_x19,future_y19,future_x20,future_y20
73.73184662507394,79.29475806358104,87.9155886572486,67.08634775262031,104.7395225921201,58.89006400258275,123.09552652747202,55.2457616164744,141.77456754171325,56.393475493860336,159.5463356169605,62.25761053968536,175.2402789951334,72.45192079584066,187.8227035083411,86.30494984098577,196.4648576743121,102.9042568062672,200.59751907748876,121.15651502498481,199.94848665995954,139.85952487038261,194.56050946246,157.781397598289,184.78847092451764,173.7416946872852,171.2760142020743,186.6891783686862,154.91314809478735,195.77105224531817,136.77762590260684,200.38913141020194,118.0639583402811,200.23924237522104,100.00473613105126,195.33125770188414,83.78944443008433,185.98844573713802,70.48611643070055,172.82617828442068
