future_x1,future_y1,future_x2,future_y2,future_x3,future_y3,future_x4,future_y4,future_x5,future_y5,future_x6,future_y6,future_x7,future_y7,future_x8,future_y8,future_x9,future_y9,future_x10,future_y10,future_x11,future_y11,future_x12,future_y12,future_x13,future_y13,future_x14,future_y14,future_x15,future_y15,future_x16,future_y16,future_x17,future_y17,future_x18,future_y18,future_x19,future_y19,future_x20,future_y20
220.1877453314285,149.72753174356635,211.62161009736076,172.4757501306608,197.5476704457174,192.29453756373,178.89291769962364,207.8785137128836,156.88606211070095,218.2012274899667,132.9766028728597,222.5827650727438,108.73935569532509,220.73453297412345,85.77072630287171,212.7782664836515,65.58356189236794,199.2380114750274,49.50750623877869,181.00560770432344,38.601421641489665,159.28194706915295,33.58364610969963,135.49787590065094,34.78467945330924,111.21995112230924,42.12541464785217,88.04725772169482,55.122348282120655,67.50608373524264,72.91942689813402,50.94939006256993,94.34443163874407,39.467696611684005,117.98618738283658,33.81725433059229,142.28751092651308,34.370234132062635,165.64777610375074,41.09021355795508
