future_x1,future_y1,future_x2,future_y2,future_x3,future_y3,future_x4,future_y4,future_x5,future_y5,future_x6,future_y6,future_x7,future_y7,future_x8,future_y8,future_x9,future_y9,future_x10,future_y10,future_x11,future_y11,future_x12,future_y12,future_x13,future_y13,future_x14,future_y14,future_x15,future_y15,future_x16,future_y16,future_x17,future_y17,future_x18,future_y18,future_x19,future_y19,future_x20,future_y20
197.9100097674763,195.73622126535972,178.3673414209619,211.29907595635532,155.5071877347498,221.3753701996604,130.8352510663141,225.3014207932719,105.97656831238925,222.81863526596203,82.56847655040974,214.09054427779935,62.15276851868252,199.69203054206366,46.074141201087244,180.5714637142529,35.391626281722,157.98823526408574,30.808836173636394,133.42980764625702,32.62762002291538,108.51374139284331,40.728182172579835,84.88115319148729,54.57697259959845,64.08862241855304,73.2618296151085,47.505665789988754,95.55206012563845,36.224533044455626,119.979500220786,30.988265038243824,144.9352169667142,32.14175276331872,168.7754820642794,39.6090208255162,189.93003733180268,52.8982316248151,207.00552101962808,71.13408063333974
