future_x1,future_y1,future_x2,future_y2,future_x3,future_y3,future_x4,future_y4,future_x5,future_y5,future_x6,future_y6,future_x7,future_y7,future_x8,future_y8,future_x9,future_y9,future_x10,future_y10,future_x11,future_y11,future_x12,future_y12,future_x13,future_y13,future_x14,future_y14,future_x15,future_y15,future_x16,future_y16,future_x17,future_y17,future_x18,future_y18,future_x19,future_y19,future_x20,future_y20
202.19330191001657,136.16837818964876,197.67087285684497,154.78316497214888,188.55951588359983,171.63385711238485,175.45935782506615,185.61057025748255,159.23325109871973,195.79271698615068,140.94994123820157,201.50964203753904,121.8136731115598,202.3847955578918,103.08487236714984,198.36053485867475,85.9971264874005,189.70192109849228,71.67593355986305,176.97926081727894,61.064570442988355,161.03054223863623,54.86196307928789,142.90624050337811,53.47665117755818,123.80012728185034,56.999879417292775,104.9706420454014,65.19958754468477,87.65800394127372,77.53569520737025,73.00252376375289,93.1956747799953,61.96949646913069,111.14806914796199,55.28562124917707,130.2104294575491,53.39113690604046,149.12719805804508,56.41082517044819
