future_x1,future_y1,future_x2,future_y2,future_x3,future_y3,future_x4,future_y4,future_x5,future_y5,future_x6,future_y6,future_x7,future_y7,future_x8,future_y8,future_x9,future_y9,future_x10,future_y10,future_x11,future_y11,future_x12,future_y12,future_x13,future_y13,future_x14,future_y14,future_x15,future_y15,future_x16,future_y16,future_x17,future_y17,future_x18,future_y18,future_x19,future_y19,future_x20,future_y20
53.74830151373381,185.12256477777424,41.65470087588338,164.34269464491075,35.24830261788412,141.16908378068865,34.9510692992356,117.12808065101927,40.782578430865854,93.8031652090675,52.358732986672095,72.73065171811027,68.91706026220896,55.29849818038866,89.36693275090633,42.65488737008191,112.36140319952472,35.632600853988734,136.38592236930566,34.69416716569978,159.85809603632325,39.9013969927627,181.23191065620725,50.91131196617776,199.09956278618313,66.99873520573529,212.28418518801234,87.10405567688599,219.9173621325034,109.9030203213732,221.49632829803602,133.89395704703256,216.91708381171142,157.49668356455493,206.48124428439343,179.1565873613532,190.8761746565891,197.447021501577,171.12971535534257,211.16327187078156
