future_x1,future_y1,future_x2,future_y2,future_x3,future_y3,future_x4,future_y4,future_x5,future_y5,future_x6,future_y6,future_x7,future_y7,future_x8,future_y8,future_x9,future_y9,future_x10,future_y10,future_x11,future_y11,future_x12,future_y12,future_x13,future_y13,future_x14,future_y14,future_x15,future_y15,future_x16,future_y16,future_x17,future_y17,future_x18,future_y18,future_x19,future_y19,future_x20,future_y20
131.8366283025998,199.01868279463713,113.634490848962,197.65633617589316,96.37854917737968,191.7060191072257,81.20537972613847,181.5596539948001,69.11437547074874,167.88553931461428,60.901920104052834,151.5843315973697,57.10893358555845,133.72972296370747,57.98524401446271,115.49772153152601,63.47313250152273,98.08919269809726,73.21113486999016,82.65076317749998,86.55784978352428,70.19929751246391,102.63418515964432,61.554921475684964,120.38126027481566,57.28700382802678,138.63014979257832,57.67665438842555,156.1788759683665,62.69820851020229,171.87157787770116,72.02091750360316,184.6746431230229,85.03073366351721,193.74478754328442,100.87075501408128,198.48459880155744,118.49766584458912,198.58188542776153,136.75045553556754
