future_x1,future_y1,future_x2,future_y2,future_x3,future_y3,future_x4,future_y4,future_x5,future_y5,future_x6,future_y6,future_x7,future_y7,future_x8,future_y8,future_x9,future_y9,future_x10,future_y10,future_x11,future_y11,future_x12,future_y12,future_x13,future_y13,future_x14,future_y14,future_x15,future_y15,future_x16,future_y16,future_x17,future_y17,future_x18,future_y18,future_x19,future_y19,future_x20,future_y20
177.84184086377113,71.85236384432099,190.49118856991157,86.3872916324862,199.02450401998604,103.66307383265122,202.8797335477501,122.54182719420226,201.80294936827988,141.78008748532164,195.8650747351884,160.110711261934,185.4572125236424,176.3263372869597,171.26488492580293,189.35891034655873,154.22288098183043,198.35002956341066,135.45368594999056,202.70748765899515,116.19354791484349,202.14427716095764,97.71105131562199,196.69749438047296,81.22356061467612,186.72589603395693,67.81703761077623,172.88626944419948,58.374513694244015,156.0901727165745,53.51792827619512,137.44389423331205,53.567164250404204,118.17558608192361,58.5189786499388,99.55437083289704,68.04721624778264,82.80674976371071,81.52429203245349,69.03581836847616
