future_x1,future_y1,future_x2,future_y2,future_x3,future_y3,future_x4,future_y4,future_x5,future_y5,future_x6,future_y6,future_x7,future_y7,future_x8,future_y8,future_x9,future_y9,future_x10,future_y10,future_x11,future_y11,future_x12,future_y12,future_x13,future_y13,future_x14,future_y14,future_x15,future_y15,future_x16,future_y16,future_x17,future_y17,future_x18,future_y18,future_x19,future_y19,future_x20,future_y20
217.51500885845263,158.8068680546522,206.72600772039482,180.57580849282238,190.75165494182653,198.881801136311,170.64411408069964,212.51910709737695,147.72778444303748,220.58949428112592,123.51206846041218,222.56140016286548,99.59195368817663,218.3049435801324,77.54295767087513,208.10047945962933,58.817355215531876,192.62013301511925,44.64852314669285,172.88352968114478,35.969702952650124,150.19063666599376,33.352532086311584,126.03613956887912,36.969392605886554,102.01099371418029,46.58205709235634,79.69763460291746,61.557379689504984,60.56574952933046,80.90899876354956,45.875475448473836,103.36230440325815,36.59439904498254,127.43839162405115,33.333825860037706,151.55146963096266,36.30851616160068,174.11331120123077,45.32253958711574
