future_x1,future_y1,future_x2,future_y2,future_x3,future_y3,future_x4,future_y4,future_x5,future_y5,future_x6,future_y6,future_x7,future_y7,future_x8,future_y8,future_x9,future_y9,future_x10,future_y10,future_x11,future_y11,future_x12,future_y12,future_x13,future_y13,future_x14,future_y14,future_x15,future_y15,future_x16,future_y16,future_x17,future_y17,future_x18,future_y18,future_x19,future_y19,future_x20,future_y20
70.53738694373268,51.3061737157723,91.95003003729778,39.20644981161152,115.73713331624867,32.95518430726409,140.3319401447278,32.96412181898644,164.1144938447713,39.232673670400686,185.51833744218524,51.34795666613637,203.13368961152432,68.5119879746455,215.80030105380376,89.59424490742278,222.6838752471524,113.20612770261693,223.33102005637102,137.7924207620682,217.6991107695595,161.73372817403813,206.15909760894678,183.4531365237777,189.4710727970068,201.52007956031258,168.73420647256464,214.744563590003,145.31434896803384,222.25554736556754,120.75406798179122,223.558313916462,96.67104611951041,218.56705547893094,74.65153093188079,207.61052529318926,56.14585544743521,191.41038400757972,42.37291082438958,171.0336669211637
