future_x1,future_y1,future_x2,future_y2,future_x3,future_y3,future_x4,future_y4,future_x5,future_y5,future_x6,future_y6,future_x7,future_y7,future_x8,future_y8,future_x9,future_y9,future_x10,future_y10,future_x11,future_y11,future_x12,future_y12,future_x13,future_y13,future_x14,future_y14,future_x15,future_y15,future_x16,future_y16,future_x17,future_y17,future_x18,future_y18,future_x19,future_y19,future_x20,future_y20
113.15398360003768,71.64659174994249,127.98606354198836,69.72384166641783,142.81906141992368,71.63949749178836,156.67598993184285,77.26738301866887,168.64415136739188,86.2368130529992,177.93525317458295,97.95700889165822,183.93732948097943,111.65601043557754,186.25504871670958,126.4315219608187,184.73575244538983,141.31034255010144,179.47951033447958,155.31246675179324,170.83252898637033,167.51563342497934,159.3643487628461,177.11607120920968,145.83033055235586,183.48143956981764,131.12190331926064,186.19247841440327,116.2078494201272,185.0706229950857,102.07049497680036,180.18976521883832,89.64100817852746,171.87138669777607,79.73806714231375,160.66338410492375,73.01393702213969,147.3039815204113,69.91150804144307,132.67310671034465
