future_x1,future_y1,future_x2,future_y2,future_x3,future_y3,future_x4,future_y4,future_x5,future_y5,future_x6,future_y6,future_x7,future_y7,future_x8,future_y8,future_x9,future_y9,future_x10,future_y10,future_x11,future_y11,future_x12,future_y12,future_x13,future_y13,future_x14,future_y14,future_x15,future_y15,future_x16,future_y16,future_x17,future_y17,future_x18,future_y18,future_x19,future_y19,future_x20,future_y20
177.59758727369095,142.09648646702465,172.37633507132284,154.25590371181463,164.23219996754835,164.685954800141,153.70160195296174,172.69965605167351,141.47814731183473,177.76917860611005,128.36694368789784,179.56061429440413,115.23157102365126,177.95596876812957,102.9372011748173,173.06093329187513,92.29361267216488,165.19792330333797,84.00185400908312,154.88484226192082,78.60806852030115,142.80096952199864,76.46752221311037,129.7422190534277,77.72120388685398,116.5687159295601,82.28653879257847,104.14814349942617,89.8628274851023,93.29859272802713,99.95105163315058,84.73467797877595,111.88674226197158,79.02046836530317,124.88374553530775,76.53233488686625,138.08600340834533,77.43416045062392,150.6239385774373,81.66654559251226
