future_x1,future_y1,future_x2,future_y2,future_x3,future_y3,future_x4,future_y4,future_x5,future_y5,future_x6,future_y6,future_x7,future_y7,future_x8,future_y8,future_x9,future_y9,future_x10,future_y10,future_x11,future_y11,future_x12,future_y12,future_x13,future_y13,future_x14,future_y14,future_x15,future_y15,future_x16,future_y16,future_x17,future_y17,future_x18,future_y18,future_x19,future_y19,future_x20,future_y20
146.7340333383326,208.55392405352234,125.61435660948986,210.66926509384075,104.65181219596265,207.33952868406644,85.22711489850671,198.78403058343633,68.61968798415111,185.56628553626533,55.923392946557,168.55689092134617,47.97448144140871,148.8761841573349,45.296514900398336,127.82045078010238,48.06587973760739,106.77654355624998,56.10016951686944,87.13053631328779,68.87019929799042,70.17642907530677,85.53486082726491,57.03091771353783,104.99652280721517,48.55984187714989,125.97332726235223,45.32115577031284,147.0836201428425,47.52817805103395,166.93695507665657,55.03554142665877,184.22567623505012,67.34876738718562,197.81104813255257,83.65683542893194,206.79825935301983,102.88560157048104,210.59536002124443,123.76854770753377
