future_x1,future_y1,future_x2,future_y2,future_x3,future_y3,future_x4,future_y4,future_x5,future_y5,future_x6,future_y6,future_x7,future_y7,future_x8,future_y8,future_x9,future_y9,future_x10,future_y10,future_x11,future_y11,future_x12,future_y12,future_x13,future_y13,future_x14,future_y14,future_x15,future_y15,future_x16,future_y16,future_x17,future_y17,future_x18,future_y18,future_x19,future_y19,future_x20,future_y20
185.72586658423458,174.90455545604874,171.8865655627879,188.0523301673925,155.15664070143293,197.2447099874328,136.6380219193592,201.87623144659634,117.550452895462,201.64183566927457,99.15115167263951,196.55696132133738,82.65200298304863,186.956527730023,69.13973648822952,173.47287515382484,59.50434845835048,156.99411518421152,54.38048145403613,138.6056345633292,54.10562308511096,119.51860531570928,58.69787711849372,100.99020993145254,67.85477105906926,84.24083603319839,80.97317874317662,70.37369456655072,97.18904572711448,60.30215592631802,115.4343009260925,54.68959008289204,134.50720597285857,53.90567318709756,153.15150867913326,58.002038554012984,170.1391870935493,66.70887579326639,184.3513341524142,79.45270208679628
