future_x1,future_y1,future_x2,future_y2,future_x3,future_y3,future_x4,future_y4,future_x5,future_y5,future_x6,future_y6,future_x7,future_y7,future_x8,future_y8,future_x9,future_y9,future_x10,future_y10,future_x11,future_y11,future_x12,future_y12,future_x13,future_y13,future_x14,future_y14,future_x15,future_y15,future_x16,future_y16,future_x17,future_y17,future_x18,future_y18,future_x19,future_y19,future_x20,future_y20
213.99718279252795,133.37190010969408,209.79778167061275,155.08312524076143,200.2107040532469,175.01049860589,185.86741049699103,191.8414877756834,167.71263353593224,204.46750614921837,146.9421521156063,212.05693089965413,124.92403065367799,214.10987847872326,103.10851037981438,210.49112984756718,82.93248803394907,201.43903678718735,65.72487351001818,187.5498226672151,52.619060139966635,169.7383117154735,44.478272832899194,149.17767338647886,41.83871107409493,127.22215061438138,44.87423171585168,105.3178615159399,53.384897756468064,84.90754966090611,66.81014735122291,67.3355566096503,84.26571566786237,53.75927577807623,104.60187769901654,45.072919791974954,126.47917582193315,41.848622455242165,148.45664424911155,44.298754698001716
