future_x1,future_y1,future_x2,future_y2,future_x3,future_y3,future_x4,future_y4,future_x5,future_y5,future_x6,future_y6,future_x7,future_y7,future_x8,future_y8,future_x9,future_y9,future_x10,future_y10,future_x11,future_y11,future_x12,future_y12,future_x13,future_y13,future_x14,future_y14,future_x15,future_y15,future_x16,future_y16,future_x17,future_y17,future_x18,future_y18,future_x19,future_y19,future_x20,future_y20
109.66761721256294,66.63803084465687,125.88930006412976,63.992871779253235,142.25000585985453,65.5635935508736,157.67212359043674,71.24673931023656,171.1398631022789,80.66798410374817,181.76616093066514,93.20679008679687,188.851107446332,108.03727874658972,191.92804696456082,124.18262805279502,190.79431439613012,140.5794116240136,185.52458394596817,156.14764215932945,176.4659506367497,169.86190566807178,164.21506861684162,180.81890118474496,149.57885205627585,188.29693741161122,133.52132709775663,191.80346749484684,117.10013550157645,191.10753101811548,101.39687222279194,186.25496639562965,87.44584529203202,177.56539168823946,76.16595028747545,165.61115270349922,68.30014654061029,151.17962498000765,64.36652152397288,135.22135266604494
