future_x1,future_y1,future_x2,future_y2,future_x3,future_y3,future_x4,future_y4,future_x5,future_y5,future_x6,future_y6,future_x7,future_y7,future_x8,future_y8,future_x9,future_y9,future_x10,future_y10,future_x11,future_y11,future_x12,future_y12,future_x13,future_y13,future_x14,future_y14,future_x15,future_y15,future_x16,future_y16,future_x17,future_y17,future_x18,future_y18,future_x19,future_y19,future_x20,future_y20
186.38418633430643,90.85203808843093,193.9163830357431,106.93546260684562,197.10694430045277,124.40631977542242,195.74572125175325,142.11387757429367,189.92237193751285,158.8918135067322,180.02045593091745,173.6350353658445,166.69217087154954,185.37246901911413,150.81539494476,193.3310189849892,133.43586473090394,196.9864889868278,115.69829692672458,196.09810856110005,98.77099066201812,190.72439159706985,83.76887654041505,181.21928227255,71.68008084094463,168.20884223675023,63.30084178814222,152.55001455762087,59.183064682769356,135.27418047937317,59.597970216525326,117.5192266696086,64.51823030365512,100.45459740133342,73.61976806723662,85.20426816794387,86.30310342260492,72.77271413588733,101.7328383139398,63.9787495821835
