future_x1,future_y1,future_x2,future_y2,future_x3,future_y3,future_x4,future_y4,future_x5,future_y5,future_x6,future_y6,future_x7,future_y7,future_x8,future_y8,future_x9,future_y9,future_x10,future_y10,future_x11,future_y11,future_x12,future_y12,future_x13,future_y13,future_x14,future_y14,future_x15,future_y15,future_x16,future_y16,future_x17,future_y17,future_x18,future_y18,future_x19,future_y19,future_x20,future_y20
148.67080699251767,219.90603609102334,124.59798938845869,222.14046980701426,100.74924794190338,218.17426597402687,78.6953991360553,208.2686617886053,59.88903741074847,193.07609781518846,45.568858864617795,173.5972444650452,36.67807354306919,151.1150920370506,33.80228015213966,127.11044553263119,37.13089513004597,103.16439024667008,46.44467658156064,80.85415231645361,61.13016482128346,61.64921345712861,80.2200883878535,46.81452236993451,102.45707415451415,37.327177881470945,126.37646521863049,33.81207154576505,150.40279170327392,36.500728660900705,172.95354034427558,45.216058669558464,192.5433879956217,59.384019370608456,207.8820336297658,78.07142666909695,217.95918504969083,100.04741949511852,222.11110259476817,123.86453145539464
