future_x1,future_y1,future_x2,future_y2,future_x3,future_y3,future_x4,future_y4,future_x5,future_y5,future_x6,future_y6,future_x7,future_y7,future_x8,future_y8,future_x9,future_y9,future_x10,future_y10,future_x11,future_y11,future_x12,future_y12,future_x13,future_y13,future_x14,future_y14,future_x15,future_y15,future_x16,future_y16,future_x17,future_y17,future_x18,future_y18,future_x19,future_y19,future_x20,future_y20
196.55415461083902,75.26061198092285,207.7197788972944,94.44598361447478,213.63459600762096,115.84141744917815,213.90902176888207,138.03768607535355,208.52498090820976,159.57281445747358,197.83709759514934,179.0283740924516,182.54933783630685,195.12290894064458,163.66864218970522,206.796339555695,142.43860281733305,213.27978606749025,120.25755328995031,214.14621107150123,98.58646622493592,209.33854678992466,78.85272515307071,199.17345388664228,62.356108757453086,184.32046435861722,50.183179908052225,165.75788227391774,43.13571832680245,144.70834698962727,41.67791072315285,122.55830302997022,45.905776764149564,100.76668080574909,55.54084466205151,80.768802992676,69.94849294198016,63.881845852159216,88.17975029435806,51.218082360402576
