future_x1,future_y1,future_x2,future_y2,future_x3,future_y3,future_x4,future_y4,future_x5,future_y5,future_x6,future_y6,future_x7,future_y7,future_x8,future_y8,future_x9,future_y9,future_x10,future_y10,future_x11,future_y11,future_x12,future_y12,future_x13,future_y13,future_x14,future_y14,future_x15,future_y15,future_x16,future_y16,future_x17,future_y17,future_x18,future_y18,future_x19,future_y19,future_x20,future_y20
90.58350016877728,201.39634558525177,73.13478145092498,189.45588497818443,59.299804357325186,173.46758321648298,49.98982075055822,154.48452261906118,45.81804016793396,133.75703769748674,47.05924028349361,112.65036087054898,53.63166845612422,92.55470033601395,65.10242643283817,74.79367289266187,80.7159835394001,60.537122858246576,99.44394031417205,50.72406933521259,120.05276486347064,46.00085696439071,141.1850404290977,46.67858391682634,161.44887273183204,52.71261116322799,179.50956820449565,63.7055026594343,194.17754465424383,78.93320279022521,204.48668404780014,97.39272687314997,209.75796665058277,117.86822354906134,209.64419520614263,139.01105780708093,204.15286336191784,159.4286399112445,193.64566209413792,177.77614944038822
