future_x1,future_y1,future_x2,future_y2,future_x3,future_y3,future_x4,future_y4,future_x5,future_y5,future_x6,future_y6,future_x7,future_y7,future_x8,future_y8,future_x9,future_y9,future_x10,future_y10,future_x11,future_y11,future_x12,future_y12,future_x13,future_y13,future_x14,future_y14,future_x15,future_y15,future_x16,future_y16,future_x17,future_y17,future_x18,future_y18,future_x19,future_y19,future_x20,future_y20
47.91955876260266,92.88287733156156,59.49490496061051,73.6571869799638,75.58239418773586,58.010829593454304,95.12241106310168,46.97436505041911,116.82793670318813,41.274718939755346,139.26931925284578,41.28730302392941,160.96843905138414,47.01128844214418,180.49606616954912,58.06966030392303,196.56599778510753,73.73405007724429,208.1197749633548,92.97271016610355,214.3963989037663,114.51847079342667,214.98245473635555,136.9522031547691,209.8393414236644,158.79629147522948,199.30581424905498,178.61195735758173,184.0756724282733,195.09402607537717,165.15206146763956,207.15689295311643,143.78140018072128,214.0060275888983,121.37128431346542,215.19030623660802,99.39777412144878,210.63172543326647,79.30817247726995,200.6305397596845
