future_x1,future_y1,future_x2,future_y2,future_x3,future_y3,future_x4,future_y4,future_x5,future_y5,future_x6,future_y6,future_x7,future_y7,future_x8,future_y8,future_x9,future_y9,future_x10,future_y10,future_x11,future_y11,future_x12,future_y12,future_x13,future_y13,future_x14,future_y14,future_x15,future_y15,future_x16,future_y16,future_x17,future_y17,future_x18,future_y18,future_x19,future_y19,future_x20,future_y20
217.02510275336164,150.52581220448667,208.3599429235934,172.4427801677079,194.40181100066212,191.4324887699572,176.0700705387581,206.24416562349694,154.57215632633336,215.90222775269865,131.32404572534003,219.7705391491967,107.85699418660427,217.59431038029092,85.71667788141757,209.5168804992843,66.36138650080896,196.07027590377274,51.06597183542752,178.14016799025677,40.83787863985944,156.90753769726035,36.35078847584792,133.77088924860183,37.90024713590945,110.25413655106608,45.38419828265623,87.90622938262183,58.30970547132256,68.19913057300428,75.82541980405475,52.4308639913405,96.77765470789046,41.64001916293239,119.78637442619856,36.53734373717438,143.33609118064388,37.458929523572706,165.87568398920075,44.34407553515052
