future_x1,future_y1,future_x2,future_y2,future_x3,future_y3,future_x4,future_y4,future_x5,future_y5,future_x6,future_y6,future_x7,future_y7,future_x8,future_y8,future_x9,future_y9,future_x10,future_y10,future_x11,future_y11,future_x12,future_y12,future_x13,future_y13,future_x14,future_y14,future_x15,future_y15,future_x16,future_y16,future_x17,future_y17,future_x18,future_y18,future_x19,future_y19,future_x20,future_y20
214.45369541992977,96.23301789410245,219.69190636576755,119.28352646480734,218.89075635754926,142.90815255593452,212.10301378312664,165.55084122191684,199.77575875125675,185.720213613255,182.72093580165924,202.08779784059644,162.0618745266894,213.57552984122546,139.1593005667739,219.42676093321253,115.52171032473747,219.25609508771805,92.70601264034467,213.07477334753756,72.21498174085394,201.2899334268025,55.39827581123629,184.67779325888648,43.36354067535959,164.3325247796914,36.90345381537068,141.59418541546708,36.44351403359998,117.96045412566902,42.01401563266742,94.9879855770776,53.248053056942894,74.1898798356594,69.40568742124358,56.936020817144026,89.42268317897272,44.36284778420247,111.98060484996377,37.29850286293288
