future_x1,future_y1,future_x2,future_y2,future_x3,future_y3,future_x4,future_y4,future_x5,future_y5,future_x6,future_y6,future_x7,future_y7,future_x8,future_y8,future_x9,future_y9,future_x10,future_y10,future_x11,future_y11,future_x12,future_y12,future_x13,future_y13,future_x14,future_y14,future_x15,future_y15,future_x16,future_y16,future_x17,future_y17,future_x18,future_y18,future_x19,future_y19,future_x20,future_y20
108.21498562931441,58.084064268398976,126.66167679664508,55.350886076449896,145.19651769516366,57.402800041123996,162.59869616326426,64.1046552034053,177.72200375876974,75.01502849782322,189.57033169728933,89.41529943670204,197.36328035622927,106.35698262494952,200.5875609218528,124.72420051133932,199.03080356867713,143.30718155839295,192.79554536836395,160.88194281501458,182.29247660325086,176.29090853524147,168.2133903215133,188.51915483318666,151.48561683319542,196.76125845880023,133.2109443555762,200.47434664622156,114.59304884855146,199.41385386391266,96.85821293212635,193.6496303195442,81.17455579812682,183.5613412200503,68.57509410271952,169.81345981825658,59.889701495840626,153.31150134914768,55.69044832764067,135.14238054264789
