future_x1,future_y1,future_x2,future_y2,future_x3,future_y3,future_x4,future_y4,future_x5,future_y5,future_x6,future_y6,future_x7,future_y7,future_x8,future_y8,future_x9,future_y9,future_x10,future_y10,future_x11,future_y11,future_x12,future_y12,future_x13,future_y13,future_x14,future_y14,future_x15,future_y15,future_x16,future_y16,future_x17,future_y17,future_x18,future_y18,future_x19,future_y19,future_x20,future_y20
115.4823603412234,180.25933745401892,102.59347427431351,175.35227665392688,91.3780094015693,167.32632017324343,82.57468131217097,156.710104072768,76.76332827141499,144.2028739406692,74.32671970831262,130.62842852099183,75.4253448001487,116.88085954865451,79.98684172410114,103.8656616802224,87.71076382673414,92.44009136211393,98.08836878380505,83.35670294717973,110.43612732148313,77.21378109867945,123.94074442019391,74.4159342910804,137.71272764338488,75.14744494837144,150.84497427027424,79.36013153440372,162.4725183440949,86.77652206841299,171.82950234858237,96.90813003958088,178.2996210275303,109.08762896284996,181.45671482480887,122.51280637310302,181.0928392253208,136.2994021925822,177.23196118727188,149.53935123013122
