future_x1,future_y1,future_x2,future_y2,future_x3,future_y3,future_x4,future_y4,future_x5,future_y5,future_x6,future_y6,future_x7,future_y7,future_x8,future_y8,future_x9,future_y9,future_x10,future_y10,future_x11,future_y11,future_x12,future_y12,future_x13,future_y13,future_x14,future_y14,future_x15,future_y15,future_x16,future_y16,future_x17,future_y17,future_x18,future_y18,future_x19,future_y19,future_x20,future_y20
175.25235144099125,69.62958691308539,188.55272320493276,83.57863629843408,197.86474128881412,100.45353443203521,202.57506215285864,119.14280261384735,202.3734367354544,138.41545720539247,197.2731452564319,157.0020893544118,187.61012250473357,173.67847562704623,174.02083122410102,187.34621246619542,157.40034098399772,197.1050634227671,138.84337370451007,202.31225395144693,119.57219891907283,202.62480827164865,100.85612801132862,198.0221397423888,83.92791000279603,188.80740681790627,69.90253554984396,175.58754527292677,59.703797189834205,159.23329189106875,54.00344300472186,140.82183268821402,53.17693139486734,121.56585319163362,57.2787012103536,102.73366393507838,66.03858609246895,85.56566216824379,78.87960919760806,71.19263209705726
