future_x1,future_y1,future_x2,future_y2,future_x3,future_y3,future_x4,future_y4,future_x5,future_y5,future_x6,future_y6,future_x7,future_y7,future_x8,future_y8,future_x9,future_y9,future_x10,future_y10,future_x11,future_y11,future_x12,future_y12,future_x13,future_y13,future_x14,future_y14,future_x15,future_y15,future_x16,future_y16,future_x17,future_y17,future_x18,future_y18,future_x19,future_y19,future_x20,future_y20
58.58040511220028,177.11502873222585,48.36575987561717,157.82874455228944,43.39628773527892,136.57776618834305,43.99930695946213,114.76180637462453,50.13509920331589,93.81779080170298,61.39952558950122,75.12521385338665,77.0506456394857,59.91527710271312,96.05758577823808,49.18979523285718,117.16843864904008,43.65521070952876,138.992720995651,43.67606338135434,160.0929589571977,49.25097977037923,179.07936843694742,60.01276353729196,194.70139434651196,75.25258116282181,205.93007941974923,93.96664983600387,212.0258373083704,114.92235241410485,212.58716602995284,136.7394247393517,207.5770932180369,157.98086784470158,197.3256113366972,177.24759704337666,182.50794246222466,193.27059376387197,164.10006423951245,204.99449047598583
