future_x1,future_y1,future_x2,future_y2,future_x3,future_y3,future_x4,future_y4,future_x5,future_y5,future_x6,future_y6,future_x7,future_y7,future_x8,future_y8,future_x9,future_y9,future_x10,future_y10,future_x11,future_y11,future_x12,future_y12,future_x13,future_y13,future_x14,future_y14,future_x15,future_y15,future_x16,future_y16,future_x17,future_y17,future_x18,future_y18,future_x19,future_y19,future_x20,future_y20
77.05348370331127,105.21561474716447,84.5304176306141,92.9989836897616,94.8705104653514,83.08772264411424,107.39270369971638,76.13464476829724,121.2722130329324,72.5977201133008,135.5948534507398,72.70991105830824,149.41725275458015,76.46382805674418,161.82898752808612,83.61221635468837,172.01254890559298,93.6842416235458,179.2971884492731,106.01650184074056,183.2030975329542,119.7967227960072,183.47301032211453,134.11725918373375,180.08914879441318,148.0348773889905,173.27439370339027,160.6328823260958,163.47760435887403,171.08149629566736,151.34405414852975,178.69251295831475,137.67292908865204,182.96462659715164,123.36468879620057,183.61645102091944,109.36175699392763,180.6050532911525,96.586448016008,174.12878153460628
