future_x1,future_y1,future_x2,future_y2,future_x3,future_y3,future_x4,future_y4,future_x5,future_y5,future_x6,future_y6,future_x7,future_y7,future_x8,future_y8,future_x9,future_y9,future_x10,future_y10,future_x11,future_y11,future_x12,future_y12,future_x13,future_y13,future_x14,future_y14,future_x15,future_y15,future_x16,future_y16,future_x17,future_y17,future_x18,future_y18,future_x19,future_y19,future_x20,future_y20
186.5002353555854,158.22577182324244,176.88054220469746,172.11992081525523,164.04129293697483,183.10807583649395,148.82815500312532,190.46649324346123,132.2431539348229,193.71050497184598,115.3786741293919,192.62644158730635,99.3455080753328,187.28570579413542,85.19969311415596,178.04006943887242,73.87295469390268,165.49850377550135,66.11133752520308,150.48706908537136,62.42606674806012,133.99450555423329,63.05987567797294,117.10710910688674,67.9710179814279,100.93718165483226,76.83601733163796,86.54976843875116,89.07097343624997,74.89250796951107,103.87002109841976,66.7332150575951,120.25840917433112,62.60930807479156,137.15670333909964,62.792411462090385,153.45188389432627,67.27046496802947,168.07065570323036,75.74851800682805
