future_x1,future_y1,future_x2,future_y2,future_x3,future_y3,future_x4,future_y4,future_x5,future_y5,future_x6,future_y6,future_x7,future_y7,future_x8,future_y8,future_x9,future_y9,future_x10,future_y10,future_x11,future_y11,future_x12,future_y12,future_x13,future_y13,future_x14,future_y14,future_x15,future_y15,future_x16,future_y16,future_x17,future_y17,future_x18,future_y18,future_x19,future_y19,future_x20,future_y20
148.18722526234168,55.47057175761361,165.98270481710702,62.9972603674544,181.2764230551558,74.80540655848506,193.06104695844869,90.1172573111379,200.56037282176584,107.92428529475607,203.2804515323034,127.05361632911423,201.0421229241592,146.24528168300003,193.99281630635272,164.23520692525415,182.59683991314844,179.83847120101098,167.60479886979937,192.02735299419098,150.00415598395654,199.99902182942287,130.95419171584956,203.2284173452161,111.70964724097573,201.5028328157939,93.5380799162136,194.93592525018772,77.63637459787088,183.96022928217874,65.05190986066269,169.29866792972706,56.613571567850684,151.9169366905886,52.87715763903685,132.95989723380256,54.08876997442441,113.67617016763833,60.168604755772265,95.33589364177617
