future_x1,future_y1,future_x2,future_y2,future_x3,future_y3,future_x4,future_y4,future_x5,future_y5,future_x6,future_y6,future_x7,future_y7,future_x8,future_y8,future_x9,future_y9,future_x10,future_y10,future_x11,future_y11,future_x12,future_y12,future_x13,future_y13,future_x14,future_y14,future_x15,future_y15,future_x16,future_y16,future_x17,future_y17,future_x18,future_y18,future_x19,future_y19,future_x20,future_y20
132.3109838217959,49.858025139313156,152.05782820275806,53.52870540398416,170.22008443362182,62.104497216745955,185.60148094074708,75.0205491716576,197.18890970657964,91.42613514742021,204.2191554417883,110.24068806567907,206.22916537243174,130.22497230830575,203.0865485823032,150.0627069653164,194.99829604681418,168.44726373271055,182.4971470063782,184.1677290337183,166.40649966906034,196.1886618127271,147.7861774271984,203.71829369088704,127.86262273963757,206.26067942541985,107.94811651551365,203.6483627408061,89.35434367966073,196.05340597068027,73.30599799300026,183.9760570342205,60.86011661572854,168.21180020574099,52.83645750694522,149.79896090493187,49.76350540920694,129.9503155603148,51.843662777085115,109.97321111707168
