future_x1,future_y1,future_x2,future_y2,future_x3,future_y3,future_x4,future_y4,future_x5,future_y5,future_x6,future_y6,future_x7,future_y7,future_x8,future_y8,future_x9,future_y9,future_x10,future_y10,future_x11,future_y11,future_x12,future_y12,future_x13,future_y13,future_x14,future_y14,future_x15,future_y15,future_x16,future_y16,future_x17,future_y17,future_x18,future_y18,future_x19,future_y19,future_x20,future_y20
84.05383785088867,214.20495553543552,63.56009243033954,200.1807303850274,47.31073320574026,181.40226353542678,36.376037255178886,159.1064137669072,31.476227097585962,134.7617151068053,32.93403265887234,109.97165065797617,40.65343440651449,86.36903789815406,54.12598775307616,65.50848184718389,72.4643121667568,48.763979760522034,94.46053920183996,37.23842169799444,118.66586972263849,31.690947785435853,143.4860002205832,32.48694684143692,167.28613289347874,39.5739897497443,188.49865291399607,52.48528274505536,205.7263806375328,70.37041315876223,217.83459796012022,92.0513625314399,224.0257874364393,116.10009774350324,223.8921614060035,140.93262956197896,217.44252125448196,164.91334336177022,205.1016777033731,186.46273019477948
