future_x1,future_y1,future_x2,future_y2,future_x3,future_y3,future_x4,future_y4,future_x5,future_y5,future_x6,future_y6,future_x7,future_y7,future_x8,future_y8,future_x9,future_y9,future_x10,future_y10,future_x11,future_y11,future_x12,future_y12,future_x13,future_y13,future_x14,future_y14,future_x15,future_y15,future_x16,future_y16,future_x17,future_y17,future_x18,future_y18,future_x19,future_y19,future_x20,future_y20
179.34217303878705,203.73539880387273,158.37503425094815,214.30890254533494,135.40721946994677,219.19760119679927,111.95152223761463,218.07949670061785,89.55287086474532,211.02823390620478,69.68657048879778,198.50824989296254,53.66113091775263,181.34418344954665,42.53208058212235,160.6665595786513,37.032443308291505,137.83732656097183,37.52445711627193,114.36015013934968,43.97571512198246,91.78137336860831,55.96130004266733,71.58816548999847,72.69177171450528,55.11056833637676,93.06516420219992,43.43389206007441,115.7395676691184,37.32723030928044,139.2215143449609,37.19280325804438,161.96434697828374,43.0394650519128,182.47009065685842,54.48212062253138,199.3881181267128,70.76709028318676,211.60410993948142,90.82175144585878
