future_x1,future_y1,future_x2,future_y2,future_x3,future_y3,future_x4,future_y4,future_x5,future_y5,future_x6,future_y6,future_x7,future_y7,future_x8,future_y8,future_x9,future_y9,future_x10,future_y10,future_x11,future_y11,future_x12,future_y12,future_x13,future_y13,future_x14,future_y14,future_x15,future_y15,future_x16,future_y16,future_x17,future_y17,future_x18,future_y18,future_x19,future_y19,future_x20,future_y20
84.68049952698486,168.37927847546115,75.82973927444314,156.02372472134672,70.41521508762341,141.82236586209922,68.79355894479676,126.71058578914898,71.07158252845592,111.68373401736802,77.09924198817977,97.73156619095533,86.47952069918372,85.77305303410053,98.59457908074026,76.59585160717512,112.64644909568915,70.80442564272009,127.70959305522936,68.7802320568813,142.7918649011071,70.65659598368967,156.89985870149343,76.30992920817273,169.10434012944316,85.36787040325748,178.60145122712916,97.23381100722956,184.76565715496702,111.12619132515897,187.19094754553316,126.12997858505814,185.7175787020535,141.25693630529543,180.44259524511673,155.51071528309032,171.7134381909019,167.95247893386087,160.10506046998452,177.76274051586225
