future_x1,future_y1,future_x2,future_y2,future_x3,future_y3,future_x4,future_y4,future_x5,future_y5,future_x6,future_y6,future_x7,future_y7,future_x8,future_y8,future_x9,future_y9,future_x10,future_y10,future_x11,future_y11,future_x12,future_y12,future_x13,future_y13,future_x14,future_y14,future_x15,future_y15,future_x16,future_y16,future_x17,future_y17,future_x18,future_y18,future_x19,future_y19,future_x20,future_y20
109.48763105619292,60.71760849459372,127.22211652472411,58.22161575461,145.00783791225393,60.321632258535544,161.6733244145973,66.87933873502608,176.12089039676368,77.46280658741469,187.39893533770186,91.3749472171587,194.7646217618479,107.69942632348078,197.73280282524433,125.36101899703746,196.10797690152668,143.1964302709389,189.99716445334957,160.03091647678428,179.80285904377467,174.75566067856607,166.19651677492203,186.40080578948803,150.07433029326398,194.19933498685833,132.49820034217612,197.63759189030048,114.62579281777998,196.48911295122352,97.63428817618816,190.8295436560828,82.64284549862236,181.0316560757493,70.63888818088738,167.74079593407328,62.413066499461166,151.83237639418897,58.50718079689153,134.35421826840073
