future_x1,future_y1,future_x2,future_y2,future_x3,future_y3,future_x4,future_y4,future_x5,future_y5,future_x6,future_y6,future_x7,future_y7,future_x8,future_y8,future_x9,future_y9,future_x10,future_y10,future_x11,future_y11,future_x12,future_y12,future_x13,future_y13,future_x14,future_y14,future_x15,future_y15,future_x16,future_y16,future_x17,future_y17,future_x18,future_y18,future_x19,future_y19,future_x20,future_y20
224.26868803929722,110.90144081151647,225.45023287564675,135.96700292530494,220.21313996391495,160.5078120015025,208.90235462913094,182.907467967408,192.26287081915865,201.69059951723645,171.3906614808002,215.62004062649254,147.66049142263228,223.7783174844401,122.63536732826245,225.6280786425039,97.96358906750744,221.04748809841155,75.27018310345281,210.33825012220143,56.04986882111312,194.2057372624954,41.56860763629675,173.7125304178316,32.78021943161531,150.20843109357952,30.263558444868437,125.24155564312962,34.18438657043012,100.4563673426487,44.28445531911943,77.48536249844912,59.8985155620679,57.84154476843369,79.99813469815392,42.818769962667105,103.25943519212761,33.40652519271181,128.1502928302828,30.224755509409405
