future_x1,future_y1,future_x2,future_y2,future_x3,future_y3,future_x4,future_y4,future_x5,future_y5,future_x6,future_y6,future_x7,future_y7,future_x8,future_y8,future_x9,future_y9,future_x10,future_y10,future_x11,future_y11,future_x12,future_y12,future_x13,future_y13,future_x14,future_y14,future_x15,future_y15,future_x16,future_y16,future_x17,future_y17,future_x18,future_y18,future_x19,future_y19,future_x20,future_y20
190.65437347979952,156.29422191169414,181.38949361190123,171.3093001744332,168.60807192633902,183.47177664506228,153.15196701374128,191.98056005595816,136.0392076207083,196.27521256331278,118.39693936991009,196.07286343521343,101.38718440962461,191.38684055927598,86.13030389294138,182.52579259063512,73.63120449184306,170.07335956073172,64.71314941325228,154.84973095852303,59.9635335076252,137.85762329196854,59.695194036004054,120.21623536100529,63.92580539290823,103.08753133093929,72.37671496816345,87.59970703074706,84.4912968245637,74.77288042993328,99.47161431166921,65.45190075028464,116.33097680325731,60.25070179427479,133.9589288668111,59.51186470274807,151.19439130120767,63.28405357332042,166.902136549544,71.3188101605565
