future_x1,future_y1,future_x2,future_y2,future_x3,future_y3,future_x4,future_y4,future_x5,future_y5,future_x6,future_y6,future_x7,future_y7,future_x8,future_y8,future_x9,future_y9,future_x10,future_y10,future_x11,future_y11,future_x12,future_y12,future_x13,future_y13,future_x14,future_y14,future_x15,future_y15,future_x16,future_y16,future_x17,future_y17,future_x18,future_y18,future_x19,future_y19,future_x20,future_y20
129.27678576052585,52.60793058672472,148.4236448531016,55.41577965419222,166.22528419669214,63.00444661073716,181.50918453816956,74.87409782079446,193.26865952312662,90.24292918738828,200.72916190002022,108.09866030602338,203.39929969611813,127.26520912542426,201.1032021439017,146.4801555351205,193.99210355022822,164.4778916785271,182.5343821274097,180.07298222952144,167.48470988659824,192.2382440409572,149.83434556048857,200.17240238650487,130.74584455185254,203.3528675631622,111.47648628951069,201.57015568118413,93.29546251035497,194.941686488497,77.40028092764305,183.90404942482215,64.83789042501974,169.18424730807385,56.435722928571835,151.75181171065194,52.74719393939128,132.754943984824,54.015251377726344,113.44488805974413
