future_x1,future_y1,future_x2,future_y2,future_x3,future_y3,future_x4,future_y4,future_x5,future_y5,future_x6,future_y6,future_x7,future_y7,future_x8,future_y8,future_x9,future_y9,future_x10,future_y10,future_x11,future_y11,future_x12,future_y12,future_x13,future_y13,future_x14,future_y14,future_x15,future_y15,future_x16,future_y16,future_x17,future_y17,future_x18,future_y18,future_x19,future_y19,future_x20,future_y20
77.55717067302447,60.4196008598113,96.41906820201672,49.806431688861196,117.36106913329417,44.343544609689246,139.0038117790363,44.390757061260615,159.92177953637125,49.944959357585944,178.73719368175594,60.64031950968305,194.2107618716466,75.77237904294597,205.32330512667951,94.34445271958846,211.34288687256827,115.13327601120294,211.8730225296317,136.7695763980648,206.87879428762324,157.8282616018503,196.68915099531165,176.92228443154386,181.9752416807241,192.79400175915222,163.70620978212185,204.39801019301947,143.08535973813972,210.97000241068162,121.47090037582346,212.0771088736713,100.28648539690707,207.64640912685115,80.92744328488169,197.96973476267843,64.66887287532941,183.68444769930304,52.58165794842304,165.7314598266346
