future_x1,future_y1,future_x2,future_y2,future_x3,future_y3,future_x4,future_y4,future_x5,future_y5,future_x6,future_y6,future_x7,future_y7,future_x8,future_y8,future_x9,future_y9,future_x10,future_y10,future_x11,future_y11,future_x12,future_y12,future_x13,future_y13,future_x14,future_y14,future_x15,future_y15,future_x16,future_y16,future_x17,future_y17,future_x18,future_y18,future_x19,future_y19,future_x20,future_y20
114.27728501136706,74.3291191436702,128.38961031383525,72.603930082027,142.4762736204966,74.52744759581685,155.60944555448327,79.97297766124134,166.92409921293392,88.5818460729669,175.67498585774376,99.78702280833282,181.2857213214246,112.85046991457898,183.38675001258414,126.911752970549,181.83968599135326,141.04471428993673,176.74642787031013,154.31847504013578,168.44244718063283,165.85874832314616,157.47469227063485,174.90542478333373,144.56556311412487,180.86263781978295,130.56532985673266,183.33801081787956,116.39612909081005,182.16850134973697,102.99122658917543,177.4311400944752,91.23354700647491,169.43795715076345,81.89751933863886,158.715429924102,75.598068535948,145.96980627025223,72.7501129779811,132.04058691377207
