future_x1,future_y1,future_x2,future_y2,future_x3,future_y3,future_x4,future_y4,future_x5,future_y5,future_x6,future_y6,future_x7,future_y7,future_x8,future_y8,future_x9,future_y9,future_x10,future_y10,future_x11,future_y11,future_x12,future_y12,future_x13,future_y13,future_x14,future_y14,future_x15,future_y15,future_x16,future_y16,future_x17,future_y17,future_x18,future_y18,future_x19,future_y19,future_x20,future_y20
114.05822405436066,39.229254828316385,137.1114359994345,38.604250386930545,159.56451590460003,43.86736869345728,179.9385736534644,54.67195023936574,196.89165559143422,70.3063425953458,209.30713337948615,89.74077396934372,216.36725161530586,111.6951799515718,217.60698994874002,134.72351598353166,212.94469202012786,157.30900224265622,202.68744382192233,177.9640275618529,187.51084723349973,195.32813213215897,168.41452096150044,208.25761527921722,146.65625985200944,215.90086622547415,123.66918922415711,217.7544561171101,100.96737092157213,213.69629676924515,80.04607841469348,203.99368210216343,62.28330941435948,189.28568261287123,48.849022947363636,170.5410524842467,40.628079066792054,148.99442181379757,38.16195683492701,126.06497671205675
