future_x1,future_y1,future_x2,future_y2,future_x3,future_y3,future_x4,future_y4,future_x5,future_y5,future_x6,future_y6,future_x7,future_y7,future_x8,future_y8,future_x9,future_y9,future_x10,future_y10,future_x11,future_y11,future_x12,future_y12,future_x13,future_y13,future_x14,future_y14,future_x15,future_y15,future_x16,future_y16,future_x17,future_y17,future_x18,future_y18,future_x19,future_y19,future_x20,future_y20
63.796557067518364,121.04958078320654,67.6799942621904,104.93731760041305,75.53645701430003,90.34409649123779,86.8484731034223,78.23111166849473,100.87096751707165,69.39619459272447,116.68033741398489,64.42126416314673,133.23528596603438,63.6339981626368,149.44540820898587,67.08625049774426,164.24301144001032,74.550635799545,176.65343965391764,85.5355063433438,185.85927004264443,99.3173348203841,191.25415320412287,114.98837004434301,192.48275083196907,131.51642671127803,189.46414035803113,147.81287111253306,182.3971449822443,162.8043248670951,171.74723802309882,175.50336384956265,158.21588414419602,185.073555672116,142.69433682155793,190.8845519746162,126.20493521861013,192.5536068249034,109.833766997216,189.97078658660192
