future_x1,future_y1,future_x2,future_y2,future_x3,future_y3,future_x4,future_y4,future_x5,future_y5,future_x6,future_y6,future_x7,future_y7,future_x8,future_y8,future_x9,future_y9,future_x10,future_y10,future_x11,future_y11,future_x12,future_y12,future_x13,future_y13,future_x14,future_y14,future_x15,future_y15,future_x16,future_y16,future_x17,future_y17,future_x18,future_y18,future_x19,future_y19,future_x20,future_y20
65.5875360108773,62.96561469063876,84.19561291361823,49.22206777436698,105.68890090500788,40.66729254778916,128.65172733285303,37.86475614254093,151.57162721720343,40.999049866721606,172.93896296932536,49.86373095033521,191.3463578822846,63.87492006391321,205.5813941265319,82.10975899884899,214.70646962266306,103.36719546348394,218.12055395438037,126.24709135559863,215.59877571891707,149.242443981493,207.30723386233325,170.83864599710387,193.7920574392315,189.61324623547165,175.94343438453205,204.3296405937829,154.9369785711782,214.01852195437846,132.15629705949425,218.0417243754985,109.10185770843859,216.13425640287605,87.29215965662657,208.42175494440804,68.16371615865708,195.41221009444985,52.976437487446404,177.96250595881838
