future_x1,future_y1,future_x2,future_y2,future_x3,future_y3,future_x4,future_y4,future_x5,future_y5,future_x6,future_y6,future_x7,future_y7,future_x8,future_y8,future_x9,future_y9,future_x10,future_y10,future_x11,future_y11,future_x12,future_y12,future_x13,future_y13,future_x14,future_y14,future_x15,future_y15,future_x16,future_y16,future_x17,future_y17,future_x18,future_y18,future_x19,future_y19,future_x20,future_y20
182.98478615646206,110.91736368336144,185.52187693316472,125.4747581731145,184.27024315038028,140.19847974115953,179.31232467108174,154.11873865729152,170.97467877239478,166.31866590328895,159.80647118862544,175.99470348617166,146.54330486971293,182.50953142990022,132.05876890294005,185.43404536675897,117.30689886705221,184.57561984069596,103.25933851366224,179.99079573748458,90.84134167225844,171.98155617393002,80.87082966462462,161.07543613767734,74.00451826096898,147.9907759721419,70.69466256900193,133.58940731364714,71.1592688885368,118.81988785946818,75.36773555170234,104.65502385430943,83.04286852633666,92.02779542677224,93.67913902324386,81.7699051048716,106.57598055534982,74.55699706197592,120.88393231126135,70.86415527142626
