future_x1,future_y1,future_x2,future_y2,future_x3,future_y3,future_x4,future_y4,future_x5,future_y5,future_x6,future_y6,future_x7,future_y7,future_x8,future_y8,future_x9,future_y9,future_x10,future_y10,future_x11,future_y11,future_x12,future_y12,future_x13,future_y13,future_x14,future_y14,future_x15,future_y15,future_x16,future_y16,future_x17,future_y17,future_x18,future_y18,future_x19,future_y19,future_x20,future_y20
207.31389241702064,153.05739102914896,198.32420951654194,172.41927432320244,184.70256615289168,188.85544648758517,167.34616279142327,201.28332586009736,147.39819286020176,208.88434019811757,126.17254539796872,211.1578425958966,105.06726469880408,207.95408699454757,85.4724670033943,199.48409132631548,68.67877937791691,186.30573864923198,55.792331527156534,169.28703173203817,47.66189967434828,149.54892135564836,44.82300123447082,128.3914739909078,47.46262253019843,107.2082418777753,55.40690278778604,87.39447558934313,68.13258561637657,70.25522473378291,84.80148370986544,56.919379815188876,104.3156867260677,48.26531695511274,125.38987603200447,44.86304294480044,146.63598324653697,46.936651290727,166.65461647759042,54.34956211605531
