future_x1,future_y1,future_x2,future_y2,future_x3,future_y3,future_x4,future_y4,future_x5,future_y5,future_x6,future_y6,future_x7,future_y7,future_x8,future_y8,future_x9,future_y9,future_x10,future_y10,future_x11,future_y11,future_x12,future_y12,future_x13,future_y13,future_x14,future_y14,future_x15,future_y15,future_x16,future_y16,future_x17,future_y17,future_x18,future_y18,future_x19,future_y19,future_x20,future_y20
195.01650093043474,94.54331336513671,201.32490131644818,112.70228368430314,202.80369826719152,131.86885035809982,199.35548963543852,150.78059210005804,191.2073944483471,168.1918718722264,178.89609353057529,182.95588176773558,163.23248059132175,194.10017843337894,145.24825205978962,200.89073383101834,126.12795357242379,202.8802825830365,107.13095892448064,199.9377814651709,89.50852040494118,192.25704067357577,74.42135406092969,180.34395836080935,62.86318820432024,164.98319924826126,55.59531069945777,147.18651205493973,53.09642612738391,128.1260898566233,55.531125524663736,109.05736264876624,62.739045462749544,91.23630744294954,74.24543051382427,75.83672233363491,89.29240339783021,63.87291334524784,106.8888831773736,56.13288635235293
