future_x1,future_y1,future_x2,future_y2,future_x3,future_y3,future_x4,future_y4,future_x5,future_y5,future_x6,future_y6,future_x7,future_y7,future_x8,future_y8,future_x9,future_y9,future_x10,future_y10,future_x11,future_y11,future_x12,future_y12,future_x13,future_y13,future_x14,future_y14,future_x15,future_y15,future_x16,future_y16,future_x17,future_y17,future_x18,future_y18,future_x19,future_y19,future_x20,future_y20
62.561138996399734,74.63051986476647,78.29991403426173,59.732530482287345,97.31222509609248,49.33103273335345,118.34581106502577,44.111129609694814,140.01527793128037,44.41663421716204,160.89334887976617,50.22742424975506,179.6048730222541,61.160767361446844,194.91740081356895,76.49653013912787,205.8223603293525,95.22461026742745,211.60148766480478,116.1114677278861,211.8741359628409,137.7813729016165,206.62234702463383,158.80702010405508,196.1920341407833,177.8035382186431,181.27019823499177,193.51970634365117,162.83967799721705,204.9203664604104,142.11441442507024,211.2546049464591,120.45949362638815,212.10521210354992,99.30123432784914,207.41616200905565,80.03324224808291,197.49630270829164,63.92461913927035,182.99901369030215
