future_x1,future_y1,future_x2,future_y2,future_x3,future_y3,future_x4,future_y4,future_x5,future_y5,future_x6,future_y6,future_x7,future_y7,future_x8,future_y8,future_x9,future_y9,future_x10,future_y10,future_x11,future_y11,future_x12,future_y12,future_x13,future_y13,future_x14,future_y14,future_x15,future_y15,future_x16,future_y16,future_x17,future_y17,future_x18,future_y18,future_x19,future_y19,future_x20,future_y20
69.79741008147303,137.3579088893931,69.33240061680709,122.2359116401998,72.73157963972332,107.49357069389808,79.77105749757392,94.10190216097547,89.98717333525511,82.94295903010874,102.70703448930666,74.75173404061613,117.09283710288273,70.06774879618305,132.19704874874475,69.19951774171355,147.02481841253444,72.20422761197322,160.59950315277234,78.88397078143646,172.0269954714991,88.79878060877448,180.5546144217489,101.29561019256008,185.62068154180707,115.55134582920486,186.89151625758387,130.62702205722246,184.2834140212548,145.52966737044432,177.968159578436,159.2777070826868,168.3617122281413,170.96561553171455,156.09680832992504,179.82355925327644,141.98128561608019,185.2681026796592,126.9448743114754,186.94063659130103
