future_x1,future_y1,future_x2,future_y2,future_x3,future_y3,future_x4,future_y4,future_x5,future_y5,future_x6,future_y6,future_x7,future_y7,future_x8,future_y8,future_x9,future_y9,future_x10,future_y10,future_x11,future_y11,future_x12,future_y12,future_x13,future_y13,future_x14,future_y14,future_x15,future_y15,future_x16,future_y16,future_x17,future_y17,future_x18,future_y18,future_x19,future_y19,future_x20,future_y20
75.63637931545313,148.3286728107099,72.18677967337868,134.33152005540728,72.41336255297739,119.91733665347472,76.30120389115422,106.03552435554191,83.5942278999363,93.60041986248663,93.81207370363268,83.43107130528988,106.28173469318403,76.19729098297316,120.18188664625487,72.3755376383017,134.59698490586635,72.21753412055207,148.57756746355696,75.73368745814602,161.20279203607146,82.6924033913805,171.64108808090995,92.63534051409148,179.2049288570687,104.90759929798264,183.39611592526558,118.70085757531706,183.93859338772216,133.10661132680823,180.79663053127993,147.17601402751677,174.17717525948365,159.98237318422338,164.51622330292818,170.682187679765,152.45010101077557,178.57070565063208,138.773553205403,183.1283435337064
