future_x1,future_y1,future_x2,future_y2,future_x3,future_y3,future_x4,future_y4,future_x5,future_y5,future_x6,future_y6,future_x7,future_y7,future_x8,future_y8,future_x9,future_y9,future_x10,future_y10,future_x11,future_y11,future_x12,future_y12,future_x13,future_y13,future_x14,future_y14,future_x15,future_y15,future_x16,future_y16,future_x17,future_y17,future_x18,future_y18,future_x19,future_y19,future_x20,future_y20
92.20725323884939,178.85828283977492,80.44148258085231,168.07334619183962,71.80819181686287,154.64894645624707,66.87601956736148,139.46929248858987,65.96982731339855,123.534204372253,69.14930213459068,107.89325946671843,76.20502537174988,93.57666115297174,86.67226615483725,81.52738366153903,99.86159127444469,72.5390623184931,114.90427525310442,67.2037201181524,130.80951964561322,65.8727736537409,146.5297127732952,68.63388678161942,161.02943150745216,75.30519657107612,173.353640244194,85.4472918521203,182.690595090473,98.39215538462265,188.4253100266575,113.28716334962142,190.18006345395875,129.15124410098983,187.8392771304934,144.93949723629393,181.5571288248786,159.6120167998462,171.74739727384573,172.20238552253392
