future_x1,future_y1,future_x2,future_y2,future_x3,future_y3,future_x4,future_y4,future_x5,future_y5,future_x6,future_y6,future_x7,future_y7,future_x8,future_y8,future_x9,future_y9,future_x10,future_y10,future_x11,future_y11,future_x12,future_y12,future_x13,future_y13,future_x14,future_y14,future_x15,future_y15,future_x16,future_y16,future_x17,future_y17,future_x18,future_y18,future_x19,future_y19,future_x20,future_y20
54.848069940342924,132.35214050616926,56.149461608280646,113.59006831180444,62.18334661494191,95.77711782553398,72.55229828489989,80.0865533179705,86.57335730001986,67.55184640498453,103.32301536271399,58.998605610831675,121.69804281065964,54.990197000525185,140.48815372335503,55.7906376221182,158.45572237496359,61.34720581207759,174.41730044540566,71.29391374993914,187.32156579312598,84.97561353964214,196.3185686311617,101.49114905116318,200.81571415156094,119.75271129179,200.51679425769774,138.55748781790135,195.4414975481294,156.66688694127868,185.92411251125873,172.8881185640637,172.59150934593933,186.1527582552144,156.3218506530359,195.58711988260433,138.18675055139752,200.5698016508382,119.38069195443236,200.7726152289033
