future_x1,future_y1,future_x2,future_y2,future_x3,future_y3,future_x4,future_y4,future_x5,future_y5,future_x6,future_y6,future_x7,future_y7,future_x8,future_y8,future_x9,future_y9,future_x10,future_y10,future_x11,future_y11,future_x12,future_y12,future_x13,future_y13,future_x14,future_y14,future_x15,future_y15,future_x16,future_y16,future_x17,future_y17,future_x18,future_y18,future_x19,future_y19,future_x20,future_y20
88.69668877489931,183.41724989539335,75.88617576785943,171.58865888195186,66.50818159163792,156.88906589107066,61.18039535424947,140.28667140486775,60.253735969357905,122.87500545208769,63.78923860057408,105.80090137569556,71.55403453145149,90.18895873492733,83.03668925026969,77.06747065333602,97.48088849433289,67.30069446747963,113.93525349549745,61.531926724255925,131.31600430577745,60.141131937898734,148.47834383286408,63.21991592249515,164.2918608187923,70.56549210156832,177.71498528409032,81.69403820858179,187.86359236986638,95.87256362857323,194.0692359307506,112.16718841290616,195.923176276381,129.5046540310884,193.30330213894607,146.74301440470882,186.3821736297717,162.74685110177307,175.6156564291893,176.46205858239003
