future_x1,future_y1,future_x2,future_y2,future_x3,future_y3,future_x4,future_y4,future_x5,future_y5,future_x6,future_y6,future_x7,future_y7,future_x8,future_y8,future_x9,future_y9,future_x10,future_y10,future_x11,future_y11,future_x12,future_y12,future_x13,future_y13,future_x14,future_y14,future_x15,future_y15,future_x16,future_y16,future_x17,future_y17,future_x18,future_y18,future_x19,future_y19,future_x20,future_y20
135.62082481455496,41.46291307684396,157.39540357415333,46.25249463920838,177.23383050082677,56.42644120755304,193.82943169368693,71.31463763116436,206.0891245697037,89.93646091155871,213.20541462474085,111.065369722784,214.70958170671983,133.30969153959794,210.50255264437098,155.2042862645355,200.86142678112537,175.3070488555216,186.42122460460735,192.29389473113307,168.13306161290302,205.04597166351354,147.20150232943848,212.72335387773887,125.00522069452634,214.82036443664302,103.00619260052483,211.19888205786145,82.65340167711334,202.0974385828739,65.28740082236641,188.11550788594795,52.05201561094911,170.17402104661687,43.81900530521639,149.4547084854774,41.130643732221614,127.32226434224415,44.16400198316407,105.23445980168529
