future_x1,future_y1,future_x2,future_y2,future_x3,future_y3,future_x4,future_y4,future_x5,future_y5,future_x6,future_y6,future_x7,future_y7,future_x8,future_y8,future_x9,future_y9,future_x10,future_y10,future_x11,future_y11,future_x12,future_y12,future_x13,future_y13,future_x14,future_y14,future_x15,future_y15,future_x16,future_y16,future_x17,future_y17,future_x18,future_y18,future_x19,future_y19,future_x20,future_y20
197.57741139405775,145.3360670635425,190.87362250427879,162.4740915865675,180.02861204061657,177.34145241738034,165.75669531547493,188.95889891052818,148.99790357071208,196.5612386349946,130.85606806594583,199.64773738738916,112.52611534731348,198.01510045186646,95.21536245211897,191.7708627696354,80.06399600385998,181.32630606381477,68.06997290576444,167.3693694388644,60.023289108966,150.81933771971435,56.453945895564374,132.76629201945994,57.597040919093416,114.39931067255067,63.37728330901183,96.92814963659426,73.41395276427795,81.50356094592705,87.04597600133724,69.14149750591208,103.37546887614309,60.65619653999485,121.32687624346822,56.60654920190781,139.71781425918033,57.25928876158403,157.33694904046652,62.57142200439728
