future_x1,future_y1,future_x2,future_y2,future_x3,future_y3,future_x4,future_y4,future_x5,future_y5,future_x6,future_y6,future_x7,future_y7,future_x8,future_y8,future_x9,future_y9,future_x10,future_y10,future_x11,future_y11,future_x12,future_y12,future_x13,future_y13,future_x14,future_y14,future_x15,future_y15,future_x16,future_y16,future_x17,future_y17,future_x18,future_y18,future_x19,future_y19,future_x20,future_y20
92.76587134020032,74.36240183801775,107.57815873659402,67.16099804883507,123.73554708709104,63.966803918942304,140.17381704899108,64.99020760660059,155.8102487869784,70.16380180710384,169.6149361834677,79.146823588967,180.67862243107257,91.34759901771648,188.27258896149263,105.96251423413828,191.89665307847565,122.02894612563847,191.31211289228668,138.48866626964298,186.5574696111181,154.2575419973877,177.9458916281344,168.29694366167558,166.04458743408037,179.6821548116196,151.63744597511,187.66327938334732,135.67340517863187,191.71463420569992,119.20394939562321,191.5693735439232,103.31385254052685,187.2370651080111,89.04972858731438,179.00305986781308,77.35109550067075,167.40969718253905,68.98849313170848,153.2205831838834
