future_x1,future_y1,future_x2,future_y2,future_x3,future_y3,future_x4,future_y4,future_x5,future_y5,future_x6,future_y6,future_x7,future_y7,future_x8,future_y8,future_x9,future_y9,future_x10,future_y10,future_x11,future_y11,future_x12,future_y12,future_x13,future_y13,future_x14,future_y14,future_x15,future_y15,future_x16,future_y16,future_x17,future_y17,future_x18,future_y18,future_x19,future_y19,future_x20,future_y20
179.8385399812443,73.71341245841165,191.94845359072988,88.69525349716821,199.84635101475732,106.26593318861197,203.01203090500331,125.26814462234427,201.23698321647078,144.45029190160392,194.6381228888377,162.54892751084708,183.6500891501838,178.37197029970338,168.99661765562814,190.87722286405338,151.64287105794804,199.24101671393274,132.73186779532784,202.91246385926135,113.5091962651851,201.64974148913677,95.2409731453505,195.53601982523068,79.13044960359674,184.97398404843216,66.23875819440843,170.65931111643565,57.415020512202105,153.53484844295633,53.240419116473646,134.72851249661318,53.989917476383624,115.4789976780972,59.61414928132179,97.0541887199534,69.74266999255414,80.667650441784,83.70835646987952,67.39869533006458
