future_x1,future_y1,future_x2,future_y2,future_x3,future_y3,future_x4,future_y4,future_x5,future_y5,future_x6,future_y6,future_x7,future_y7,future_x8,future_y8,future_x9,future_y9,future_x10,future_y10,future_x11,future_y11,future_x12,future_y12,future_x13,future_y13,future_x14,future_y14,future_x15,future_y15,future_x16,future_y16,future_x17,future_y17,future_x18,future_y18,future_x19,future_y19,future_x20,future_y20
61.34541994808981,105.87081605428037,69.17290312349326,89.63456637698344,80.87508021680057,75.92528675617102,95.68117794805782,65.64594988956296,112.6159808150004,59.47361254439599,130.56406444427887,57.814820670418,148.34326391243312,60.77883192483863,164.78253798673208,68.17041932910936,178.79910069518425,79.50273005043964,189.46973989305056,94.0293523541174,196.0916253712028,110.79347861106815,198.22860133155507,128.69092619975032,195.73991413852224,146.54286538013025,188.7894831701191,163.17346385998692,177.83510413665604,177.48733393191276,163.5982959991023,188.54168106321708,147.0167775440421,195.60840181397882,129.18270378368248,198.22204095410544,111.27073029002588,196.21044904536944,94.4606435634876,189.70612120223223
