future_x1,future_y1,future_x2,future_y2,future_x3,future_y3,future_x4,future_y4,future_x5,future_y5,future_x6,future_y6,future_x7,future_y7,future_x8,future_y8,future_x9,future_y9,future_x10,future_y10,future_x11,future_y11,future_x12,future_y12,future_x13,future_y13,future_x14,future_y14,future_x15,future_y15,future_x16,future_y16,future_x17,future_y17,future_x18,future_y18,future_x19,future_y19,future_x20,future_y20
42.510210100050855,158.18361391815358,37.64325629521879,135.43058499487643,38.727721884912924,112.18813463122878,45.692177673275026,89.98714546196415,58.077904193979435,70.28990344496657,75.06910563579757,54.39378322381157,95.54664288801148,43.34579550631082,118.16174653554417,37.87362486448973,141.42485463826097,38.337700206613235,163.80372392285608,44.707454838061864,183.8243522149809,56.56333976118874,200.1680647746837,73.12445760655608,211.75836986576957,93.29999706445916,217.83186274744577,115.76108004676622,217.98850793983019,139.02828930798958,212.21798788168954,161.56911144872907,200.90038250488507,181.89887713987227,184.78113496481845,198.6785500587319,164.9219524291202,210.80292359041067,142.63087588351402,217.47341614791964
