future_x1,future_y1,future_x2,future_y2,future_x3,future_y3,future_x4,future_y4,future_x5,future_y5,future_x6,future_y6,future_x7,future_y7,future_x8,future_y8,future_x9,future_y9,future_x10,future_y10,future_x11,future_y11,future_x12,future_y12,future_x13,future_y13,future_x14,future_y14,future_x15,future_y15,future_x16,future_y16,future_x17,future_y17,future_x18,future_y18,future_x19,future_y19,future_x20,future_y20
108.22597235187786,196.15783354973735,91.52955011534908,188.88028193786198,77.23528331151019,177.59280172726443,66.28467528807862,163.03885185511228,59.39899662542675,146.17703990269558,57.031778071312274,128.11798263823636,59.33893837442395,110.05115435268198,66.16851457094688,93.16654118151354,77.07067114704881,78.57626171352118,91.3273288157971,67.24131640795915,107.99946138532137,59.90829052854417,125.98894547208573,57.06017970625979,144.11088927829266,58.88457704473629,161.17167644048453,65.26131715002137,176.0475845286599,75.77039092063123,187.7587999254067,89.71960978389052,195.53395403566066,106.19019725142678,198.8609300979091,124.0973048694981,197.52059416541874,142.26146663248724,191.60122853939635,159.48628545735232
