future_x1,future_y1,future_x2,future_y2,future_x3,future_y3,future_x4,future_y4,future_x5,future_y5,future_x6,future_y6,future_x7,future_y7,future_x8,future_y8,future_x9,future_y9,future_x10,future_y10,future_x11,future_y11,future_x12,future_y12,future_x13,future_y13,future_x14,future_y14,future_x15,future_y15,future_x16,future_y16,future_x17,future_y17,future_x18,future_y18,future_x19,future_y19,future_x20,future_y20
135.1139596024317,67.43621963251823,150.29446432072768,71.24141673475808,164.00652626531698,78.7850634468494,175.34698947849267,89.57029142773649,183.56890525512748,102.88672298619181,188.13073051822536,117.85726067720553,188.73199698803134,133.495858028675,185.33310176626614,148.77246628314924,178.1579158127886,162.68087938537332,167.67903850526497,174.30500855116324,154.58666950211386,182.87922118990912,139.74314818843118,187.83876990923312,124.12615500075349,188.85699005494286,108.7643157209593,185.86681574048004,94.66945021413883,179.06519719532892,82.76992810164973,168.90012848018532,73.84952095141968,156.0411399988457,68.49577853498693,141.33519934115262,67.06132939056617,125.75092508338973,69.6406546615512,110.31478794887454
