future_x1,future_y1,future_x2,future_y2,future_x3,future_y3,future_x4,future_y4,future_x5,future_y5,future_x6,future_y6,future_x7,future_y7,future_x8,future_y8,future_x9,future_y9,future_x10,future_y10,future_x11,future_y11,future_x12,future_y12,future_x13,future_y13,future_x14,future_y14,future_x15,future_y15,future_x16,future_y16,future_x17,future_y17,future_x18,future_y18,future_x19,future_y19,future_x20,future_y20
225.67684025497155,129.47655741668552,222.0842428408494,154.28879215681235,212.29471131197215,177.36949451666766,196.95304101415968,197.19843552349732,177.06972336632748,212.46956607413168,153.95438903271753,222.17704090667934,129.12954804881184,225.6814694054375,104.23030847671984,222.752029576617,80.89667870123307,213.5816713240933,60.66554696219609,198.77440764923278,44.86945297793153,179.3055308501107,34.54881914792924,156.45737411205684,30.383422297051126,131.73484960395274,32.64761962972109,106.76632623115708,41.192277972628716,83.19637581156367,55.45459655079557,62.57745203378154,74.49517631201206,46.267636849792936,97.05989419885412,35.34118931793965,121.66250696972672,30.517788668438385,146.68254380200943,32.11513205366553
