future_x1,future_y1,future_x2,future_y2,future_x3,future_y3,future_x4,future_y4,future_x5,future_y5,future_x6,future_y6,future_x7,future_y7,future_x8,future_y8,future_x9,future_y9,future_x10,future_y10,future_x11,future_y11,future_x12,future_y12,future_x13,future_y13,future_x14,future_y14,future_x15,future_y15,future_x16,future_y16,future_x17,future_y17,future_x18,future_y18,future_x19,future_y19,future_x20,future_y20
107.10251817952413,219.6456998295571,84.4649261088699,211.30868133022057,64.69480659725716,197.48446971753992,49.09433442289543,179.0836077770603,38.691047197870574,157.3180830388588,34.17016577919057,133.6214992468043,35.82946164745893,109.55465089814896,43.55964394947786,86.70272026213532,56.85155802795059,66.57086807844084,74.82972130135056,50.48509493784859,96.30998762633229,39.50490318981967,119.87754203321512,34.35351197047369,143.98008864866824,35.37022179413843,167.03009390848482,42.488066252824936,187.5093507290253,55.238222812411635,204.06897643446575,72.78089218486869,215.61825799610898,93.96061238192308,221.39649272082363,117.38236414565178,221.023092544047,141.50345501077663,214.5226517679072,164.73512998120276
