future_x1,future_y1,future_x2,future_y2,future_x3,future_y3,future_x4,future_y4,future_x5,future_y5,future_x6,future_y6,future_x7,future_y7,future_x8,future_y8,future_x9,future_y9,future_x10,future_y10,future_x11,future_y11,future_x12,future_y12,future_x13,future_y13,future_x14,future_y14,future_x15,future_y15,future_x16,future_y16,future_x17,future_y17,future_x18,future_y18,future_x19,future_y19,future_x20,future_y20
144.99272417778738,75.54417104984384,157.78424405189028,81.5967083916686,168.6140008031335,90.70563575292546,176.76868381711586,102.27098632717178,181.71117835667735,115.53099902287299,183.1159430548538,129.61229246866515,180.8904519581116,143.58739097787335,175.18128882248595,156.53581347849686,166.36449225692797,167.60470173727504,155.0207876387179,176.064994551271,141.8973371707254,181.35944794873328,127.85852744365694,183.13933851023427,113.82903591997975,181.28743231638373,100.73292631122104,175.92570665395658,89.43278438046515,167.40731588406788,80.67290303923164,156.29333064692864,75.0302588979066,143.31578249413326,72.87650923852547,129.32944804337498,74.35351250981316,115.25554843095918,79.36398470667933,102.02107234279524
