future_x1,future_y1,future_x2,future_y2,future_x3,future_y3,future_x4,future_y4,future_x5,future_y5,future_x6,future_y6,future_x7,future_y7,future_x8,future_y8,future_x9,future_y9,future_x10,future_y10,future_x11,future_y11,future_x12,future_y12,future_x13,future_y13,future_x14,future_y14,future_x15,future_y15,future_x16,future_y16,future_x17,future_y17,future_x18,future_y18,future_x19,future_y19,future_x20,future_y20
86.33576417054881,64.82432131190457,103.78746081431763,56.30043325698965,122.83393577116072,52.49909467206962,142.2206776918658,53.670683771894744,160.6707632707355,59.73803290073485,176.9689628232705,70.30151124191593,190.0417823640109,84.66534682208354,199.02817014888365,101.88345409027386,203.33623053892325,120.82174860151812,202.68220968127267,140.23284439842283,197.1091851842769,158.83821408770172,186.98422877626157,175.4124000723781,172.97422883173778,188.86373029928487,156.0019652337386,198.30622211441954,137.1853297367098,203.1179382210502,117.76369512949655,202.98195107858763,99.01628295258718,197.90721758923831,82.17790654532679,188.2279891444567,68.35763907495921,174.58179588896041,58.46576354293278,157.8674552864194
