future_x1,future_y1,future_x2,future_y2,future_x3,future_y3,future_x4,future_y4,future_x5,future_y5,future_x6,future_y6,future_x7,future_y7,future_x8,future_y8,future_x9,future_y9,future_x10,future_y10,future_x11,future_y11,future_x12,future_y12,future_x13,future_y13,future_x14,future_y14,future_x15,future_y15,future_x16,future_y16,future_x17,future_y17,future_x18,future_y18,future_x19,future_y19,future_x20,future_y20
151.81180124749872,53.57196180462623,169.97115017302417,62.083709893412134,185.3660356295425,74.93708729807175,196.98246113902894,91.2854960068264,204.05530151837485,110.05213496787182,206.11869846323978,130.0009244543007,203.03674467890764,149.8179214467104,195.01243552325485,168.19786354402441,182.57429855470008,183.93014111840645,166.541581640654,195.97853508938834,147.97029253966255,203.54946832468576,128.08364410342077,206.14427523450686,108.19148638122061,203.5920467805776,89.60403229589247,196.06088753702474,73.5455594187897,184.04684334777326,61.07377194562022,168.34122886917984,53.01013416127725,149.9785069955346,49.8857640358448,130.16815313081935,51.90645071352807,110.21499212118063,58.93910004561454,91.4332549199035
