future_x1,future_y1,future_x2,future_y2,future_x3,future_y3,future_x4,future_y4,future_x5,future_y5,future_x6,future_y6,future_x7,future_y7,future_x8,future_y8,future_x9,future_y9,future_x10,future_y10,future_x11,future_y11,future_x12,future_y12,future_x13,future_y13,future_x14,future_y14,future_x15,future_y15,future_x16,future_y16,future_x17,future_y17,future_x18,future_y18,future_x19,future_y19,future_x20,future_y20
94.9933695507659,38.17260732594933,118.94338203617748,32.729984783837864,143.48991592761507,33.56239820502739,167.01619408283017,40.615020011896064,187.97263932193425,53.423323612595965,204.9789385711868,71.14367981759769,216.91495829067404,92.60892315288932,222.99452296831583,116.40522815004468,222.8171972005189,140.96523209465644,216.39466069120294,164.6712706286202,204.14993895873408,185.96192651052473,186.88954042086274,203.43487361459532,165.75033507096242,215.93924226567148,142.12467362404695,222.65142219345967,117.56867922022283,223.1293102835282,93.6997521259747,217.34143005353576,72.09003836838123,205.66900487698626,54.162879076105725,188.88084839997396,41.09906097436922,168.08272601375813,33.7590429202468,144.6445227303913
