future_x1,future_y1,future_x2,future_y2,future_x3,future_y3,future_x4,future_y4,future_x5,future_y5,future_x6,future_y6,future_x7,future_y7,future_x8,future_y8,future_x9,future_y9,future_x10,future_y10,future_x11,future_y11,future_x12,future_y12,future_x13,future_y13,future_x14,future_y14,future_x15,future_y15,future_x16,future_y16,future_x17,future_y17,future_x18,future_y18,future_x19,future_y19,future_x20,future_y20
151.42425765756968,50.432537149705695,170.3954207881583,58.94903739964957,186.57417552538877,72.0136346834254,198.8948952123617,88.76581882250817,206.54606576509082,108.10219377252788,209.02373669851752,128.74915368870808,206.1647142294016,149.34676999632458,198.1573101657412,168.5383641770112,185.5289385985122,185.05986648747623,169.1113773495442,197.8230749270138,149.9859822581663,205.9873305350529,129.4124628115497,209.0148880678483,108.7459103689879,206.70633502025711,89.34754398266938,199.2137260903284,72.49505261304252,187.03056797466107,59.29843912066583,170.9593141540125,50.6269090375329,152.05851065119762,47.051619647545905,131.5730740482705,48.80806025392873,110.85229405737856,55.78054148739291,91.26096147167401
