future_x1,future_y1,future_x2,future_y2,future_x3,future_y3,future_x4,future_y4,future_x5,future_y5,future_x6,future_y6,future_x7,future_y7,future_x8,future_y8,future_x9,future_y9,future_x10,future_y10,future_x11,future_y11,future_x12,future_y12,future_x13,future_y13,future_x14,future_y14,future_x15,future_y15,future_x16,future_y16,future_x17,future_y17,future_x18,future_y18,future_x19,future_y19,future_x20,future_y20
72.90558385211462,138.5104259344532,72.0448727684988,124.14157020194568,74.86969101866217,110.02685304273146,81.19397968291894,97.09595162317736,90.6011844160172,86.20057013648098,102.47169213318534,78.05834162287832,116.02364232291967,73.20556049387275,130.3644249166672,71.96185907068791,144.54947276689396,74.40915474507017,157.64447631986408,80.386254424578,168.7869226637448,89.49947164490209,177.24290563332397,101.14855704459163,182.45546512820923,114.56623427067493,184.08127173654907,128.86873725104,182.01324040211082,143.11402015559665,176.38758366739535,156.36380600044387,167.57483992528165,167.74538701394584,156.1554676105833,176.5091062340814,142.88161283968822,182.07773426549625,128.627568703345,184.08448895659637
