future_x1,future_y1,future_x2,future_y2,future_x3,future_y3,future_x4,future_y4,future_x5,future_y5,future_x6,future_y6,future_x7,future_y7,future_x8,future_y8,future_x9,future_y9,future_x10,future_y10,future_x11,future_y11,future_x12,future_y12,future_x13,future_y13,future_x14,future_y14,future_x15,future_y15,future_x16,future_y16,future_x17,future_y17,future_x18,future_y18,future_x19,future_y19,future_x20,future_y20
194.02828093698588,125.27518562524598,192.54730210990843,142.17054293958455,186.81486345935215,158.1325460777572,177.2085366547247,172.1098449007817,164.36105011574432,183.18181341122028,149.11861384759695,190.619187522887,132.48518314024372,193.93209862478875,115.5563322480242,192.90233917008567,99.44709351270637,187.5977350911783,85.21851486396467,178.3676783902692,73.80777304649607,165.82011415490865,65.96644572206637,150.78149776720272,62.211008204017034,134.24235975721402,62.78881539651407,117.29206371514667,67.66180956539478,101.04705448475595,76.50902704135486,86.57732262826951,88.7477387494466,74.83592863983513,103.57183212698857,66.59622885165462,120.00490637404022,62.400937698908095,136.96458387521147,62.526381398194445
