future_x1,future_y1,future_x2,future_y2,future_x3,future_y3,future_x4,future_y4,future_x5,future_y5,future_x6,future_y6,future_x7,future_y7,future_x8,future_y8,future_x9,future_y9,future_x10,future_y10,future_x11,future_y11,future_x12,future_y12,future_x13,future_y13,future_x14,future_y14,future_x15,future_y15,future_x16,future_y16,future_x17,future_y17,future_x18,future_y18,future_x19,future_y19,future_x20,future_y20
86.70674157399714,95.0662288029302,96.44900329021745,85.64080875043894,108.26939671012924,79.00541080368832,121.38936214061168,75.59708077034618,134.94474253574907,75.64031104170158,148.04270189375515,79.13225422125895,159.8205326163278,85.84291067079204,169.50247843654557,95.33027762098872,176.45083022757404,106.9694620383501,180.2079292257905,119.99383970604836,180.5263110923052,133.54554954282952,177.38500535012264,146.7319973111774,170.99091662142854,158.68464705267084,161.76519668870185,168.6162279054921,150.3155049947784,175.87258833116945,137.3959846662733,179.97578233031953,123.85759027169979,180.65554973922963,110.5920390162906,177.86711713230724,98.47307707308701,171.7941468596631,88.29892959046265,162.83663997911623
