future_x1,future_y1,future_x2,future_y2,future_x3,future_y3,future_x4,future_y4,future_x5,future_y5,future_x6,future_y6,future_x7,future_y7,future_x8,future_y8,future_x9,future_y9,future_x10,future_y10,future_x11,future_y11,future_x12,future_y12,future_x13,future_y13,future_x14,future_y14,future_x15,future_y15,future_x16,future_y16,future_x17,future_y17,future_x18,future_y18,future_x19,future_y19,future_x20,future_y20
116.95675474380525,33.04867120012942,141.48760147042364,33.364949869381775,165.130076508494,39.91444201730353,186.3269492772431,52.265760090567284,203.68207075085604,69.60537461793233,216.05233193383947,90.79119798135726,222.62295565183777,114.427808932971,222.96116250371188,138.9583631347581,217.0446762239051,162.76713595954533,205.26319092654063,184.28594348945862,188.39270359004155,202.097432207432,167.5444023937506,215.0284341233986,144.0914774173101,222.22723842487267,119.57867437464738,223.21969009276063,95.62054869860262,217.94042050196362,73.7951215523861,206.73715297830498,55.53994220001516,190.34779972278454,42.057402671056735,169.85185863261887,34.23554124522438,146.59931130643233,32.58955109883583,122.12170542351436
