future_x1,future_y1,future_x2,future_y2,future_x3,future_y3,future_x4,future_y4,future_x5,future_y5,future_x6,future_y6,future_x7,future_y7,future_x8,future_y8,future_x9,future_y9,future_x10,future_y10,future_x11,future_y11,future_x12,future_y12,future_x13,future_y13,future_x14,future_y14,future_x15,future_y15,future_x16,future_y16,future_x17,future_y17,future_x18,future_y18,future_x19,future_y19,future_x20,future_y20
163.9596991366301,61.975055412646924,179.58021402342052,73.3019672103454,191.80335674377076,88.23160880816121,199.82404019886243,105.7806273879708,203.11397563995587,124.79314276586649,201.45646883053863,144.01688036754058,194.96069278601232,162.18565329750592,184.0544970054685,178.10276075451253,169.45622682128584,190.71980968961958,152.12740900765132,199.2057680552461,133.20942004839702,203.00170139749736,113.94830845945211,201.85758752226675,95.61272280395107,195.84878440758013,79.41035113710623,185.37106668993255,66.40837566382787,171.1145576504253,57.4631819268654,154.0182736913407,53.1639522861791,135.20827526768505,53.793858950237194,115.92349801214337,59.31141261139635,97.43414924596146,69.35319517242357,80.958044754962
