future_x1,future_y1,future_x2,future_y2,future_x3,future_y3,future_x4,future_y4,future_x5,future_y5,future_x6,future_y6,future_x7,future_y7,future_x8,future_y8,future_x9,future_y9,future_x10,future_y10,future_x11,future_y11,future_x12,future_y12,future_x13,future_y13,future_x14,future_y14,future_x15,future_y15,future_x16,future_y16,future_x17,future_y17,future_x18,future_y18,future_x19,future_y19,future_x20,future_y20
88.39936603548102,206.73917131960297,69.6627128336388,194.066846727834,54.76849184029102,177.04297628757942,44.697722867038905,156.78885087934123,40.11372518954197,134.63852471790608,41.31842749141295,112.0509468015131,48.2324810893105,90.51386606593854,60.40048629761212,71.44583960759142,77.02098769394814,56.10279828262429,96.99926262341748,45.495323813751256,119.01942598426291,40.32208601456426,141.63110205550282,40.923824341889784,163.34495465706416,47.26090481817573,182.73078347180137,58.91593055521126,198.51172533647406,75.12123393494093,209.64835585810062,94.80943965283856,215.4071519352613,116.68376824840774,215.40880584550825,139.30344952445222,209.6532086527166,161.1786200316639,198.51945738225245,180.86845411965703
