future_x1,future_y1,future_x2,future_y2,future_x3,future_y3,future_x4,future_y4,future_x5,future_y5,future_x6,future_y6,future_x7,future_y7,future_x8,future_y8,future_x9,future_y9,future_x10,future_y10,future_x11,future_y11,future_x12,future_y12,future_x13,future_y13,future_x14,future_y14,future_x15,future_y15,future_x16,future_y16,future_x17,future_y17,future_x18,future_y18,future_x19,future_y19,future_x20,future_y20
30.627169244727014,109.8588444269015,38.45125431512207,85.67280022151886,52.1735393424095,64.27467097797549,70.89019501734104,47.07386164121594,93.36843380223831,35.20331731407394,118.1277084709162,29.444900919398506,143.5372295392051,30.177895171549025,167.92337852229633,37.354020816211346,189.679942158566,50.50061658220531,207.3739069343112,68.75177139520795,219.8398456681753,90.90535830516566,226.25667930717725,115.5022135420337,226.20175795707246,140.92224550776507,219.67869905663935,165.49114340887132,207.11714911215876,187.59065707967008,189.3444846856851,205.76518432737203,167.53131657419115,218.81764533797096,143.11438659053994,225.88832929830863,117.70193541164508,226.51151993831212,92.96777451640037,220.6461703066491
