future_x1,future_y1,future_x2,future_y2,future_x3,future_y3,future_x4,future_y4,future_x5,future_y5,future_x6,future_y6,future_x7,future_y7,future_x8,future_y8,future_x9,future_y9,future_x10,future_y10,future_x11,future_y11,future_x12,future_y12,future_x13,future_y13,future_x14,future_y14,future_x15,future_y15,future_x16,future_y16,future_x17,future_y17,future_x18,future_y18,future_x19,future_y19,future_x20,future_y20
188.73209323541886,84.02958595921584,197.92342773130252,100.93528655280255,202.50919957774553,119.62362620477779,202.1873632340745,138.86368243502596,196.9791167091934,157.38819350850056,187.22750533772523,173.97702764580725,173.57482682390844,187.53754798145752,156.9203257881498,197.17657996736233,138.36096429887974,202.25924103080328,119.11916958607726,202.4507576243032,100.46231789133665,197.73851535382585,83.61925771521543,188.4328898359588,69.69937072515002,175.1468035589912,59.61950144215328,158.75535525162928,54.04356854108488,140.33818080335948,53.33883531463778,121.10834218066367,57.55171958200182,102.33242812768037,66.40473634197261,85.24712928268221,79.31477454511366,70.97778255731818,95.43150417070979,60.464249918349864
