future_x1,future_y1,future_x2,future_y2,future_x3,future_y3,future_x4,future_y4,future_x5,future_y5,future_x6,future_y6,future_x7,future_y7,future_x8,future_y8,future_x9,future_y9,future_x10,future_y10,future_x11,future_y11,future_x12,future_y12,future_x13,future_y13,future_x14,future_y14,future_x15,future_y15,future_x16,future_y16,future_x17,future_y17,future_x18,future_y18,future_x19,future_y19,future_x20,future_y20
202.0979535523426,191.1725296655158,183.57892198712088,207.95160195852947,161.3991401482756,219.46459786355288,137.01949715586346,224.95320467133087,112.04577774921418,224.05591089234503,88.12289598715881,216.83181750102068,66.8265516642454,203.75674520264425,49.559445579984796,185.69189412097884,37.45888952565808,163.82712016138908,31.321896331005604,139.60256419731317,31.552683974953908,114.61379603657227,38.13605144423592,90.50672093624527,50.63837996030743,68.86917073285852,68.23619362799612,51.12632002489261,89.7703983357952,38.446815904838815,113.82262641916797,31.66580408113053,138.8086585843709,31.229921336230674,163.08276978285542,37.16787743673075,185.04612621154033,49.088564141547835,203.25209378359267,66.20681585991079
