future_x1,future_y1,future_x2,future_y2,future_x3,future_y3,future_x4,future_y4,future_x5,future_y5,future_x6,future_y6,future_x7,future_y7,future_x8,future_y8,future_x9,future_y9,future_x10,future_y10,future_x11,future_y11,future_x12,future_y12,future_x13,future_y13,future_x14,future_y14,future_x15,future_y15,future_x16,future_y16,future_x17,future_y17,future_x18,future_y18,future_x19,future_y19,future_x20,future_y20
43.81953908042061,152.8165422487656,40.27550074437906,130.5735190242468,42.50950691103438,108.16098890511121,50.374412972440496,87.055171163572,63.35219058283376,68.64621741304644,80.58804801111003,54.14664815717033,100.94673168377754,44.511489154326895,123.08730057210737,40.375367880094444,145.55144834846945,42.01071327956831,166.85955590226231,49.309812016385735,185.60814763933854,61.79190309802149,200.5623325276723,78.63484358415229,210.7371411856252,98.72925969081885,215.46240168026014,120.75161658447709,214.42688093921407,143.25139406534737,207.6987843666309,164.74662624376384,195.72126343952047,183.82151241208595,179.28322718028824,199.21966989387514,159.46738003123627,209.92688669653785,137.57890865808983,215.23792339766902
