future_x1,future_y1,future_x2,future_y2,future_x3,future_y3,future_x4,future_y4,future_x5,future_y5,future_x6,future_y6,future_x7,future_y7,future_x8,future_y8,future_x9,future_y9,future_x10,future_y10,future_x11,future_y11,future_x12,future_y12,future_x13,future_y13,future_x14,future_y14,future_x15,future_y15,future_x16,future_y16,future_x17,future_y17,future_x18,future_y18,future_x19,future_y19,future_x20,future_y20
177.75833632661713,75.70181829310647,189.43066491606612,90.08871867359264,197.05681349050013,106.9726760052954,200.1344796575298,125.24161489682443,198.4609504666289,143.69223703553033,192.1464542602062,161.10927739596974,181.60690039542442,176.3455486455066,167.53648504080792,188.39750155807747,150.86196738883785,196.47132458885042,132.68162791841556,200.03522890831618,114.19292927025833,198.85447510005216,96.61364440964367,193.00683446066043,81.10164703333948,182.87746653094075,68.67864728989653,169.13355025381955,60.162896021253985,152.68033969816463,56.11529001475863,134.6015387734784,56.802428086402784,116.08792220273249,62.179051335978784,98.35890419015716,71.89102416084542,82.58222072666734,85.29865968142822,69.7970157222371
