future_x1,future_y1,future_x2,future_y2,future_x3,future_y3,future_x4,future_y4,future_x5,future_y5,future_x6,future_y6,future_x7,future_y7,future_x8,future_y8,future_x9,future_y9,future_x10,future_y10,future_x11,future_y11,future_x12,future_y12,future_x13,future_y13,future_x14,future_y14,future_x15,future_y15,future_x16,future_y16,future_x17,future_y17,future_x18,future_y18,future_x19,future_y19,future_x20,future_y20
181.53393793299384,88.79429136974102,189.74960829625607,103.71099065269759,193.89809118295935,120.22750501725625,193.70614344049014,137.2559609977644,189.1864078608574,153.67476568343335,180.63658045305684,168.4024813349784,168.61980245667183,180.46905514868126,153.927568592459,189.0797125623372,137.5275946277623,193.66730571923472,120.50007800132349,193.92966911662887,103.96654975262204,189.84952197892244,89.0160039804356,181.69560646981267,76.63317037309879,170.0049867741356,67.63365419778103,155.5476749345806,62.61021580541009,139.2759133909125,61.893727994736594,122.26145476792874,65.53138281006821,105.62497002924559,73.28358319942011,90.46223458542559,84.63972426651378,77.77195416771177,98.85182467179928,68.38998427402598
