future_x1,future_y1,future_x2,future_y2,future_x3,future_y3,future_x4,future_y4,future_x5,future_y5,future_x6,future_y6,future_x7,future_y7,future_x8,future_y8,future_x9,future_y9,future_x10,future_y10,future_x11,future_y11,future_x12,future_y12,future_x13,future_y13,future_x14,future_y14,future_x15,future_y15,future_x16,future_y16,future_x17,future_y17,future_x18,future_y18,future_x19,future_y19,future_x20,future_y20
221.8181837524945,113.78938179368753,222.3453875510859,138.1361294515118,216.65845672913198,161.8152528133538,205.13196554641002,183.26710742720138,188.52511558946478,201.07874968350464,167.9317303501948,214.07700147926698,144.70820966426018,221.4057225347437,120.38418934800934,222.58220075963249,96.56179050859464,217.52894647205957,74.8100945522723,206.57879631862647,56.56179437910134,190.45299072173088,43.01882891598851,170.21366880066654,35.073216445276756,147.19390972668208,33.248301105102,122.90992839412014,37.66428240801379,98.9612087103593,48.03029820366859,76.92515230538393,63.66358254764735,58.25318170827423,83.53443662799549,44.17514123821829,106.33405070333976,35.61829232203516,130.56070990623152,33.14623867658949
