future_x1,future_y1,future_x2,future_y2,future_x3,future_y3,future_x4,future_y4,future_x5,future_y5,future_x6,future_y6,future_x7,future_y7,future_x8,future_y8,future_x9,future_y9,future_x10,future_y10,future_x11,future_y11,future_x12,future_y12,future_x13,future_y13,future_x14,future_y14,future_x15,future_y15,future_x16,future_y16,future_x17,future_y17,future_x18,future_y18,future_x19,future_y19,future_x20,future_y20
32.586237089510206,115.73592331648058,38.84996106709525,91.85495486377188,50.985623861572165,70.35470879900808,68.19390030960332,52.651316073465935,89.34135348108205,39.91082484797718,113.03508941160457,32.97239779558926,137.71450118060258,32.29303997905653,161.75405953784772,37.91749784584228,183.57037969126958,49.475311967467604,201.72651221623545,66.20521764689445,215.0265888819057,87.00528622836637,222.59458947140317,110.50550451213013,223.93204155599716,135.1580117726109,218.95085278144023,159.3390508466224,207.97911314151924,181.45591820121012,191.7394850674751,200.05186862928343,171.30160468735977,213.90206494105962,148.0116293845627,222.09425284794662,123.4035720620718,224.0888473229325,99.09826215226661,219.75447280116265
