future_x1,future_y1,future_x2,future_y2,future_x3,future_y3,future_x4,future_y4,future_x5,future_y5,future_x6,future_y6,future_x7,future_y7,future_x8,future_y8,future_x9,future_y9,future_x10,future_y10,future_x11,future_y11,future_x12,future_y12,future_x13,future_y13,future_x14,future_y14,future_x15,future_y15,future_x16,future_y16,future_x17,future_y17,future_x18,future_y18,future_x19,future_y19,future_x20,future_y20
150.5391895702867,38.23607922068757,172.64376209684812,46.928975299432494,191.80783742647773,60.96167944290231,206.76915836708855,79.40991633779046,216.5422855152355,101.05857806465077,220.48350401279254,124.48175815558605,218.33322234237318,148.13667006740116,210.2330705308279,170.46526405465866,196.71657157393153,189.99684936579234,178.67400051635582,205.44496246902293,157.29374577180909,215.79210100468387,133.98403496701275,220.35674239422679,110.28018089964309,218.83823287146566,87.7434569294571,211.33659028403744,67.85826245627678,198.3459163376376,51.93435176295091,180.72185219088485,41.02056599903007,159.62522096414367,35.835750417230685,136.4455691936661,36.721407054316956,112.70964323449911,43.6192014255484,89.98082888728601
