future_x1,future_y1,future_x2,future_y2,future_x3,future_y3,future_x4,future_y4,future_x5,future_y5,future_x6,future_y6,future_x7,future_y7,future_x8,future_y8,future_x9,future_y9,future_x10,future_y10,future_x11,future_y11,future_x12,future_y12,future_x13,future_y13,future_x14,future_y14,future_x15,future_y15,future_x16,future_y16,future_x17,future_y17,future_x18,future_y18,future_x19,future_y19,future_x20,future_y20
106.9021064494228,180.46221275440556,94.24415689612395,173.3646110498757,83.80956302265535,163.2790328539677,76.28560772353413,150.8697728636689,72.16786234910731,136.95417694105782,71.7275455010894,122.4488069725477,74.99365900183012,108.30907078511184,81.75107766602655,95.4662934434748,91.55471869358686,84.76637477776802,103.75885740524502,76.91407351274955,117.55965841645732,72.42658776915934,132.04812089972071,71.59948939467618,146.26995065313832,74.4872558871077,159.2884154534166,80.89968219030362,170.24604367505663,90.41440870273277,178.4211023467019,102.40474033139316,183.27513467215465,116.0809242667409,184.48842591913603,130.54216768492603,181.9810616865462,144.83596918960396,175.91819153059026,158.0208560803597
