future_x1,future_y1,future_x2,future_y2,future_x3,future_y3,future_x4,future_y4,future_x5,future_y5,future_x6,future_y6,future_x7,future_y7,future_x8,future_y8,future_x9,future_y9,future_x10,future_y10,future_x11,future_y11,future_x12,future_y12,future_x13,future_y13,future_x14,future_y14,future_x15,future_y15,future_x16,future_y16,future_x17,future_y17,future_x18,future_y18,future_x19,future_y19,future_x20,future_y20
71.96638976668905,180.04038151494848,60.56633985952524,164.064778719118,53.6078620625201,145.71374034728308,51.549282096803864,126.19597226021116,54.526189982897606,106.79702790713657,62.34250929526188,88.79463431675164,74.48341189332754,73.37453358166388,90.14922748989483,61.55238300444276,108.3081145759589,54.10685801478978,127.76402348930716,51.52836408781096,147.23547518479663,53.98673579408165,165.43996687947245,61.32005050943721,181.17844512699568,73.04529357848311,193.41428243458427,88.39017246227345,201.34155556424975,106.34398440580387,204.43812831325633,125.72418718560598,202.50004243389057,145.25428820173425,195.65495150703524,163.6479216866946,184.35371293667654,179.69357621843022,169.3406918653826,192.33439189182945
