future_x1,future_y1,future_x2,future_y2,future_x3,future_y3,future_x4,future_y4,future_x5,future_y5,future_x6,future_y6,future_x7,future_y7,future_x8,future_y8,future_x9,future_y9,future_x10,future_y10,future_x11,future_y11,future_x12,future_y12,future_x13,future_y13,future_x14,future_y14,future_x15,future_y15,future_x16,future_y16,future_x17,future_y17,future_x18,future_y18,future_x19,future_y19,future_x20,future_y20
224.92552860674445,115.29583119221243,224.96697466917547,140.38385337046105,218.6216131728905,164.65620311402418,206.3073864421244,186.51416263946183,188.83538089709523,204.51803991150675,167.35640419640674,217.48199511366886,143.2851863676118,224.5521469388484,118.20719747926684,225.26281416648152,93.77421938324387,219.56718812963123,71.59554977824926,207.84041580537792,53.13200452616505,190.85489045828834,39.59969984365742,169.72937733853854,31.889951832204332,145.85532531144688,30.51056922815802,120.80521796189566,35.55240617306451,96.22900070184197,46.68337803275425,73.74540579241565,63.170334418119324,54.83533324523978,83.92734872351363,40.74431015541265,107.58724355359855,32.400453060417206,132.59164095902833,30.353336799985982
