future_x1,future_y1,future_x2,future_y2,future_x3,future_y3,future_x4,future_y4,future_x5,future_y5,future_x6,future_y6,future_x7,future_y7,future_x8,future_y8,future_x9,future_y9,future_x10,future_y10,future_x11,future_y11,future_x12,future_y12,future_x13,future_y13,future_x14,future_y14,future_x15,future_y15,future_x16,future_y16,future_x17,future_y17,future_x18,future_y18,future_x19,future_y19,future_x20,future_y20
79.43229814012224,211.65947770802555,59.738632424888664,196.5428010158991,44.54105643385685,176.91149776027035,34.8405706988557,154.0585994753113,31.27610549307248,129.4893306356733,34.082437176156944,104.82196583920259,43.074724460991106,81.68124085261982,57.66068313331678,61.59133808712956,76.87959732654787,45.875495101439384,99.4655978428629,35.56884849865621,123.93103964320699,31.35025382369365,148.66448678096194,33.497572198334254,172.03685092297547,41.86936877557886,192.50869255929604,55.9142284592873,208.7316174211555,74.70707530174595,219.6370895509694,97.01010337291821,224.50681128019954,121.35430584080592,223.02003448140158,146.13623228465207,215.27468690089404,169.72360124294778,201.78092206920465,190.56281174106186
