future_x1,future_y1,future_x2,future_y2,future_x3,future_y3,future_x4,future_y4,future_x5,future_y5,future_x6,future_y6,future_x7,future_y7,future_x8,future_y8,future_x9,future_y9,future_x10,future_y10,future_x11,future_y11,future_x12,future_y12,future_x13,future_y13,future_x14,future_y14,future_x15,future_y15,future_x16,future_y16,future_x17,future_y17,future_x18,future_y18,future_x19,future_y19,future_x20,future_y20
210.15366706473066,86.23730584089445,218.07761467476973,108.52255226901357,220.06852794771908,132.09069641377462,215.99527378404866,155.38940355830908,206.12614033619244,176.88408566986973,191.11116599420836,195.1589782714201,171.9393240858556,209.01039090442504,149.87338335515784,217.5259891663192,126.3667346862777,220.14488634766766,102.96766234724241,216.69458668514068,81.21736500483271,207.4023469333152,62.548443438273154,192.8802079162565,48.190541139925585,174.08468196778284,39.089352860382945,152.25375147939192,35.844335665263685,128.82532819714734,38.669225214782585,105.34254401124511,47.3779578930647,83.35211133640078,61.3969260374367,64.30244765811702,79.80275906718954,49.44827435330133,101.38314202746409,39.76797346042963
