future_x1,future_y1,future_x2,future_y2,future_x3,future_y3,future_x4,future_y4,future_x5,future_y5,future_x6,future_y6,future_x7,future_y7,future_x8,future_y8,future_x9,future_y9,future_x10,future_y10,future_x11,future_y11,future_x12,future_y12,future_x13,future_y13,future_x14,future_y14,future_x15,future_y15,future_x16,future_y16,future_x17,future_y17,future_x18,future_y18,future_x19,future_y19,future_x20,future_y20
151.35317443051613,38.4486974848747,173.37682414129836,47.34176812632647,192.41169293564036,61.547457901880264,207.20403391353176,80.1300976608296,216.77953767230187,101.8657269312894,220.5075059768694,125.3227110583512,218.14239320484586,148.95603696886792,209.8399794058937,171.20907669669066,196.14710972381204,190.61611593214897,177.96567600254468,205.89889447062987,156.49321295651848,216.0507998461802,133.14402158618716,220.40316866892846,109.4560151083414,218.66932867555346,86.9894230685436,210.96348062784432,67.22402557077157,197.79317638792043,51.46168637400602,180.02588860775552,40.74060459158845,158.8318739472009,35.76693287393587,135.60709318048296,36.868266097853024,111.88126512018155,43.972064067224906,89.21711046073224
