future_x1,future_y1,future_x2,future_y2,future_x3,future_y3,future_x4,future_y4,future_x5,future_y5,future_x6,future_y6,future_x7,future_y7,future_x8,future_y8,future_x9,future_y9,future_x10,future_y10,future_x11,future_y11,future_x12,future_y12,future_x13,future_y13,future_x14,future_y14,future_x15,future_y15,future_x16,future_y16,future_x17,future_y17,future_x18,future_y18,future_x19,future_y19,future_x20,future_y20
210.11327017948625,113.41562538225605,211.12107980432222,134.79552902454972,206.6540528407827,155.72783969730358,197.00641360258953,174.83383396934687,182.81361158603235,190.85508020403427,165.01046707923473,202.73632616831577,144.76959847410646,209.695004067429,123.42418681545996,211.27277500035763,102.38016476223791,207.36571781915617,83.02361370527879,198.2311739787113,66.62946840482485,184.470797535413,54.27754238997561,166.99092672017628,46.78140517453191,146.94288724393533,44.634795848447965,125.64715930627509,47.97910255666912,104.50640310799727,56.59404985556766,84.91307151199052,69.91220733169992,68.15769501861931,87.05636386110531,55.343879939224706,106.89730582354473,47.31561848130086,128.1281936632819,44.6016985248219
