future_x1,future_y1,future_x2,future_y2,future_x3,future_y3,future_x4,future_y4,future_x5,future_y5,future_x6,future_y6,future_x7,future_y7,future_x8,future_y8,future_x9,future_y9,future_x10,future_y10,future_x11,future_y11,future_x12,future_y12,future_x13,future_y13,future_x14,future_y14,future_x15,future_y15,future_x16,future_y16,future_x17,future_y17,future_x18,future_y18,future_x19,future_y19,future_x20,future_y20
197.5932839984167,109.80124695070239,199.93335033697105,128.11357610747413,197.5354688616087,146.41842448283364,190.55757795891955,163.5101285571779,179.45928200980998,178.2629295332897,164.97157917832988,189.70512234242864,148.04871363130218,197.0830577780373,129.80532348092171,199.9107822051939,111.44302425151886,198.00204528653293,94.17126350927265,191.482567510101,79.12765962824561,180.7817595085744,67.3030716437482,166.60443858353125,59.47633552726194,149.8844053485859,56.16296553051423,131.72293820302082,57.58119942582135,113.31625674674007,63.637624100179636,95.87673181689289,73.93332828486882,80.55303171032068,87.79017716612023,68.35446422487597,104.29547827851763,60.0844977918195,122.36209672625557,56.287840383171414
