future_x1,future_y1,future_x2,future_y2,future_x3,future_y3,future_x4,future_y4,future_x5,future_y5,future_x6,future_y6,future_x7,future_y7,future_x8,future_y8,future_x9,future_y9,future_x10,future_y10,future_x11,future_y11,future_x12,future_y12,future_x13,future_y13,future_x14,future_y14,future_x15,future_y15,future_x16,future_y16,future_x17,future_y17,future_x18,future_y18,future_x19,future_y19,future_x20,future_y20
144.18630725740425,212.0166105715346,122.26920615436538,213.36946407503586,100.72956838433876,209.09938935685977,80.9861194648623,199.48763831312237,64.33927749420344,185.16729663540133,51.88550007031952,167.08158511389564,44.44506523175714,146.42173364357112,42.50804318674142,124.54851991170038,46.20201744585208,102.90264068410161,55.2836814317685,82.90981915712169,69.15486406213137,65.88689855582994,86.90192876764289,52.95510719882331,107.35595089748361,44.96620789574348,129.16970987897193,42.446395906665416,150.90642498111873,45.56164066925895,171.13439002984484,54.10675408866368,188.52127388341586,67.51890541591891,201.92187549171237,84.9146925466723,210.4535534818833,105.1483280093072,213.55436204029405,126.88710717573811
