future_x1,future_y1,future_x2,future_y2,future_x3,future_y3,future_x4,future_y4,future_x5,future_y5,future_x6,future_y6,future_x7,future_y7,future_x8,future_y8,future_x9,future_y9,future_x10,future_y10,future_x11,future_y11,future_x12,future_y12,future_x13,future_y13,future_x14,future_y14,future_x15,future_y15,future_x16,future_y16,future_x17,future_y17,future_x18,future_y18,future_x19,future_y19,future_x20,future_y20
64.823516872319,142.08855527157556,63.318260628794064,125.54480103906266,66.07331902678838,109.16276045529838,72.90722793523007,94.02144976250891,83.36986646274426,81.11816353352697,96.77210453118195,71.30278706487441,112.23119298093243,65.22181800005829,128.72890655233152,63.27578424375953,145.17861010904,65.5928628701493,160.49683073285325,72.0204376370922,173.67462153644158,82.1351511773425,183.84401675931088,95.27078977108972,190.33520102876773,110.56216404694914,192.7206272866655,127.00209537383098,190.8431775193023,143.50775448928246,184.82651146140782,158.9919829173431,175.0669216485406,172.43489953350337,162.20723129138003,182.95107585298427,147.09445420938445,189.847855488029,130.7240055862263,192.67097651642973
