future_x1,future_y1,future_x2,future_y2,future_x3,future_y3,future_x4,future_y4,future_x5,future_y5,future_x6,future_y6,future_x7,future_y7,future_x8,future_y8,future_x9,future_y9,future_x10,future_y10,future_x11,future_y11,future_x12,future_y12,future_x13,future_y13,future_x14,future_y14,future_x15,future_y15,future_x16,future_y16,future_x17,future_y17,future_x18,future_y18,future_x19,future_y19,future_x20,future_y20
202.33782299367226,134.8189902894676,198.15408275952558,153.5150000622386,189.349587597508,170.53044389166533,176.50425264309013,184.74458592272643,160.464146185615,195.22120029012734,142.28576270183333,201.27023638581568,123.16643599983348,202.49326959573392,104.36547586744906,198.80974385657856,87.12122262307307,190.4622775455238,72.56948283735424,178.00068322621235,61.668718522467174,162.24575380327772,55.13691726294391,144.23520033936504,53.404301387558576,125.15530238369637,56.584991030583836,106.26277271810847,64.46948751761732,88.80198296173366,76.53847216380203,73.9230020362574,91.99701161551134,62.60584595399391,109.82691677327597,55.595928277195895,128.85380663344682,53.35496285593341,147.82445983491215,56.03055267503888
