future_x1,future_y1,future_x2,future_y2,future_x3,future_y3,future_x4,future_y4,future_x5,future_y5,future_x6,future_y6,future_x7,future_y7,future_x8,future_y8,future_x9,future_y9,future_x10,future_y10,future_x11,future_y11,future_x12,future_y12,future_x13,future_y13,future_x14,future_y14,future_x15,future_y15,future_x16,future_y16,future_x17,future_y17,future_x18,future_y18,future_x19,future_y19,future_x20,future_y20
199.49475699222643,120.73706337485382,198.988801218936,139.17321025027232,193.80711111696166,156.87342467110997,184.2909828608321,172.6718678181236,171.0672038705253,185.52796256233148,155.0067689553382,194.59493191220622,137.16751154219313,199.2755726593772,118.72442862853669,199.2615906469347,100.89228866271561,194.55390681134253,84.84561984580002,185.46259652421904,71.64134888960847,172.58646622928939,62.14918569112456,156.7736125756987,56.9943391925833,139.06556185200228,56.51633749304344,120.62866902181622,60.74666455782527,102.67729481866667,69.40668650188562,86.3938209022976,81.92600403412517,72.85077134233924,97.48002226419563,62.940169960225035,115.0442633063102,57.31478646476209,133.46184433687236,56.34514125170453
