future_x1,future_y1,future_x2,future_y2,future_x3,future_y3,future_x4,future_y4,future_x5,future_y5,future_x6,future_y6,future_x7,future_y7,future_x8,future_y8,future_x9,future_y9,future_x10,future_y10,future_x11,future_y11,future_x12,future_y12,future_x13,future_y13,future_x14,future_y14,future_x15,future_y15,future_x16,future_y16,future_x17,future_y17,future_x18,future_y18,future_x19,future_y19,future_x20,future_y20
66.88632912061162,163.38566721287305,59.89256426488147,146.66556749850105,57.384750289251286,128.71604521016639,59.52806637261216,110.71936002976179,66.181341282092,93.86087806089299,76.90635172953463,79.2509967397448,90.99668629985021,67.85200761735511,107.52427380544948,60.414714254801,125.40051143935676,57.42897994447377,143.4479664722244,59.09146247142209,160.47792880339435,65.29266109061837,175.36870630508338,75.62412888135268,187.13950597403016,89.40537543125919,195.01503464929775,105.72868788311241,198.47656431814062,123.51891817019721,197.29609855260807,141.6042985060469,191.55138967713717,158.79362080949662,181.62081754934113,173.9546965803787,168.1584672672089,186.0889294031394,152.05104732951904,194.39708830067502
