future_x1,future_y1,future_x2,future_y2,future_x3,future_y3,future_x4,future_y4,future_x5,future_y5,future_x6,future_y6,future_x7,future_y7,future_x8,future_y8,future_x9,future_y9,future_x10,future_y10,future_x11,future_y11,future_x12,future_y12,future_x13,future_y13,future_x14,future_y14,future_x15,future_y15,future_x16,future_y16,future_x17,future_y17,future_x18,future_y18,future_x19,future_y19,future_x20,future_y20
74.25277057799795,104.43059878871175,82.02174360224876,91.52697870174933,92.81911136088836,81.02568341569592,105.93369656649085,73.6183891671063,120.50169654596748,69.79298333266647,135.56357829644034,69.80142933581945,150.12727889606825,73.64317087379348,163.233548524078,81.06516855893227,174.01913221956272,91.57856656090534,181.77362886187072,104.4908914880682,185.9862823101808,118.95166270279385,186.37962276637143,134.00840991079735,182.92774254581778,148.66940838099532,175.85800250781892,161.96899969032935,165.63605675024584,173.03119559030466,152.93518192890522,181.12737567556294,138.59193135061665,185.72427855126318,123.55103471868641,186.51912552256454,108.80317275329188,183.45956335619715,95.3197252112713,176.7471125681633
