future_x1,future_y1,future_x2,future_y2,future_x3,future_y3,future_x4,future_y4,future_x5,future_y5,future_x6,future_y6,future_x7,future_y7,future_x8,future_y8,future_x9,future_y9,future_x10,future_y10,future_x11,future_y11,future_x12,future_y12,future_x13,future_y13,future_x14,future_y14,future_x15,future_y15,future_x16,future_y16,future_x17,future_y17,future_x18,future_y18,future_x19,future_y19,future_x20,future_y20
127.73361860330483,41.086808216983,149.86367274123023,43.88131195017135,170.55365853834792,52.216360538954774,188.44081348577697,65.54295932292725,202.34698577655502,82.98334118461561,211.35623421933767,103.38878138468311,214.87515743959477,125.41525923821763,212.67197873707906,147.61198311511694,204.89181224408688,168.51694799438985,192.0471048667433,186.75323159749075,174.98388355852396,201.11968647853368,154.8260310764107,210.67005456419784,132.9012605416954,214.775293200671,110.653664550357,213.16500755256504,89.54859885599633,205.94526037561818,70.9761655378363,193.59158610821783,56.15965281236154,176.91766941422668,46.07496217377971,157.0217511899674,41.38632985940306,135.21429204675462,42.40257639712439,112.9316577716766
