future_x1,future_y1,future_x2,future_y2,future_x3,future_y3,future_x4,future_y4,future_x5,future_y5,future_x6,future_y6,future_x7,future_y7,future_x8,future_y8,future_x9,future_y9,future_x10,future_y10,future_x11,future_y11,future_x12,future_y12,future_x13,future_y13,future_x14,future_y14,future_x15,future_y15,future_x16,future_y16,future_x17,future_y17,future_x18,future_y18,future_x19,future_y19,future_x20,future_y20
49.880760304963445,95.5896615733216,60.702583490528895,76.77399704629332,75.95700499022304,61.33237428950443,94.63928009719618,50.281868170747515,115.5188857774533,44.35032913856659,137.2205700564264,43.928442768692975,158.3149340932967,49.04399694525135,177.41258068209535,59.36005158948751,193.25562801302084,74.19713148828725,204.8005610667479,92.57798047407331,211.28696356810673,113.29192918608084,212.28760341394178,134.97463677882024,207.73657265824625,156.19795432613185,197.93362859188738,175.56399099565078,183.52444998822386,191.79718724965565,165.45810895282898,203.8283305970822,144.9245595280727,210.86498013179707,123.27626041569731,212.44366128847145,101.93909419970609,208.46039296654354,82.31845044633855,199.17753632880795
