future_x1,future_y1,future_x2,future_y2,future_x3,future_y3,future_x4,future_y4,future_x5,future_y5,future_x6,future_y6,future_x7,future_y7,future_x8,future_y8,future_x9,future_y9,future_x10,future_y10,future_x11,future_y11,future_x12,future_y12,future_x13,future_y13,future_x14,future_y14,future_x15,future_y15,future_x16,future_y16,future_x17,future_y17,future_x18,future_y18,future_x19,future_y19,future_x20,future_y20
79.3900864009509,73.71343088933892,94.80805429912238,63.12897390588313,112.41223632240303,56.81729908576811,131.0431189024373,55.19412995328449,149.47356401523626,58.36637784520218,166.48963561135088,66.1251001098262,180.97055648740346,77.95926228233242,191.9625291755067,93.08939777967078,198.74155857846836,110.51894809221335,200.86113848756085,129.09990190929827,198.1816610720678,147.60840980495357,190.87961226102917,164.82539406192728,179.43594735597478,179.6168442032927,164.60441252424022,191.00850950204142,147.36189870311483,198.25006878661344,128.84409789473995,200.86455094665507,110.27069990152532,198.67975101775488,92.86505647903957,191.83957259954457,77.77360429145955,180.79454952968825,65.99035394118341,166.27217111131654
