future_x1,future_y1,future_x2,future_y2,future_x3,future_y3,future_x4,future_y4,future_x5,future_y5,future_x6,future_y6,future_x7,future_y7,future_x8,future_y8,future_x9,future_y9,future_x10,future_y10,future_x11,future_y11,future_x12,future_y12,future_x13,future_y13,future_x14,future_y14,future_x15,future_y15,future_x16,future_y16,future_x17,future_y17,future_x18,future_y18,future_x19,future_y19,future_x20,future_y20
67.45496922001043,187.81978154116342,54.22346842461265,170.43972672494806,45.85131805371893,150.26434526931243,42.88995650637145,128.6225048554485,45.53443623603921,106.93966266000194,53.61057646432897,86.64397647484768,66.58643573765542,69.0722379486776,83.60734867772808,55.381823732886346,103.55221920215894,46.47446394016711,125.10736241712388,42.93684896739052,146.853031526518,45.001986662074145,167.3569305933891,52.53385507361892,185.26855386059427,65.03636164818131,199.40813789566437,81.68601876262223,208.84436765550987,101.38618339728121,212.95571829869323,122.83928840803122,211.4713924176004,144.6323078269181,204.48915632689113,165.3298269508822,192.46890060676577,183.56858708242774,176.20234904104782,198.14727765713644
