future_x1,future_y1,future_x2,future_y2,future_x3,future_y3,future_x4,future_y4,future_x5,future_y5,future_x6,future_y6,future_x7,future_y7,future_x8,future_y8,future_x9,future_y9,future_x10,future_y10,future_x11,future_y11,future_x12,future_y12,future_x13,future_y13,future_x14,future_y14,future_x15,future_y15,future_x16,future_y16,future_x17,future_y17,future_x18,future_y18,future_x19,future_y19,future_x20,future_y20
56.43640413557634,102.49474393789696,65.28483859502403,85.12022773162371,78.2640574609561,70.57002211742615,94.51917407281637,59.80248805804109,112.97953213758719,53.52683782036496,132.42922536524623,52.15642214067259,151.5871841117737,55.781504546845554,169.19155405873806,64.16331607871491,184.08280926003187,76.74978199711845,195.28012524833025,92.71188462939689,202.04598182528338,110.99826728330888,203.93474042091108,130.4044826988049,200.82199643543805,149.65232493283455,192.91277324803633,167.47401941896743,180.72801818751773,182.69572595602693,165.07028991869328,194.31485463441828,146.9708972722396,201.56610222463965,127.62197126138695,203.97185948831833,108.29794441660007,201.3736692937502,90.27160926480056,193.94266352197275
