future_x1,future_y1,future_x2,future_y2,future_x3,future_y3,future_x4,future_y4,future_x5,future_y5,future_x6,future_y6,future_x7,future_y7,future_x8,future_y8,future_x9,future_y9,future_x10,future_y10,future_x11,future_y11,future_x12,future_y12,future_x13,future_y13,future_x14,future_y14,future_x15,future_y15,future_x16,future_y16,future_x17,future_y17,future_x18,future_y18,future_x19,future_y19,future_x20,future_y20
111.45399543592019,69.12166861495606,126.98470830282021,66.84938793036297,142.58229417166726,68.60484135543909,157.2194055392032,74.27240454238454,169.931957325545,83.47877889623561,179.8826271112134,95.61757918622534,186.4160060498644,109.88927359535772,189.1017678976229,125.35384552480025,187.76301279627623,140.99270854109037,182.48791892432098,155.77579638855067,173.6239345705099,168.72940912936787,161.75489317364423,179.00034667095377,147.66255866486497,185.9121054743509,132.2751339593161,189.00943700241385,116.60612412667587,188.08833302983936,101.68758106685996,183.2094628085488,88.50212658389158,174.69417703875587,77.91823121265037,163.10334184735197,70.63301171055113,149.20039689062062,67.12631490319258,133.90107078896077
