future_x1,future_y1,future_x2,future_y2,future_x3,future_y3,future_x4,future_y4,future_x5,future_y5,future_x6,future_y6,future_x7,future_y7,future_x8,future_y8,future_x9,future_y9,future_x10,future_y10,future_x11,future_y11,future_x12,future_y12,future_x13,future_y13,future_x14,future_y14,future_x15,future_y15,future_x16,future_y16,future_x17,future_y17,future_x18,future_y18,future_x19,future_y19,future_x20,future_y20
150.35912302405472,44.13649468835217,170.96784269665056,52.58924214969399,188.74645094777577,66.00897965986466,202.5239454856796,83.51180544448839,211.39286058241643,103.94488184516122,214.76903803184746,125.96236789645265,212.43010319841088,148.11406422052218,204.5301119008457,168.94093157227417,191.58940340213877,187.07119162943695,174.4603278466206,201.31068027201854,154.27110553408966,210.72150215982737,132.35151578487836,214.68380596129563,110.14530995837319,212.93661135858335,89.11511761177134,205.5949987255314,70.64610923119734,193.1425292665387,55.95476086665907,176.39939486999108,46.00872996135422,156.46839551171556,41.46311981804736,134.66230245005215,42.61733069462316,112.41739149403226,49.39533956596388,91.19884154525194
