future_x1,future_y1,future_x2,future_y2,future_x3,future_y3,future_x4,future_y4,future_x5,future_y5,future_x6,future_y6,future_x7,future_y7,future_x8,future_y8,future_x9,future_y9,future_x10,future_y10,future_x11,future_y11,future_x12,future_y12,future_x13,future_y13,future_x14,future_y14,future_x15,future_y15,future_x16,future_y16,future_x17,future_y17,future_x18,future_y18,future_x19,future_y19,future_x20,future_y20
161.99953185120842,200.33260322246576,142.46962139934683,206.6040947508434,121.98665772869197,207.69826453423,101.89976766972362,203.54304420226654,83.531990346818,194.4121206748024,68.09313414518031,180.90690955340938,56.6000917112292,163.91694240042045,49.80986150284318,144.5612770291254,48.16968747878852,124.11478986337829,51.78760101665523,103.92420517940332,60.42530533953277,85.31939203122076,73.51387112434466,69.52577135878167,90.1912094880213,57.58360265491203,109.35885416321969,50.27946643948016,129.75431286004414,48.09445550258053,150.03422233330372,51.17248734205603,168.86283008008024,59.310824922070225,184.9999747496969,71.97343011058129,197.38277036573092,88.32627026083568,205.19561416334062,107.29225244058044
