future_x1,future_y1,future_x2,future_y2,future_x3,future_y3,future_x4,future_y4,future_x5,future_y5,future_x6,future_y6,future_x7,future_y7,future_x8,future_y8,future_x9,future_y9,future_x10,future_y10,future_x11,future_y11,future_x12,future_y12,future_x13,future_y13,future_x14,future_y14,future_x15,future_y15,future_x16,future_y16,future_x17,future_y17,future_x18,future_y18,future_x19,future_y19,future_x20,future_y20
197.02741007284595,75.88846371911913,208.0176468782176,95.17361209345032,213.7374571939926,116.62089683557252,213.81010112616224,138.81767533420228,208.23079392387024,160.30193897065413,197.36702113086562,179.65860948911072,181.93433385542272,195.6127442609025,162.94921842268403,207.11351140331163,141.66214468760182,213.40340366433549,119.47520283498017,214.06813224541165,97.84975358492578,209.06391426540358,78.21017449693349,198.72035655518562,61.85004219951145,183.71874583936705,49.846929928034484,165.04717523975137,42.99143229933097,143.9354627293709,41.73509216315135,121.77414818531567,46.160659370210254,100.02290436446904,55.97664038689824,80.11439438661948,70.53649775066694,63.35990822903099,88.88123477855291,50.862993560368835
