future_x1,future_y1,future_x2,future_y2,future_x3,future_y3,future_x4,future_y4,future_x5,future_y5,future_x6,future_y6,future_x7,future_y7,future_x8,future_y8,future_x9,future_y9,future_x10,future_y10,future_x11,future_y11,future_x12,future_y12,future_x13,future_y13,future_x14,future_y14,future_x15,future_y15,future_x16,future_y16,future_x17,future_y17,future_x18,future_y18,future_x19,future_y19,future_x20,future_y20
41.30446708751221,170.30098203140614,33.39309042525039,146.84200542715004,31.713073741375666,122.14198502324918,36.375072682224754,97.82780747419896,47.07202094841355,75.50094558539568,63.09935546292766,56.631976022351694,83.40142298328321,42.46371859914893,106.64101154902714,33.9293769545837,131.28742702002012,31.59107234602368,155.7173134736665,35.60281908194328,178.32157684476465,45.70038024596927,197.61136919668928,61.21867187331614,212.31615288483198,81.13556923952628,221.46738553764592,104.13922992527992,224.46231387672916,128.71449936947874,221.10367454495284,153.24270773964432,211.6126870156931,176.1082849186847,196.61448279478856,195.80517132642072,177.09693063252297,211.0360157417661,154.34556975607012,220.7976263814417
