future_x1,future_y1,future_x2,future_y2,future_x3,future_y3,future_x4,future_y4,future_x5,future_y5,future_x6,future_y6,future_x7,future_y7,future_x8,future_y8,future_x9,future_y9,future_x10,future_y10,future_x11,future_y11,future_x12,future_y12,future_x13,future_y13,future_x14,future_y14,future_x15,future_y15,future_x16,future_y16,future_x17,future_y17,future_x18,future_y18,future_x19,future_y19,future_x20,future_y20
60.980206914835605,136.53662052923463,61.01460912653849,119.1975023562639,65.46105783359491,102.43816775062008,74.026684125651,87.36248372788825,86.14730615694036,74.96342230764209,101.02458943605612,66.0576576149637,117.67862976752974,61.2317749841837,135.01249542759922,60.80363504536648,151.88447745197084,64.80143757897102,167.18328921248025,72.96186411469289,179.90126220214597,84.74742161370614,189.2007169295838,99.38184487875995,194.46913735056552,115.90122588399731,195.35951472853918,133.2175023501781,191.81320364337947,150.1901238393791,184.06378471901866,165.7011750243667,172.6216796483161,178.72900807823322,158.2405318588655,188.415534327947,141.86756718418425,194.12274295301532,124.58120407446752,195.474724079895
