future_x1,future_y1,future_x2,future_y2,future_x3,future_y3,future_x4,future_y4,future_x5,future_y5,future_x6,future_y6,future_x7,future_y7,future_x8,future_y8,future_x9,future_y9,future_x10,future_y10,future_x11,future_y11,future_x12,future_y12,future_x13,future_y13,future_x14,future_y14,future_x15,future_y15,future_x16,future_y16,future_x17,future_y17,future_x18,future_y18,future_x19,future_y19,future_x20,future_y20
201.19874466794982,87.72297406185649,209.0394692531256,107.68007227972225,211.5424641984312,128.97555883443366,208.542867734273,150.20678942407048,200.2382506875819,169.9753520173884,187.17560332083656,186.97917438385005,170.21530737971284,200.09828612541327,150.47446635933315,208.46858642506902,129.25332658660793,211.53875874019735,107.9496354530282,209.1065837088404,87.96657766168181,201.33225849015867,70.62035334135966,188.72784525005957,57.05348546941761,172.1235437759419,48.15956667951512,152.61300970183873,44.524402066095504,131.48132000291827,46.38742466199774,110.12033036981651,53.625924989709105,89.93699951725795,65.76313341952275,72.26071871983393,81.99962298358992,58.255750389485655,101.26596427433562,48.844542997942966
