future_x1,future_y1,future_x2,future_y2,future_x3,future_y3,future_x4,future_y4,future_x5,future_y5,future_x6,future_y6,future_x7,future_y7,future_x8,future_y8,future_x9,future_y9,future_x10,future_y10,future_x11,future_y11,future_x12,future_y12,future_x13,future_y13,future_x14,future_y14,future_x15,future_y15,future_x16,future_y16,future_x17,future_y17,future_x18,future_y18,future_x19,future_y19,future_x20,future_y20
138.13505036873323,35.94343327136713,161.23165501453792,41.55471193387845,182.13943004944042,52.85977882810201,199.4812681017358,69.1140166558478,212.11493509912972,89.24682700591868,219.2083044320364,111.93214617713468,220.294165640124,135.67578742757755,215.30099760400935,158.91385678275603,204.55767934114976,180.11576016655317,188.7718281255812,197.88501720765913,168.98319170862146,211.0512415392713,146.49516449929186,218.74722923585125,122.78893844622327,220.4660778952084,99.42594314191368,216.09457417180045,77.9450010103161,205.92065066452375,59.760971533666606,190.61442100515615,46.07156039790219,171.18404228653694,37.778431647039525,148.90931198705684,35.4278188577383,125.25737308328544,39.17454702666926,101.78607950110082
