future_x1,future_y1,future_x2,future_y2,future_x3,future_y3,future_x4,future_y4,future_x5,future_y5,future_x6,future_y6,future_x7,future_y7,future_x8,future_y8,future_x9,future_y9,future_x10,future_y10,future_x11,future_y11,future_x12,future_y12,future_x13,future_y13,future_x14,future_y14,future_x15,future_y15,future_x16,future_y16,future_x17,future_y17,future_x18,future_y18,future_x19,future_y19,future_x20,future_y20
182.31988074157763,174.4814506310978,168.7004380161731,186.77626257122898,152.40022829714405,195.19972883574493,134.49287797117873,199.19703106311232,116.15786903004441,198.50488373609886,98.60285154319914,193.1688756935334,82.98410081737384,183.54046738487207,70.3303583961044,170.25384164580345,61.47507317287719,154.1841327371436,57.00150561127734,136.38978492483062,57.20431082676376,118.04283719943666,62.07013089115907,100.35172598802048,71.27847466330243,84.48169051963556,84.22282719511152,71.47802340893118,100.05059832509161,62.19722161971404,117.71927921314452,57.25057260547533,136.06510802144751,56.96389137098808,153.8797220213172,61.35606040569219,169.9897473734835,70.13778597338816,183.3340843371186,82.7306526761977
