future_x1,future_y1,future_x2,future_y2,future_x3,future_y3,future_x4,future_y4,future_x5,future_y5,future_x6,future_y6,future_x7,future_y7,future_x8,future_y8,future_x9,future_y9,future_x10,future_y10,future_x11,future_y11,future_x12,future_y12,future_x13,future_y13,future_x14,future_y14,future_x15,future_y15,future_x16,future_y16,future_x17,future_y17,future_x18,future_y18,future_x19,future_y19,future_x20,future_y20
207.81692915565768,94.9921463890679,213.58953662305012,116.39432033478593,213.72472061388166,138.56091167996098,208.21357712617214,160.03190010698137,197.4191020459391,179.39308174234637,182.05228213202503,195.36921682905307,163.1252653029812,206.90802441599453,141.8846947026164,213.2494916867845,119.72959754948197,213.97593281347093,98.11923708700746,209.03950016860625,78.47699703959185,198.7653358475985,62.09662930196994,183.8301559238198,50.057039933015034,165.21767800167535,43.151226142837345,144.15382786760068,41.83404489551836,122.02599290488736,46.19225339035643,100.29164071092713,55.93879472934637,80.38232182497006,70.43170515000573,63.609379503656555,88.71639748347354,51.0775770456783,109.58853580401208,43.61233167103231
