future_x1,future_y1,future_x2,future_y2,future_x3,future_y3,future_x4,future_y4,future_x5,future_y5,future_x6,future_y6,future_x7,future_y7,future_x8,future_y8,future_x9,future_y9,future_x10,future_y10,future_x11,future_y11,future_x12,future_y12,future_x13,future_y13,future_x14,future_y14,future_x15,future_y15,future_x16,future_y16,future_x17,future_y17,future_x18,future_y18,future_x19,future_y19,future_x20,future_y20
81.76172408148769,209.68630580388077,62.49355840957301,195.22750051847515,47.54002705229706,176.34070199176375,37.88605634595096,154.26990435682006,34.16751281405237,130.4688184017003,36.629321308778785,106.50512174244264,45.109332839137394,83.95720247953483,59.04900464430811,64.31019739973316,77.53018906056288,48.85817225045234,99.33560805353513,38.618887061409666,123.0290302122685,34.26676056397571,147.0498692830357,36.08844906051877,169.8159734345629,43.96396557713156,189.8278349574208,57.374582901907544,205.76735654194067,75.43699996879673,216.58466881470278,96.96152119076993,221.56728082686215,120.53041671385095,220.38700884194577,144.59130233103565,213.1215924208746,167.55938851317222,200.24957404343232,187.92186384237553
