future_x1,future_y1,future_x2,future_y2,future_x3,future_y3,future_x4,future_y4,future_x5,future_y5,future_x6,future_y6,future_x7,future_y7,future_x8,future_y8,future_x9,future_y9,future_x10,future_y10,future_x11,future_y11,future_x12,future_y12,future_x13,future_y13,future_x14,future_y14,future_x15,future_y15,future_x16,future_y16,future_x17,future_y17,future_x18,future_y18,future_x19,future_y19,future_x20,future_y20
51.301226806621614,157.13605916370128,46.41138459221898,136.65503257077611,46.89544196960421,115.60393531582858,52.721516111378804,95.36931480353809,63.50586797140589,77.2839405430758,78.5381775648611,62.53902021543834,96.82832976374344,52.10573982413375,117.17162902390521,46.671295750122354,138.22814762327226,46.59363201102417,158.6109810759711,51.87786399130317,176.97759770863672,62.17594151337262,192.11826558585756,76.80957344169289,203.0357324743639,94.8149038724356,209.010910661216,115.00599727564752,209.65024024275942,136.05295109010783,204.91161126333142,156.56949082217233,195.10713732127022,175.20427812713785,180.88259795642406,190.72991779318073,163.1749038628165,202.1238011113948,143.1503865143368,208.635460818589
