future_x1,future_y1,future_x2,future_y2,future_x3,future_y3,future_x4,future_y4,future_x5,future_y5,future_x6,future_y6,future_x7,future_y7,future_x8,future_y8,future_x9,future_y9,future_x10,future_y10,future_x11,future_y11,future_x12,future_y12,future_x13,future_y13,future_x14,future_y14,future_x15,future_y15,future_x16,future_y16,future_x17,future_y17,future_x18,future_y18,future_x19,future_y19,future_x20,future_y20
73.26661947355102,177.18958872079878,62.54933746815557,161.638807299264,56.143015844967834,143.872378855038,54.46961211587406,125.06050344712133,57.639346359640456,106.44224033727622,65.44344148802358,89.24389635796612,77.36787451613658,74.59825422927909,92.62723309862339,63.46996091652139,110.21644734370967,56.591990384163836,128.9769895477585,54.41736567777713,147.67318155165208,57.08932019779999,165.07358367381778,64.43186351673636,180.03210447252806,75.96137312981514,191.56348897793004,90.91844863915523,198.9082133008559,108.31793027004717,201.58251128295757,127.01378720966372,199.41023814272845,145.77460184570137,192.53447239281735,163.36467807509484,181.40809185903368,178.62543141891655,166.76394451912205,190.55170011832473
