future_x1,future_y1,future_x2,future_y2,future_x3,future_y3,future_x4,future_y4,future_x5,future_y5,future_x6,future_y6,future_x7,future_y7,future_x8,future_y8,future_x9,future_y9,future_x10,future_y10,future_x11,future_y11,future_x12,future_y12,future_x13,future_y13,future_x14,future_y14,future_x15,future_y15,future_x16,future_y16,future_x17,future_y17,future_x18,future_y18,future_x19,future_y19,future_x20,future_y20
72.91572624467761,181.05621671539632,61.22585997018611,165.288786123729,53.934125984798044,147.06529972664032,51.52080019577886,127.58606207177827,54.14483824182449,108.13408877055649,61.6334057524287,89.99059964586873,73.49326222231782,74.3506301608547,88.94324869293673,62.2443194496429,106.96573941376656,54.46905937707021,126.37366857858719,51.53697368394235,145.8887173668744,53.64118654610951,164.22551143818936,60.64310229572615,180.17628314404288,72.08153413607394,192.6904221127506,87.20308057982139,200.94367454420325,105.01174884225082,204.39243334750194,124.33455670486177,202.80954325799715,143.8987919299629,196.2992626009886,162.41584047300887,185.29039623350533,178.66606208015736,170.50805196847654,191.579122871802
