future_x1,future_y1,future_x2,future_y2,future_x3,future_y3,future_x4,future_y4,future_x5,future_y5,future_x6,future_y6,future_x7,future_y7,future_x8,future_y8,future_x9,future_y9,future_x10,future_y10,future_x11,future_y11,future_x12,future_y12,future_x13,future_y13,future_x14,future_y14,future_x15,future_y15,future_x16,future_y16,future_x17,future_y17,future_x18,future_y18,future_x19,future_y19,future_x20,future_y20
113.87450964425835,50.91456419211572,133.95960863335242,49.85796933519791,153.65217321992085,53.94826200164661,171.65513684309485,62.91603178437671,186.78271986459998,76.1706093340703,198.038531895683,92.83897126961453,204.6811998492194,111.82324256330483,206.27319907271328,131.87300896009722,202.70967126044937,151.66767651539087,194.2253310299023,169.90345357439475,181.37900625520192,185.37922605515618,165.01683042099802,197.0756697909233,146.21651136185451,204.22238913393508,126.21634717135298,206.3486596826548,106.33366470498478,203.31443292202084,87.87805279025147,195.3195606312144,72.0651051082046,182.89063148594119,59.93635414065487,166.84628687294645,52.29066979791574,148.2433004184933,49.63164121142459,128.3069727458853
