future_x1,future_y1,future_x2,future_y2,future_x3,future_y3,future_x4,future_y4,future_x5,future_y5,future_x6,future_y6,future_x7,future_y7,future_x8,future_y8,future_x9,future_y9,future_x10,future_y10,future_x11,future_y11,future_x12,future_y12,future_x13,future_y13,future_x14,future_y14,future_x15,future_y15,future_x16,future_y16,future_x17,future_y17,future_x18,future_y18,future_x19,future_y19,future_x20,future_y20
108.78937738209801,69.91450438312373,124.20605005264312,66.93791056455282,139.87261427939941,67.98322024135082,154.75717924424106,72.98158325326732,167.87936113762902,81.60377841159729,178.37485692454052,93.28189791682628,185.55237235708336,107.24675306133447,188.93915462458418,122.57853746055355,188.31213059663196,138.2674108382011,183.71259971373212,153.28001296603813,175.44351376652958,166.62752676409298,164.04952273313748,177.43080753071513,150.28110097149357,184.97828851346543,135.04511662385835,188.77284882397595,119.34510001927372,188.56455670397682,104.21514534355829,184.36713148101066,90.65179919637879,176.45703993392488,79.54842225016517,165.3552865867378,71.63634733291683,151.79309732779672,67.43670960491907,136.66375663016336
