future_x1,future_y1,future_x2,future_y2,future_x3,future_y3,future_x4,future_y4,future_x5,future_y5,future_x6,future_y6,future_x7,future_y7,future_x8,future_y8,future_x9,future_y9,future_x10,future_y10,future_x11,future_y11,future_x12,future_y12,future_x13,future_y13,future_x14,future_y14,future_x15,future_y15,future_x16,future_y16,future_x17,future_y17,future_x18,future_y18,future_x19,future_y19,future_x20,future_y20
68.54949082445506,204.23187098536968,51.1047135984776,186.5898978014934,38.72470608501746,165.08885400703403,32.22488740830423,141.14492309637444,32.033373338643656,116.33519128311792,38.162778103837326,92.29377145173085,50.209383542951315,70.60417100177098,67.37973032678723,52.69499286296721,88.54287979299198,39.74583941744548,112.30490412812048,32.60961704273271,137.10069854106453,31.756358749129475,161.29706814541814,37.242265078501546,183.30029965052876,48.706002410501895,201.66113256568383,65.3925024912962,215.17021590466447,86.20269560969531,222.93776305842061,109.76590170519016,224.45215830372746,134.5301113094877,219.61365478313576,158.8642098949256,208.74094441173952,181.16541254106835,192.55016697858218,199.96483264900127
