future_x1,future_y1,future_x2,future_y2,future_x3,future_y3,future_x4,future_y4,future_x5,future_y5,future_x6,future_y6,future_x7,future_y7,future_x8,future_y8,future_x9,future_y9,future_x10,future_y10,future_x11,future_y11,future_x12,future_y12,future_x13,future_y13,future_x14,future_y14,future_x15,future_y15,future_x16,future_y16,future_x17,future_y17,future_x18,future_y18,future_x19,future_y19,future_x20,future_y20
223.34734834726825,148.83161231242272,214.9051890338227,172.41352302380375,200.73894974256478,193.0701014194617,181.78170118641174,209.44078539580715,159.28207774613048,220.4473067226701,134.7220351653845,225.36471204510252,109.71924034707823,223.86911251754918,85.92052242535131,216.05901700243444,64.89340304382324,202.44884370492977,48.022850285309346,183.9350376052824,36.42005663823571,161.73702539119955,30.849249412158784,137.3168969410136,31.67735429308165,112.28310360122322,38.84982748883894,88.28451624843753,51.894248299727096,66.90182108665752,69.95143548679036,49.543406482653495,91.83203793322889,37.3525983365932,116.09487220962302,31.132354004625512,141.14184727640966,31.29237486860758,165.32322403194834,37.822121025988906
