future_x1,future_y1,future_x2,future_y2,future_x3,future_y3,future_x4,future_y4,future_x5,future_y5,future_x6,future_y6,future_x7,future_y7,future_x8,future_y8,future_x9,future_y9,future_x10,future_y10,future_x11,future_y11,future_x12,future_y12,future_x13,future_y13,future_x14,future_y14,future_x15,future_y15,future_x16,future_y16,future_x17,future_y17,future_x18,future_y18,future_x19,future_y19,future_x20,future_y20
187.40611959699578,172.78505975404113,174.05094032842237,186.43029623075415,157.66257894007057,196.22697438234883,139.3204679990303,201.529828144968,120.23272535367958,201.9895808023956,101.65658048263285,197.57595037710658,84.81556606677428,188.57964417700438,70.81892902789717,175.59321112542142,60.58856909054265,159.47201305104358,54.7983171172169,141.27788559500573,53.82955269820084,122.20919955475634,57.746084278948146,103.52192923033063,66.28994636564806,86.44692666972746,78.89839062937591,72.10885061156606,94.7409517761286,61.45208993523691,112.77414680949101,55.17856072991506,131.81020487510176,53.70147402838094,150.5953007406482,57.118119330923065,167.89213900040477,65.20345655437725,182.56144952950476,77.4249384776953
