future_x1,future_y1,future_x2,future_y2,future_x3,future_y3,future_x4,future_y4,future_x5,future_y5,future_x6,future_y6,future_x7,future_y7,future_x8,future_y8,future_x9,future_y9,future_x10,future_y10,future_x11,future_y11,future_x12,future_y12,future_x13,future_y13,future_x14,future_y14,future_x15,future_y15,future_x16,future_y16,future_x17,future_y17,future_x18,future_y18,future_x19,future_y19,future_x20,future_y20
179.67799068170584,128.6872315876947,177.8011692715711,141.81776202349434,172.6441539044553,154.03817448111346,164.54661553368538,164.5435616926783,154.04190501866347,172.6419779036784,141.82192354273948,177.8000144350608,128.69154998683214,179.67793307369513,115.51562693638323,178.15204320226684,103.16199713083401,173.3228487809946,92.44434230552338,165.50842857367934,84.0685893915899,155.22348563481304,78.58641407246245,143.14544598007805,76.358904222501,130.0698393784964,77.53277656454222,116.85790114614035,82.03071305527605,104.37984619128756,89.55645350018305,93.45755161153147,99.61430896885393,84.81042309957282,111.54181074396703,79.00801071025793,124.55334435468019,76.43249498942008,137.79189470385427,77.25351434569848
