future_x1,future_y1,future_x2,future_y2,future_x3,future_y3,future_x4,future_y4,future_x5,future_y5,future_x6,future_y6,future_x7,future_y7,future_x8,future_y8,future_x9,future_y9,future_x10,future_y10,future_x11,future_y11,future_x12,future_y12,future_x13,future_y13,future_x14,future_y14,future_x15,future_y15,future_x16,future_y16,future_x17,future_y17,future_x18,future_y18,future_x19,future_y19,future_x20,future_y20
150.45719146339226,53.14340583124195,168.7702283550809,61.32449011185473,184.39790145649772,73.89721032818389,196.31088154467994,90.03345417926062,203.72451063134224,108.67039502179787,206.15048409060802,128.58049579948798,203.42901323483653,148.45236175575954,195.73934992469015,166.9771165012239,183.58798000157117,182.9346122068275,167.77526319144195,195.27379561925375,149.34271676955342,203.1819365264305,129.50441518976317,206.13815888480104,109.56702409688654,203.94774873770018,90.84373574599284,196.75497920627996,74.56777454128247,185.03360782467104,61.81116972159714,169.55567212001728,53.41414529479552,151.34063874155387,49.92977800955906,131.58825547207442,51.58756851175835,111.59952887797502,58.2783251003391,92.69103246828655
