future_x1,future_y1,future_x2,future_y2,future_x3,future_y3,future_x4,future_y4,future_x5,future_y5,future_x6,future_y6,future_x7,future_y7,future_x8,future_y8,future_x9,future_y9,future_x10,future_y10,future_x11,future_y11,future_x12,future_y12,future_x13,future_y13,future_x14,future_y14,future_x15,future_y15,future_x16,future_y16,future_x17,future_y17,future_x18,future_y18,future_x19,future_y19,future_x20,future_y20
135.23909146584222,76.15899411904539,148.1953410320732,79.70877370993504,159.8214082636016,86.4392936522827,169.35153291756325,95.90724285188816,176.15800569001124,107.48900724097334,179.79251279267305,120.42174461892462,180.0156645001841,133.85362986567208,176.8127627463498,146.89996108642995,170.39476922406755,158.70143121155846,161.18441022421854,168.48072694592798,149.78833342947433,175.59372713253347,136.9571505781169,179.5719283091193,123.53599781987057,180.15330306448288,110.40887014556075,177.299558684072,98.44039634803732,171.1986593303412,88.41888955325808,162.2524456324336,81.00442434399118,151.05016713085507,76.68536041799666,138.32967088387122,75.74617638485509,124.92880257923329,78.24873235417962,111.73022115596073
