future_x1,future_y1,future_x2,future_y2,future_x3,future_y3,future_x4,future_y4,future_x5,future_y5,future_x6,future_y6,future_x7,future_y7,future_x8,future_y8,future_x9,future_y9,future_x10,future_y10,future_x11,future_y11,future_x12,future_y12,future_x13,future_y13,future_x14,future_y14,future_x15,future_y15,future_x16,future_y16,future_x17,future_y17,future_x18,future_y18,future_x19,future_y19,future_x20,future_y20
183.06456397709127,177.96493157011645,168.53397565880425,190.33456031837446,151.33358452357157,198.59847325597727,132.59630812904805,202.21236112923808,113.55629221314682,200.93819231487436,95.46762269516805,194.85989096378825,79.52172430088764,184.37780926955614,66.76888641741229,170.1823579500938,58.04908494032588,153.20853179199167,53.936656587609505,134.57432546896723,54.702469751078155,115.50709592600721,60.296083532501356,97.26272152978461,70.34907007382108,81.04288263276366,84.19928135351945,67.91591193297971,100.93446209713017,58.746427884029586,119.45233620256772,54.1383859071597,138.53320903965258,54.3952983830477,156.92030361520554,59.50024356541165,173.40253919768244,69.11698014540602,186.8943001209057,82.61209405510887
