future_x1,future_y1,future_x2,future_y2,future_x3,future_y3,future_x4,future_y4,future_x5,future_y5,future_x6,future_y6,future_x7,future_y7,future_x8,future_y8,future_x9,future_y9,future_x10,future_y10,future_x11,future_y11,future_x12,future_y12,future_x13,future_y13,future_x14,future_y14,future_x15,future_y15,future_x16,future_y16,future_x17,future_y17,future_x18,future_y18,future_x19,future_y19,future_x20,future_y20
190.6767509808446,135.5932971946842,186.67996587330074,151.29581251877383,178.8181777493853,165.46393046696357,167.60920958940832,177.16445658709068,153.7913490713529,185.6267263418739,138.2747206608228,190.2933655467712,122.08133953315239,190.85700226768515,106.27779572417505,187.280512119928,91.90500232207063,179.79946349559881,79.90963489192983,168.90660166249583,71.08177793039471,155.3193937018503,66.00288531659838,139.93277196357778,65.00748238606228,123.76018862927296,68.1611321511667,107.86686387143166,75.25611694075575,93.29962427243233,85.82511989115022,81.01795275208043,99.1720051461741,71.83079145555469,114.41766940366973,66.3432601301886,130.55794475956853,64.91679942798878,146.52973903228485,67.64536432719504
