future_x1,future_y1,future_x2,future_y2,future_x3,future_y3,future_x4,future_y4,future_x5,future_y5,future_x6,future_y6,future_x7,future_y7,future_x8,future_y8,future_x9,future_y9,future_x10,future_y10,future_x11,future_y11,future_x12,future_y12,future_x13,future_y13,future_x14,future_y14,future_x15,future_y15,future_x16,future_y16,future_x17,future_y17,future_x18,future_y18,future_x19,future_y19,future_x20,future_y20
70.37227612751101,106.27287269272439,77.80014665773396,92.32091166852241,88.5344707910179,80.71898241360091,101.86822365888503,72.23125530363497,116.92316693438858,67.41678129228379,132.70769470390616,66.59266957174239,148.18214638595566,69.81320092146109,162.32728480925473,76.86625246107315,174.21142908647204,87.28726929403571,183.05182052314234,100.38986278849518,188.26617964687455,115.31102011503512,189.51105851181973,131.06794727886432,186.7044621730861,146.6228016345313,180.03124934954832,160.9510502241663,169.93095655606305,173.1089514624753,157.06884767838594,182.2957154331831,142.29209583377454,187.90624855913282,126.57398363413022,189.5710085760715,110.94979714615693,187.18034473026665,96.44863594422654,180.89172001334848
