future_x1,future_y1,future_x2,future_y2,future_x3,future_y3,future_x4,future_y4,future_x5,future_y5,future_x6,future_y6,future_x7,future_y7,future_x8,future_y8,future_x9,future_y9,future_x10,future_y10,future_x11,future_y11,future_x12,future_y12,future_x13,future_y13,future_x14,future_y14,future_x15,future_y15,future_x16,future_y16,future_x17,future_y17,future_x18,future_y18,future_x19,future_y19,future_x20,future_y20
206.89861168165427,92.82293822125092,213.25357226106684,114.06281888596351,213.99323792607993,136.22068316303498,209.0688900044204,157.83708555019382,198.80487462150984,177.48824436682582,183.87723938277276,193.87982027630852,165.26920495588274,205.9321689845394,144.20640445289172,212.8514528772943,122.0761561223074,214.18192777137864,100.33608651993215,209.83596087079152,80.4181227666974,200.09980277111248,63.63417752036527,185.61473333443928,51.08973879610869,167.33482327693378,43.611056111737966,146.46409353589183,41.6907189005188,124.37721146502619,45.45521171307146,102.52894726666082,54.656583210993034,82.35835438557882,68.68877768063507,65.19398509966369,86.62755337876646,52.16638435857365,107.29135845627755,44.133625533876724
