future_x1,future_y1,future_x2,future_y2,future_x3,future_y3,future_x4,future_y4,future_x5,future_y5,future_x6,future_y6,future_x7,future_y7,future_x8,future_y8,future_x9,future_y9,future_x10,future_y10,future_x11,future_y11,future_x12,future_y12,future_x13,future_y13,future_x14,future_y14,future_x15,future_y15,future_x16,future_y16,future_x17,future_y17,future_x18,future_y18,future_x19,future_y19,future_x20,future_y20
209.1328263701628,146.50028716313926,201.7521650231566,166.54107282272605,189.51375817415214,184.0433198090685,173.22369830604416,197.8542285867756,153.9549432774492,207.06413257219734,132.97664509278465,211.06641405255232,111.67055618757756,209.5974595481167,91.44001919606288,202.75402292549444,73.61753466304955,190.98685262659964,59.376994826781086,175.07100276099894,49.656364265164314,156.05478354535956,45.09590010654868,135.1907135102328,45.99598098045081,113.85302136245997,52.297322338203415,93.44713130919918,63.584881277302316,75.31709366530391,79.11519367506786,60.657057901339996,97.86534304936438,50.43261903095407,118.60033577314427,45.31721792082726,139.95444492020428,45.64778456787333,160.52116496456097,51.402545934754386
