future_x1,future_y1,future_x2,future_y2,future_x3,future_y3,future_x4,future_y4,future_x5,future_y5,future_x6,future_y6,future_x7,future_y7,future_x8,future_y8,future_x9,future_y9,future_x10,future_y10,future_x11,future_y11,future_x12,future_y12,future_x13,future_y13,future_x14,future_y14,future_x15,future_y15,future_x16,future_y16,future_x17,future_y17,future_x18,future_y18,future_x19,future_y19,future_x20,future_y20
161.537205020282,197.3731680031089,142.77576041007825,203.62445017098614,123.0410984896013,204.89466727394148,103.6330585943819,201.10015544371416,85.82996683829076,192.49084324538128,70.80443813877012,179.63378993196437,59.54614099480338,163.37583563192058,52.796612177467296,144.78782354487146,51.000414815762184,125.0940679954094,54.27585688955054,105.59171398812558,62.407198779581805,87.5652997115262,74.85886313054567,72.20214939998206,90.81071108313824,60.51416927074112,109.21206137782039,53.27119750933238,128.85089431867374,50.95029826002927,148.43368242277413,53.70433941336,166.67058964530787,61.35192383988712,182.3604274651992,73.38933725763057,194.469772130444,89.023725777252,202.2010319423949,107.2253178593825
