future_x1,future_y1,future_x2,future_y2,future_x3,future_y3,future_x4,future_y4,future_x5,future_y5,future_x6,future_y6,future_x7,future_y7,future_x8,future_y8,future_x9,future_y9,future_x10,future_y10,future_x11,future_y11,future_x12,future_y12,future_x13,future_y13,future_x14,future_y14,future_x15,future_y15,future_x16,future_y16,future_x17,future_y17,future_x18,future_y18,future_x19,future_y19,future_x20,future_y20
125.14026047701418,55.50310124826669,143.68646398514636,57.16276906596994,161.19946596160582,63.488187913975196,176.52575848495167,74.06272900657152,188.65586300571726,88.18989171340954,196.79082046072108,104.93917913214625,200.39481535256598,123.20738601322053,199.2304676671244,141.7912622584427,193.37446809856067,159.46676595375942,183.21252675524903,175.06968587168723,169.4139680541275,187.57232317754702,152.88764513114657,196.15118163747798,134.72207750052627,200.24120785836377,116.11375484390754,199.57300898276995,98.28832925782945,194.19059646556485,82.41988669535587,184.4484872241427,69.55361485311758,170.98835309732954,60.53696104536253,154.69675661505468,55.96381440692416,136.6467568462593,56.13538890902457,118.02723150267434
