future_x1,future_y1,future_x2,future_y2,future_x3,future_y3,future_x4,future_y4,future_x5,future_y5,future_x6,future_y6,future_x7,future_y7,future_x8,future_y8,future_x9,future_y9,future_x10,future_y10,future_x11,future_y11,future_x12,future_y12,future_x13,future_y13,future_x14,future_y14,future_x15,future_y15,future_x16,future_y16,future_x17,future_y17,future_x18,future_y18,future_x19,future_y19,future_x20,future_y20
222.0547676722125,139.56829291280818,216.01289132319556,163.1262819512935,204.17397529664674,184.37065025610622,187.31779929202912,201.9021204698549,166.55460886134253,214.56596824583715,143.25198819537152,221.52807909327896,118.94478309409163,222.3298879972692,95.23400711703452,216.91858317125758,73.68138954110037,205.65058454773356,55.70651080915361,189.26806789350692,42.493300725582515,168.8500808075667,34.91205797016313,145.74147038551567,33.462127177505494,121.46430378702836,38.239009202176845,97.61761606154798,48.92807087833543,75.7720884222923,64.8252685855446,57.36659406837427,84.88352064650954,43.61342564749752,107.78167420156154,35.41844662839904,132.0115240013877,33.32142587693514,155.97715155542917,37.46048534681145
