future_x1,future_y1,future_x2,future_y2,future_x3,future_y3,future_x4,future_y4,future_x5,future_y5,future_x6,future_y6,future_x7,future_y7,future_x8,future_y8,future_x9,future_y9,future_x10,future_y10,future_x11,future_y11,future_x12,future_y12,future_x13,future_y13,future_x14,future_y14,future_x15,future_y15,future_x16,future_y16,future_x17,future_y17,future_x18,future_y18,future_x19,future_y19,future_x20,future_y20
133.81190139995317,187.35678345165633,118.51291732227885,186.88124660599232,103.83880755426466,182.52744922706125,90.75609410511562,174.58215767117917,80.12648038911902,163.5686949391764,72.65009443913532,150.21247158721786,68.81937441217772,135.39320597870736,68.88663375524209,120.0869809287027,72.84744237775226,105.30195322645048,80.44091844302908,92.01195057985238,91.1669115597037,81.09232967244151,104.3189455883892,73.26232009334038,119.03075125922864,69.03765170351701,134.33332369214355,68.6965856748523,149.21874668044828,72.26158659487547,162.70657990020283,79.49784281869067,173.90843639849777,89.9287325262911,182.0864969126537,102.86721680101662,186.70210692771187,117.46109199883202,187.45125558809144,132.74912082485037
