future_x1,future_y1,future_x2,future_y2,future_x3,future_y3,future_x4,future_y4,future_x5,future_y5,future_x6,future_y6,future_x7,future_y7,future_x8,future_y8,future_x9,future_y9,future_x10,future_y10,future_x11,future_y11,future_x12,future_y12,future_x13,future_y13,future_x14,future_y14,future_x15,future_y15,future_x16,future_y16,future_x17,future_y17,future_x18,future_y18,future_x19,future_y19,future_x20,future_y20
62.202868770051836,113.37369177991316,68.09247001091065,97.10858985338547,77.92792876319237,82.87817543254639,91.06142464767174,71.6197461766944,106.62790942422846,64.07484755856255,123.60208408799265,60.74043037700203,140.86593101063917,61.836118694037665,157.28235306818414,67.28974411987538,171.77006945504792,76.74209924177268,183.37483511157518,89.5705971083877,191.3322928402241,104.93027841866967,195.11831830543724,121.80946544392116,194.48354190337565,139.09639699281223,189.469773690882,155.65245545393302,180.40724953255304,170.38716275799453,167.89287985064988,182.33000559048023,152.75093364139695,190.69435902949454,135.9787473364261,194.92929822717008,118.68103443880628,194.75588551662906,101.99712268212859,190.18554286513648
