future_x1,future_y1,future_x2,future_y2,future_x3,future_y3,future_x4,future_y4,future_x5,future_y5,future_x6,future_y6,future_x7,future_y7,future_x8,future_y8,future_x9,future_y9,future_x10,future_y10,future_x11,future_y11,future_x12,future_y12,future_x13,future_y13,future_x14,future_y14,future_x15,future_y15,future_x16,future_y16,future_x17,future_y17,future_x18,future_y18,future_x19,future_y19,future_x20,future_y20
107.94017241964548,199.07030768336415,90.51187493504767,191.62409760362885,75.55276287511425,179.98723530567483,64.04813015359288,164.92619205807446,56.75573863194978,147.43297555400474,54.155907526603215,128.6597905288988,56.419876798495196,109.84314787142353,63.398528295723395,92.22242084205321,74.63220754020905,76.95821275924716,89.3809992385695,65.05591293099701,106.67346239635901,57.29947588170165,125.37061505831096,54.19978555864478,144.24095426833918,55.96100555105372,162.0415699994646,62.467131691546186,177.60001041961527,73.28963276365569,189.8915063719102,87.71567605411009,198.10646861708108,104.79507865120365,201.703812078062,123.40289200438751,200.44659484255465,142.31349756280187,194.41762453212382,160.28133312413573
