future_x1,future_y1,future_x2,future_y2,future_x3,future_y3,future_x4,future_y4,future_x5,future_y5,future_x6,future_y6,future_x7,future_y7,future_x8,future_y8,future_x9,future_y9,future_x10,future_y10,future_x11,future_y11,future_x12,future_y12,future_x13,future_y13,future_x14,future_y14,future_x15,future_y15,future_x16,future_y16,future_x17,future_y17,future_x18,future_y18,future_x19,future_y19,future_x20,future_y20
54.748488331426955,127.69180698498036,57.23931488296856,109.05786742645049,64.39085071318218,91.6715666223697,75.73205417873852,76.67806721983986,90.51592781719353,65.06492808250907,107.76871993397978,57.59705793394815,126.35406153876438,54.76633403107948,145.04781420042335,56.759204274141865,162.61869890660853,63.444406666198304,177.90939524346504,74.38161498984525,189.91276923289934,88.85044124668383,197.8382090198198,105.89788459061982,201.16369915608087,124.40110149294358,199.67020356665626,143.14136273192258,193.456092536398,160.88432597046963,182.93066347232423,176.46133670417962,168.78718220164006,188.84640262756557,151.95722046198267,197.2237714401748,133.54929718176527,201.04166102611612,114.77586499187032,200.04860302568233
