future_x1,future_y1,future_x2,future_y2,future_x3,future_y3,future_x4,future_y4,future_x5,future_y5,future_x6,future_y6,future_x7,future_y7,future_x8,future_y8,future_x9,future_y9,future_x10,future_y10,future_x11,future_y11,future_x12,future_y12,future_x13,future_y13,future_x14,future_y14,future_x15,future_y15,future_x16,future_y16,future_x17,future_y17,future_x18,future_y18,future_x19,future_y19,future_x20,future_y20
199.09462486127006,104.6301723213524,202.70139768730218,123.49492359022355,201.38790304058233,142.65640533011043,195.2406552995019,160.85253117779462,184.66454786691259,176.88479871015912,170.3561845414036,189.69722976754275,153.25799714939825,198.44592330217122,134.49617151702722,202.5546395975178,115.3064703374523,201.7527547594015,96.95283866991628,196.09308557583623,80.64415318468792,185.9484106969216,67.45459853159409,171.98691727006963,58.25291530651164,155.12819025762246,53.64517975524873,136.48264323575668,53.93488407551261,117.27838011368402,59.10294665989409,98.78030508466931,68.80896892123835,82.20680869684367,82.41365591861053,68.64951758252029,99.02092403132198,59.00139359453708,117.53692222530917,53.89791815761738
