future_x1,future_y1,future_x2,future_y2,future_x3,future_y3,future_x4,future_y4,future_x5,future_y5,future_x6,future_y6,future_x7,future_y7,future_x8,future_y8,future_x9,future_y9,future_x10,future_y10,future_x11,future_y11,future_x12,future_y12,future_x13,future_y13,future_x14,future_y14,future_x15,future_y15,future_x16,future_y16,future_x17,future_y17,future_x18,future_y18,future_x19,future_y19,future_x20,future_y20
125.29789623354694,43.991925093204756,146.76875088690196,46.07081103504187,167.0033867096593,53.54602871916654,184.66903318421166,65.92521693733342,198.602128336823,82.39301052885452,207.88495768026087,101.86474506086975,211.90610021454856,123.05789912116968,210.4007001615165,144.57656861965867,203.46791190306087,165.00340913081175,191.56436909825138,182.9929904210679,175.47410814113493,197.36041429024357,156.25692697480744,207.15935884183753,135.17858064988334,211.74440873373888,113.6274113528912,210.81356597738923,93.02290413464134,204.42814127751578,74.72219138885593,193.00871575338726,59.9306642385872,177.3074390260785,49.622578483092326,158.35848828040318,44.47688445823256,137.409951355186,44.832507428046924,115.84162043673045
