future_x1,future_y1,future_x2,future_y2,future_x3,future_y3,future_x4,future_y4,future_x5,future_y5,future_x6,future_y6,future_x7,future_y7,future_x8,future_y8,future_x9,future_y9,future_x10,future_y10,future_x11,future_y11,future_x12,future_y12,future_x13,future_y13,future_x14,future_y14,future_x15,future_y15,future_x16,future_y16,future_x17,future_y17,future_x18,future_y18,future_x19,future_y19,future_x20,future_y20
68.35930919945305,175.8107301353154,58.15458840006487,159.05634224557116,52.55029165505222,140.25640346515718,51.915550464438155,120.64918684029143,56.29217256583517,101.52613741989205,65.39188823427543,84.14681019162984,78.61533739885184,69.6559084824422,95.09154697450765,59.00788715579611,113.73529820283046,52.90408667659585,133.3186054559939,51.74653875893979,152.55159849502348,55.61148622483287,170.16748080762733,64.24436120956216,185.00596817650938,77.07655247828167,196.08971172994484,93.26285746104878,202.68867180909658,111.73715219798623,204.3682026156709,131.28261244898596,201.01768050602837,150.6118607982175,192.85779030619977,168.4517608001854,180.4259897288173,183.62727313281084,164.5411092898063,195.13885050482196
