future_x1,future_y1,future_x2,future_y2,future_x3,future_y3,future_x4,future_y4,future_x5,future_y5,future_x6,future_y6,future_x7,future_y7,future_x8,future_y8,future_x9,future_y9,future_x10,future_y10,future_x11,future_y11,future_x12,future_y12,future_x13,future_y13,future_x14,future_y14,future_x15,future_y15,future_x16,future_y16,future_x17,future_y17,future_x18,future_y18,future_x19,future_y19,future_x20,future_y20
64.22694956804156,77.13728943844534,79.2728377210241,62.580729572212846,97.52817949901566,52.33306242207638,117.79057217415553,47.06925880399666,138.72541700149188,47.136023365099646,158.95382363572983,52.52895860401995,177.14343184976002,62.892854515855234,192.09616850963633,77.5450847840381,202.82715962244265,95.52056851016191,208.6295998517719,115.63533604141448,209.12130681808594,136.5645120813485,204.2698938476761,156.92957966389804,194.39490314690258,175.38917727898453,180.14675889848465,190.72744872421413,162.4639265510344,201.9341264488227,142.51110003958564,208.27107363619064,121.60248828544059,209.32090217728572,101.11525377148399,205.01446427323827,82.3988046307152,195.6354069105666,66.68591479727435,181.80148922491367
