future_x1,future_y1,future_x2,future_y2,future_x3,future_y3,future_x4,future_y4,future_x5,future_y5,future_x6,future_y6,future_x7,future_y7,future_x8,future_y8,future_x9,future_y9,future_x10,future_y10,future_x11,future_y11,future_x12,future_y12,future_x13,future_y13,future_x14,future_y14,future_x15,future_y15,future_x16,future_y16,future_x17,future_y17,future_x18,future_y18,future_x19,future_y19,future_x20,future_y20
114.69375529819396,68.33158633429193,130.31886645125314,66.90991409543075,145.79124360565925,69.5119893618317,160.0917862305541,75.96642435908505,172.2785776162329,85.8480925493325,181.54892497369096,98.50612993165501,187.2922294389693,113.10680472151721,189.13020365705867,128.6884317634519,186.941787981941,144.2247146951284,180.8711241672723,158.69234378041654,171.31806135416718,171.13839702588643,158.91181968682204,180.74310515219787,144.46954622305313,186.8738463551781,128.94249288794254,189.12681444834647,113.35336150284344,187.35361588125875,98.728942709658,181.6710437997242,86.03248558168598,172.453385371589,76.10025245082106,160.30776906222238,69.58643781835154,146.03417563120337,66.92007930943454,130.57274675796756
