future_x1,future_y1,future_x2,future_y2,future_x3,future_y3,future_x4,future_y4,future_x5,future_y5,future_x6,future_y6,future_x7,future_y7,future_x8,future_y8,future_x9,future_y9,future_x10,future_y10,future_x11,future_y11,future_x12,future_y12,future_x13,future_y13,future_x14,future_y14,future_x15,future_y15,future_x16,future_y16,future_x17,future_y17,future_x18,future_y18,future_x19,future_y19,future_x20,future_y20
96.56561111801938,188.30077810968953,82.25298843579277,178.3141687595243,70.95352936152418,165.01357632965392,63.41148182984452,149.2750550081803,60.1236088505091,132.13523512498574,61.30646881433255,114.72304466362851,66.88215170108758,98.18535151425176,76.48341068547748,83.61142410015361,89.47785114382428,71.96118583945375,105.00958383318071,64.00198901923548,122.05559872277315,60.25807252171737,139.493146370183,60.97603240980769,156.17368871387012,66.10857967963938,170.99854845377834,75.31765498873766,182.9912743128952,87.99669520575192,191.36195578377425,103.31058517759813,195.55925121764722,120.25066325880498,195.3067023843335,137.7011576198077,190.6209436152956,154.51267745339143,181.81060617005775,169.57791852207782
