future_x1,future_y1,future_x2,future_y2,future_x3,future_y3,future_x4,future_y4,future_x5,future_y5,future_x6,future_y6,future_x7,future_y7,future_x8,future_y8,future_x9,future_y9,future_x10,future_y10,future_x11,future_y11,future_x12,future_y12,future_x13,future_y13,future_x14,future_y14,future_x15,future_y15,future_x16,future_y16,future_x17,future_y17,future_x18,future_y18,future_x19,future_y19,future_x20,future_y20
60.54415258522759,131.0294583510164,61.99460685679864,113.76072177541899,67.7925592872148,97.42986668066274,77.55612308941276,83.11253793568717,90.64221330271774,71.75175788145944,106.1889040995629,64.09581340813784,123.17220022142783,60.64896943888968,140.47348324783746,61.63825511628316,156.953190295797,66.99851034572215,171.5258722430866,76.37667761733942,183.2316877052633,89.15505642205325,191.29962375828944,104.49198859102287,195.19827932316358,121.37729478598926,194.6708663241979,138.6988107716014,189.7521232415796,155.31564100478633,180.7660270335091,170.13330463474927,168.30445413401196,182.17582436202449,153.18819603688678,190.65000996610422,136.41289720565953,194.99770241547546,119.08347615243736,194.93253745990395
