future_x1,future_y1,future_x2,future_y2,future_x3,future_y3,future_x4,future_y4,future_x5,future_y5,future_x6,future_y6,future_x7,future_y7,future_x8,future_y8,future_x9,future_y9,future_x10,future_y10,future_x11,future_y11,future_x12,future_y12,future_x13,future_y13,future_x14,future_y14,future_x15,future_y15,future_x16,future_y16,future_x17,future_y17,future_x18,future_y18,future_x19,future_y19,future_x20,future_y20
126.27990701111557,204.81882463430424,106.78450734261142,201.8511571296665,88.68648311382144,194.0192239285388,73.17787520605206,181.83888159279684,61.28017051779051,166.11239813959872,53.77702091085479,147.8756110149779,51.16262735198896,128.32970082966915,53.609188969816955,108.76207463477428,60.95556102112053,90.4615698237965,72.71786881860038,74.63356382398275,88.12137852524458,62.32058094532525,106.1515256198768,54.33362568072528,125.62074000307257,51.198765244604175,145.24666625424578,53.12247973389438,163.73662699993557,59.97806215084816,179.87276614580136,71.31396406107231,192.59226394504174,86.38353719331181,201.05734047347067,104.19421202669857,204.7104366761488,123.5728741783223,203.3109384417296,143.24313252295653
