future_x1,future_y1,future_x2,future_y2,future_x3,future_y3,future_x4,future_y4,future_x5,future_y5,future_x6,future_y6,future_x7,future_y7,future_x8,future_y8,future_x9,future_y9,future_x10,future_y10,future_x11,future_y11,future_x12,future_y12,future_x13,future_y13,future_x14,future_y14,future_x15,future_y15,future_x16,future_y16,future_x17,future_y17,future_x18,future_y18,future_x19,future_y19,future_x20,future_y20
190.13927976029763,52.09026071117708,207.4135185078058,70.40597525579597,219.45712216537422,92.51516643334202,225.47682911855355,116.96159463428214,225.07614654078105,142.13507625796194,218.28146571140823,166.3775397469069,205.54032373291926,188.0922357998076,187.69192614072983,205.8489085449196,165.91187195751425,218.478000490189,141.6347219206905,225.14768636550764,116.45950998886428,225.41866196129197,92.04442168763364,219.27307925258623,69.9975763900439,207.11572197355468,51.77110724422944,189.74734421215885,38.565515258975424,168.31192809991904,31.250597341904182,144.22133451129224,30.308156428536066,119.06230971479656,35.80026714551255,94.49197305738895,47.36518721552571,72.12866946958951,64.2411839025475,53.44537587864296
