future_x1,future_y1,future_x2,future_y2,future_x3,future_y3,future_x4,future_y4,future_x5,future_y5,future_x6,future_y6,future_x7,future_y7,future_x8,future_y8,future_x9,future_y9,future_x10,future_y10,future_x11,future_y11,future_x12,future_y12,future_x13,future_y13,future_x14,future_y14,future_x15,future_y15,future_x16,future_y16,future_x17,future_y17,future_x18,future_y18,future_x19,future_y19,future_x20,future_y20
181.0936706972231,166.82819209780996,169.4625299504679,179.06295114656174,155.10042641360187,187.93440796312706,138.9533315551716,192.85823692895207,122.08478672876646,193.5101261000574,105.60585216875384,189.84713827334207,90.6019261168191,182.1105390799033,78.0612541962336,170.80990583073506,68.80983782126822,156.6895637984447,63.4570289515334,140.6795606361736,62.355394636441844,123.83440804298952,65.57749490372018,107.26362550505705,72.91110353498634,92.0586609047937,83.87318651583864,79.22100143070139,97.74171745863073,69.59620982045541,113.60323444959711,63.81823069300495,130.41300595042892,62.267635277796415,147.06384287899007,65.04655478550217,162.45902450621682,71.97195345392142,175.58453484656317,82.58768434525922
