future_x1,future_y1,future_x2,future_y2,future_x3,future_y3,future_x4,future_y4,future_x5,future_y5,future_x6,future_y6,future_x7,future_y7,future_x8,future_y8,future_x9,future_y9,future_x10,future_y10,future_x11,future_y11,future_x12,future_y12,future_x13,future_y13,future_x14,future_y14,future_x15,future_y15,future_x16,future_y16,future_x17,future_y17,future_x18,future_y18,future_x19,future_y19,future_x20,future_y20
71.95520526951137,175.67077655447824,61.66768238491076,159.83623083062005,55.74919080170517,141.90476622893004,54.589556714934446,123.05745304728698,58.26516035380551,104.53568468484237,66.533905136635,87.55941227012873,78.8511635563748,73.24679160152002,94.40564950818475,62.54053491875547,112.1728542994037,56.14581840517772,130.98252673631686,54.483835192817935,149.59575265761407,57.66405313894782,166.78655700929562,65.47700463785934,181.42265367489435,77.40808337271758,192.54002440868422,92.67143927335782,199.40641467062346,110.26173916144623,201.56956415893745,129.02038382659995,198.88699529762854,147.7118200926142,191.53539763629584,165.10492151841012,179.99899005123436,180.05407752848214,165.03762728078237,191.57464997229198
