future_x1,future_y1,future_x2,future_y2,future_x3,future_y3,future_x4,future_y4,future_x5,future_y5,future_x6,future_y6,future_x7,future_y7,future_x8,future_y8,future_x9,future_y9,future_x10,future_y10,future_x11,future_y11,future_x12,future_y12,future_x13,future_y13,future_x14,future_y14,future_x15,future_y15,future_x16,future_y16,future_x17,future_y17,future_x18,future_y18,future_x19,future_y19,future_x20,future_y20
165.6755883721375,56.36336314399691,182.66789073636397,68.31181505806555,196.05944863098844,84.19167714610104,204.9682163546144,102.95700955526947,208.80741077586939,123.37181861575081,207.3241602749806,144.09146655512757,200.6161603358267,163.7512371437285,189.12523875453232,181.05622382366673,173.60825429732074,194.86661976783725,155.08724559082458,204.27279217078626,134.78211372822804,208.6551959429954,114.03027250534359,207.7251805451116,94.19855858828132,201.5440021872331,76.59320372016737,190.518789139501,62.37379871972294,175.3757259020499,52.47691610194052,157.11222248046803,47.554421978215785,136.93121917582528,47.93054037207985,116.16195395690374,53.580497943856,96.17241113528733,64.13215570654422,78.27921798148697
