future_x1,future_y1,future_x2,future_y2,future_x3,future_y3,future_x4,future_y4,future_x5,future_y5,future_x6,future_y6,future_x7,future_y7,future_x8,future_y8,future_x9,future_y9,future_x10,future_y10,future_x11,future_y11,future_x12,future_y12,future_x13,future_y13,future_x14,future_y14,future_x15,future_y15,future_x16,future_y16,future_x17,future_y17,future_x18,future_y18,future_x19,future_y19,future_x20,future_y20
124.15701630398134,181.6750824877106,110.62211101192224,178.9292840914581,98.23181431595732,172.8289875508109,87.8022230455742,163.77599379014697,80.02029059482547,152.36658550444454,75.39858018606003,139.35225252133006,74.24150448218307,125.59019432085114,76.62527520246115,111.98685990420533,82.39288337650447,99.43824380327291,91.16444086603343,88.77087068212636,102.36220200179346,80.68735562713115,115.24861726544009,75.72012584074854,128.97491258011462,74.19635189681341,142.6369944957736,76.21639838828227,155.3349990294019,81.64721333282111,166.23256192799005,90.13109174833784,174.6119064708534,101.1092361785163,179.92112040904556,113.85856233546976,181.81050810828515,127.53932562630386,180.15562353238283,141.25043160424423
