future_x1,future_y1,future_x2,future_y2,future_x3,future_y3,future_x4,future_y4,future_x5,future_y5,future_x6,future_y6,future_x7,future_y7,future_x8,future_y8,future_x9,future_y9,future_x10,future_y10,future_x11,future_y11,future_x12,future_y12,future_x13,future_y13,future_x14,future_y14,future_x15,future_y15,future_x16,future_y16,future_x17,future_y17,future_x18,future_y18,future_x19,future_y19,future_x20,future_y20
166.27292642589902,204.6638262008734,145.4998910509179,211.8803490584416,123.57421131612222,213.57202544924164,101.94003970268339,209.62743175098848,82.02232827555632,200.30638179136952,65.13297307284168,186.22281400190093,52.38440502103333,168.30435387072805,44.616318779821086,147.731215145844,42.34036557986089,125.85846411000922,45.70645290408862,104.12676705318242,54.492870711131744,83.96749963186731,68.12089454500389,66.70846816346116,85.69290368556307,53.486452598195555,106.05150365717833,45.17233159596279,127.85575894415268,42.31372140489583,149.66951478396334,45.098906677971996,170.05599065254071,53.34443895332774,187.6724149658815,66.50721963433723,201.3584678073764,83.72027161426891,210.21270632975433,103.84984341877733
