future_x1,future_y1,future_x2,future_y2,future_x3,future_y3,future_x4,future_y4,future_x5,future_y5,future_x6,future_y6,future_x7,future_y7,future_x8,future_y8,future_x9,future_y9,future_x10,future_y10,future_x11,future_y11,future_x12,future_y12,future_x13,future_y13,future_x14,future_y14,future_x15,future_y15,future_x16,future_y16,future_x17,future_y17,future_x18,future_y18,future_x19,future_y19,future_x20,future_y20
192.7744929505403,75.09943820288856,204.10561466227216,93.32811236278961,210.42397902394677,113.8404782104203,211.3134218992533,135.28547231733234,206.71535941983421,156.25060294676757,196.93264665876148,175.35498495478527,182.60962983824456,191.3402928978033,164.68970594890402,203.15364164717872,144.35318515035138,210.01693551266058,122.93954869583769,211.47811813911358,101.85922292519554,207.44094756090828,82.50068040273331,198.17133525618124,66.13898705816581,184.27983167405372,53.8518189464901,166.68141183960992,46.448480250275594,146.5352097900161,44.41659781057875,125.1681712814773,47.89000319395757,103.98765344275012,56.63991776899823,84.38872806906147,70.0900213943676,67.66229409942075,87.35441220715717,54.910051522634774
