future_x1,future_y1,future_x2,future_y2,future_x3,future_y3,future_x4,future_y4,future_x5,future_y5,future_x6,future_y6,future_x7,future_y7,future_x8,future_y8,future_x9,future_y9,future_x10,future_y10,future_x11,future_y11,future_x12,future_y12,future_x13,future_y13,future_x14,future_y14,future_x15,future_y15,future_x16,future_y16,future_x17,future_y17,future_x18,future_y18,future_x19,future_y19,future_x20,future_y20
160.65684065755931,184.87670622447453,145.10500798477034,191.31546141756644,128.42654024203358,193.5838929623755,111.71997808414972,191.53258879581276,96.08571262710606,185.29665971205253,82.55350730465614,175.28684018170867,72.01467167383612,162.1624349964992,65.16335459611687,146.7878936303422,62.450823565907896,130.17587258144064,64.05574161509102,113.42053593980908,69.87239952913612,97.62548739192636,79.51767846929796,83.83108047877981,92.35628440220987,72.94589487547498,107.54259225092727,65.6868920622107,124.07634366885247,62.53219208134851,140.86852985799155,63.68958177734824,156.81312000685662,69.08282874960068,170.8599108969759,78.35670246063736,182.08369938017654,90.90037178039256,189.74522162599976,105.88763786850052
