future_x1,future_y1,future_x2,future_y2,future_x3,future_y3,future_x4,future_y4,future_x5,future_y5,future_x6,future_y6,future_x7,future_y7,future_x8,future_y8,future_x9,future_y9,future_x10,future_y10,future_x11,future_y11,future_x12,future_y12,future_x13,future_y13,future_x14,future_y14,future_x15,future_y15,future_x16,future_y16,future_x17,future_y17,future_x18,future_y18,future_x19,future_y19,future_x20,future_y20
65.29781305780428,189.72622461158903,51.652122802562516,171.73434233619395,43.035146713562796,150.86186252580046,40.014448832132175,128.48356780384285,42.78898984697466,106.07342250064069,51.17602238883359,85.10748881059304,64.62312783254002,66.96670477187197,82.24460179282963,52.84592767495782,102.87979175403906,43.675233828880636,125.16954437897182,40.05865833914183,147.64572723354377,42.23440985103876,168.82792850706971,50.05918074618407,187.3209655235348,63.01758621373014,201.90677956755334,80.25611048429886,211.62466429859873,100.63932433069195,215.83454344465466,122.82467102461368,214.25912993924078,145.35089491235473,207.00218965644933,166.73428819044966,194.54170678841808,185.56641651013717,177.69840103315047,200.6068866353774
