future_x1,future_y1,future_x2,future_y2,future_x3,future_y3,future_x4,future_y4,future_x5,future_y5,future_x6,future_y6,future_x7,future_y7,future_x8,future_y8,future_x9,future_y9,future_x10,future_y10,future_x11,future_y11,future_x12,future_y12,future_x13,future_y13,future_x14,future_y14,future_x15,future_y15,future_x16,future_y16,future_x17,future_y17,future_x18,future_y18,future_x19,future_y19,future_x20,future_y20
96.82616434231801,82.01513539371639,109.5569488046377,75.59513700928467,123.50249962614514,72.6268269569318,137.74428191698598,73.30571535898198,151.34424926398646,77.58708668633335,163.40662891001503,85.18894498264628,173.1369225450832,95.61058775418176,179.8942365747595,108.16558514114186,183.23349509078878,122.02699217092322,182.93475515277024,136.28181615200342,179.01769350632514,149.991151669821,171.74031055846655,162.25202234495507,161.58193697386275,172.25685609658586,149.2116621761631,179.34667652530914,135.44426423646738,183.05450692221348,121.1865438621792,183.1361280643499,107.37759724112799,179.58616390972747,94.92696171793882,172.63843569463108,84.65470838734909,162.75056111035698,77.23742745381438,150.57381294694454
