future_x1,future_y1,future_x2,future_y2,future_x3,future_y3,future_x4,future_y4,future_x5,future_y5,future_x6,future_y6,future_x7,future_y7,future_x8,future_y8,future_x9,future_y9,future_x10,future_y10,future_x11,future_y11,future_x12,future_y12,future_x13,future_y13,future_x14,future_y14,future_x15,future_y15,future_x16,future_y16,future_x17,future_y17,future_x18,future_y18,future_x19,future_y19,future_x20,future_y20
192.4742058457112,61.93904015426918,207.16482196516617,80.52469485724244,216.64118359192884,102.23734861089869,220.27912256695924,125.64688006117119,217.83902312186672,149.2114016435289,209.48160436367817,171.37881724408146,195.75733438194956,190.6890522549757,177.57017322654542,205.8702225594911,156.11803285393563,215.9224081994994,132.81387569540018,220.1835139054898,109.19264875322969,218.3728785325277,86.81018308530955,210.60976103166428,67.14071774468017,197.40548536349064,51.47979784183961,179.62976173534668,40.858942426991945,158.45340244097684,35.97770266046783,135.27120536975326,37.157585314476094,111.61008452499799,44.320876471688436,89.02849860849632,56.99576021473446,69.01380188814579,74.34739516001818,52.88427841617204
