future_x1,future_y1,future_x2,future_y2,future_x3,future_y3,future_x4,future_y4,future_x5,future_y5,future_x6,future_y6,future_x7,future_y7,future_x8,future_y8,future_x9,future_y9,future_x10,future_y10,future_x11,future_y11,future_x12,future_y12,future_x13,future_y13,future_x14,future_y14,future_x15,future_y15,future_x16,future_y16,future_x17,future_y17,future_x18,future_y18,future_x19,future_y19,future_x20,future_y20
183.07034985916704,143.86858129356685,177.21782736304948,157.36257440250532,168.12353319262357,168.92257799823997,156.38647032748145,177.7871831722645,142.77970982691892,183.37251559495627,128.19947188457536,185.3106928665922,113.60609556656829,183.47405538666553,99.96078530866309,177.98357475586073,88.16230041519121,169.20088588455502,78.98775755660469,157.70446761939087,73.04144535670459,144.25154077007812,70.71502243776277,129.72819315343466,72.16172051123736,115.09101670864705,77.28625164819817,101.30410080196364,85.75108449519134,89.27553170734119,96.99867604755337,79.79758077568037,110.28819466657903,73.49452084686715,124.7443155496017,70.78150801846456,139.41487470016378,71.83723705638084,153.33358397332657,76.59217152078867
