future_x1,future_y1,future_x2,future_y2,future_x3,future_y3,future_x4,future_y4,future_x5,future_y5,future_x6,future_y6,future_x7,future_y7,future_x8,future_y8,future_x9,future_y9,future_x10,future_y10,future_x11,future_y11,future_x12,future_y12,future_x13,future_y13,future_x14,future_y14,future_x15,future_y15,future_x16,future_y16,future_x17,future_y17,future_x18,future_y18,future_x19,future_y19,future_x20,future_y20
208.99532738759268,84.00676153813772,217.52514410605,106.07064383579444,220.15831540453405,129.57892076559438,216.72140534354136,152.9832008127988,207.4407887608048,174.7419423007516,192.92774091104266,193.42198826980206,174.13817533103497,207.79296250991234,152.30968182783516,216.908309276552,128.88001163352266,220.16763894399412,105.39237876715697,217.3562731495551,83.39381500568118,208.6593847561349,64.3332733951329,194.64980129307745,49.46619179616958,176.25027521154234,39.771802462405134,154.67270605418088,35.88863412266976,131.3383177197805,38.07245477414605,107.78404841127701,46.17942531809639,85.5613189683205,59.67557363746707,66.1338472893585,77.67196509864921,50.781239378283104,98.98325294408916,40.51470706867988
