future_x1,future_y1,future_x2,future_y2,future_x3,future_y3,future_x4,future_y4,future_x5,future_y5,future_x6,future_y6,future_x7,future_y7,future_x8,future_y8,future_x9,future_y9,future_x10,future_y10,future_x11,future_y11,future_x12,future_y12,future_x13,future_y13,future_x14,future_y14,future_x15,future_y15,future_x16,future_y16,future_x17,future_y17,future_x18,future_y18,future_x19,future_y19,future_x20,future_y20
197.02151017330604,62.48056291635429,211.4245411495605,82.20577070910697,220.3327478125449,104.94725214325672,223.1593839855959,129.20712130439227,219.7182710100786,153.3874824526453,210.236060552062,175.8956767071851,195.3373060085476,195.24918380079282,176.00332579705454,210.1732694663139,153.5075680309855,219.68494683156143,129.33173383827153,223.15772163805522,105.06818392818583,220.36285678783483,82.31505647606907,211.4844382958695,62.57100447066652,197.1072503170547,47.13648573297333,178.17825786880184,37.028107218866595,155.94423422066828,32.911665386578846,131.869641172984,35.05829297897607,107.54017110580463,43.326600647987476,84.55830407849844,57.1719896774172,64.43775919537055,75.68252241418057,48.503792282783195
