future_x1,future_y1,future_x2,future_y2,future_x3,future_y3,future_x4,future_y4,future_x5,future_y5,future_x6,future_y6,future_x7,future_y7,future_x8,future_y8,future_x9,future_y9,future_x10,future_y10,future_x11,future_y11,future_x12,future_y12,future_x13,future_y13,future_x14,future_y14,future_x15,future_y15,future_x16,future_y16,future_x17,future_y17,future_x18,future_y18,future_x19,future_y19,future_x20,future_y20
180.51718891793908,78.50925591613017,191.38410707596915,93.50588670512492,198.0761801843686,110.77449993220792,200.15262948049144,129.17768453692727,197.47668796603733,147.50330000506287,190.2246086750883,164.54431497578972,178.87405562665555,179.17830933035552,164.17264210095465,190.44140329343858,147.08868849109595,197.59174414761782,128.74744310373416,200.1583689576218,110.35696677685993,197.97222492178432,93.12856298378055,191.1773041704174,78.19699435832736,180.2211596086598,66.54574064384481,165.8254264854213,58.94222101109759,148.93829130892746,55.887247379081174,130.67203878186038,57.58203803630404,112.22979027732767,63.914964236824176,94.82625928463787,74.46890271713598,79.60774333108502,88.5487098544725,67.57662217592429
