future_x1,future_y1,future_x2,future_y2,future_x3,future_y3,future_x4,future_y4,future_x5,future_y5,future_x6,future_y6,future_x7,future_y7,future_x8,future_y8,future_x9,future_y9,future_x10,future_y10,future_x11,future_y11,future_x12,future_y12,future_x13,future_y13,future_x14,future_y14,future_x15,future_y15,future_x16,future_y16,future_x17,future_y17,future_x18,future_y18,future_x19,future_y19,future_x20,future_y20
117.29386463392541,70.74956999098009,132.21791766375355,69.91005042801126,146.8641541636878,72.89667198450695,160.26788801968087,79.51271843623591,171.54627155087502,89.32241857727074,179.95644498018757,101.67964863997554,184.9444654893373,115.77048975518339,186.18179310685892,130.66683737131893,183.58693025682823,145.38753160505874,177.33078966206665,158.96298212400313,167.82543704057093,170.49903099156407,155.69695006650116,179.23584709661918,141.74418126202858,184.59797303906655,126.88614093524467,186.2322280930265,112.10146582912888,184.03097073861957,98.36396042755608,178.13918855700535,86.57845654194034,168.94494850706832,77.52121583823984,157.05383658391492,71.78880073974211,143.2490704116016,69.75878136457956,128.43991198614762
