future_x1,future_y1,future_x2,future_y2,future_x3,future_y3,future_x4,future_y4,future_x5,future_y5,future_x6,future_y6,future_x7,future_y7,future_x8,future_y8,future_x9,future_y9,future_x10,future_y10,future_x11,future_y11,future_x12,future_y12,future_x13,future_y13,future_x14,future_y14,future_x15,future_y15,future_x16,future_y16,future_x17,future_y17,future_x18,future_y18,future_x19,future_y19,future_x20,future_y20
61.190577233126916,118.79451504988359,65.73379975907105,102.09323966285751,74.37823550434136,87.09833382389267,86.55451177532656,74.79744903270094,101.46062836948485,66.00079293194946,118.11478196192674,61.28776433105131,135.42003336886188,60.96879063887795,152.23655832674044,65.06488131349788,167.45672293155062,73.30624405736567,180.0780388343037,85.15005490339159,189.26919294016855,99.81621175090189,194.42480251221912,116.33871641617918,195.20528919094795,133.6293008776095,191.55924559527307,150.54910692176875,183.7268213109242,165.98369795306826,172.22390524536434,178.9164622539571,157.80814619114292,188.49557293105877,141.42904968048936,194.09009417672627,124.16543804189308,195.3315383620413,107.1543929021688,192.13813677004072
