future_x1,future_y1,future_x2,future_y2,future_x3,future_y3,future_x4,future_y4,future_x5,future_y5,future_x6,future_y6,future_x7,future_y7,future_x8,future_y8,future_x9,future_y9,future_x10,future_y10,future_x11,future_y11,future_x12,future_y12,future_x13,future_y13,future_x14,future_y14,future_x15,future_y15,future_x16,future_y16,future_x17,future_y17,future_x18,future_y18,future_x19,future_y19,future_x20,future_y20
37.49692060490517,105.45004560511123,46.21689920116867,83.1576957891926,60.323587325488134,63.818920305781944,78.88783665031968,48.70748311271285,100.6868980044714,38.81871114079898,124.28495872796694,34.80393628723641,148.12771362448493,36.92759491779563,170.6447405197415,45.049810553499526,190.35293737755288,58.63560694709879,205.954208004967,76.79014472267339,216.4209621991474,98.3176606888314,221.0637988002598,121.80022774037955,219.57691365179187,145.6911477643101,212.0582416366035,168.41682615160153,199.003006117308,188.48041786819866,181.27110065230428,204.56041835373202,160.03045141687733,215.59770547929585,136.6800908089306,220.86529947593513,112.75800905800753,220.01624604019997,89.83985326528126,213.1064687576164
