future_x1,future_y1,future_x2,future_y2,future_x3,future_y3,future_x4,future_y4,future_x5,future_y5,future_x6,future_y6,future_x7,future_y7,future_x8,future_y8,future_x9,future_y9,future_x10,future_y10,future_x11,future_y11,future_x12,future_y12,future_x13,future_y13,future_x14,future_y14,future_x15,future_y15,future_x16,future_y16,future_x17,future_y17,future_x18,future_y18,future_x19,future_y19,future_x20,future_y20
115.50263177855051,221.2055642225286,92.19138047464328,214.95518490688545,71.23869261599155,202.97743259515164,54.024633793458776,186.0612315500672,41.68302179788584,165.32078092106525,35.02674680192166,142.12216712365404,34.49422969682489,117.9933854619929,40.12054514882679,94.52369749265893,51.5351113781084,73.25895303755954,67.98609882495245,55.59977154556745,88.38995000669728,42.70928916915712,111.40274890040766,35.436547868829564,135.50873904956865,34.26057258342206,159.12016007886353,39.25881986829167,180.68182680471392,50.102076157188094,198.7735627547383,66.07614167783535,212.20374123015463,86.12887179275486,220.087772754037,108.9394773496831,221.9063692666962,133.00551951842118,217.53974745022498,156.74186912941346
