future_x1,future_y1,future_x2,future_y2,future_x3,future_y3,future_x4,future_y4,future_x5,future_y5,future_x6,future_y6,future_x7,future_y7,future_x8,future_y8,future_x9,future_y9,future_x10,future_y10,future_x11,future_y11,future_x12,future_y12,future_x13,future_y13,future_x14,future_y14,future_x15,future_y15,future_x16,future_y16,future_x17,future_y17,future_x18,future_y18,future_x19,future_y19,future_x20,future_y20
89.78477656151858,83.72818426524003,102.31144647426385,75.45958518758167,116.5301135684248,70.65160267145762,131.5042539317965,69.62091834152332,146.24758379937194,72.43541904782779,159.78902192457068,78.90972544398672,171.23665062439832,88.61740214651508,179.83646265299902,100.91904524338484,185.02202449364646,115.00439714551179,186.45178495664115,129.94571485274187,184.03157172235194,144.75887649064015,177.92079407658156,158.4682012870655,168.5219432901033,170.1707135687701,156.45408220829444,179.09561797834743,142.5120701803075,184.65506852866238,127.61420901051997,186.48288755027437,112.74175827368053,184.45868427732623,98.8743038659815,178.71578448189894,86.92523679434473,169.6324488650974,77.6815919451643,157.80695861258988
