future_x1,future_y1,future_x2,future_y2,future_x3,future_y3,future_x4,future_y4,future_x5,future_y5,future_x6,future_y6,future_x7,future_y7,future_x8,future_y8,future_x9,future_y9,future_x10,future_y10,future_x11,future_y11,future_x12,future_y12,future_x13,future_y13,future_x14,future_y14,future_x15,future_y15,future_x16,future_y16,future_x17,future_y17,future_x18,future_y18,future_x19,future_y19,future_x20,future_y20
211.2824754438561,130.01631824817014,208.0265454508348,151.14710086684448,199.49960285659432,170.7532811218471,186.26328157411834,187.5434822255921,169.18940252083704,200.41180411584057,149.40255043465874,208.5106644502844,128.20600219823712,211.30662529732388,106.99588546180044,208.61552845327378,87.16922157572698,200.61462517015647,70.03190965879672,187.83090135981988,56.712712505358425,171.10636724418703,48.088909718553595,151.54259767665673,44.72851498563561,130.42817603086917,46.85286340088467,109.15382062329557,54.322033052101844,89.12078393590185,66.64406108958319,71.64855799754898,83.0073472537814,57.8879649832314,102.33411057735911,48.745357388483725,123.35137829302447,44.822920395340674,144.67483120583572,46.37900846233681
