future_x1,future_y1,future_x2,future_y2,future_x3,future_y3,future_x4,future_y4,future_x5,future_y5,future_x6,future_y6,future_x7,future_y7,future_x8,future_y8,future_x9,future_y9,future_x10,future_y10,future_x11,future_y11,future_x12,future_y12,future_x13,future_y13,future_x14,future_y14,future_x15,future_y15,future_x16,future_y16,future_x17,future_y17,future_x18,future_y18,future_x19,future_y19,future_x20,future_y20
183.60337706842856,54.24368737554897,200.54476853177368,70.82495516362948,212.70794063141494,91.17210313696589,219.29175628156634,113.94495007491287,219.86256718389697,137.64354414899498,214.3827764205073,160.70695845312196,203.21331480508113,181.61610270619605,187.08986788535856,198.99377935185922,167.0744194244792,211.69539378012078,144.48530298866163,218.88434396936375,120.81036884949793,220.08712394949322,97.60898553247864,215.22451165242776,76.40933075841379,204.61678693716442,58.60773679211921,188.9626360999735,45.37671989791093,169.29313234112098,37.58775161543147,146.9038233015622,35.75385858772981,123.26939877847964,39.99583164994502,99.94655909901994,50.03426984406994,78.47148180469866,65.20798338714312,60.258640085540776
