future_x1,future_y1,future_x2,future_y2,future_x3,future_y3,future_x4,future_y4,future_x5,future_y5,future_x6,future_y6,future_x7,future_y7,future_x8,future_y8,future_x9,future_y9,future_x10,future_y10,future_x11,future_y11,future_x12,future_y12,future_x13,future_y13,future_x14,future_y14,future_x15,future_y15,future_x16,future_y16,future_x17,future_y17,future_x18,future_y18,future_x19,future_y19,future_x20,future_y20
85.41575220503455,169.16591538125903,76.34056189397117,156.9715930526676,70.66796190709053,142.86903351106508,68.77158259222377,127.78711315158343,70.7763304939311,112.71921475511809,76.55016128376332,98.65779753472428,85.71277696586088,86.52902801354935,97.6606745094713,77.13177732395444,111.60689606009669,71.08500291965635,126.6328625497737,68.78698044659275,141.7488766441192,70.38907099807543,155.9593099510461,75.78575159497808,168.32818088334946,84.62156554139088,178.04080383664973,96.31453486498988,184.45744911014168,110.09449276295805,187.15547921643193,125.05381125616674,185.95718623861984,140.20718283396843,180.94149670477807,154.55651852366893,172.43877302887495,167.15668782121566,161.00905392541304,177.17777046988988
