future_x1,future_y1,future_x2,future_y2,future_x3,future_y3,future_x4,future_y4,future_x5,future_y5,future_x6,future_y6,future_x7,future_y7,future_x8,future_y8,future_x9,future_y9,future_x10,future_y10,future_x11,future_y11,future_x12,future_y12,future_x13,future_y13,future_x14,future_y14,future_x15,future_y15,future_x16,future_y16,future_x17,future_y17,future_x18,future_y18,future_x19,future_y19,future_x20,future_y20
143.4375778316431,42.55294297138161,164.6772921252296,49.29615888331389,183.5012271560532,61.22326641462476,198.6695293456165,77.54867706165626,209.18312630450328,97.197104558385,214.34953153661115,118.87438946876455,213.82845561762431,141.1527400359581,207.65421963087255,162.56477483156397,196.23349458165723,181.70017301028884,180.31851568530948,197.29856622359532,160.9575357914081,208.33255379183493,139.42578136909265,214.0753732740422,117.14145869288122,214.1487692590068,95.57234254893032,208.547907461312,76.13910007151944,197.64169313542087,60.12171736280595,182.14847283520746,48.57519218160991,163.0887199420526,42.2600456698498,141.71782036709027,41.5922300175709,119.44338555130446,46.61573143833054,97.73253900899418
