future_x1,future_y1,future_x2,future_y2,future_x3,future_y3,future_x4,future_y4,future_x5,future_y5,future_x6,future_y6,future_x7,future_y7,future_x8,future_y8,future_x9,future_y9,future_x10,future_y10,future_x11,future_y11,future_x12,future_y12,future_x13,future_y13,future_x14,future_y14,future_x15,future_y15,future_x16,future_y16,future_x17,future_y17,future_x18,future_y18,future_x19,future_y19,future_x20,future_y20
163.41565894250266,193.20326738805298,145.65368101767456,200.0699835086411,126.7289292335246,202.18975236187416,107.8878975448678,199.42295367207845,90.37156561528211,191.95182485406167,75.33366069624189,180.26845779962352,63.76466645635554,165.14238685042125,56.42658398011628,147.56990280134912,53.80274195531638,128.7084314082759,56.06596184136342,109.8002986123009,63.067174845252794,92.09090374525378,74.34524045717714,76.74669030383053,89.15731984006143,64.77831721314028,106.52780350535906,56.97409096600643,125.3125706145002,53.84804318355751,144.27434741556772,55.606073510224604,162.16420127130314,62.132387868516986,177.80380260898804,72.99712532881071,190.16303654281083,87.48467124424675,198.42785221702619,104.6407917834033
