future_x1,future_y1,future_x2,future_y2,future_x3,future_y3,future_x4,future_y4,future_x5,future_y5,future_x6,future_y6,future_x7,future_y7,future_x8,future_y8,future_x9,future_y9,future_x10,future_y10,future_x11,future_y11,future_x12,future_y12,future_x13,future_y13,future_x14,future_y14,future_x15,future_y15,future_x16,future_y16,future_x17,future_y17,future_x18,future_y18,future_x19,future_y19,future_x20,future_y20
157.44806831802237,169.9447919573275,145.80240398629923,176.05859665361646,132.98417003764285,179.00698333603216,119.83764973191542,178.59575415099079,107.22874917318896,174.85199503859042,95.98796370970258,168.02229169544245,86.855676691654,158.55648800999055,80.43339352801492,147.07805673399957,77.14412305033815,134.3430339497162,77.20451569678566,121.19022214691947,80.61059365726143,108.48594182418199,87.138012875062,97.0669705943986,96.35683964810593,87.68542815617758,107.65986855704865,80.95923732665614,120.30261653723528,77.33142405954598,133.45235885286783,77.04093718536463,146.24297717960198,80.10690985506446,157.83200718266528,86.3273993196992,167.45612810595213,95.29268805155193,174.481439505847,106.41227011771073
