future_x1,future_y1,future_x2,future_y2,future_x3,future_y3,future_x4,future_y4,future_x5,future_y5,future_x6,future_y6,future_x7,future_y7,future_x8,future_y8,future_x9,future_y9,future_x10,future_y10,future_x11,future_y11,future_x12,future_y12,future_x13,future_y13,future_x14,future_y14,future_x15,future_y15,future_x16,future_y16,future_x17,future_y17,future_x18,future_y18,future_x19,future_y19,future_x20,future_y20
111.19644652937244,191.02594668951957,95.70837382602606,184.67345273045152,82.34721498005024,174.5881163524847,71.99301343512074,161.43421632507386,65.32775698055701,146.07814482357855,62.790458078591925,129.53134181374534,64.54823795643797,112.88367574714073,70.48531903261937,97.23165850145924,80.21065070022914,83.60622274625766,93.08366618880194,72.90481873579698,108.25647400841154,65.83230302826175,124.72970500270506,62.854512543223166,141.41833659992773,64.167581839308,157.22315869485126,69.68502455418557,171.10317400397372,79.04342989818868,182.14416418652857,91.62639899745095,189.6189055687372,106.60514450010359,193.0350683143647,122.99307931994974,192.16764412424516,139.71079898617617,187.0737665883763,155.65717748455975
