future_x1,future_y1,future_x2,future_y2,future_x3,future_y3,future_x4,future_y4,future_x5,future_y5,future_x6,future_y6,future_x7,future_y7,future_x8,future_y8,future_x9,future_y9,future_x10,future_y10,future_x11,future_y11,future_x12,future_y12,future_x13,future_y13,future_x14,future_y14,future_x15,future_y15,future_x16,future_y16,future_x17,future_y17,future_x18,future_y18,future_x19,future_y19,future_x20,future_y20
155.08658791403892,200.0922195456281,135.84552358981333,204.6121343094009,116.0877075618612,204.08592940030542,97.11450422957282,198.54826372672062,80.17559884784185,188.3638800797087,66.38668600544466,174.2035810565407,56.65598350611039,157.0000461096117,51.624411874443865,137.88639986625097,51.62337961152704,118.12157796634021,56.6529547081832,99.0074062566413,66.3818601667124,81.80285498728938,80.16929382604316,67.6411157265096,97.1071353100254,57.45496278910245,116.07976010436127,51.91531530806991,135.83752106002336,51.38704660781123,155.07905740500604,55.904951529967136,172.5370099153102,65.17145464326299,187.06149654673993,78.5762102879653,197.69585033798614,95.2363034822834,203.7396310473304,114.05440382578558
