future_x1,future_y1,future_x2,future_y2,future_x3,future_y3,future_x4,future_y4,future_x5,future_y5,future_x6,future_y6,future_x7,future_y7,future_x8,future_y8,future_x9,future_y9,future_x10,future_y10,future_x11,future_y11,future_x12,future_y12,future_x13,future_y13,future_x14,future_y14,future_x15,future_y15,future_x16,future_y16,future_x17,future_y17,future_x18,future_y18,future_x19,future_y19,future_x20,future_y20
42.79911728889337,148.9611516506572,40.269964444067696,126.58537827372345,43.519220754799306,104.30278009138488,52.33287134812353,83.58101830462594,66.13039805874368,65.78494837337115,84.00301572359135,52.08672271693804,104.77353004548098,43.38858595481679,127.07387443966482,40.26344784116432,149.43521883667214,42.91714810434728,170.38471535293587,51.17489864813584,188.54250859791864,64.49279610985423,202.7126209561249,81.9936464915985,211.96172661197653,102.52474224645972,215.68062580322774,124.7337862856276,213.62437025191255,147.15796211075153,205.92839687913093,168.32028339585744,193.09960714362157,186.82687687630317,175.98297957061294,201.45879092933495,155.70591456355157,211.252282800358,133.60397727229918,215.56229629244058
