future_x1,future_y1,future_x2,future_y2,future_x3,future_y3,future_x4,future_y4,future_x5,future_y5,future_x6,future_y6,future_x7,future_y7,future_x8,future_y8,future_x9,future_y9,future_x10,future_y10,future_x11,future_y11,future_x12,future_y12,future_x13,future_y13,future_x14,future_y14,future_x15,future_y15,future_x16,future_y16,future_x17,future_y17,future_x18,future_y18,future_x19,future_y19,future_x20,future_y20
78.88570615130752,165.9264492877713,70.85008317430398,152.17677444676247,66.57868530597938,136.83467696589332,66.3528515927954,120.91067640083402,70.18745675340031,105.45361982060888,77.82993144335492,91.4815986541698,88.77689793757679,79.91489128187051,102.30732550793886,71.51534816183612,117.53002169046607,66.83621193850492,133.4423313917719,66.18567767211441,148.99617757094973,69.60659332387989,163.1670936744828,76.87363754066057,175.02170094746248,87.50816062660272,183.77918617389443,100.80971118925686,188.8627305654196,115.9021719323369,189.93750239344533,131.79146582413125,186.9327109495,147.4310317784796,180.0462692320256,161.79075724012569,169.73175824799773,173.92482737435466,156.6685515361083,183.03402191967348
