future_x1,future_y1,future_x2,future_y2,future_x3,future_y3,future_x4,future_y4,future_x5,future_y5,future_x6,future_y6,future_x7,future_y7,future_x8,future_y8,future_x9,future_y9,future_x10,future_y10,future_x11,future_y11,future_x12,future_y12,future_x13,future_y13,future_x14,future_y14,future_x15,future_y15,future_x16,future_y16,future_x17,future_y17,future_x18,future_y18,future_x19,future_y19,future_x20,future_y20
177.812031290032,98.91578432896506,183.57413662760072,112.55184798964068,185.6758068830888,127.20541657263209,183.97861385947888,141.91132103036085,178.59434453650064,155.70094517088302,169.87763813155243,167.666024340248,158.40262750320974,177.0184690024023,144.92512343001013,183.1422728885682,130.33283252734083,185.63408674419836,115.58688773921543,184.3297852511401,101.6585425460537,179.31527727334557,89.46519857519925,170.9208474006464,79.8099802069349,159.69940148934037,73.32883614303122,146.39004907450956,70.44865213544335,131.8694213276912,71.35913381387643,117.09393104166108,76.00031157233039,103.03677773476183,84.06649051529888,90.62384708405536,95.0263852972437,80.67272672261188,108.15811365799462,73.83885517431024
