future_x1,future_y1,future_x2,future_y2,future_x3,future_y3,future_x4,future_y4,future_x5,future_y5,future_x6,future_y6,future_x7,future_y7,future_x8,future_y8,future_x9,future_y9,future_x10,future_y10,future_x11,future_y11,future_x12,future_y12,future_x13,future_y13,future_x14,future_y14,future_x15,future_y15,future_x16,future_y16,future_x17,future_y17,future_x18,future_y18,future_x19,future_y19,future_x20,future_y20
66.47477782643884,123.14500874518431,69.7366818417124,107.645401974577,76.83614603743695,93.48646712827096,87.30555851025275,81.60079380605808,100.45534301067049,72.77124141418186,115.41937843581687,67.57937550265464,131.2120465905457,66.36716248386284,146.79315072037724,69.21444574054281,161.13642890500594,75.93368667733534,173.29714962281264,86.0823171007876,182.474337250242,98.99188932837407,188.06352896367187,113.81210403123316,189.69658816809937,129.5668158814432,187.26595210923358,145.21832814696106,180.9317165805776,159.7357414191603,171.11109108558236,172.16285462921326,158.45091899908923,181.68114599839788,143.7850727096341,187.66368563156288,128.07952994577906,189.71642875748827,112.36874887825844,187.70416980378718
