future_x1,future_y1,future_x2,future_y2,future_x3,future_y3,future_x4,future_y4,future_x5,future_y5,future_x6,future_y6,future_x7,future_y7,future_x8,future_y8,future_x9,future_y9,future_x10,future_y10,future_x11,future_y11,future_x12,future_y12,future_x13,future_y13,future_x14,future_y14,future_x15,future_y15,future_x16,future_y16,future_x17,future_y17,future_x18,future_y18,future_x19,future_y19,future_x20,future_y20
46.31147834499518,173.7254968015593,37.36359342444146,151.4281333229869,34.38554811770064,127.58765705261754,37.573493767435295,103.77434008119619,46.71745377654149,81.55666563045962,61.21515388512812,62.39801864773838,80.11169144769732,47.560298782696535,102.16243086176759,38.02080435480289,125.91498249008825,34.40786181567941,149.80486546898254,36.95944052341741,172.25855349522197,45.507478699944116,191.79711639803915,59.48895295483621,207.13363106096503,77.98296227247488,217.2579456451204,99.7713838960828,221.5032140502375,123.41910596006944,219.58981826790586,147.36855228409127,211.64378564596333,170.04227337742023,198.18848799615066,189.9468464148403,180.1101692899621,205.77124072882654,158.59957248865322,216.47316989597047
