future_x1,future_y1,future_x2,future_y2,future_x3,future_y3,future_x4,future_y4,future_x5,future_y5,future_x6,future_y6,future_x7,future_y7,future_x8,future_y8,future_x9,future_y9,future_x10,future_y10,future_x11,future_y11,future_x12,future_y12,future_x13,future_y13,future_x14,future_y14,future_x15,future_y15,future_x16,future_y16,future_x17,future_y17,future_x18,future_y18,future_x19,future_y19,future_x20,future_y20
152.1321907355973,72.14304298422306,165.55424769572008,80.12473752792468,176.50276401106947,91.25977463258961,184.25660687330355,104.81473614848916,188.30506320335016,119.89681366365404,188.38147817797596,135.51261404600362,184.48081866358885,150.63359007873902,176.8600047276165,164.26378654772407,166.0209873922107,175.50543963045658,152.6776872275747,183.61810883030452,137.7089714010143,188.0674466836729,122.10076638606874,188.56039398426884,106.88111912457101,185.06448236277134,93.05248389028145,177.80997284201794,81.52569483413045,167.2746895100551,73.05997316233358,154.1525472533383,68.21292042271931,139.30784649619488,67.30379163154723,123.71834536014828,70.39246728581244,108.41085884104639,77.27550928628183,94.39362681580293
