future_x1,future_y1,future_x2,future_y2,future_x3,future_y3,future_x4,future_y4,future_x5,future_y5,future_x6,future_y6,future_x7,future_y7,future_x8,future_y8,future_x9,future_y9,future_x10,future_y10,future_x11,future_y11,future_x12,future_y12,future_x13,future_y13,future_x14,future_y14,future_x15,future_y15,future_x16,future_y16,future_x17,future_y17,future_x18,future_y18,future_x19,future_y19,future_x20,future_y20
105.71194366971298,210.39223008256272,85.47535483576752,202.00602398870055,68.03968586235447,188.74535176846757,54.55335107064438,171.48363823334,45.90463871837591,151.35783999002513,42.66320318131031,129.6935588816674,45.04254421088207,107.9177301592538,52.885944601835945,87.4646362468333,65.67679249663772,69.68143657931165,82.5726084398284,55.73943586575835,102.46053596306083,46.556935165319985,124.03064076895247,42.738747251433736,145.86219060421217,44.536360133416196,166.51723292899806,51.83137259702451,184.63530681426067,64.14329279539574,199.02305079199198,80.66118622992198,208.7328045654366,100.29708860139385,213.12502741462538,121.75766545118894,211.91042205882465,143.629398672691,205.16898945396554,164.47168901509434
