future_x1,future_y1,future_x2,future_y2,future_x3,future_y3,future_x4,future_y4,future_x5,future_y5,future_x6,future_y6,future_x7,future_y7,future_x8,future_y8,future_x9,future_y9,future_x10,future_y10,future_x11,future_y11,future_x12,future_y12,future_x13,future_y13,future_x14,future_y14,future_x15,future_y15,future_x16,future_y16,future_x17,future_y17,future_x18,future_y18,future_x19,future_y19,future_x20,future_y20
71.19709080556555,112.9661487606391,76.89421470863468,99.00369185928548,85.95746214919278,86.95110005003981,97.78987506541152,77.60222695917057,111.61210209040559,71.57284361104921,126.5137311550895,69.2600801757523,141.51325450930185,70.81626867189206,155.62271651698842,76.13890949603456,167.91278614654638,84.87742264128391,177.57396810460716,96.4562389306254,183.9699208927751,110.11271034239961,186.67936995079884,124.94734243392966,185.5238552433645,139.98304026442565,180.57948567345505,154.2294655369364,172.17192610841244,166.74826602457654,160.85494720224847,176.71488089255547,147.37395084737855,183.4728510588897,132.61687368111498,186.57705739836226,117.55570242689225,185.82303887070253,103.18245320914623,181.26045951099354
