future_x1,future_y1,future_x2,future_y2,future_x3,future_y3,future_x4,future_y4,future_x5,future_y5,future_x6,future_y6,future_x7,future_y7,future_x8,future_y8,future_x9,future_y9,future_x10,future_y10,future_x11,future_y11,future_x12,future_y12,future_x13,future_y13,future_x14,future_y14,future_x15,future_y15,future_x16,future_y16,future_x17,future_y17,future_x18,future_y18,future_x19,future_y19,future_x20,future_y20
155.89285150218774,80.55155208461184,167.05091211401293,89.21349928691636,175.63685307875775,100.43015046730852,181.08515450844578,113.46271189950347,183.03695965961347,127.45278347203487,181.3637113205385,141.4788979000744,176.17561933509887,154.61721390720763,167.8144015430102,166.00236577207195,156.8307762602469,174.88446133564918,143.94818877544708,180.6784742497835,130.01516104574566,183.0027772068112,115.94940311751111,181.704278128266,102.67736741809418,176.86850369741438,91.07322722364154,168.8139660756657,81.90129853513378,158.0711838435992,75.765697791962,145.34773896914973,73.07055125812187,131.48167135378722,73.99337692169888,117.38628066224128,78.47339213021144,103.98997110758512,86.21551708876534,92.17510136311425
