future_x1,future_y1,future_x2,future_y2,future_x3,future_y3,future_x4,future_y4,future_x5,future_y5,future_x6,future_y6,future_x7,future_y7,future_x8,future_y8,future_x9,future_y9,future_x10,future_y10,future_x11,future_y11,future_x12,future_y12,future_x13,future_y13,future_x14,future_y14,future_x15,future_y15,future_x16,future_y16,future_x17,future_y17,future_x18,future_y18,future_x19,future_y19,future_x20,future_y20
98.52728867171544,80.92637172881183,111.47916400469298,74.97520231372337,125.51919745099852,72.51655372665405,139.7226309469158,73.71236682874441,153.1539439534063,78.48387843092621,164.9284722667449,86.51680909454227,174.27067713584128,97.28206339864063,180.56522674410024,110.0705792342383,183.39752553304257,124.04003074881939,182.58102187129782,138.2703088142134,178.16949542742162,151.82412475228253,170.45351492889415,163.80874560546016,159.94129961983464,173.43479470901514,147.32524499287157,180.0682446181921,133.43631760468637,183.27217783438044,119.1893227972798,182.8355647265884,105.52265031041618,178.7871631673454,93.33646648876172,171.39362437236213,83.43342410362932,161.14192970434027,76.46579498442729,148.70731525493636
