future_x1,future_y1,future_x2,future_y2,future_x3,future_y3,future_x4,future_y4,future_x5,future_y5,future_x6,future_y6,future_x7,future_y7,future_x8,future_y8,future_x9,future_y9,future_x10,future_y10,future_x11,future_y11,future_x12,future_y12,future_x13,future_y13,future_x14,future_y14,future_x15,future_y15,future_x16,future_y16,future_x17,future_y17,future_x18,future_y18,future_x19,future_y19,future_x20,future_y20
43.29519178208872,125.48691673570666,46.72440072797302,104.01047966925373,55.50689220680992,84.11413160012297,69.06420037336952,67.1083614517062,86.50336225165461,54.113267914266245,106.67573345751384,45.98478324633041,128.25264458227102,43.258296609984,149.8129150689886,46.113390234303324,169.93646040968594,54.36201108780031,187.29782715046122,67.46085714217269,200.75349494629057,84.54716239615101,209.41719544571538,104.49552365015161,212.71828706664073,125.99202609064417,210.4393407618217,147.62078534316714,202.73046115744864,167.9572058322583,190.09939979154885,185.66181291162968,173.37811165170544,199.5684784360528,153.66795779251623,208.76122872695788,132.26716330639863,212.63457591341097,110.58530868663692,210.9333988763675
