future_x1,future_y1,future_x2,future_y2,future_x3,future_y3,future_x4,future_y4,future_x5,future_y5,future_x6,future_y6,future_x7,future_y7,future_x8,future_y8,future_x9,future_y9,future_x10,future_y10,future_x11,future_y11,future_x12,future_y12,future_x13,future_y13,future_x14,future_y14,future_x15,future_y15,future_x16,future_y16,future_x17,future_y17,future_x18,future_y18,future_x19,future_y19,future_x20,future_y20
49.186582070969365,68.35914422235751,66.96202039952425,50.26357629889638,88.75777420983043,37.288180270821655,113.13824869593972,30.28759100440793,138.49760435152314,29.722907926493463,163.16552687691495,35.63132434090781,185.51724377013178,47.623677661684255,204.08054127086072,64.9100819189115,217.63273290056776,86.35195423166797,225.28119268805924,110.53700848267141,226.52214869500312,135.87227667611438,221.27386435869252,160.68903105235495,209.88202213631712,183.35269618016156,193.0969548526526,202.3705115785639,172.02422442676075,216.4898535831527,148.05180314947611,224.7807404084111,122.75865377525032,226.6970861439075,97.81072987392692,222.1126691407729,74.85124646268942,211.3294457018395,55.39244833101789,195.0576614875712
