future_x1,future_y1,future_x2,future_y2,future_x3,future_y3,future_x4,future_y4,future_x5,future_y5,future_x6,future_y6,future_x7,future_y7,future_x8,future_y8,future_x9,future_y9,future_x10,future_y10,future_x11,future_y11,future_x12,future_y12,future_x13,future_y13,future_x14,future_y14,future_x15,future_y15,future_x16,future_y16,future_x17,future_y17,future_x18,future_y18,future_x19,future_y19,future_x20,future_y20
185.4407070489967,94.88032466474132,191.97868946437754,110.5909501976028,194.30266418423187,127.44823675858603,192.2595607496981,144.34186564800538,185.98394980715804,160.1591244495645,175.88917950468084,173.85819672610398,162.64014998472567,184.53678209482135,147.10951920297322,191.49152696567313,130.32022461217588,194.2643514897011,113.37810656636695,192.67262135569487,97.39907125901901,186.82117714557407,83.4355906665977,177.0954289253752,72.40738063769915,164.1359709021348,65.04082307102632,148.79638817265604,61.82112218903801,132.08703465649174,62.96034617268057,115.10848532467753,68.383459120559,98.97904594656579,77.7332633487662,84.76109498337047,90.39392650282318,73.39110917875611,105.53154384963327,65.6179817670136
