future_x1,future_y1,future_x2,future_y2,future_x3,future_y3,future_x4,future_y4,future_x5,future_y5,future_x6,future_y6,future_x7,future_y7,future_x8,future_y8,future_x9,future_y9,future_x10,future_y10,future_x11,future_y11,future_x12,future_y12,future_x13,future_y13,future_x14,future_y14,future_x15,future_y15,future_x16,future_y16,future_x17,future_y17,future_x18,future_y18,future_x19,future_y19,future_x20,future_y20
94.03251894180308,206.23100039321133,75.23969013134706,195.0091702271064,59.921961446670565,179.37372731944797,49.08824737313759,160.3545126577186,43.452119177355854,139.20424206992888,43.38480496338376,117.31599509186768,48.89073843591376,96.13145866616127,59.607266870759744,77.04596927549181,74.82853752738983,61.316607986055416,93.55198920582302,49.979401794873,114.54438674415958,43.781084880705976,136.42304904163458,43.12991435845126,157.74692045829596,48.06878009682691,177.11148710052504,58.272379742769346,193.24128625512694,73.0686450218258,205.07391576391896,91.48300805408631,211.83000999396702,112.30259204922703,213.06457338010287,134.156098409114,208.69629041472004,155.60412840980067,199.0128815589044,175.23399035295043
