future_x1,future_y1,future_x2,future_y2,future_x3,future_y3,future_x4,future_y4,future_x5,future_y5,future_x6,future_y6,future_x7,future_y7,future_x8,future_y8,future_x9,future_y9,future_x10,future_y10,future_x11,future_y11,future_x12,future_y12,future_x13,future_y13,future_x14,future_y14,future_x15,future_y15,future_x16,future_y16,future_x17,future_y17,future_x18,future_y18,future_x19,future_y19,future_x20,future_y20
82.58968796298414,78.5672236671735,96.6668887748682,68.63728479740908,112.80787008824268,62.617318776187474,129.9494932230666,60.903835493795796,146.9627114231669,63.609694900923984,162.7269354263828,70.55667339749343,176.2038419750843,81.28720267302008,186.5057638103222,95.09450781037926,192.95415658778228,111.0691595825766,195.12429174526173,128.15897473820772,192.87323159006138,145.23831889520147,186.349244004761,161.1822473522102,175.98203666421503,174.9406004736233,162.45445399490248,185.60717329624453,146.657501079103,192.47940344601267,129.6316568905204,195.10464597225752,112.49834231218078,193.30998717041732,96.38605685051697,187.21363368187815,82.35604911028153,177.2171267187284,71.33241680401937,163.9788942297705
