future_x1,future_y1,future_x2,future_y2,future_x3,future_y3,future_x4,future_y4,future_x5,future_y5,future_x6,future_y6,future_x7,future_y7,future_x8,future_y8,future_x9,future_y9,future_x10,future_y10,future_x11,future_y11,future_x12,future_y12,future_x13,future_y13,future_x14,future_y14,future_x15,future_y15,future_x16,future_y16,future_x17,future_y17,future_x18,future_y18,future_x19,future_y19,future_x20,future_y20
135.42353538525154,61.68074837109877,152.05873641670854,65.75428355087442,167.10928947782685,73.92768276860015,179.58387781997575,85.66259852934509,188.6608526767858,100.18610119456659,193.7423518191471,116.54158861267916,194.49367823044383,133.65179348700914,190.86534519399507,150.38973845031336,183.09633577534396,165.6529653329476,171.69836201096513,178.43614945445617,157.42216058456705,187.89731613995363,141.20804495329273,193.4132980573935,124.12397084768884,194.62078063370342,107.29519451096186,191.4402320605363,91.83015679401024,184.0811417206151,78.74747480975505,173.02822200151684,68.90884990002888,159.0094823255127,62.96231098555333,142.9482782250573,61.29953162133765,125.90249379007759,64.03003210383415,108.99486328391428
