future_x1,future_y1,future_x2,future_y2,future_x3,future_y3,future_x4,future_y4,future_x5,future_y5,future_x6,future_y6,future_x7,future_y7,future_x8,future_y8,future_x9,future_y9,future_x10,future_y10,future_x11,future_y11,future_x12,future_y12,future_x13,future_y13,future_x14,future_y14,future_x15,future_y15,future_x16,future_y16,future_x17,future_y17,future_x18,future_y18,future_x19,future_y19,future_x20,future_y20
156.19268669207077,39.87872180953606,177.69298519817022,49.95645782684619,195.92021537805186,65.17459434402795,209.67382609681144,84.53077659370707,218.04792475340707,106.75009410742865,220.49094462339627,130.36905371620077,216.84197424362395,153.83197370186144,207.34135597480176,175.59345002117612,192.61485565915396,194.22014558263294,173.6324460513251,208.48519814357982,151.6444187849312,217.4490285758386,128.09903291130757,220.52122699856977,104.54712415556176,217.49944059860803,82.53995787763299,208.58270176080606,63.52705373521229,194.35831864036487,48.76071190889459,175.76319164014484,39.2135293463796,154.02210371419275,35.514338884442324,130.56704905613913,37.90679066978518,106.94291365310733,46.2333039467063,84.70572013109948
