future_x1,future_y1,future_x2,future_y2,future_x3,future_y3,future_x4,future_y4,future_x5,future_y5,future_x6,future_y6,future_x7,future_y7,future_x8,future_y8,future_x9,future_y9,future_x10,future_y10,future_x11,future_y11,future_x12,future_y12,future_x13,future_y13,future_x14,future_y14,future_x15,future_y15,future_x16,future_y16,future_x17,future_y17,future_x18,future_y18,future_x19,future_y19,future_x20,future_y20
188.57786145862997,196.65022312450728,169.10989464685292,209.80774410818483,146.93419165206797,217.5769324124708,123.51137293799627,219.44606421844435,100.3842012454561,215.2920276605724,79.07596628706948,205.3884316884742,60.99015204858958,190.38758459400762,47.31799519051806,171.2775292024433,38.96002329003258,149.316964639321,36.466740869850085,125.95234110300913,40.002369976307065,102.72258826226752,49.33403356256919,81.15775241931053,63.84709412208058,62.678218782978576,82.58563728092628,48.50115665768459,104.31543386474507,39.5603496109899,127.60523339321222,36.444691069978006,150.92103454085705,39.35939638335917,172.72712336470727,48.112486147935115,191.58722433485838,62.12743108596726,206.25910177421247,80.48112560845895
