future_x1,future_y1,future_x2,future_y2,future_x3,future_y3,future_x4,future_y4,future_x5,future_y5,future_x6,future_y6,future_x7,future_y7,future_x8,future_y8,future_x9,future_y9,future_x10,future_y10,future_x11,future_y11,future_x12,future_y12,future_x13,future_y13,future_x14,future_y14,future_x15,future_y15,future_x16,future_y16,future_x17,future_y17,future_x18,future_y18,future_x19,future_y19,future_x20,future_y20
126.33818949567353,61.22483525176962,143.38863704384394,63.00096853615099,159.42549967070192,69.05831516021694,173.39249655700206,78.99790313029294,184.3696802506317,92.16505351270712,191.63402974338584,107.6925013868402,194.7070728295701,124.5575189447099,193.38640106158527,141.64927827832372,187.75900154467195,157.84201695076084,178.1955274614541,172.0691872420176,165.32588470278455,183.39370516999233,149.99774261102925,191.06967227855642,133.22070155896154,194.59150483761317,116.09979481146158,193.72723452098288,99.76270462323589,188.53378718625638,85.28548654265327,179.35323340752504,73.62169415001588,166.79025772267028,65.53957248617819,151.67233060127816,61.571456976775295,134.99520643849658,61.97871073245159,117.85733739315475
