future_x1,future_y1,future_x2,future_y2,future_x3,future_y3,future_x4,future_y4,future_x5,future_y5,future_x6,future_y6,future_x7,future_y7,future_x8,future_y8,future_x9,future_y9,future_x10,future_y10,future_x11,future_y11,future_x12,future_y12,future_x13,future_y13,future_x14,future_y14,future_x15,future_y15,future_x16,future_y16,future_x17,future_y17,future_x18,future_y18,future_x19,future_y19,future_x20,future_y20
118.43744634900995,44.45653369919623,140.0159826107692,44.773986303684524,160.80307654047996,50.57318705150642,179.4295695242227,61.47216693417151,194.66861266228895,76.75305590020723,205.51647415595176,95.40936594186509,211.25865090742957,116.21228423500233,211.5169298394866,137.7916098813152,206.27429920311081,158.72600328945313,195.87606907000713,177.63660384721362,181.00712720776812,193.2778496816576,162.64682839774952,204.6195175908756,142.00448844690703,210.91457952146925,120.43973163224248,211.74840617044055,99.3729379573155,207.06607687678635,80.19168868409282,197.17599701488155,64.15937218023893,182.72958462714976,52.33196983095688,164.67836425221796,45.488502978121986,144.21129399801924,44.07972205478248,122.6764538624113
