future_x1,future_y1,future_x2,future_y2,future_x3,future_y3,future_x4,future_y4,future_x5,future_y5,future_x6,future_y6,future_x7,future_y7,future_x8,future_y8,future_x9,future_y9,future_x10,future_y10,future_x11,future_y11,future_x12,future_y12,future_x13,future_y13,future_x14,future_y14,future_x15,future_y15,future_x16,future_y16,future_x17,future_y17,future_x18,future_y18,future_x19,future_y19,future_x20,future_y20
131.80545359433646,196.1415023926223,114.33664726749306,194.86597503580947,97.7677886270357,189.18626660356725,83.19019883633166,179.47647564718187,71.56404253886679,166.37614533571033,63.655085843904516,150.74813943220641,59.98425852751842,133.62180907990924,60.79334257508121,116.12519376360144,66.02904701687591,99.41072208421794,75.34651798055911,84.57930612471958,88.13205276805245,72.60782899278053,103.54352187597,64.28480163139064,120.56583653078674,60.158426913172065,138.07780832505628,60.50049181848934,154.92599719111388,65.28846596800132,170.00068365624998,74.2069856041696,182.30896140581547,86.66862527807662,191.04013585401395,101.85258909777363,195.6191211929972,118.75877310801434,195.7443188808488,136.27363793939966
