future_x1,future_y1,future_x2,future_y2,future_x3,future_y3,future_x4,future_y4,future_x5,future_y5,future_x6,future_y6,future_x7,future_y7,future_x8,future_y8,future_x9,future_y9,future_x10,future_y10,future_x11,future_y11,future_x12,future_y12,future_x13,future_y13,future_x14,future_y14,future_x15,future_y15,future_x16,future_y16,future_x17,future_y17,future_x18,future_y18,future_x19,future_y19,future_x20,future_y20
42.51565969215207,84.22521166537017,56.472534561459284,63.90923452206269,75.14062331030904,47.81464705080512,97.29033730056229,37.00153216401739,121.46276785512572,32.18210434635071,146.06577844808277,33.673799076426334,169.47887205394233,41.37836468443763,190.15992648393853,54.78833377718442,206.7467675008494,73.02044798493925,218.14688951765973,94.87383448238462,223.6094143542917,118.90910244040978,222.77454843117368,143.54314965754082,215.6972808619349,167.15343485612095,202.8437615513298,188.18484766498364,185.0605978578859,205.25213721127864,163.51909212121598,217.2311527802604,139.638092893979,223.33288690373703,114.99054134397548,223.15544396978444,91.19986822255628,216.71051139956512,69.83306529611633,204.42258984595938
