future_x1,future_y1,future_x2,future_y2,future_x3,future_y3,future_x4,future_y4,future_x5,future_y5,future_x6,future_y6,future_x7,future_y7,future_x8,future_y8,future_x9,future_y9,future_x10,future_y10,future_x11,future_y11,future_x12,future_y12,future_x13,future_y13,future_x14,future_y14,future_x15,future_y15,future_x16,future_y16,future_x17,future_y17,future_x18,future_y18,future_x19,future_y19,future_x20,future_y20
153.91786885180977,36.17513727790937,176.4357258327152,45.79585288558464,195.7633248838905,60.831010574591005,210.62763819217525,80.2903076248297,220.04961583963222,102.89204182880397,223.408671711637,127.14753183550204,220.4835588990572,151.4591703415748,211.46694230337314,174.22565177772816,196.95270860841543,193.94744358436765,177.89684945760894,209.32555412633295,155.55449429762797,219.3470918188006,131.39724027070642,223.35198004390622,107.01622428861675,221.07643362658865,84.01732152374458,212.67033325672423,63.91537315291336,198.6873534772668,48.03441012828762,180.04849446640594,37.42044481677284,157.98141962214441,32.77257455651751,133.93959452794425,34.39693505002661,109.50655327632339,42.18653649058071,86.29159772578234
