future_x1,future_y1,future_x2,future_y2,future_x3,future_y3,future_x4,future_y4,future_x5,future_y5,future_x6,future_y6,future_x7,future_y7,future_x8,future_y8,future_x9,future_y9,future_x10,future_y10,future_x11,future_y11,future_x12,future_y12,future_x13,future_y13,future_x14,future_y14,future_x15,future_y15,future_x16,future_y16,future_x17,future_y17,future_x18,future_y18,future_x19,future_y19,future_x20,future_y20
39.530368760335946,90.53905430339141,51.97854882309454,69.25532309116186,69.43394274044363,51.84085713956094,90.74683699195992,39.44267421572174,114.51344070381133,32.87739058185596,139.16834746056892,32.57743391017823,163.0876420542897,38.56256108744816,184.69586096214505,50.438556911777894,202.56976151494865,67.4231993930838,215.53206491707078,88.3977814318427,222.72899865854617,111.98079535945823,223.686530926208,136.6189270488988,218.3415930892594,160.68936619546298,207.04623376522747,182.6066940191348,190.54443085540555,200.92730814406764,169.92308884368077,214.44450662691787,146.54044896095354,222.26796834817583,121.93662753709022,223.88239472678197,97.73217500360988,219.18145027446263,75.52133703975363,208.4747664679511
