future_x1,future_y1,future_x2,future_y2,future_x3,future_y3,future_x4,future_y4,future_x5,future_y5,future_x6,future_y6,future_x7,future_y7,future_x8,future_y8,future_x9,future_y9,future_x10,future_y10,future_x11,future_y11,future_x12,future_y12,future_x13,future_y13,future_x14,future_y14,future_x15,future_y15,future_x16,future_y16,future_x17,future_y17,future_x18,future_y18,future_x19,future_y19,future_x20,future_y20
193.6888473165164,120.481122048803,193.4392395782951,137.4479686087592,188.8794238398633,153.7925171385788,180.30973602202226,168.43822084023907,168.2946254861917,180.42042869287837,153.6254771245049,188.94992296598147,137.26848615915972,193.46490167818985,120.30101891917056,193.66798213539556,103.84065124302336,189.54578828040445,88.97155844970247,181.36983171767181,76.6731052617604,169.67862838370849,67.75533916236597,155.24222876300772,62.805635968128854,139.0114978952668,62.15001184983511,122.05548588690857,65.8316500158779,105.49101406839245,73.60805641560388,90.40911466153705,84.96703180444345,77.80316906718295,99.16040815797285,68.5034780024674,115.25332735890322,63.1225730781629,132.18581637677784,62.01487191285071
