future_x1,future_y1,future_x2,future_y2,future_x3,future_y3,future_x4,future_y4,future_x5,future_y5,future_x6,future_y6,future_x7,future_y7,future_x8,future_y8,future_x9,future_y9,future_x10,future_y10,future_x11,future_y11,future_x12,future_y12,future_x13,future_y13,future_x14,future_y14,future_x15,future_y15,future_x16,future_y16,future_x17,future_y17,future_x18,future_y18,future_x19,future_y19,future_x20,future_y20
193.73422924100376,67.39399635142436,206.99494515680655,86.12070664596732,215.0525956521489,107.60583018646099,217.37645711453575,130.4342320788187,213.81346654489946,153.10230132293495,204.5983031747972,174.1169873571752,190.3379311306005,192.09414103111538,171.97162125449785,205.8496826994882,150.70908527713377,214.4775925777069,127.95079718422356,217.40958646164808,105.19574987423748,214.4525462225472,83.94272278887031,205.80123968743476,65.59156360305815,192.02549210001328,51.35098613506811,174.0326541239312,42.158957441450596,153.00783846359596,38.620917864555366,130.33586146537874,40.96990321879085,107.51003107827226,49.051195699802236,86.03378892812609,62.33251449674631,67.32168492912837,79.93907489481235,52.60620681917149
