future_x1,future_y1,future_x2,future_y2,future_x3,future_y3,future_x4,future_y4,future_x5,future_y5,future_x6,future_y6,future_x7,future_y7,future_x8,future_y8,future_x9,future_y9,future_x10,future_y10,future_x11,future_y11,future_x12,future_y12,future_x13,future_y13,future_x14,future_y14,future_x15,future_y15,future_x16,future_y16,future_x17,future_y17,future_x18,future_y18,future_x19,future_y19,future_x20,future_y20
176.43931128070665,91.56930518014782,184.11646162664087,105.09792286904653,188.09745621946217,120.13500423673183,188.1200836573672,135.69011985846586,184.18285356600998,150.73871956787977,176.54509476320385,164.28961527541946,165.7098743583418,175.4502663668443,152.39086283374965,183.48556760664533,137.46532756598188,187.8662674339654,121.91635090643734,188.30382754115027,106.76807867381655,184.76942768079627,93.01826396835669,177.49586393446253,81.57254936363896,166.9622154120458,73.18481603211121,153.86228932196275,68.40752875701601,139.05892280290112,67.55534739633964,123.52715146364034,70.68440155889344,108.28998788066778,77.58859358260975,94.35104005430323,87.81317332235575,82.62840796283008,100.68469063297329,73.8942121710623
