future_x1,future_y1,future_x2,future_y2,future_x3,future_y3,future_x4,future_y4,future_x5,future_y5,future_x6,future_y6,future_x7,future_y7,future_x8,future_y8,future_x9,future_y9,future_x10,future_y10,future_x11,future_y11,future_x12,future_y12,future_x13,future_y13,future_x14,future_y14,future_x15,future_y15,future_x16,future_y16,future_x17,future_y17,future_x18,future_y18,future_x19,future_y19,future_x20,future_y20
83.23400780888524,53.21561528723625,103.74252029076344,44.284571721351284,125.84877112934424,40.8675119827991,148.0967143828788,43.18950345190406,169.02097142506318,51.09760629820583,187.24334928356348,64.07094698505772,201.56361642551488,81.25502602288329,211.03855697007816,101.51800026341125,215.044096358928,123.52523265641018,213.31640652758716,145.82719918947114,205.96928315248647,166.95496294965497,193.48665040746963,185.51692683142466,176.69068690995306,200.29049219612858,156.6876722668631,210.30258631191765,134.79512108103708,214.8937545696792,112.45500379519304,213.76159598977935,91.13877015221067,206.98068110512878,72.25043097761444,194.99764031322198,57.03408188048648,178.6017462067872,46.49195989834567,158.87292750143254
