future_x1,future_y1,future_x2,future_y2,future_x3,future_y3,future_x4,future_y4,future_x5,future_y5,future_x6,future_y6,future_x7,future_y7,future_x8,future_y8,future_x9,future_y9,future_x10,future_y10,future_x11,future_y11,future_x12,future_y12,future_x13,future_y13,future_x14,future_y14,future_x15,future_y15,future_x16,future_y16,future_x17,future_y17,future_x18,future_y18,future_x19,future_y19,future_x20,future_y20
92.32008407609256,71.24194485624709,107.94127612888812,64.02984429672782,124.88365211750612,61.03118934971536,142.03128885886397,62.44348882835877,158.25474350577096,68.17372049476577,172.4854452059255,77.84445804430979,183.78607737814653,90.81873059189816,191.41231482076685,106.24197727020321,194.8618492880194,123.09833356657339,193.90747442552978,140.27754205395107,188.61205089907,156.64808038677197,179.3243660263921,171.13168992779356,166.65616062080053,182.774396118052,151.44183619183852,190.8093427763212,134.68349642063222,194.70730169654442,117.48494279719488,194.2115306880919,100.97897185000063,189.3546841060676,86.25276259405727,180.45666204601906,74.27626861312852,168.10353986756883,65.8383312889867,153.10896587079264
