future_x1,future_y1,future_x2,future_y2,future_x3,future_y3,future_x4,future_y4,future_x5,future_y5,future_x6,future_y6,future_x7,future_y7,future_x8,future_y8,future_x9,future_y9,future_x10,future_y10,future_x11,future_y11,future_x12,future_y12,future_x13,future_y13,future_x14,future_y14,future_x15,future_y15,future_x16,future_y16,future_x17,future_y17,future_x18,future_y18,future_x19,future_y19,future_x20,future_y20
190.92261116940912,177.6253701413395,176.21966026631446,192.00622408674656,158.3406827653155,202.17125674664067,138.4632918593068,207.4509400920377,117.89672784292655,207.4975235448357,97.9956239504773,202.3079388485539,80.0707823514681,192.22400216150703,65.30283711439132,177.90990006138114,54.66449079688877,160.30844236359883,48.85644661161936,140.5789631966289,48.2612560471739,120.02096052978561,52.91812180745073,99.98850369721757,62.52031569412114,81.80104653518607,76.4353815054229,66.656520496875,93.74679227114925,55.55243193642869,113.3143180366444,49.22016055288783,133.84912802326804,48.076786479715295,153.99868050135993,52.1976189672791,172.4358090360501,61.31123607868197,187.94613736894615,74.81736211332651
