future_x1,future_y1,future_x2,future_y2,future_x3,future_y3,future_x4,future_y4,future_x5,future_y5,future_x6,future_y6,future_x7,future_y7,future_x8,future_y8,future_x9,future_y9,future_x10,future_y10,future_x11,future_y11,future_x12,future_y12,future_x13,future_y13,future_x14,future_y14,future_x15,future_y15,future_x16,future_y16,future_x17,future_y17,future_x18,future_y18,future_x19,future_y19,future_x20,future_y20
183.7492820157637,47.23525967029147,202.46966438026467,64.08447126958004,216.2850425721428,85.14353043199509,224.28545562619894,109.02536533543598,225.94394991991544,134.15697976961886,221.15128739644527,158.88305979308487,210.22314061684037,181.57500231359487,193.87930073363344,200.73818433701712,173.19626786926972,215.1104075095945,149.5363465721377,223.74503382485784,124.45791653485642,226.0733366951709,99.61278866591574,221.9419605845675,76.63740723940083,211.62302189413657,57.04506418030779,195.79618579700306,42.12622487821582,175.5038995465808,32.8635306493767,152.0827308521337,29.867076278294704,127.07533377461394,33.33422563542025,102.12884057965559,43.03661214752739,78.88637204981993,58.33518034522021,58.87881201639104
