future_x1,future_y1,future_x2,future_y2,future_x3,future_y3,future_x4,future_y4,future_x5,future_y5,future_x6,future_y6,future_x7,future_y7,future_x8,future_y8,future_x9,future_y9,future_x10,future_y10,future_x11,future_y11,future_x12,future_y12,future_x13,future_y13,future_x14,future_y14,future_x15,future_y15,future_x16,future_y16,future_x17,future_y17,future_x18,future_y18,future_x19,future_y19,future_x20,future_y20
180.7961279082908,195.60488471566086,161.8504973230983,206.81621273891125,140.6752765820093,212.83624769575778,118.6651885826709,213.2684751554131,97.2699454242981,208.08442610958002,77.89876195752089,197.6255521065165,61.82753671799006,182.58073527094925,50.1148138459931,163.94091453040795,43.532061227660705,142.93381662800033,42.51285714387727,120.94309091575747,47.124332289071404,99.41717418032533,57.06274815418223,79.77388819229334,71.67350300717152,63.30705373811391,89.994247761126,51.10127207629685,110.81827186871686,43.96048680561583,132.77398428024364,42.355031475174286,154.41525438818468,46.39065068796414,174.31666257955615,55.80153514777518,191.1673866419564,69.96782940168455,203.8575401199324,87.95645911661599
