future_x1,future_y1,future_x2,future_y2,future_x3,future_y3,future_x4,future_y4,future_x5,future_y5,future_x6,future_y6,future_x7,future_y7,future_x8,future_y8,future_x9,future_y9,future_x10,future_y10,future_x11,future_y11,future_x12,future_y12,future_x13,future_y13,future_x14,future_y14,future_x15,future_y15,future_x16,future_y16,future_x17,future_y17,future_x18,future_y18,future_x19,future_y19,future_x20,future_y20
181.02392451163172,171.56632008699358,168.18912496717593,183.62728692746316,152.7072364731653,192.0243178987226,135.59798603246952,196.20433582103118,117.98828814779858,195.89202046136268,101.03801969414249,191.10794272137343,85.86362369812372,182.167209718466,73.46457392260575,169.65871000276732,64.65754372568686,154.4063259404698,60.02261521494158,137.41466804097246,59.86507167416352,119.80290547994444,64.19528983502343,102.73105112393998,72.72805640531513,87.3235563525574,84.90135387120128,74.59524816645823,99.91337823152709,65.38448679302914,116.77535046144523,60.29794641759955,134.3766432359201,59.67065610164698,151.5579332892896,63.54393282494672,167.18756117197583,71.6626601095663,180.2360689077799,83.49209147129838
