future_x1,future_y1,future_x2,future_y2,future_x3,future_y3,future_x4,future_y4,future_x5,future_y5,future_x6,future_y6,future_x7,future_y7,future_x8,future_y8,future_x9,future_y9,future_x10,future_y10,future_x11,future_y11,future_x12,future_y12,future_x13,future_y13,future_x14,future_y14,future_x15,future_y15,future_x16,future_y16,future_x17,future_y17,future_x18,future_y18,future_x19,future_y19,future_x20,future_y20
111.83374921096413,214.77250992558643,90.28067588862369,207.80018002448958,71.212016101573,195.57174726253564,55.88374242065923,178.8926471713761,45.30546388588114,158.86146205594756,40.173927297214945,136.797561989842,40.82712542780982,114.1542034472119,47.22203485890017,92.42280939951469,58.937449751782566,73.03473554532427,75.20172490821749,57.26699291920032,94.94360080030329,46.158136535692876,116.86276293848324,40.439860130333415,139.51548812831442,40.48880256489089,161.40973645660438,46.30174020665899,181.10342569698065,57.495799255609924,197.29941521235247,73.3336740343201,208.930943163328,92.77219021775312,215.231889632381,114.53101434687466,215.7872377266682,137.1769840188071,210.56040899854375,159.21850427796267
