future_x1,future_y1,future_x2,future_y2,future_x3,future_y3,future_x4,future_y4,future_x5,future_y5,future_x6,future_y6,future_x7,future_y7,future_x8,future_y8,future_x9,future_y9,future_x10,future_y10,future_x11,future_y11,future_x12,future_y12,future_x13,future_y13,future_x14,future_y14,future_x15,future_y15,future_x16,future_y16,future_x17,future_y17,future_x18,future_y18,future_x19,future_y19,future_x20,future_y20
152.82797548917168,50.8791172926328,171.63924584332403,59.738186819567076,187.57618226925283,73.09337542085504,199.58908566708237,90.06503288777566,206.88671651959413,109.53530738919284,208.98841051763998,130.2217736789835,205.75573790037998,150.76190106343964,197.40162124250494,169.8027975782278,184.47631113808882,186.09031930268748,167.83114350387183,198.5516755550736,148.56246565629868,206.36608911122167,127.93942451619688,209.01885735472428,107.3203732289202,206.33525357757668,88.063402144966,198.49203549493868,71.4368871097867,186.00580295645761,58.535946871428706,169.6989716828296,50.21031220586549,150.64560419475444,47.0083577178965,130.10066582353895,49.14098270799178,109.41736541302205,56.46772012071192,89.95802513373421
