future_x1,future_y1,future_x2,future_y2,future_x3,future_y3,future_x4,future_y4,future_x5,future_y5,future_x6,future_y6,future_x7,future_y7,future_x8,future_y8,future_x9,future_y9,future_x10,future_y10,future_x11,future_y11,future_x12,future_y12,future_x13,future_y13,future_x14,future_y14,future_x15,future_y15,future_x16,future_y16,future_x17,future_y17,future_x18,future_y18,future_x19,future_y19,future_x20,future_y20
140.81119431234208,62.54597249755051,157.04874590851549,67.96228870832513,171.37297855694717,77.33303692642906,182.84041518553153,90.04100530469063,190.69574388329661,105.2491733134799,194.42156712521654,121.95584276922312,193.7724805751746,139.06061548867333,188.79123683938604,155.43687189782528,179.80592953170543,170.00597673374554,167.4083831245968,181.80832422130422,152.41517195558694,190.06654327718857,135.8138359035919,194.23669967979788,118.69783528273834,194.04412273301034,102.19452920176623,189.50149667188194,87.3909211521361,180.9080252053313,75.26206265123304,168.82972422387311,66.60683069214637,154.06214070902888,61.99530906976652,137.57795339330667,61.73123935441143,120.46290649535965,65.83201470967944,103.84429630620363
