future_x1,future_y1,future_x2,future_y2,future_x3,future_y3,future_x4,future_y4,future_x5,future_y5,future_x6,future_y6,future_x7,future_y7,future_x8,future_y8,future_x9,future_y9,future_x10,future_y10,future_x11,future_y11,future_x12,future_y12,future_x13,future_y13,future_x14,future_y14,future_x15,future_y15,future_x16,future_y16,future_x17,future_y17,future_x18,future_y18,future_x19,future_y19,future_x20,future_y20
168.12095592285368,74.98148399062424,180.2940120198837,86.93918594493942,189.02268107293645,101.60139134971914,193.73204229402444,118.00236228619072,194.11190982918876,135.06183564926383,190.13726339855398,151.65617554336973,182.06989627712952,166.69238246193243,170.44117207077767,179.18008457650927,156.01702602614543,188.2967693715865,139.7475160913122,193.4419590911241,122.70424658705743,194.27676168755764,106.00978612879251,190.74619221832154,90.76372874435327,183.08279447319188,77.97026823142976,171.79132429106153,68.47205612767016,157.61550341177318,62.894699791306195,141.48903364722082,61.605556270740294,124.47409786265037,64.68953603790732,107.69139845029787,71.9435102919442,92.24634136748193,82.88969020057604,79.15622768663343
