future_x1,future_y1,future_x2,future_y2,future_x3,future_y3,future_x4,future_y4,future_x5,future_y5,future_x6,future_y6,future_x7,future_y7,future_x8,future_y8,future_x9,future_y9,future_x10,future_y10,future_x11,future_y11,future_x12,future_y12,future_x13,future_y13,future_x14,future_y14,future_x15,future_y15,future_x16,future_y16,future_x17,future_y17,future_x18,future_y18,future_x19,future_y19,future_x20,future_y20
193.97427186665408,162.5446269388803,183.00919525630744,178.19884695822248,168.4208938804103,190.54667966079583,151.17023790959834,198.7748251420956,132.39345563523668,202.3413300006316,113.32729488169952,201.01128353338953,95.22756361898738,194.87229031769496,79.28641516356186,184.32870006546167,66.55382604400667,170.0749748051191,57.868438454820264,153.04994758310414,53.80232241565878,134.37498547227733,54.62329592066027,115.28012983027708,60.27728489145798,97.02307863894715,70.39188480972192,80.80634721802886,84.30088943944493,67.69806358915177,101.08817103501025,58.56161536699793,119.64802182991941,53.99878204159003,138.7579823656851,54.31009828951319,157.15935976452087,59.47505901640747,173.6401325452715,69.15346994145155
