future_x1,future_y1,future_x2,future_y2,future_x3,future_y3,future_x4,future_y4,future_x5,future_y5,future_x6,future_y6,future_x7,future_y7,future_x8,future_y8,future_x9,future_y9,future_x10,future_y10,future_x11,future_y11,future_x12,future_y12,future_x13,future_y13,future_x14,future_y14,future_x15,future_y15,future_x16,future_y16,future_x17,future_y17,future_x18,future_y18,future_x19,future_y19,future_x20,future_y20
129.7553386615975,55.49708578347557,148.151085322161,58.331588621208056,165.21956458585046,65.75485725178787,179.83654737622984,77.27795213304694,191.03927439829468,92.1418953785604,198.08986905161615,109.36766144487227,200.52393826444063,127.82066143414032,198.18116011582495,146.2854737018908,191.21584356754838,163.5458985784415,180.08676478057868,178.46506433562,165.5269494552707,190.06030815494842,148.495391505691,197.567900002329,130.11388815630912,200.49334631928792,111.59315186807295,198.64396023781143,94.15306579111959,192.14155305545165,78.94233518268395,181.41441103651215,66.96282701402752,167.1690859937537,59.003581198811204,150.34385768654465,55.58883984634832,132.0469332719736,56.94351763460401,113.48345435161082
