future_x1,future_y1,future_x2,future_y2,future_x3,future_y3,future_x4,future_y4,future_x5,future_y5,future_x6,future_y6,future_x7,future_y7,future_x8,future_y8,future_x9,future_y9,future_x10,future_y10,future_x11,future_y11,future_x12,future_y12,future_x13,future_y13,future_x14,future_y14,future_x15,future_y15,future_x16,future_y16,future_x17,future_y17,future_x18,future_y18,future_x19,future_y19,future_x20,future_y20
193.8868518546683,86.58143256121724,202.25892520923531,104.71509066435524,205.7398748957022,124.3824279964915,204.10042537108245,144.28803961010382,197.44856029323168,163.12082643101337,186.22241009061503,179.6403518504691,171.1613941502349,192.7585440772727,153.25751836665214,201.6113628589923,133.69003587812114,205.61571018618392,113.74777461279797,204.5078365104673,94.74424760356625,198.36071282006097,77.93113739862254,187.5792243471194,64.41585298653038,172.87350247718004,55.08858941499386,155.21215137589556,50.56369438006173,135.75845009879663,51.13920372239177,115.7937322832897,56.77721105756524,96.63299008095619,67.10636451050019,79.538261144776,81.44632610454615,65.63550350691719,98.85258276797927,55.84043344987097
