future_x1,future_y1,future_x2,future_y2,future_x3,future_y3,future_x4,future_y4,future_x5,future_y5,future_x6,future_y6,future_x7,future_y7,future_x8,future_y8,future_x9,future_y9,future_x10,future_y10,future_x11,future_y11,future_x12,future_y12,future_x13,future_y13,future_x14,future_y14,future_x15,future_y15,future_x16,future_y16,future_x17,future_y17,future_x18,future_y18,future_x19,future_y19,future_x20,future_y20
142.3966045945445,188.8990459523656,126.42236227386833,190.55771000416405,110.5520323273644,188.09596031227608,95.83092676571947,181.67594199459845,83.2286630137789,171.7205147067853,73.57529928117982,158.88540065187522,67.50666211262724,144.01599491146743,65.42246716256383,128.09168282062177,67.45999160300002,112.1613319672653,73.48503225247397,97.27420768725082,83.10074497623857,84.41086236146403,95.67378314348363,74.41855054680327,110.37601351114827,67.95542387525106,126.23906188417745,65.4471813687645,142.2180958585615,67.05903043176326,157.26064354563468,72.6848053329349,170.3759154771418,81.95395989627193,180.70006374824501,94.25597382215763,187.55308005260966,108.78056509656264,190.48358497490335,124.57105986578449
