future_x1,future_y1,future_x2,future_y2,future_x3,future_y3,future_x4,future_y4,future_x5,future_y5,future_x6,future_y6,future_x7,future_y7,future_x8,future_y8,future_x9,future_y9,future_x10,future_y10,future_x11,future_y11,future_x12,future_y12,future_x13,future_y13,future_x14,future_y14,future_x15,future_y15,future_x16,future_y16,future_x17,future_y17,future_x18,future_y18,future_x19,future_y19,future_x20,future_y20
94.57085131994447,47.57865898235008,116.14073558634014,41.71872787147085,138.49173981503628,41.54178195102571,160.15169718594015,47.059475905983845,179.69395723450003,57.90838239854865,195.83135332879445,73.37392950124779,207.50098293211266,92.43746655005678,213.93421653103434,113.84335838739631,214.70732403480403,136.1816887788461,209.7693840976189,157.98112567677322,199.4456380939046,177.80583168570934,184.41606783433164,194.35003664401768,165.6706080184778,206.52404322287916,144.4439433918656,213.52600071484414,122.13418524492258,214.894719573801,100.21078369148078,210.5400480343253,80.1177411584792,200.74881003002045,63.1785020079259,186.1659133050787,50.508782812548404,167.75187204846594,42.94308478886833,146.71954185648679
