future_x1,future_y1,future_x2,future_y2,future_x3,future_y3,future_x4,future_y4,future_x5,future_y5,future_x6,future_y6,future_x7,future_y7,future_x8,future_y8,future_x9,future_y9,future_x10,future_y10,future_x11,future_y11,future_x12,future_y12,future_x13,future_y13,future_x14,future_y14,future_x15,future_y15,future_x16,future_y16,future_x17,future_y17,future_x18,future_y18,future_x19,future_y19,future_x20,future_y20
101.61646309382282,36.04382317615644,125.89017936439596,32.357027792821185,150.3028606633098,34.96983348412952,173.2465461566785,43.710145707628854,193.21003159755315,58.00227678857178,208.87840600570468,76.9048640503424,219.21965933395782,99.17287342216913,223.5526566376696,123.33960460677281,221.59200157416095,147.81329647181042,213.46683426172854,170.98196967352504,199.71232536217678,191.31960096910666,181.2344266359367,207.48663596152923,159.25019970278296,218.4182199242707,135.20765330205725,223.39433531198245,110.69036903571042,222.08722629357135,87.31319749597475,214.58298665289874,66.61589483591959,201.37588915265502,49.96170549547176,183.33582986241478,38.447571012992654,161.65103175631623,32.83187909105486,137.74978145385816
