future_x1,future_y1,future_x2,future_y2,future_x3,future_y3,future_x4,future_y4,future_x5,future_y5,future_x6,future_y6,future_x7,future_y7,future_x8,future_y8,future_x9,future_y9,future_x10,future_y10,future_x11,future_y11,future_x12,future_y12,future_x13,future_y13,future_x14,future_y14,future_x15,future_y15,future_x16,future_y16,future_x17,future_y17,future_x18,future_y18,future_x19,future_y19,future_x20,future_y20
147.73177525619735,178.28339558523587,134.2837422128345,181.64957977603405,120.4218254487629,181.48209136536624,107.05905122956533,177.79196211173476,95.07556939677046,170.82224533808943,85.26068159261834,161.03200702977108,78.2608532743368,149.06608908519442,74.53713374830463,135.7126362870119,74.33478878770595,121.8511845138866,77.66714600565966,108.39472940439695,84.3147170212961,96.22959116704723,93.8396542380019,86.15703638886058,105.61459002654554,78.84050196897078,118.86395879715545,74.76189731515288,132.71508024913075,74.18986299416571,146.2556391587811,77.1620765053609,158.5937757533434,83.48277062196551,168.91682877024687,92.73562775649202,176.54486204295313,104.31120105254283,180.97544904190943,117.4470560908126
