future_x1,future_y1,future_x2,future_y2,future_x3,future_y3,future_x4,future_y4,future_x5,future_y5,future_x6,future_y6,future_x7,future_y7,future_x8,future_y8,future_x9,future_y9,future_x10,future_y10,future_x11,future_y11,future_x12,future_y12,future_x13,future_y13,future_x14,future_y14,future_x15,future_y15,future_x16,future_y16,future_x17,future_y17,future_x18,future_y18,future_x19,future_y19,future_x20,future_y20
43.51759401434035,121.64245615724303,47.91797672519081,100.34923449429796,57.593026128632374,80.87725267861649,71.90548733585703,64.50904840994502,89.91265861017555,52.322726590518826,110.42848317299618,45.120949080984744,132.1016697848206,43.37806673317672,153.5046966265379,47.208875890809225,173.22783616896237,56.36105723622174,189.97200800724005,70.23179500461369,202.63434383361962,87.90748192787778,210.38082874310038,108.22389471007071,212.7012342940696,129.84287652856293,209.44272511383699,151.34047580642658,200.81992552303808,171.30073592512701,187.40078313261324,188.4089583428704,170.06916051890488,201.5382962684955,149.96661890614897,209.823975329181,128.41722832086526,212.72025262808575,106.84035665759077,210.03636253796506
