future_x1,future_y1,future_x2,future_y2,future_x3,future_y3,future_x4,future_y4,future_x5,future_y5,future_x6,future_y6,future_x7,future_y7,future_x8,future_y8,future_x9,future_y9,future_x10,future_y10,future_x11,future_y11,future_x12,future_y12,future_x13,future_y13,future_x14,future_y14,future_x15,future_y15,future_x16,future_y16,future_x17,future_y17,future_x18,future_y18,future_x19,future_y19,future_x20,future_y20
164.72107501851355,83.30732212682821,174.88699372039807,94.12548707577108,181.96466297528707,107.17482398744059,185.48790642107957,121.59582781996008,185.22466280240945,136.43864758956892,181.19227087135428,150.72564906749363,173.6563273566234,163.51580744253525,163.11319322199745,173.96668867500762,150.25730045335374,181.389937090425,135.93541273893518,185.29661447810983,121.09085269988778,185.42940439858097,106.70136918922738,181.77956053722275,93.71473707943457,174.5874827873121,82.98633131031815,164.32688311823568,75.22278693255325,151.6735841566867,70.93545602331304,137.4610055873126,70.40672707158006,122.62527029675618,73.67142523382465,108.14354588889307,80.5145185471472,94.96968275687966,90.48528118197903,83.97138796197156
