future_x1,future_y1,future_x2,future_y2,future_x3,future_y3,future_x4,future_y4,future_x5,future_y5,future_x6,future_y6,future_x7,future_y7,future_x8,future_y8,future_x9,future_y9,future_x10,future_y10,future_x11,future_y11,future_x12,future_y12,future_x13,future_y13,future_x14,future_y14,future_x15,future_y15,future_x16,future_y16,future_x17,future_y17,future_x18,future_y18,future_x19,future_y19,future_x20,future_y20
175.26430421435657,188.97721206433727,158.1877382342212,198.99884016171347,139.12283266328544,204.34407270738805,119.32531279794094,204.66084167260905,100.09915816267224,199.92828281541844,82.7107148528228,190.45810992068263,68.30528663335531,176.87408352164294,57.831698587782526,160.07092641210414,51.97980199304703,141.1553920120255,51.13503671185798,121.37336716582395,55.35304388700288,102.0278108061205,64.35600109284823,84.39293351860431,77.55092133223064,69.63027063982891,94.06871060062892,58.7121768006634,112.8214114598265,52.357781008655536,132.57386222717773,50.98562063917416,152.0250518904763,54.686074135493726,169.89381224177308,63.21540816013838,185.0032030489333,76.01183128664289,196.35803216799246,92.23249684243939
