future_x1,future_y1,future_x2,future_y2,future_x3,future_y3,future_x4,future_y4,future_x5,future_y5,future_x6,future_y6,future_x7,future_y7,future_x8,future_y8,future_x9,future_y9,future_x10,future_y10,future_x11,future_y11,future_x12,future_y12,future_x13,future_y13,future_x14,future_y14,future_x15,future_y15,future_x16,future_y16,future_x17,future_y17,future_x18,future_y18,future_x19,future_y19,future_x20,future_y20
180.19319402927022,143.45147104988234,174.5415881725321,156.22690261011326,165.8244832822404,167.14314659060915,154.6160384635273,175.4811958262472,141.65450692408385,180.69185801660961,127.79361033452086,182.431928717329,113.94630776580902,180.58679677608288,101.0246629078298,175.2779932880636,89.87977026293416,166.85518685292507,81.24569712390968,155.8731523720087,75.69113364299601,143.05523035451455,73.58193559888791,129.24568351470873,75.05702701243781,115.35408873110913,80.01924980459872,102.295427035858,88.14176319122598,90.92981765518151,98.88957131346953,82.00586556669617,111.5547611690992,76.1113540321485,125.30312987019073,73.63452978143809,139.2291300854004,74.73853083036899,152.4155146412382,79.35064126439194
