future_x1,future_y1,future_x2,future_y2,future_x3,future_y3,future_x4,future_y4,future_x5,future_y5,future_x6,future_y6,future_x7,future_y7,future_x8,future_y8,future_x9,future_y9,future_x10,future_y10,future_x11,future_y11,future_x12,future_y12,future_x13,future_y13,future_x14,future_y14,future_x15,future_y15,future_x16,future_y16,future_x17,future_y17,future_x18,future_y18,future_x19,future_y19,future_x20,future_y20
83.27272136583684,94.78837174880564,93.1987959414176,84.49807014411306,105.41707973453961,77.07305803999755,119.12280568352351,73.00238981390994,133.41323515609466,72.55418329343124,147.34711755343727,75.75795996051572,160.00668653581326,82.40270049540445,170.55810943862338,92.0507437333711,178.30640832962575,104.0666135683527,182.74123528786254,117.65887509637025,183.57048687878705,131.93226311023994,180.73954378126382,145.94664946049141,174.4348683329623,158.77896534996023,165.07172303893486,169.58400000045816,153.26681897366092,177.6500711385779,139.7976956114918,182.44590051943476,125.55150756556098,183.65560699437293,111.46659143763199,181.19951227617992,98.47066152524428,175.23938901337434,87.41970517543186,166.16780550496358
