future_x1,future_y1,future_x2,future_y2,future_x3,future_y3,future_x4,future_y4,future_x5,future_y5,future_x6,future_y6,future_x7,future_y7,future_x8,future_y8,future_x9,future_y9,future_x10,future_y10,future_x11,future_y11,future_x12,future_y12,future_x13,future_y13,future_x14,future_y14,future_x15,future_y15,future_x16,future_y16,future_x17,future_y17,future_x18,future_y18,future_x19,future_y19,future_x20,future_y20
208.2350616239439,88.85124820134973,215.55688978165793,110.56208346868804,217.11171316910844,133.42148109440058,212.79712209683862,155.92378851954444,202.89730056633098,176.58687321764052,188.06430826282067,194.04974454227096,169.2751321211445,207.1621964675846,147.76733629768785,215.06056683070994,124.95754901463908,217.22462313281056,102.34815520593166,213.51182806987245,81.42834072858649,204.16672786655445,63.57600594183418,189.8048450429561,49.967009194842404,171.37213653018017,41.49771797340648,150.08268745832524,38.72596893660115,127.33874446566094,41.83432555781026,104.63835559912431,50.61805343512786,83.47670017820252,64.49860528694646,65.24760760984984,82.56172743268252,51.15175169668106,103.61767784472306,42.117567293964655
