future_x1,future_y1,future_x2,future_y2,future_x3,future_y3,future_x4,future_y4,future_x5,future_y5,future_x6,future_y6,future_x7,future_y7,future_x8,future_y8,future_x9,future_y9,future_x10,future_y10,future_x11,future_y11,future_x12,future_y12,future_x13,future_y13,future_x14,future_y14,future_x15,future_y15,future_x16,future_y16,future_x17,future_y17,future_x18,future_y18,future_x19,future_y19,future_x20,future_y20
202.77656337384235,64.63023365288983,216.44292619666498,85.74943168830897,224.28392475010625,109.65149729254517,225.78310537558957,134.76210174398074,220.8417233388032,159.4273149405214,209.78524673082384,182.02254283230167,193.34191925125666,201.05953261178072,172.59479385287497,215.284397678561,148.91039659022564,223.76020588599985,123.84871928502737,225.92869132851257,99.06046941364556,221.64702497319954,76.17834493520603,211.19722220864776,56.70949533105464,195.26756767519305,41.93625199530257,174.90728084501956,32.83166644910372,151.45740834011613,29.995419521769605,126.46249482093252,33.61432289197414,101.56885031352056,43.45001458670602,78.41611467924913,58.854658883798635,58.52926142026591,78.8136165313658,43.21815407667708
