future_x1,future_y1,future_x2,future_y2,future_x3,future_y3,future_x4,future_y4,future_x5,future_y5,future_x6,future_y6,future_x7,future_y7,future_x8,future_y8,future_x9,future_y9,future_x10,future_y10,future_x11,future_y11,future_x12,future_y12,future_x13,future_y13,future_x14,future_y14,future_x15,future_y15,future_x16,future_y16,future_x17,future_y17,future_x18,future_y18,future_x19,future_y19,future_x20,future_y20
146.51831220571052,196.76819208164653,128.40546272321862,199.21676578662135,110.26590711326153,196.9745900938232,93.29442175487638,190.1893477035899,78.60884714313255,179.30795404804167,67.17646042836265,165.047120847697,59.750264930853476,148.34614931916383,56.81939297321074,130.30506234713937,58.576888787624725,112.1121505948547,64.90699350268258,94.96570478645164,75.39276969428164,79.99508932736664,89.34356330347043,68.18635581195873,105.84049411997898,60.31729594438683,123.79697856425398,56.90621166418926,142.03029838641768,58.17777677333322,159.33950135239627,64.04823861605098,174.584502926023,74.13093451467944,186.76117885143776,87.76175961705403,195.0675026025392,104.04290869523608,198.95637150339394,121.90201080693434
