future_x1,future_y1,future_x2,future_y2,future_x3,future_y3,future_x4,future_y4,future_x5,future_y5,future_x6,future_y6,future_x7,future_y7,future_x8,future_y8,future_x9,future_y9,future_x10,future_y10,future_x11,future_y11,future_x12,future_y12,future_x13,future_y13,future_x14,future_y14,future_x15,future_y15,future_x16,future_y16,future_x17,future_y17,future_x18,future_y18,future_x19,future_y19,future_x20,future_y20
212.00752810393783,83.55044875272988,220.55428575773988,106.39602878884928,223.0048811471642,130.6645717162047,219.19790384139228,154.75761049035893,209.38410345404577,177.088237788688,194.20987381877245,196.18562893396106,174.67467774095434,210.79191894137773,152.06521657841427,219.94505280465944,127.8706806244874,223.04215202065194,103.68466239494896,219.87922366547286,81.10019337882575,210.6645965520552,61.604817741676484,196.0051994857864,46.48261403607867,176.86658541198352,36.72961833781952,154.50933449669208,32.98821953093183,130.4060250030275,35.504847848611206,106.14424074279192,44.113743548257986,83.32200359539192,58.24787480987068,63.442518515061906,76.97628574165688,47.815163730911365,99.06541453651718,37.46924749968103
