future_x1,future_y1,future_x2,future_y2,future_x3,future_y3,future_x4,future_y4,future_x5,future_y5,future_x6,future_y6,future_x7,future_y7,future_x8,future_y8,future_x9,future_y9,future_x10,future_y10,future_x11,future_y11,future_x12,future_y12,future_x13,future_y13,future_x14,future_y14,future_x15,future_y15,future_x16,future_y16,future_x17,future_y17,future_x18,future_y18,future_x19,future_y19,future_x20,future_y20
75.9648677239272,58.02127357509565,95.48963041764918,47.08181284371875,117.15571467877709,41.47209340962935,139.53606649022052,41.561603942615804,161.15658602981097,47.34444875963126,180.59322043738715,58.43973614868614,196.5657601985878,74.1166661069515,208.02216117130604,93.34266506908648,214.20783831688962,114.851397193275,214.71536704894015,137.226172587134,209.51131858045892,158.99325872371168,198.93846173771712,178.71894901638285,183.69318621659653,195.10399505307788,164.77963431673263,207.06918263500276,143.44356230357914,213.82641508542383,121.09028767282318,214.93062186937155,99.19212678641988,210.3090735213943,79.19141957451504,200.2661720301343,62.40552865914029,185.4634011571986,49.94007020852055,166.87575727866016
