future_x1,future_y1,future_x2,future_y2,future_x3,future_y3,future_x4,future_y4,future_x5,future_y5,future_x6,future_y6,future_x7,future_y7,future_x8,future_y8,future_x9,future_y9,future_x10,future_y10,future_x11,future_y11,future_x12,future_y12,future_x13,future_y13,future_x14,future_y14,future_x15,future_y15,future_x16,future_y16,future_x17,future_y17,future_x18,future_y18,future_x19,future_y19,future_x20,future_y20
67.53691945880587,141.02263074916402,66.21360377204255,125.2045999710516,68.95989862846537,109.57069045788981,75.5949171146968,95.15064219890286,85.68163841654047,82.89424323823425,98.55569254541967,73.60877112364398,113.36911960053139,67.90582092335028,129.14622132782034,66.16102202633319,144.8478262680249,68.48929701135728,159.43973561832715,74.73729217914573,171.96084156596328,84.4934783167825,181.58643142516914,97.11525639938635,187.6825079996867,111.77128289027956,189.8475483165917,127.49622684980837,187.9389502589458,143.2543522319246,182.0824251686006,158.00773746957137,172.66371776784626,170.78463901114714,160.30319877388445,180.74349598893602,145.8150036839772,187.22836030061848,130.15340908794357,189.81210115713557
