future_x1,future_y1,future_x2,future_y2,future_x3,future_y3,future_x4,future_y4,future_x5,future_y5,future_x6,future_y6,future_x7,future_y7,future_x8,future_y8,future_x9,future_y9,future_x10,future_y10,future_x11,future_y11,future_x12,future_y12,future_x13,future_y13,future_x14,future_y14,future_x15,future_y15,future_x16,future_y16,future_x17,future_y17,future_x18,future_y18,future_x19,future_y19,future_x20,future_y20
77.00861003039722,151.62951791870273,72.6736825936014,137.87292106465134,71.98286742711896,123.4660363461239,74.98166562595688,109.35778478011375,81.47255894156982,96.47741767150566,91.02801947971936,85.67331073057582,103.01866916812598,77.65708512639678,116.65473424799394,72.95673598778177,131.03806435605824,71.88185558065156,145.2212899186385,74.50324176512562,158.27022140843314,80.64823483768703,169.32538048700243,89.91208990103449,177.65861023487247,101.68463571136778,182.7210357910527,115.19046409674698,184.17921643597904,129.54000283825167,181.93710793194214,143.78810805766238,176.14238855383923,156.99631687703754,167.17673214114973,168.29466002887983,155.63066884437885,176.938963079684,142.26468938306093,182.35986207586615
