future_x1,future_y1,future_x2,future_y2,future_x3,future_y3,future_x4,future_y4,future_x5,future_y5,future_x6,future_y6,future_x7,future_y7,future_x8,future_y8,future_x9,future_y9,future_x10,future_y10,future_x11,future_y11,future_x12,future_y12,future_x13,future_y13,future_x14,future_y14,future_x15,future_y15,future_x16,future_y16,future_x17,future_y17,future_x18,future_y18,future_x19,future_y19,future_x20,future_y20
59.788227785059945,192.2808846351661,45.67376809392337,172.80256173846857,36.98179169683847,150.37328217907907,34.284802590578195,126.47036844452688,37.76044012574005,102.66820511921328,47.1797786484438,80.53454078102837,61.92240587213358,61.52722698385938,81.01728683043206,46.89819569572754,103.20672187401715,37.61099979560532,127.0291860667597,34.27734789022759,150.91559369785415,37.11681363608962,173.29264737065145,45.94237334445859,192.68646449751068,60.17272444661596,207.81965575861682,78.87057345380154,217.6954613740171,100.80437154459187,221.66340348598692,124.5294315157866,219.4621304048428,148.48308326375522,211.2366307476002,171.0876003041485,197.52868364642572,190.85411799220202,179.24117403156453,206.48069878670373
