future_x1,future_y1,future_x2,future_y2,future_x3,future_y3,future_x4,future_y4,future_x5,future_y5,future_x6,future_y6,future_x7,future_y7,future_x8,future_y8,future_x9,future_y9,future_x10,future_y10,future_x11,future_y11,future_x12,future_y12,future_x13,future_y13,future_x14,future_y14,future_x15,future_y15,future_x16,future_y16,future_x17,future_y17,future_x18,future_y18,future_x19,future_y19,future_x20,future_y20
63.37010156617738,88.24684203829622,75.61658751665325,73.10632608310905,91.31334894433581,61.581425987798156,109.42650606824067,54.431238540659805,128.76302126678738,52.126716572690555,148.04927945761773,54.81964927164704,166.0149757764953,62.33266446545227,181.47678522603647,74.17091138257338,193.41630332573294,89.55465439497125,201.04712413988995,107.4706309306421,203.8666375353014,126.7387908255977,201.68913400079455,146.09002127437512,194.6580365531312,164.2497379628574,183.2364540649766,180.0218365864002,168.17667822756613,192.36747521918983,150.4706332550839,200.47349847088879,131.28454200074145,203.80599661860376,111.88211175316107,202.14547199901563,93.54129914227258,195.60129639801337,77.47013650089711,184.6045071902974
