future_x1,future_y1,future_x2,future_y2,future_x3,future_y3,future_x4,future_y4,future_x5,future_y5,future_x6,future_y6,future_x7,future_y7,future_x8,future_y8,future_x9,future_y9,future_x10,future_y10,future_x11,future_y11,future_x12,future_y12,future_x13,future_y13,future_x14,future_y14,future_x15,future_y15,future_x16,future_y16,future_x17,future_y17,future_x18,future_y18,future_x19,future_y19,future_x20,future_y20
70.22132909454331,190.52418179659236,56.21039586296857,173.75916147377177,46.92794248656017,153.98017727945486,42.98536520192485,132.48998787128744,44.64234502404983,110.70406181079362,51.78974364797412,90.05734659129784,63.956791930778934,71.90975467038089,80.34209747876929,57.456591745144095,99.86642900022437,47.64982698378937,121.2438007400432,43.13539081281198,143.06617496291258,44.21063019140611,163.89620348806002,50.804723615507484,182.361899780002,62.483345832960794,197.24700594210208,78.47727502460233,207.57110251842965,97.7330582163319,212.6541846075684,118.98239780417603,212.16145093084106,140.82568899318994,206.12535578706286,161.8242058898541,194.94347142411453,180.5948643369594,179.35230162396527,195.90131986092533
