future_x1,future_y1,future_x2,future_y2,future_x3,future_y3,future_x4,future_y4,future_x5,future_y5,future_x6,future_y6,future_x7,future_y7,future_x8,future_y8,future_x9,future_y9,future_x10,future_y10,future_x11,future_y11,future_x12,future_y12,future_x13,future_y13,future_x14,future_y14,future_x15,future_y15,future_x16,future_y16,future_x17,future_y17,future_x18,future_y18,future_x19,future_y19,future_x20,future_y20
211.52785672808363,148.81199195110196,203.47994136731614,169.38623333605653,190.46047912988345,187.23453726860197,173.32700733828264,201.1813108950316,153.20803585392773,210.3079387844641,131.42871687000883,214.01328827097194,109.42356269945262,212.05330353875945,88.64196047087984,204.55708055421272,70.45270708291906,192.01836405653995,56.05385229861085,175.26302666450698,46.39378823689081,155.39467211401845,42.10878276501546,133.72194551290866,43.48107120516829,111.67233838131838,50.42026667859798,90.69816577780463,62.469313509881886,72.18090840318294,78.83459156557224,57.340220266152116,98.43818868079158,47.1535951938027,119.98889820853084,42.29198341667963,142.0672653810503,43.07559889372723,163.21908083663024,49.45282816305284
