future_x1,future_y1,future_x2,future_y2,future_x3,future_y3,future_x4,future_y4,future_x5,future_y5,future_x6,future_y6,future_x7,future_y7,future_x8,future_y8,future_x9,future_y9,future_x10,future_y10,future_x11,future_y11,future_x12,future_y12,future_x13,future_y13,future_x14,future_y14,future_x15,future_y15,future_x16,future_y16,future_x17,future_y17,future_x18,future_y18,future_x19,future_y19,future_x20,future_y20
142.66263645625395,30.753914266793586,166.93097904629082,37.688467133063966,188.63510147694484,50.57146154576465,206.34544431658136,68.55434874512812,218.8955016295295,90.45267144263654,225.45865382512838,114.82407905032102,225.60261362005434,140.06332925907208,219.31789898695195,164.5080186108099,207.01845769577088,186.54807803557748,189.51440231189233,204.73182134218538,167.95865148226136,217.86156169351597,143.77099202399904,225.07249821065366,118.54456352699974,225.88967677637646,93.94092493700487,220.25927326904144,71.5806146430341,208.55213873151092,52.93641241663333,191.5393729697787,39.23633359098241,170.34153544578942,31.382744846048368,146.35483872973575,29.892929103468404,121.15918583929339,34.86501427203072,96.41410866020465
