future_x1,future_y1,future_x2,future_y2,future_x3,future_y3,future_x4,future_y4,future_x5,future_y5,future_x6,future_y6,future_x7,future_y7,future_x8,future_y8,future_x9,future_y9,future_x10,future_y10,future_x11,future_y11,future_x12,future_y12,future_x13,future_y13,future_x14,future_y14,future_x15,future_y15,future_x16,future_y16,future_x17,future_y17,future_x18,future_y18,future_x19,future_y19,future_x20,future_y20
151.25713089379497,41.40109697265625,172.53249426436975,50.17249138290322,190.874689183041,64.07005706958293,205.0755922701768,82.1784197222328,214.1998496541424,103.304857510967,217.64648480425413,126.05786066642148,215.18848233198432,148.93878438677032,206.98774054160407,170.4405582795825,193.58440786852213,189.1469507619614,175.86130556936212,203.82585028963769,154.98577999183004,213.51041937204462,132.33281437124543,217.56277609908443,109.39446445698505,215.716008744744,87.68158306379074,208.0917561220154,68.62430653939,195.1921957449083,53.477857686905665,177.8669675037225,43.239869508179794,157.2572114522216,38.58467530595814,134.7204057027435,39.81889318005747,111.74095504156884,46.861230380298736,89.83241941710946
