future_x1,future_y1,future_x2,future_y2,future_x3,future_y3,future_x4,future_y4,future_x5,future_y5,future_x6,future_y6,future_x7,future_y7,future_x8,future_y8,future_x9,future_y9,future_x10,future_y10,future_x11,future_y11,future_x12,future_y12,future_x13,future_y13,future_x14,future_y14,future_x15,future_y15,future_x16,future_y16,future_x17,future_y17,future_x18,future_y18,future_x19,future_y19,future_x20,future_y20
105.7293799944708,183.08879104677214,92.4415309128895,175.60620432891713,81.49576891731607,164.98799678049534,73.61304540061124,151.93354515799163,69.31256226952236,137.30269138781398,68.87757429467084,122.05910838817655,72.33673230790137,107.20682697942979,79.462196092265,93.72410458879497,89.78464126064029,82.4989915403225,102.62417168292083,74.270838908022,117.13510138992837,69.58160056439013,132.3616563580543,68.74013695392264,147.30092733190088,71.80187175221685,160.9689272467691,78.56514134112604,172.46540232587938,88.58447754471243,181.0331280174273,101.19994874794513,186.10778419701126,115.58062682180908,187.35512456524935,130.77931687098322,184.69299204836122,145.79494498530556,178.2967301397287,159.6384947757776
