future_x1,future_y1,future_x2,future_y2,future_x3,future_y3,future_x4,future_y4,future_x5,future_y5,future_x6,future_y6,future_x7,future_y7,future_x8,future_y8,future_x9,future_y9,future_x10,future_y10,future_x11,future_y11,future_x12,future_y12,future_x13,future_y13,future_x14,future_y14,future_x15,future_y15,future_x16,future_y16,future_x17,future_y17,future_x18,future_y18,future_x19,future_y19,future_x20,future_y20
147.13691637748158,79.39587042167223,158.87748123742543,85.86730327954263,168.58427603045607,95.11383999933487,175.61795493221894,106.5264500238371,179.515239040504,119.35343264032886,180.0194306117117,132.74992835092408,177.09732066361872,145.83356622101698,170.94137631162587,157.74258194859578,161.95706376784034,167.6925786611606,150.73614198380403,175.02819184487007,138.017685972536,179.26625545386804,124.63940704002573,180.1276260294191,111.48247625817973,177.5555687077043,99.41348542542927,171.7194941071309,89.22736830287873,163.00379996207533,81.5950416645545,151.9825524578008,77.01921482598253,139.3816749007464,75.80127829191437,126.03113419770911,78.02145242900954,112.81027441986384,83.53350368704285,100.58989810023742
