future_x1,future_y1,future_x2,future_y2,future_x3,future_y3,future_x4,future_y4,future_x5,future_y5,future_x6,future_y6,future_x7,future_y7,future_x8,future_y8,future_x9,future_y9,future_x10,future_y10,future_x11,future_y11,future_x12,future_y12,future_x13,future_y13,future_x14,future_y14,future_x15,future_y15,future_x16,future_y16,future_x17,future_y17,future_x18,future_y18,future_x19,future_y19,future_x20,future_y20
214.1934746577211,127.10897692780149,211.58165807300554,149.07641880048863,203.46466854284193,169.65564544459016,190.37713809284662,187.49118959167268,173.18108741293116,201.40829882153292,153.00914817317957,210.49031157256195,131.18996133047386,214.13903379070655,109.16066512623085,212.11413946061856,88.37223682349713,204.5489998714118,70.19392292573671,191.94189900973174,55.823052657698895,175.1232136853281,46.20617491571021,155.2007200964792,41.97671306544059,133.486629262203,43.413244003887854,111.4111571910339,50.42114946862493,90.42832255651915,62.53884814554627,71.92017659108983,78.96819809231977,57.105773173181404,98.6270669975824,46.96087486576691,120.22060769354013,42.15368353255573,142.32654430320588,43.00082868630612
