future_x1,future_y1,future_x2,future_y2,future_x3,future_y3,future_x4,future_y4,future_x5,future_y5,future_x6,future_y6,future_x7,future_y7,future_x8,future_y8,future_x9,future_y9,future_x10,future_y10,future_x11,future_y11,future_x12,future_y12,future_x13,future_y13,future_x14,future_y14,future_x15,future_y15,future_x16,future_y16,future_x17,future_y17,future_x18,future_y18,future_x19,future_y19,future_x20,future_y20
129.4677499872762,49.73632181574615,149.33920642684566,52.687345804134154,167.80513892005132,60.59889816546753,183.64927401267107,72.94987815802536,195.82802503907874,88.92677857852377,203.53922879498177,107.47726806653175,206.27498066024503,127.37950375354583,203.85508814405864,147.32260892350445,196.43893940787126,165.99301495905962,184.51500503629632,182.16098059212928,168.86866453028068,194.76158979881302,150.53047665636325,202.9648933474241,130.70830086695935,206.2305740702932,110.70774066876695,204.34353528737705,91.84614900064155,197.4280683216074,75.36585972569557,185.93966595121555,62.35236031500726,170.635021012578,53.66279534470385,152.5221862196301,49.8695099809992,132.79417796336529,51.22235200676923,112.75039733038443
