future_x1,future_y1,future_x2,future_y2,future_x3,future_y3,future_x4,future_y4,future_x5,future_y5,future_x6,future_y6,future_x7,future_y7,future_x8,future_y8,future_x9,future_y9,future_x10,future_y10,future_x11,future_y11,future_x12,future_y12,future_x13,future_y13,future_x14,future_y14,future_x15,future_y15,future_x16,future_y16,future_x17,future_y17,future_x18,future_y18,future_x19,future_y19,future_x20,future_y20
187.665332420838,99.15587274446844,193.0418322887144,115.29190720252842,194.13429970624819,132.2649703851894,190.8707784307726,148.95711787272054,183.46622290859625,164.26890798295852,172.40834012799343,177.19181737950782,158.42546640725703,186.87466827017604,142.43859493893024,192.67969191494265,125.50071383451349,194.22453577553722,108.72745021793304,191.40744747204505,93.223588550251,184.4139767850146,80.01030311504454,173.70475427034364,69.9578975551876,159.98515145826735,63.72848162538807,144.15882099177784,61.73236080215035,127.26817682052106,64.10101118448199,110.42573476993405,70.67841971517926,94.74083579412661,81.03136010597298,81.24657834417235,94.4779276344724,70.8317725100495,110.13245334562549,64.18239783119276
