future_x1,future_y1,future_x2,future_y2,future_x3,future_y3,future_x4,future_y4,future_x5,future_y5,future_x6,future_y6,future_x7,future_y7,future_x8,future_y8,future_x9,future_y9,future_x10,future_y10,future_x11,future_y11,future_x12,future_y12,future_x13,future_y13,future_x14,future_y14,future_x15,future_y15,future_x16,future_y16,future_x17,future_y17,future_x18,future_y18,future_x19,future_y19,future_x20,future_y20
180.76555074919597,150.22962263682462,173.3699097884808,162.92750712871896,162.98594333071944,173.32486335005643,150.29759965508782,180.7368610941439,136.1406066944372,184.67530318479191,121.44742614470331,184.88078097488187,107.18583612742478,181.3397605049665,94.29518770756125,174.2854739283619,83.62453378220656,164.18255748831297,75.87670553052367,151.69644787916238,71.56201987443686,137.64955272477124,70.9646670452676,122.96708204076229,74.12399216621456,108.61610853477839,80.8319037542574,95.54187058695521,90.64657983258515,84.60551336588753,102.92156888946417,76.52736881141873,116.84836892553201,71.83951039368904,131.50968008645881,70.85070766726577,145.93982335356046,73.62608891679164,159.1883457668873,79.98285143027874
