future_x1,future_y1,future_x2,future_y2,future_x3,future_y3,future_x4,future_y4,future_x5,future_y5,future_x6,future_y6,future_x7,future_y7,future_x8,future_y8,future_x9,future_y9,future_x10,future_y10,future_x11,future_y11,future_x12,future_y12,future_x13,future_y13,future_x14,future_y14,future_x15,future_y15,future_x16,future_y16,future_x17,future_y17,future_x18,future_y18,future_x19,future_y19,future_x20,future_y20
155.89472394182692,170.9736355893665,144.0383528572992,176.65819784150625,131.1256027983028,179.13784886662364,118.00698240411388,178.2492644611512,105.54656012875397,174.05097194964227,94.56505167924155,166.81949523559797,85.78576291729645,157.03114133277742,79.7869487386308,145.33062802171307,76.96372585045967,132.48861899601215,77.50204809266995,119.35096348005271,81.36645843901843,106.78298369141872,88.30242440260173,95.61247969900676,97.85310302225349,86.57520570755312,109.38943119059135,80.26640901682897,122.15155940012325,77.10162358082418,135.29889984049674,77.28930053059022,147.9654923888078,80.81707837330484,159.3170417676545,87.45259719191148,168.60586907271596,96.75880321742059,175.22015824346255,108.12273572594167
