future_x1,future_y1,future_x2,future_y2,future_x3,future_y3,future_x4,future_y4,future_x5,future_y5,future_x6,future_y6,future_x7,future_y7,future_x8,future_y8,future_x9,future_y9,future_x10,future_y10,future_x11,future_y11,future_x12,future_y12,future_x13,future_y13,future_x14,future_y14,future_x15,future_y15,future_x16,future_y16,future_x17,future_y17,future_x18,future_y18,future_x19,future_y19,future_x20,future_y20
190.9958369041442,198.3524775211283,171.01497869653724,212.06936521915011,148.2009044170218,220.24895674937875,124.05628136599199,222.3524967552538,100.17141450584126,218.24143388714907,78.1194997491139,208.18654659814047,59.353004147947416,192.8501081040169,45.10799798673568,173.2422652267477,36.322740021460106,150.65450426386786,33.575878314198775,126.57458620765723,37.04833711441431,102.58855417412902,46.51140013815868,80.27626740110205,61.34177514953751,61.10734255241772,80.5626476037623,46.344356237614775,102.90801932058064,36.959684390935664,126.90609446981219,33.571455950515556,150.97622058415388,36.402839300103295,173.53299950169736,45.26734310447398,193.0907108874279,59.581099710798654,208.36117039470855,78.40132205988735
