future_x1,future_y1,future_x2,future_y2,future_x3,future_y3,future_x4,future_y4,future_x5,future_y5,future_x6,future_y6,future_x7,future_y7,future_x8,future_y8,future_x9,future_y9,future_x10,future_y10,future_x11,future_y11,future_x12,future_y12,future_x13,future_y13,future_x14,future_y14,future_x15,future_y15,future_x16,future_y16,future_x17,future_y17,future_x18,future_y18,future_x19,future_y19,future_x20,future_y20
125.43944639402905,38.23587292442181,148.37067878518516,40.54034993072287,169.96018007990074,48.60542693564062,188.7859404595913,61.899891173670355,203.6079861176923,79.54809209498092,213.45005112894654,100.38761679119274,217.66387998758304,123.04585325389876,215.97192547613628,146.0303985654983,208.48562953553082,167.82735721434312,195.6980830522604,187.0010550368284,178.4515480316668,202.2886010476575,157.88198133541405,212.68306876749074,135.34421397174086,217.49981824309413,112.32271406440967,216.4215904070004,90.33381116915592,209.51940360042386,70.82582201132263,197.24787589326218,55.08365594312667,180.41528130029707,44.1441833586165,160.13031216493658,38.727941393548804,137.72905424879227,39.1916751690367,114.68698437138652
