future_x1,future_y1,future_x2,future_y2,future_x3,future_y3,future_x4,future_y4,future_x5,future_y5,future_x6,future_y6,future_x7,future_y7,future_x8,future_y8,future_x9,future_y9,future_x10,future_y10,future_x11,future_y11,future_x12,future_y12,future_x13,future_y13,future_x14,future_y14,future_x15,future_y15,future_x16,future_y16,future_x17,future_y17,future_x18,future_y18,future_x19,future_y19,future_x20,future_y20
154.35428815435992,82.98165662209054,164.94450411528683,91.17197588398267,173.10134068140897,101.78800249210518,178.28754127012738,114.13050333935527,180.1615126200863,127.38652970815545,178.59982410530648,140.68296278976035,173.70533759236238,153.14402235487762,165.8004323610383,163.94895072088988,155.40577133450924,172.38607261489793,143.20600719829918,177.89967023638206,130.00468720203136,180.1265860558354,116.67132687534713,178.9201424767171,104.08413869015344,174.359802872991,93.07218789179231,166.74593767026602,84.36078545170668,156.5800402068021,78.52371487857138,144.53169547256124,75.9454395072971,131.3944773568157,76.79577951311077,118.03367926743104,81.01872656951633,105.3293208865608,88.33613288163899,94.11818496846132
