future_x1,future_y1,future_x2,future_y2,future_x3,future_y3,future_x4,future_y4,future_x5,future_y5,future_x6,future_y6,future_x7,future_y7,future_x8,future_y8,future_x9,future_y9,future_x10,future_y10,future_x11,future_y11,future_x12,future_y12,future_x13,future_y13,future_x14,future_y14,future_x15,future_y15,future_x16,future_y16,future_x17,future_y17,future_x18,future_y18,future_x19,future_y19,future_x20,future_y20
33.772551424149725,97.66480800634531,44.596695144684006,74.6809163843036,60.914264432935425,55.208928969053574,81.65048950026573,40.53138382916177,105.4395622511754,31.615029247357185,130.7145963289567,29.047148069511337,155.81083134229576,32.996875848966,179.07528364366354,43.20406059765766,198.975621423032,58.99639790546554,214.2010929715446,79.33371280940443,223.74886039410535,102.87647175183145,226.99005233166326,128.07401203260127,223.71118507765792,153.26667745147174,214.12822385358493,176.79513289492263,198.8723580864591,197.1096577742295,178.9484276109628,212.87221961500055,155.66873808780562,223.04460463926827,130.5666249388497,226.9568005486721,105.29545897974108,224.3511274218718,81.51974582505477,215.399210009238
