future_x1,future_y1,future_x2,future_y2,future_x3,future_y3,future_x4,future_y4,future_x5,future_y5,future_x6,future_y6,future_x7,future_y7,future_x8,future_y8,future_x9,future_y9,future_x10,future_y10,future_x11,future_y11,future_x12,future_y12,future_x13,future_y13,future_x14,future_y14,future_x15,future_y15,future_x16,future_y16,future_x17,future_y17,future_x18,future_y18,future_x19,future_y19,future_x20,future_y20
131.00135354305428,216.31445444151933,108.42457727598834,214.16991244958908,87.13715192706053,206.3497200617939,68.5411908404067,193.36896052192253,53.861531907845574,176.08262196825586,44.065062638755705,155.62928295409776,39.7970353387805,133.3561190581675,41.33856704919495,110.7301700846036,48.58812354751008,89.2417123096482,61.06820698047456,70.30610023941001,77.95680664315503,55.17054315015778,98.14154137330799,44.8319566490126,120.29292742881353,39.971300027910985,142.95194600065943,40.90872433367987,164.6261426569993,47.582485362560874,183.88792905132942,59.553010491715796,199.46861217390898,76.03185148257646,210.34195783442405,95.93361625646678,215.7917844000039,117.94745911439153,215.45913467288622,140.62342064036332
