future_x1,future_y1,future_x2,future_y2,future_x3,future_y3,future_x4,future_y4,future_x5,future_y5,future_x6,future_y6,future_x7,future_y7,future_x8,future_y8,future_x9,future_y9,future_x10,future_y10,future_x11,future_y11,future_x12,future_y12,future_x13,future_y13,future_x14,future_y14,future_x15,future_y15,future_x16,future_y16,future_x17,future_y17,future_x18,future_y18,future_x19,future_y19,future_x20,future_y20
132.24597738395508,72.91572074141895,146.12628188959945,75.81049865881855,158.81268430044418,82.14277994052016,169.46958454660023,91.49548380111337,177.39505734601306,103.25258689950641,182.0670850761428,116.6396982103671,183.17794088335577,130.77506491010493,180.65445735894968,144.72764973380748,174.66284576921458,157.5784544914181,165.59774841706604,168.4810506206226,154.05624521024296,176.7173298829697,140.79852651429792,181.74480313895674,126.69782260446097,183.2323318303052,112.68288765318948,181.08193868669065,99.6768265916941,175.43526107723488,88.53629406326826,166.66422195158677,79.99507017813917,155.346532836552,74.61572949796643,142.22764240301632,72.75258661113693,128.1716368913593,74.52835891822107,114.10432637819194
