future_x1,future_y1,future_x2,future_y2,future_x3,future_y3,future_x4,future_y4,future_x5,future_y5,future_x6,future_y6,future_x7,future_y7,future_x8,future_y8,future_x9,future_y9,future_x10,future_y10,future_x11,future_y11,future_x12,future_y12,future_x13,future_y13,future_x14,future_y14,future_x15,future_y15,future_x16,future_y16,future_x17,future_y17,future_x18,future_y18,future_x19,future_y19,future_x20,future_y20
77.8476614637209,83.31684790662084,90.87214917944323,72.02354213507179,106.34209256776572,64.4171706565808,123.23855139978532,60.9987332292507,140.44862686276656,61.993387975982245,156.8387635330402,67.33562116412143,171.32941191314865,76.67356232000614,182.96613382534824,89.39216045993368,190.98246724768183,104.65369491649086,194.85040994980923,121.45295248222168,194.31519678338057,138.6834365837548,189.41207999286914,155.2102475660741,180.4640072982151,169.94483376853975,168.06035068423222,181.91668985308664,153.01808694212363,190.3372799167075,136.32798683787132,194.6519750411482,119.0893572011042,194.57658437144465,102.43763419904614,190.1160735745252,87.46959692270244,181.56423777157096,75.17112715235805,169.48435048672306
