future_x1,future_y1,future_x2,future_y2,future_x3,future_y3,future_x4,future_y4,future_x5,future_y5,future_x6,future_y6,future_x7,future_y7,future_x8,future_y8,future_x9,future_y9,future_x10,future_y10,future_x11,future_y11,future_x12,future_y12,future_x13,future_y13,future_x14,future_y14,future_x15,future_y15,future_x16,future_y16,future_x17,future_y17,future_x18,future_y18,future_x19,future_y19,future_x20,future_y20
151.0283722405618,81.15592850199587,162.19280743599518,88.55985697027769,171.10510594539707,98.56154209208482,177.178252079358,110.50221485504174,180.0122331968122,123.59539327062818,179.42038685847078,136.97868464114902,175.44169549809754,149.77058774644797,168.33821881324153,161.12855362878145,158.5778329930804,170.3044807556751,146.803413677952,176.69398932738832,133.7904924396922,179.87622923715512,120.39617577264143,179.64159970101076,107.50269108695471,176.00555478153746,95.95927809264344,169.20758549363748,86.5262529449448,159.6954455367534,79.82492941094614,148.09565963833182,76.29669553999778,135.172257000158,76.1739412858195,121.77644790217714,79.46475195581749,108.7905580547045,85.9523756658255,97.06991350784585
