future_x1,future_y1,future_x2,future_y2,future_x3,future_y3,future_x4,future_y4,future_x5,future_y5,future_x6,future_y6,future_x7,future_y7,future_x8,future_y8,future_x9,future_y9,future_x10,future_y10,future_x11,future_y11,future_x12,future_y12,future_x13,future_y13,future_x14,future_y14,future_x15,future_y15,future_x16,future_y16,future_x17,future_y17,future_x18,future_y18,future_x19,future_y19,future_x20,future_y20
211.3173646374097,126.98721420462427,208.83125793795574,148.22663405903376,201.02113560390075,168.13381043842136,188.40141760686714,185.39754120405541,171.80331179434432,198.88073688272334,152.32006571814526,207.6953159768847,131.23495900756984,211.26069916479048,109.93677912736507,209.34204962316113,89.82834777750435,202.06574074290518,72.23412291676092,189.91103244436707,58.31296227699376,173.6785043382848,48.981794269174785,154.43732490762596,44.85522375818006,133.45482986793294,46.205050620422284,112.11304808395525,52.94236742699445,91.81767313001973,64.62341540278591,73.90547615532081,80.47881295410933,59.55625838003981,99.46423160446506,49.71514254169719,120.3291815272377,45.0303216280289,141.69937606108047,45.810365125963145
