future_x1,future_y1,future_x2,future_y2,future_x3,future_y3,future_x4,future_y4,future_x5,future_y5,future_x6,future_y6,future_x7,future_y7,future_x8,future_y8,future_x9,future_y9,future_x10,future_y10,future_x11,future_y11,future_x12,future_y12,future_x13,future_y13,future_x14,future_y14,future_x15,future_y15,future_x16,future_y16,future_x17,future_y17,future_x18,future_y18,future_x19,future_y19,future_x20,future_y20
74.80655796734054,153.71540874569365,70.01324629946585,139.3296477223958,69.03927867221434,124.1976503649454,71.94880624452334,109.31609781587332,78.55019064926307,95.66517546953794,88.40862640799075,84.14401227497034,100.87477974252288,75.51145888650215,115.12755746503522,70.33610535678301,130.22818893942187,68.95883049693005,145.1820589621999,71.47034962022596,159.0042188906032,77.70523950525697,170.78426107491708,87.25283412906691,179.74628358851703,99.48427351413308,185.29999563057595,113.59392409516127,187.07959750310218,128.6524424200205,184.96787430143542,143.6679871015984,179.1039163679569,157.65154724625452,169.8739579951287,169.68208444958333,157.88593779404323,178.96719772962388,143.92945633020793,184.8953156530834
