future_x1,future_y1,future_x2,future_y2,future_x3,future_y3,future_x4,future_y4,future_x5,future_y5,future_x6,future_y6,future_x7,future_y7,future_x8,future_y8,future_x9,future_y9,future_x10,future_y10,future_x11,future_y11,future_x12,future_y12,future_x13,future_y13,future_x14,future_y14,future_x15,future_y15,future_x16,future_y16,future_x17,future_y17,future_x18,future_y18,future_x19,future_y19,future_x20,future_y20
87.94814508190585,199.97308858996075,70.94846584741231,187.4087452686431,57.70653166792586,170.93139729156377,49.09453315884008,151.62633839885083,45.67970650918879,130.7651117780492,47.68697201510484,109.72175885223507,54.98411952411854,89.88231693963819,67.09051656289213,72.55352679400535,83.20876558055457,58.8767630768011,102.27722517795652,49.75285679967067,123.03993596990256,45.782761367364486,144.1293453573985,47.22797029973701,164.15638247642642,53.99329375133112,181.80195046450416,65.63312826689604,195.90380983351127,81.38080681036259,205.53313030574708,100.19909590408172,210.0556689651299,120.84851384372347,209.1735451755709,141.96897015488076,202.9448607279746,162.16934904300768,191.77987291918348,180.11913635097198
