future_x1,future_y1,future_x2,future_y2,future_x3,future_y3,future_x4,future_y4,future_x5,future_y5,future_x6,future_y6,future_x7,future_y7,future_x8,future_y8,future_x9,future_y9,future_x10,future_y10,future_x11,future_y11,future_x12,future_y12,future_x13,future_y13,future_x14,future_y14,future_x15,future_y15,future_x16,future_y16,future_x17,future_y17,future_x18,future_y18,future_x19,future_y19,future_x20,future_y20
211.9473880340966,90.0217130306485,218.84904997568202,112.63886861622397,219.7668663753553,136.26779744075066,214.6403845198195,159.35216115567508,203.80726424817203,180.37148963015488,187.9810377157832,197.94132793571617,168.20411202659608,210.90442458051626,145.77911025316507,218.40695480702465,122.18307312321635,219.9547584444859,98.97017254745931,215.44588816490636,77.66934484016774,205.17732432557926,59.683586102553406,189.8254141196512,46.197542759320015,170.4013234258121,38.09948387170972,148.18443555665155,35.92279458338382,124.63808365067376,39.81084428012633,101.31316706146133,49.50754345026033,79.74600012785645,64.37421122573049,61.357121597835814,83.43164260973006,47.3577297045354,105.4246045991845,38.66990562318634
