future_x1,future_y1,future_x2,future_y2,future_x3,future_y3,future_x4,future_y4,future_x5,future_y5,future_x6,future_y6,future_x7,future_y7,future_x8,future_y8,future_x9,future_y9,future_x10,future_y10,future_x11,future_y11,future_x12,future_y12,future_x13,future_y13,future_x14,future_y14,future_x15,future_y15,future_x16,future_y16,future_x17,future_y17,future_x18,future_y18,future_x19,future_y19,future_x20,future_y20
154.41421598327693,175.1889515758424,141.533713507017,180.35787004403812,127.76180213593479,182.0781954082785,114.00557985821523,180.236617058665,101.17111128732564,174.95443203022836,90.10374898954254,166.57955567643052,81.53245365916096,155.66360594536397,76.02178053770261,142.9255706211739,73.93469453013701,129.20445061700454,75.40866323029323,115.40399850691942,80.3466025075424,102.43319213776903,88.4232710309261,91.14636407426173,99.10669255027894,82.28693029937398,111.69319493861596,76.43842452437649,125.35375812115517,73.98606327291958,139.18861814745947,75.09137328574158,152.2865308656738,79.68155243233622,163.78479174946636,87.45426488167067,172.92605862357345,97.89755469418402,179.1082346136007,110.32356621035942
