future_x1,future_y1,future_x2,future_y2,future_x3,future_y3,future_x4,future_y4,future_x5,future_y5,future_x6,future_y6,future_x7,future_y7,future_x8,future_y8,future_x9,future_y9,future_x10,future_y10,future_x11,future_y11,future_x12,future_y12,future_x13,future_y13,future_x14,future_y14,future_x15,future_y15,future_x16,future_y16,future_x17,future_y17,future_x18,future_y18,future_x19,future_y19,future_x20,future_y20
78.89581961100501,74.15447051718184,94.21781105298592,63.429687263354225,111.76489346488597,56.957879446391104,130.3813141900498,55.16531787885481,148.84088774615861,58.17007106611081,165.9277595154824,65.77422852952536,180.51648898444986,77.47693633887434,191.6461777857338,92.50738625816967,198.58376003989247,109.87558564833388,200.8722863274872,128.4375641264139,198.36102102907853,146.97072209236035,191.2153706477005,164.25435823227113,179.90598917687444,179.15007198949178,165.1777780978387,190.67674523033133,148.0008228460406,198.07516437684112,129.5064973558716,200.85802661805184,110.91294520907951,198.842036500457,93.44484563072294,192.15997883007313,78.25274900977794,181.2519726946885,66.33729497496792,166.83648266715053
