future_x1,future_y1,future_x2,future_y2,future_x3,future_y3,future_x4,future_y4,future_x5,future_y5,future_x6,future_y6,future_x7,future_y7,future_x8,future_y8,future_x9,future_y9,future_x10,future_y10,future_x11,future_y11,future_x12,future_y12,future_x13,future_y13,future_x14,future_y14,future_x15,future_y15,future_x16,future_y16,future_x17,future_y17,future_x18,future_y18,future_x19,future_y19,future_x20,future_y20
58.67022973951913,140.57407222298892,57.75308768490932,122.51405005163564,61.46281485130142,104.81536437362442,69.5550670835032,88.64375331632615,81.49684169786912,75.06437301243184,96.50158413155206,64.97164023696709,113.58099498963966,59.0303209290401,131.61012517746724,57.63174485008872,149.4014715749847,60.86803033527825,165.78319288221658,68.52601684547085,179.6762938863415,80.10130495710284,190.16569434679434,94.83147903476937,196.56050148924862,111.74632434854396,198.43951621232688,129.73173104532347,195.67897570423426,147.60307588787202,188.4607051796191,164.18324841446903,177.2601418159851,178.38018226355513,162.81501970266197,189.2587850005471,146.07677839331953,196.1025287310157,128.14789557666407,198.46064478514515
