future_x1,future_y1,future_x2,future_y2,future_x3,future_y3,future_x4,future_y4,future_x5,future_y5,future_x6,future_y6,future_x7,future_y7,future_x8,future_y8,future_x9,future_y9,future_x10,future_y10,future_x11,future_y11,future_x12,future_y12,future_x13,future_y13,future_x14,future_y14,future_x15,future_y15,future_x16,future_y16,future_x17,future_y17,future_x18,future_y18,future_x19,future_y19,future_x20,future_y20
132.78163730773866,38.364248098779,155.43839580219634,42.53324324603153,176.28790235024246,52.3315748752926,193.95688748079294,67.11386801507243,207.2815693168567,85.90647507161644,215.3843070022721,107.4716059085797,217.73140722060785,130.3888558871239,214.16827633349712,153.1487619566865,204.92960281462007,174.2522246494674,190.62389930515363,192.3092474692247,172.19342244060417,206.1304901253429,150.85211036176537,214.80560538498477,128.00562570547717,217.76319982371083,105.15877050758564,214.80846911168783,83.81637120996561,206.13602895709792,65.3841620599753,192.31709658643308,51.07619529678817,174.26186706372891,41.834876626932186,153.15956256265213,38.26889291657503,130.40010329421906,40.61312054288807,107.48255929731516
