future_x1,future_y1,future_x2,future_y2,future_x3,future_y3,future_x4,future_y4,future_x5,future_y5,future_x6,future_y6,future_x7,future_y7,future_x8,future_y8,future_x9,future_y9,future_x10,future_y10,future_x11,future_y11,future_x12,future_y12,future_x13,future_y13,future_x14,future_y14,future_x15,future_y15,future_x16,future_y16,future_x17,future_y17,future_x18,future_y18,future_x19,future_y19,future_x20,future_y20
48.11341789954665,146.42580408849298,46.054550343198,125.4861311600385,49.39308555264708,104.71203621897057,57.90912822865931,85.47182169039596,71.04176239010744,69.03275973580739,87.92599655494975,56.47762235575429,107.44973709795917,48.63336374359183,128.32703718930554,46.01665228427905,149.18279671387438,48.799839776811865,168.6433343432723,56.799609344744596,185.42686615826122,69.48904974928924,198.42793137465523,86.03236082066502,206.79020440450319,105.33990410663262,209.96289742775303,126.13997278309273,207.73703847377752,147.06255364402483,200.2592355278229,166.72956412012167,188.02202007848183,183.8456207924876,171.83140613615348,197.2833608605094,152.75380147379263,206.15769679689942,132.045767823633,209.88411334756734
