future_x1,future_y1,future_x2,future_y2,future_x3,future_y3,future_x4,future_y4,future_x5,future_y5,future_x6,future_y6,future_x7,future_y7,future_x8,future_y8,future_x9,future_y9,future_x10,future_y10,future_x11,future_y11,future_x12,future_y12,future_x13,future_y13,future_x14,future_y14,future_x15,future_y15,future_x16,future_y16,future_x17,future_y17,future_x18,future_y18,future_x19,future_y19,future_x20,future_y20
158.28466337828405,34.51251056839733,181.08188349619797,45.299424665507544,200.38282278343678,61.533478486823284,214.91620939357418,82.14540305691949,223.72479016106533,105.77757743224178,226.22838084875826,130.87344949343048,222.2620804480092,155.7800594990911,212.08713251587517,178.8569136049136,196.37371815869898,198.5840363064822,176.15681401602245,213.6620848449664,152.76802269412283,223.09793146006604,127.7478656923301,226.2700765464793,102.74431571894655,222.96958422387533,79.40425164699596,213.41384406623732,59.264985516420026,198.23225256320666,43.65300624355952,178.42475741548975,33.596609364772135,155.2959951775452,29.75816752618833,130.36936032454378,32.390502778119554,105.2866656534265,41.320234247939155,81.70000296622192
