future_x1,future_y1,future_x2,future_y2,future_x3,future_y3,future_x4,future_y4,future_x5,future_y5,future_x6,future_y6,future_x7,future_y7,future_x8,future_y8,future_x9,future_y9,future_x10,future_y10,future_x11,future_y11,future_x12,future_y12,future_x13,future_y13,future_x14,future_y14,future_x15,future_y15,future_x16,future_y16,future_x17,future_y17,future_x18,future_y18,future_x19,future_y19,future_x20,future_y20
110.13183671409814,57.582671664781614,128.6430156435707,55.353885720131444,147.1118418319503,57.90999435816748,164.32185122946134,65.08263743332469,179.1394927638898,76.39938305665655,190.5887905911164,91.11484470111347,197.91562752686895,108.25977668298238,200.637415579902,126.70491430622982,198.5748819970978,145.23535378741386,191.86387720713896,162.6305728678155,180.94642692306152,177.74482149091006,166.5416177641412,189.58258754879043,149.5982340389731,197.36416708560222,131.23226530601596,200.5770201239561,112.65340082624739,199.00952952161967,95.08535240975762,192.76493930431613,79.68525365591779,182.25455441516957,67.46744442075803,168.1706497847319,59.23666050881684,151.440873087449,55.535029103934875,133.16714448356495
