future_x1,future_y1,future_x2,future_y2,future_x3,future_y3,future_x4,future_y4,future_x5,future_y5,future_x6,future_y6,future_x7,future_y7,future_x8,future_y8,future_x9,future_y9,future_x10,future_y10,future_x11,future_y11,future_x12,future_y12,future_x13,future_y13,future_x14,future_y14,future_x15,future_y15,future_x16,future_y16,future_x17,future_y17,future_x18,future_y18,future_x19,future_y19,future_x20,future_y20
222.35918075941248,102.22205070114923,225.81270314757316,127.08743953278145,222.82371339247368,152.01293489150396,213.58908370164573,175.3567990340804,198.71706036628845,195.58146962586943,179.187201131456,211.35483251719404,156.28585583952758,221.63796251022904,131.52143996612548,225.75355300042332,106.525081624992,223.4305273192407,82.94318600653548,214.82189341634944,62.328993579468715,200.49466586829777,46.04027466155824,181.3925190086475,35.149898788674676,158.77363106115763,30.375169302277314,134.1278132219072,32.030577589548045,109.07838204999786,40.00708885592957,85.27523842040398,53.779323789319804,64.2861954795433,72.44016308984281,47.49371337492747,94.760495610088,36.003842408747204,119.27017474663997,30.573372147613583
