future_x1,future_y1,future_x2,future_y2,future_x3,future_y3,future_x4,future_y4,future_x5,future_y5,future_x6,future_y6,future_x7,future_y7,future_x8,future_y8,future_x9,future_y9,future_x10,future_y10,future_x11,future_y11,future_x12,future_y12,future_x13,future_y13,future_x14,future_y14,future_x15,future_y15,future_x16,future_y16,future_x17,future_y17,future_x18,future_y18,future_x19,future_y19,future_x20,future_y20
41.540211067919316,163.75497186488138,35.28717141207065,140.57157629192255,35.14073657126899,116.56014376349346,41.11055159375144,93.30220654139129,52.80340982498633,72.32966731472285,69.44915177934428,55.02389920062777,89.95139231232389,42.52476049599092,112.95973490744734,35.655516996497596,136.95871662590054,34.86861693470233,160.36762528847146,40.215890114306546,181.64461435104056,51.345134098567925,199.38825786385024,67.52331230628761,212.42985651566676,87.68483605413068,219.91041495131387,110.50175040994955,221.33722018966355,134.47120100944642,216.61629455932624,158.01442076424476,206.0585856133512,179.58071662241156,190.35948531925035,197.74960721005243,170.55302750932063,211.32438397629713,147.94378041293527,219.4109333618196
