future_x1,future_y1,future_x2,future_y2,future_x3,future_y3,future_x4,future_y4,future_x5,future_y5,future_x6,future_y6,future_x7,future_y7,future_x8,future_y8,future_x9,future_y9,future_x10,future_y10,future_x11,future_y11,future_x12,future_y12,future_x13,future_y13,future_x14,future_y14,future_x15,future_y15,future_x16,future_y16,future_x17,future_y17,future_x18,future_y18,future_x19,future_y19,future_x20,future_y20
40.965741475398545,87.35471879699642,54.17713260109031,66.54119029788004,72.25092609746599,49.77569559268552,93.99667705984383,38.16250743689554,117.98208415995913,32.46653778272109,142.62732932172423,33.06295623987323,166.30913370589934,39.91247922831563,187.4676762727861,52.56395742277098,204.70933264605787,70.18409106487353,216.89846730005976,91.61231592010006,223.23223310453955,115.43724477190442,223.293451494802,140.089629572746,217.07809027247242,163.94572122530928,204.99552918947663,185.4342191191876,187.84159582233536,203.13976610580215,166.7461477505468,215.89617213218784,143.0986535809131,222.8632262841718,118.45667448333343,223.58203795212435,94.44327417511049,218.0052620290147,72.6401145274358,206.50021733385822
