future_x1,future_y1,future_x2,future_y2,future_x3,future_y3,future_x4,future_y4,future_x5,future_y5,future_x6,future_y6,future_x7,future_y7,future_x8,future_y8,future_x9,future_y9,future_x10,future_y10,future_x11,future_y11,future_x12,future_y12,future_x13,future_y13,future_x14,future_y14,future_x15,future_y15,future_x16,future_y16,future_x17,future_y17,future_x18,future_y18,future_x19,future_y19,future_x20,future_y20
74.14931449923402,164.2211029146269,66.70372206422077,149.322076270244,63.295458137981115,133.01865397100107,64.14901075760682,116.38467400275871,69.20815999521638,100.51574679736916,78.13968092859606,86.4570919728506,90.35529176796376,75.13469410493056,105.05040150788645,67.29431201028046,121.2571049591599,63.45235874392765,137.90793460042119,63.861887639187756,153.90617018259042,68.4959247469128,168.19807508770128,77.04924549628409,179.8423015363905,88.95847855597373,188.07189321439105,103.43921273873333,192.34480146530706,119.53766287337712,192.37958776011558,136.19349163006686,188.1739608716088,152.3096494889682,180.00492778791173,166.82463278678225,168.41054842503553,178.78240050689075,154.1544958789604,187.3953446877097
