future_x1,future_y1,future_x2,future_y2,future_x3,future_y3,future_x4,future_y4,future_x5,future_y5,future_x6,future_y6,future_x7,future_y7,future_x8,future_y8,future_x9,future_y9,future_x10,future_y10,future_x11,future_y11,future_x12,future_y12,future_x13,future_y13,future_x14,future_y14,future_x15,future_y15,future_x16,future_y16,future_x17,future_y17,future_x18,future_y18,future_x19,future_y19,future_x20,future_y20
155.32194601718416,64.1230071399062,170.68022714146156,73.18068623042012,183.22734087349218,85.8490833900673,192.1368615039332,101.29378447926982,196.82195631060088,118.49751187340169,196.97403776638492,136.3271282694399,192.58308890422353,153.6082716832581,183.93832309267071,169.20270574360842,171.60913476542197,182.08329054362045,156.40759580024616,191.40163603460275,139.33496775344267,196.54398191703496,121.51575296437485,197.17162345496445,104.12362830698336,193.24322053509707,88.30414002113936,185.01752056651614,75.09925139077285,173.0363158750552,65.37871299647061,158.0887581172105,59.782775895912295,141.15938017336202,58.680020974431585,123.36324909994559,62.1430820693938,105.87252134345624,69.94386188423934,89.83923771597163
