future_x1,future_y1,future_x2,future_y2,future_x3,future_y3,future_x4,future_y4,future_x5,future_y5,future_x6,future_y6,future_x7,future_y7,future_x8,future_y8,future_x9,future_y9,future_x10,future_y10,future_x11,future_y11,future_x12,future_y12,future_x13,future_y13,future_x14,future_y14,future_x15,future_y15,future_x16,future_y16,future_x17,future_y17,future_x18,future_y18,future_x19,future_y19,future_x20,future_y20
61.02600559198609,120.00961339377606,65.26537920970368,103.22643426191294,73.6368189419271,88.07498590696824,85.5889331964002,75.5532306270234,100.3344863815874,66.48592387663595,116.90225081031053,61.470291087331915,134.20097739033585,60.836690935555126,151.09127162107114,64.62685600348115,166.46064072618148,72.59114402901652,179.29676888259667,84.2049807936215,188.7541942141085,98.70341162394531,194.20999581595154,115.13148574491679,195.30482293980768,132.4071548784605,191.96656391906066,149.39254322118632,184.4150958615547,164.96889454681047,173.14780226753152,178.1102599822978,158.90681246647233,187.95107295323336,142.6301206735737,193.84316042048917,125.38980424845678,195.39843531729966,108.32141046001652,192.51445821518192
