future_x1,future_y1,future_x2,future_y2,future_x3,future_y3,future_x4,future_y4,future_x5,future_y5,future_x6,future_y6,future_x7,future_y7,future_x8,future_y8,future_x9,future_y9,future_x10,future_y10,future_x11,future_y11,future_x12,future_y12,future_x13,future_y13,future_x14,future_y14,future_x15,future_y15,future_x16,future_y16,future_x17,future_y17,future_x18,future_y18,future_x19,future_y19,future_x20,future_y20
101.5081131728931,215.15280692896448,80.1982992124641,205.53985571998757,62.036982613646245,190.81967972335732,48.220373060461355,171.96183513737387,39.658512622708685,150.20840902058225,36.91533510514056,126.9922082314485,40.17152209511059,103.84238645544738,49.212602224907386,82.28372527111455,63.443077500405124,63.73620318842886,81.9256462540644,49.42146762536227,103.44293927102527,40.28237012087567,126.57770278884237,36.920864662093265,149.8061470532125,39.558359502148136,171.59831195235455,48.02113392800085,190.51883906683267,61.75178051454456,205.32151270308808,79.84591921172424,215.03134288961974,101.11176506188933,219.00878387344562,124.1486260718978,216.99185831406893,147.439160914666,209.11341263112843,169.44931983265704
