future_x1,future_y1,future_x2,future_y2,future_x3,future_y3,future_x4,future_y4,future_x5,future_y5,future_x6,future_y6,future_x7,future_y7,future_x8,future_y8,future_x9,future_y9,future_x10,future_y10,future_x11,future_y11,future_x12,future_y12,future_x13,future_y13,future_x14,future_y14,future_x15,future_y15,future_x16,future_y16,future_x17,future_y17,future_x18,future_y18,future_x19,future_y19,future_x20,future_y20
137.65828887756754,38.78302193945899,160.0478581160374,44.179438629463135,180.32656947578624,55.09676382221902,197.15874936861223,70.81591913769114,209.43573276566457,90.3015498035149,216.34888630877117,112.27021912748222,217.442869595137,135.27494308465117,212.64562653817893,157.8004970806988,202.27313139946082,178.3632174351086,187.00857689052933,195.60872407945655,167.85737513701474,208.4011278868952,146.08093540257806,215.8978469205327,123.11358035608858,217.6051037684863,100.46807325858654,213.41044858916877,79.63597859782388,203.59016571027908,61.989418996963565,188.79107593996972,48.6906992574973,169.9879331955368,40.61575022127148,148.41922155485815,38.296434883050736,125.50558150928084,41.88551680778829,102.75623833823715
