future_x1,future_y1,future_x2,future_y2,future_x3,future_y3,future_x4,future_y4,future_x5,future_y5,future_x6,future_y6,future_x7,future_y7,future_x8,future_y8,future_x9,future_y9,future_x10,future_y10,future_x11,future_y11,future_x12,future_y12,future_x13,future_y13,future_x14,future_y14,future_x15,future_y15,future_x16,future_y16,future_x17,future_y17,future_x18,future_y18,future_x19,future_y19,future_x20,future_y20
187.60688249086928,136.7659034742405,183.4127434753001,151.6484537452364,175.56879966707154,164.9733796431164,164.591698716329,175.86302423639157,151.20445618135076,183.60013234991237,136.28883352890915,187.67509315225266,120.82726020804674,187.8195060818537,105.838125146457,184.02385926527998,92.30869974697814,176.53815602439633,81.1301104647868,165.85544820705354,73.03864404871538,152.6793609316812,68.5672514239998,137.87774775452112,68.01044445213672,122.42552879908547,71.40489767091358,107.3404768602894,78.52703269656257,93.61618098301162,88.9077443933305,82.15660292274559,101.86329885948014,73.71653697956303,116.54036810912892,68.8518948661436,131.97223520444035,67.88309013696225,147.14246784208956,70.87393389253408
