future_x1,future_y1,future_x2,future_y2,future_x3,future_y3,future_x4,future_y4,future_x5,future_y5,future_x6,future_y6,future_x7,future_y7,future_x8,future_y8,future_x9,future_y9,future_x10,future_y10,future_x11,future_y11,future_x12,future_y12,future_x13,future_y13,future_x14,future_y14,future_x15,future_y15,future_x16,future_y16,future_x17,future_y17,future_x18,future_y18,future_x19,future_y19,future_x20,future_y20
191.42683429029486,146.02699607715817,184.74974541498375,161.57681180500808,174.3347890419168,174.9150638931193,160.8679546258969,185.16321766979513,145.23624601677776,191.64627026702752,128.4692582394735,193.93721022578288,111.67136239185888,191.88514294823483,95.94896535664604,185.62522949147296,82.33763542467725,175.56978407607826,71.73389375885267,162.3811166792808,64.83616430869759,146.9279094571099,62.09877155675389,130.22800029746182,63.7020160721477,113.38134211125907,69.54029886899416,97.49755355175796,79.22907676829817,83.62283309198472,92.13019064286404,72.67105032320674,107.39389828003017,65.36355320134565,124.01484333405686,62.181655885290695,140.8982739281713,63.33493659379698,156.93214936497688,68.74743356801272
