future_x1,future_y1,future_x2,future_y2,future_x3,future_y3,future_x4,future_y4,future_x5,future_y5,future_x6,future_y6,future_x7,future_y7,future_x8,future_y8,future_x9,future_y9,future_x10,future_y10,future_x11,future_y11,future_x12,future_y12,future_x13,future_y13,future_x14,future_y14,future_x15,future_y15,future_x16,future_y16,future_x17,future_y17,future_x18,future_y18,future_x19,future_y19,future_x20,future_y20
57.539255994129064,180.5927536587458,46.47374283410754,160.926943007075,40.778021990257656,139.09237284526716,40.827246684198855,116.52719464939456,46.61817469198421,94.71768197967577,57.769381895780896,75.10033588036941,73.54638508931173,58.96726858635198,92.91001930333158,47.38109751443005,114.58488323976891,41.10495511492175,137.14334460118127,40.55222454073261,159.09957223703907,45.75931183444786,179.00740160416655,56.38324801513501,195.55558755427083,71.7242790053504,207.65417054731518,90.77195549468618,214.5062677108231,112.27168699402877,215.66056016941158,134.80737644437056,211.04101952449767,156.89469258535894,200.95191552575105,177.0788366242934,186.057775099991,194.03036372540487,167.33961275217,206.63274796024683
