future_x1,future_y1,future_x2,future_y2,future_x3,future_y3,future_x4,future_y4,future_x5,future_y5,future_x6,future_y6,future_x7,future_y7,future_x8,future_y8,future_x9,future_y9,future_x10,future_y10,future_x11,future_y11,future_x12,future_y12,future_x13,future_y13,future_x14,future_y14,future_x15,future_y15,future_x16,future_y16,future_x17,future_y17,future_x18,future_y18,future_x19,future_y19,future_x20,future_y20
134.4390815740874,50.017067179384384,154.07536189376842,54.224156494612615,171.99416758863458,63.29055091406251,187.0152621498581,76.61908509761699,198.149269136531,93.33186445115716,204.66283824847227,112.3280883581173,206.12694803193133,132.3565552949894,202.44516372173356,152.09807422319648,193.85998899443803,170.25235416488533,180.93689326917675,185.6236489111041,164.52706661083215,197.19951580488285,145.71135541371845,204.21750108886636,125.72907158692982,206.21535953356675,105.89636428146076,203.06150059014618,87.5195306707616,194.96365570745812,71.8089756396935,182.4551959335548,59.79948749599788,166.36000100383015,52.282080808436746,147.73819384144093,49.751895597804406,127.81631471071391,52.3755845423282,107.90653415889005
