future_x1,future_y1,future_x2,future_y2,future_x3,future_y3,future_x4,future_y4,future_x5,future_y5,future_x6,future_y6,future_x7,future_y7,future_x8,future_y8,future_x9,future_y9,future_x10,future_y10,future_x11,future_y11,future_x12,future_y12,future_x13,future_y13,future_x14,future_y14,future_x15,future_y15,future_x16,future_y16,future_x17,future_y17,future_x18,future_y18,future_x19,future_y19,future_x20,future_y20
214.08894120672295,131.80799323000977,210.28456623757938,153.59407684656378,201.06045231705755,173.69438606395056,187.0241531067112,190.7849978941619,169.10018071181008,203.74022548151643,148.46911195002372,211.7067623702637,126.48982871244658,214.15988621868445,104.61001411794874,210.93802005697893,84.27079970345947,202.25337468397944,66.81184413940267,188.67797123267758,53.38309553691856,171.10596453951328,44.86904919320558,150.6947489189179,41.830489599362934,128.78872545850876,44.46755392010854,106.83075196317955,52.60654979890536,86.26710796854044,65.71139574433758,68.45223437931637,82.91893056749309,54.55952213284631,103.0957661859849,45.504025863856455,124.91293913901815,41.88219309704297,146.93344383162975,43.9325787524744
