future_x1,future_y1,future_x2,future_y2,future_x3,future_y3,future_x4,future_y4,future_x5,future_y5,future_x6,future_y6,future_x7,future_y7,future_x8,future_y8,future_x9,future_y9,future_x10,future_y10,future_x11,future_y11,future_x12,future_y12,future_x13,future_y13,future_x14,future_y14,future_x15,future_y15,future_x16,future_y16,future_x17,future_y17,future_x18,future_y18,future_x19,future_y19,future_x20,future_y20
166.3790184122179,92.8724170945361,174.05581330612927,103.79755806170448,178.69910511767722,116.31681227864954,180.00305970755304,129.60558902533418,177.88179106086085,142.78861236310635,172.47501823837354,154.99757188641124,164.13886266853342,165.4283146840795,153.42239192393916,173.3938115157918,141.03145494530798,178.36940854401615,127.78219073485673,180.0273840798249,114.54727270634754,178.25853423477668,102.19842935076261,173.17936572261735,91.5490271400779,165.12442205113533,83.3004974922278,154.6242485457011,77.9961364281815,142.37044755588923,75.98531994377247,129.1701255120226,77.40049207951776,115.89273221281303,82.14844138766026,103.41279381701179,89.91644037893775,92.55231147656315,100.19284356948465,84.02661957144471
