future_x1,future_y1,future_x2,future_y2,future_x3,future_y3,future_x4,future_y4,future_x5,future_y5,future_x6,future_y6,future_x7,future_y7,future_x8,future_y8,future_x9,future_y9,future_x10,future_y10,future_x11,future_y11,future_x12,future_y12,future_x13,future_y13,future_x14,future_y14,future_x15,future_y15,future_x16,future_y16,future_x17,future_y17,future_x18,future_y18,future_x19,future_y19,future_x20,future_y20
184.2925621435594,87.70996601649605,192.6933671925392,103.36450462503969,196.83309172422156,120.6416798952954,196.43906946207102,138.40351682097057,191.53725299840875,155.48011776711664,182.45050440610405,170.74671871616866,169.7773296691941,183.19777275207645,154.35245760621143,192.01318121442824,137.19185978707304,196.61231015447,119.42583275074983,196.69223425584792,102.2245501171889,192.24768925352174,86.7209881632974,183.57141866880642,73.93630143176333,171.23489202254638,64.71256356808665,156.05066453677927,59.657303464535374,139.01885753332863,59.10348988238964,121.26128464079295,63.087600197422546,103.94756264016593,71.34721778828765,88.21807371744438,83.33831631775605,75.10885327632248,98.27109246375232,65.48335063537365
