future_x1,future_y1,future_x2,future_y2,future_x3,future_y3,future_x4,future_y4,future_x5,future_y5,future_x6,future_y6,future_x7,future_y7,future_x8,future_y8,future_x9,future_y9,future_x10,future_y10,future_x11,future_y11,future_x12,future_y12,future_x13,future_y13,future_x14,future_y14,future_x15,future_y15,future_x16,future_y16,future_x17,future_y17,future_x18,future_y18,future_x19,future_y19,future_x20,future_y20
146.01962146567035,57.85748210493473,163.27896634917445,64.75386092606587,178.21463381867937,75.81599742371671,189.8428741571897,90.31527510510924,197.39778398840699,107.29668741664747,200.3817531169007,125.64174001653069,198.59824002273734,144.14212130166192,192.16471722632443,161.57928882051294,181.50493386664215,176.80472954900836,167.3210051243289,188.8156076220414,150.54716684218337,196.82081692203565,132.288241332076,200.29308791788793,113.74686736725775,199.00371669552982,96.1442874149861,193.037628724659,80.63990952192466,182.78778517456348,68.25494197324697,168.92930021152955,59.80513058988575,152.3749740628183,55.847028975754085,134.2151706975697,56.641340668252695,115.64600012946283,62.13574769067935,97.89053567132504
