future_x1,future_y1,future_x2,future_y2,future_x3,future_y3,future_x4,future_y4,future_x5,future_y5,future_x6,future_y6,future_x7,future_y7,future_x8,future_y8,future_x9,future_y9,future_x10,future_y10,future_x11,future_y11,future_x12,future_y12,future_x13,future_y13,future_x14,future_y14,future_x15,future_y15,future_x16,future_y16,future_x17,future_y17,future_x18,future_y18,future_x19,future_y19,future_x20,future_y20
85.07334073103324,201.63395544426248,67.74561071584858,188.28321526225636,54.38658437775375,170.9618727569927,45.876164701082615,150.81081204512216,42.77489730360088,129.15729890254224,45.28704964980784,107.42755933953757,53.247156810554756,87.05284008071119,66.13091994331741,69.37513835153723,83.08973965595924,55.558810154773965,103.00660968632849,46.51387902845006,124.56968941559681,42.836096615666264,146.35870930277926,44.7677030047972,166.93851807717516,52.18147139178245,184.95361012787237,64.589087975618,199.2174069679901,81.17331513851022,208.7904121784113,100.84181945703995,213.04209209294137,122.29911911918163,211.6924064039627,144.13191187291633,204.83025324189214,164.90216331257994,192.90761382852295,183.24182416836842
