future_x1,future_y1,future_x2,future_y2,future_x3,future_y3,future_x4,future_y4,future_x5,future_y5,future_x6,future_y6,future_x7,future_y7,future_x8,future_y8,future_x9,future_y9,future_x10,future_y10,future_x11,future_y11,future_x12,future_y12,future_x13,future_y13,future_x14,future_y14,future_x15,future_y15,future_x16,future_y16,future_x17,future_y17,future_x18,future_y18,future_x19,future_y19,future_x20,future_y20
70.84753067082875,92.5590503781778,81.75021318165226,79.17968783614972,95.69917499579745,69.01591431100857,111.7756565556441,62.73717489781808,128.92076750914921,60.757023803876024,146.00523137216484,63.20588526916035,161.90376622979994,69.92246306915662,175.56920233227714,80.46436442005556,186.1014547703703,94.13723853426876,192.80680828987983,110.04051059196942,195.24360940323038,127.12669882389565,193.25135625066065,144.2704077382151,186.96127018394648,160.34245319721532,176.78765276682054,174.28423703619353,163.40059747018745,185.17747248062088,147.68185342821204,192.30466784105784,130.66674832440708,195.19638467873602,113.4759957033559,193.66215774484922,97.24187827424622,187.8030401269209,83.03366920208147,178.00494730614724
