future_x1,future_y1,future_x2,future_y2,future_x3,future_y3,future_x4,future_y4,future_x5,future_y5,future_x6,future_y6,future_x7,future_y7,future_x8,future_y8,future_x9,future_y9,future_x10,future_y10,future_x11,future_y11,future_x12,future_y12,future_x13,future_y13,future_x14,future_y14,future_x15,future_y15,future_x16,future_y16,future_x17,future_y17,future_x18,future_y18,future_x19,future_y19,future_x20,future_y20
155.31012075871203,57.89071950337697,172.25504291393207,67.15063612250634,186.28507117297437,80.41844489751401,196.4761064718064,96.82025096201968,202.156908096775,115.27573620455529,202.95330549257827,134.5693152874433,198.81284330599297,153.4302011500202,190.00823639978393,170.61610641762235,177.11940726954646,184.99506765587728,160.99528898339685,195.62000305021976,142.697909524563,201.79109270919736,123.43244046647051,203.10187286291375,104.46781738045418,199.46600792523634,87.05316037660518,191.12297705642203,72.33549980586614,178.6223006761533,61.28422618599136,162.7873458603504,54.627240517606396,144.6610946083509,52.80301050097604,125.4374469969812,55.93169050926498,106.38258399444484,63.80720752437692,88.75156943531132
