future_x1,future_y1,future_x2,future_y2,future_x3,future_y3,future_x4,future_y4,future_x5,future_y5,future_x6,future_y6,future_x7,future_y7,future_x8,future_y8,future_x9,future_y9,future_x10,future_y10,future_x11,future_y11,future_x12,future_y12,future_x13,future_y13,future_x14,future_y14,future_x15,future_y15,future_x16,future_y16,future_x17,future_y17,future_x18,future_y18,future_x19,future_y19,future_x20,future_y20
145.36199024658146,214.71938362546177,122.71825646966157,216.2824636435919,100.42240896657725,212.03074838709745,79.94298161545042,202.24428049142549,62.62886832423894,187.5676535137377,49.62047705161169,168.96755526127313,41.77461592208948,147.66909612359484,39.60805887172249,125.07511619418433,43.263507918316506,102.67378608253514,52.500193978571815,81.94058736339427,66.70973531686784,64.24112879940549,84.95620909622896,50.74119942469443,106.0377966866368,42.329982915112595,128.5659424130121,39.561490792259775,151.0568118884416,42.618072010270126,172.02902595618224,51.29840239569823,190.10123291593885,65.0307450256658,204.0830923615414,82.91060813885865,213.05367790648825,103.76032021082477,216.42213473902476,126.2065982334823
