future_x1,future_y1,future_x2,future_y2,future_x3,future_y3,future_x4,future_y4,future_x5,future_y5,future_x6,future_y6,future_x7,future_y7,future_x8,future_y8,future_x9,future_y9,future_x10,future_y10,future_x11,future_y11,future_x12,future_y12,future_x13,future_y13,future_x14,future_y14,future_x15,future_y15,future_x16,future_y16,future_x17,future_y17,future_x18,future_y18,future_x19,future_y19,future_x20,future_y20
187.8154198029379,87.76689142549502,196.08571818522248,104.3161985531869,199.8714961312495,122.42545825870958,198.9234003402297,140.90188962707026,193.30387790185662,158.52852768721417,183.38306316865823,174.1443797859069,169.81439856000242,186.7208953000111,153.49159505304962,195.42971194822752,135.489767192458,199.6972165371319,116.99461980858523,199.24232645423658,99.22435061785893,194.09500339969492,83.3494126531283,184.59427993489254,70.41542143589648,171.36592883087124,61.27428467136322,155.28124604286478,56.52809066415145,137.39966210338673,56.489451289220284,118.89896188048849,61.1609115599902,100.99770883280183,70.23478199899282,84.87498334996592,83.11340485208711,71.59272167710125,98.94851929578526,62.02577063229735
