future_x1,future_y1,future_x2,future_y2,future_x3,future_y3,future_x4,future_y4,future_x5,future_y5,future_x6,future_y6,future_x7,future_y7,future_x8,future_y8,future_x9,future_y9,future_x10,future_y10,future_x11,future_y11,future_x12,future_y12,future_x13,future_y13,future_x14,future_y14,future_x15,future_y15,future_x16,future_y16,future_x17,future_y17,future_x18,future_y18,future_x19,future_y19,future_x20,future_y20
29.25699618564414,119.66598003575074,34.630077545179674,94.80821981533323,46.15304373432555,72.13666281816694,63.06692534306612,53.144589329538434,84.25767599350331,39.08292750232347,108.32954989805505,30.87785997089391,133.69703377520898,29.069820089062176,158.68927795346642,33.7778958537792,181.6601482250566,44.691986078700964,201.09664979580953,61.09322545754296,215.71858190076784,81.90133320404284,224.5628592543552,105.74576661239517,227.04694643513827,131.05599295176694,223.0072270486038,156.1649338643187,212.70978045219317,179.4187688182791,196.8328562250215,199.28586532372265,176.4222007153606,214.45766113496092,152.82217811867187,223.9348537523841,127.58722285162806,227.09322028308588,102.37945548252871,223.7247323823612
