future_x1,future_y1,future_x2,future_y2,future_x3,future_y3,future_x4,future_y4,future_x5,future_y5,future_x6,future_y6,future_x7,future_y7,future_x8,future_y8,future_x9,future_y9,future_x10,future_y10,future_x11,future_y11,future_x12,future_y12,future_x13,future_y13,future_x14,future_y14,future_x15,future_y15,future_x16,future_y16,future_x17,future_y17,future_x18,future_y18,future_x19,future_y19,future_x20,future_y20
34.88922502447075,121.33353255233662,39.65239267605769,97.85437867767706,50.2346463430238,76.36079032963598,65.9389774001231,58.268459943638376,85.73100748665843,44.76905337146842,108.30711866682964,36.751719854168925,132.18031727063862,34.744527494140044,155.7781759246035,38.87968162603896,177.5464027418746,48.88481700637759,196.051216003978,64.10093736873499,210.07378134366388,83.52582074139144,218.6904912480713,105.88003160133586,221.33379920832726,129.69119192111685,217.82960162557566,153.39096052859705,208.4087052841378,175.41833315610185,193.6916250775499,194.322459238519,174.647713297418,208.85820334942082,152.53131246726443,218.06815704458393,128.79913706617384,221.34569933705498,105.01432586127375,218.47495227499536
