future_x1,future_y1,future_x2,future_y2,future_x3,future_y3,future_x4,future_y4,future_x5,future_y5,future_x6,future_y6,future_x7,future_y7,future_x8,future_y8,future_x9,future_y9,future_x10,future_y10,future_x11,future_y11,future_x12,future_y12,future_x13,future_y13,future_x14,future_y14,future_x15,future_y15,future_x16,future_y16,future_x17,future_y17,future_x18,future_y18,future_x19,future_y19,future_x20,future_y20
207.66051470354807,76.08527158588423,218.25048068066357,98.07029291732424,222.89602636256436,122.02665841081486,221.29116915696324,146.37646283898152,213.54161427087902,169.5158868034605,200.15779235239566,189.92083358591154,182.0212395666365,206.24731500076962,160.32653450921447,217.41997425502964,136.50261632892312,222.70291518590506,112.11866650462412,221.7481726518136,88.7807534485837,214.61863153551215,68.02604752234707,201.78388478085054,51.22157407802645,184.08930327691385,39.47417323701001,162.70035482635132,33.55759697766612,139.02583967381435,33.861545340692345,114.62509874791316,40.365998523376874,91.10530642028833,52.6425354999611,70.0156126765922,69.88255231611504,52.74510711019187,90.95052143692836,40.43132542198613
