future_x1,future_y1,future_x2,future_y2,future_x3,future_y3,future_x4,future_y4,future_x5,future_y5,future_x6,future_y6,future_x7,future_y7,future_x8,future_y8,future_x9,future_y9,future_x10,future_y10,future_x11,future_y11,future_x12,future_y12,future_x13,future_y13,future_x14,future_y14,future_x15,future_y15,future_x16,future_y16,future_x17,future_y17,future_x18,future_y18,future_x19,future_y19,future_x20,future_y20
177.0399747927364,87.65149990140677,185.6945094701077,101.46202409975373,190.54894900748664,117.02049336549068,191.28355185125213,133.30213664179672,187.84993279591305,149.23455043562475,180.4742499144753,163.76833353388983,169.64230847557366,175.94620665603867,156.0675629898109,184.96606442164838,140.64412495620508,190.2338066646278,124.38787149116848,191.4024693171653,108.36953376746516,188.3950774763284,93.64417244673636,181.40971541778526,81.18168526281282,170.90647961611486,71.80292392957179,157.5771741214894,66.12562808444032,142.2997443310501,64.52373737171975,126.08045041116674,67.1027616079967,109.98758916452555,73.69283129344775,95.08112980437404,83.859886202691,82.34289823215877,96.93426510966701,72.61190828705193
