future_x1,future_y1,future_x2,future_y2,future_x3,future_y3,future_x4,future_y4,future_x5,future_y5,future_x6,future_y6,future_x7,future_y7,future_x8,future_y8,future_x9,future_y9,future_x10,future_y10,future_x11,future_y11,future_x12,future_y12,future_x13,future_y13,future_x14,future_y14,future_x15,future_y15,future_x16,future_y16,future_x17,future_y17,future_x18,future_y18,future_x19,future_y19,future_x20,future_y20
178.1250024254248,174.8300011119534,164.55499559920992,186.04564728759723,148.57726466900598,193.4380703492705,131.24419569743196,196.52036242294085,113.69744517424716,195.08950586903092,97.09274389599054,189.2397452020791,82.52377383011556,179.35637960020077,70.95013187501658,166.09038486569017,63.13412524068322,150.31553638170118,59.590561472892404,133.07085719580868,60.55284024131653,115.49218193364536,65.95758028307996,98.73734414028812,75.44879406047309,83.90991464517413,88.40133516564255,71.98651398430354,103.96207409014164,63.752486505339675,121.10609028425858,59.75017303226619,138.70417937104304,60.24318915203479,155.5972290982922,65.19906196249316,170.67256519669056,74.29136892613448,182.93723856297976,86.9212379523354
