future_x1,future_y1,future_x2,future_y2,future_x3,future_y3,future_x4,future_y4,future_x5,future_y5,future_x6,future_y6,future_x7,future_y7,future_x8,future_y8,future_x9,future_y9,future_x10,future_y10,future_x11,future_y11,future_x12,future_y12,future_x13,future_y13,future_x14,future_y14,future_x15,future_y15,future_x16,future_y16,future_x17,future_y17,future_x18,future_y18,future_x19,future_y19,future_x20,future_y20
78.29264914993648,96.92505029541819,87.83890118739023,85.29684590293833,100.03039620925006,76.48131900502435,114.06413161774162,71.05911135127964,129.01576417446063,69.38736099768684,143.90049260913756,71.57617912210871,157.73792234516148,77.48139746324385,169.61663997469398,86.71406407878948,178.7542442337636,98.66606197707037,184.5488794890558,112.55016323044656,186.61887744190742,127.45188037415411,184.82789601691698,142.38969985663607,179.29389964209383,156.3797302168362,170.3813894271943,168.5005068844095,158.6773950057803,177.95368518270624,144.95280935757594,184.11662394121092,130.11161332407733,186.5833962556216,115.13133418537394,185.19152618898252,100.99866004183363,180.03269037957895,88.64445081099826,171.4466796856292
