future_x1,future_y1,future_x2,future_y2,future_x3,future_y3,future_x4,future_y4,future_x5,future_y5,future_x6,future_y6,future_x7,future_y7,future_x8,future_y8,future_x9,future_y9,future_x10,future_y10,future_x11,future_y11,future_x12,future_y12,future_x13,future_y13,future_x14,future_y14,future_x15,future_y15,future_x16,future_y16,future_x17,future_y17,future_x18,future_y18,future_x19,future_y19,future_x20,future_y20
79.6447626075949,162.08004468909257,72.56313461017719,148.65023934575734,69.13290021466582,133.8602894254386,69.57999456073246,118.68434684188217,73.87496942068249,104.12198722518258,81.73493283059095,91.13237207119953,92.64218199639932,80.57107280033998,105.87830220367155,73.1337178597427,120.57148577895123,69.31017459768621,135.7539544014224,69.35228375778762,150.42570259820326,73.25727178644328,163.62036390687217,80.76793351515944,174.46886137758702,91.3895731852659,182.25665002342765,104.42258798083033,186.4707808990585,119.00854792924444,186.83368689442216,134.18673707987492,183.32146491506592,148.9574318306784,176.16545027862986,162.347748525096,165.83697962860737,173.47572321437838,153.01634596828734,181.60840292045037
