future_x1,future_y1,future_x2,future_y2,future_x3,future_y3,future_x4,future_y4,future_x5,future_y5,future_x6,future_y6,future_x7,future_y7,future_x8,future_y8,future_x9,future_y9,future_x10,future_y10,future_x11,future_y11,future_x12,future_y12,future_x13,future_y13,future_x14,future_y14,future_x15,future_y15,future_x16,future_y16,future_x17,future_y17,future_x18,future_y18,future_x19,future_y19,future_x20,future_y20
129.16819159806923,201.97093619804878,110.30252135543597,199.83218862912923,92.60250973794749,192.9621563433165,77.23398220704172,181.8133395272087,65.20919915483263,167.1200639422807,57.32018256150255,149.85011396964035,54.08654883233811,131.14098871555788,55.72128384643983,112.22497972049855,62.11671447096788,94.34800508847019,72.85160053839766,78.687546091792,87.21888016800813,66.27509142271397,104.27224096375264,57.92819736339459,122.88844963921211,54.1966387856574,141.84133467889166,55.32619778811274,159.88254910853655,61.24247506110375,175.82379386982842,71.55579025691154,188.6150860909204,85.58684859838984,197.41391705044873,102.4114831743021,201.6407446901826,120.92152593414787,201.01716561751397,139.8977980656142
