future_x1,future_y1,future_x2,future_y2,future_x3,future_y3,future_x4,future_y4,future_x5,future_y5,future_x6,future_y6,future_x7,future_y7,future_x8,future_y8,future_x9,future_y9,future_x10,future_y10,future_x11,future_y11,future_x12,future_y12,future_x13,future_y13,future_x14,future_y14,future_x15,future_y15,future_x16,future_y16,future_x17,future_y17,future_x18,future_y18,future_x19,future_y19,future_x20,future_y20
69.6556864937417,71.05709018285555,86.07033240929717,58.08249952484596,105.24670951030416,49.7130811127969,125.92175033863734,46.50009340309005,146.73367674777134,48.65516240819437,166.31169451261263,56.03634277962071,183.3662817905775,68.15746715214699,196.7741245120142,84.22016794726174,205.65210436234113,103.16646249403684,209.4154660781574,123.74843790632173,207.81633282165544,144.61044586586195,200.96003278735574,164.37839348607872,189.2981616760966,181.75024904213117,173.59883798199698,195.5818013347646,154.89611025177388,204.9620240786612,134.421848647852,209.27308137940926,113.52460683211531,208.23102199021994,93.58079839733594,201.90448198854497,75.90403828195457,190.71016400578094,61.658620468574114,175.38539077423872
