future_x1,future_y1,future_x2,future_y2,future_x3,future_y3,future_x4,future_y4,future_x5,future_y5,future_x6,future_y6,future_x7,future_y7,future_x8,future_y8,future_x9,future_y9,future_x10,future_y10,future_x11,future_y11,future_x12,future_y12,future_x13,future_y13,future_x14,future_y14,future_x15,future_y15,future_x16,future_y16,future_x17,future_y17,future_x18,future_y18,future_x19,future_y19,future_x20,future_y20
106.7315701856008,183.49232494985569,93.30800799387536,176.25152770387052,82.16946168026277,165.8326048856472,74.04958053135363,152.92180720308025,69.48318703155213,138.36951470060637,68.77105035118772,123.13422579553252,71.96007594388014,108.2194250110185,78.84021608121823,94.60748766311397,88.9583048148532,83.19497492266649,101.64790611515636,74.73358109470107,116.0732092148188,69.78062267013743,131.2840799554013,68.6623302281179,146.2786421357328,71.45236099725989,160.0692668914529,77.96694736321638,171.74762366228848,87.77700086998513,180.54450811293177,100.23637447521583,185.88050639351712,114.52442154338358,187.40415869757135,129.70004839465193,185.01510844404623,144.76370019488678,178.87071234402228,158.72319743649965
