future_x1,future_y1,future_x2,future_y2,future_x3,future_y3,future_x4,future_y4,future_x5,future_y5,future_x6,future_y6,future_x7,future_y7,future_x8,future_y8,future_x9,future_y9,future_x10,future_y10,future_x11,future_y11,future_x12,future_y12,future_x13,future_y13,future_x14,future_y14,future_x15,future_y15,future_x16,future_y16,future_x17,future_y17,future_x18,future_y18,future_x19,future_y19,future_x20,future_y20
152.76791685353243,168.5017364511541,162.95244464376793,179.10330550176164,173.13697243400344,191.3325562132688,183.32150022423892,205.1894885856756,193.50602801447442,220.67410261898203,203.6905558047099,237.78639831318816,213.8750835949454,256.52637566829395,224.05961138518092,276.89403468429936,234.24413917541642,298.88937536120443,244.42866696565193,322.5123976990092,254.61319475588738,347.7631016977135,264.7977225461228,374.6414873573176,274.98225033635833,403.1475546778213,285.16677812659384,433.28130365922476,295.35130591682935,465.04273430152773,305.53583370706485,498.43184660473025,315.72036149730036,533.4486405688326,325.90488928753587,570.0931161938347,336.0894170777714,608.3652734797363,346.2739448680069,648.2651124265376
