future_x1,future_y1,future_x2,future_y2,future_x3,future_y3,future_x4,future_y4,future_x5,future_y5,future_x6,future_y6,future_x7,future_y7,future_x8,future_y8,future_x9,future_y9,future_x10,future_y10,future_x11,future_y11,future_x12,future_y12,future_x13,future_y13,future_x14,future_y14,future_x15,future_y15,future_x16,future_y16,future_x17,future_y17,future_x18,future_y18,future_x19,future_y19,future_x20,future_y20
146.85992934390993,171.85016350968527,156.6505913001706,182.6749610308616,166.44125325643125,195.12744021293747,176.23191521269192,209.20760105591302,186.02257716895258,224.91544355978823,195.81323912521322,242.25096772456308,205.6039010814739,261.2141735502376,215.39456303773454,281.80506103681176,225.18522499399523,304.02363018428565,234.97588695025593,327.86988099265915,244.76654890651653,353.34381346193214,254.55721086277723,380.44542759210503,264.3478728190379,409.1747233831774,274.1385347752986,439.53170083514965,283.9291967315592,471.5163599480214,293.71985868781985,505.1287007217926,303.5105206440805,540.3687231564638,313.3011826003412,577.2364272520347,323.0918445566018,615.731813008505,332.8825065128625,655.854880425875
