future_x1,future_y1,future_x2,future_y2,future_x3,future_y3,future_x4,future_y4,future_x5,future_y5,future_x6,future_y6,future_x7,future_y7,future_x8,future_y8,future_x9,future_y9,future_x10,future_y10,future_x11,future_y11,future_x12,future_y12,future_x13,future_y13,future_x14,future_y14,future_x15,future_y15,future_x16,future_y16,future_x17,future_y17,future_x18,future_y18,future_x19,future_y19,future_x20,future_y20
151.2101278061562,169.36928563741404,161.2908029932333,180.0286913004389,171.3714781803104,192.3157786243634,181.45215336738747,206.23054760918748,191.53282855446457,221.77299825491127,201.61350374154162,238.94313056153473,211.6941789286187,257.74094452905786,221.77485411569583,278.1664401574806,231.8555293027729,300.219617446803,241.93620448984998,323.9004763970251,252.01687967692706,349.2090170081467,262.0975548640041,376.14523928016814,272.1782300510812,404.70914321308913,282.2589052381583,434.90072880690997,292.3395804252354,466.71999606163024,302.4202556123124,500.1669449772501,312.5009307993895,535.2415755537697,322.5816059864666,571.9438877911892,332.6622811735437,610.2738816895082,342.7429563606208,650.2315572487267
