future_x1,future_y1,future_x2,future_y2,future_x3,future_y3,future_x4,future_y4,future_x5,future_y5,future_x6,future_y6,future_x7,future_y7,future_x8,future_y8,future_x9,future_y9,future_x10,future_y10,future_x11,future_y11,future_x12,future_y12,future_x13,future_y13,future_x14,future_y14,future_x15,future_y15,future_x16,future_y16,future_x17,future_y17,future_x18,future_y18,future_x19,future_y19,future_x20,future_y20
146.30083846131288,172.1753225860297,156.05422769206706,183.0217973789623,165.8076169228213,195.49595383279447,175.56100615357545,209.59779194752633,185.31439538432966,225.3273117231578,195.06778461508384,242.68451315968895,204.82117384583802,261.6693962571198,214.57456307659223,282.2819610154503,224.32795230734646,304.52220743468035,234.08134153810065,328.3901355148102,243.8347307688548,353.88574525583954,253.58811999960898,381.00903665776866,263.34150923036316,409.7600097205974,273.0948984611174,440.1386644443259,282.84828769187163,472.1450008289538,292.60167692262576,505.77901887448144,302.35506615337994,541.0407185809088,312.1084553841341,577.930099948236,321.86184461488835,616.4471629764628,331.6152338456426,656.5919076655889
