future_x1,future_y1,future_x2,future_y2,future_x3,future_y3,future_x4,future_y4,future_x5,future_y5,future_x6,future_y6,future_x7,future_y7,future_x8,future_y8,future_x9,future_y9,future_x10,future_y10,future_x11,future_y11,future_x12,future_y12,future_x13,future_y13,future_x14,future_y14,future_x15,future_y15,future_x16,future_y16,future_x17,future_y17,future_x18,future_y18,future_x19,future_y19,future_x20,future_y20
139.2326581941481,176.41390026163737,148.5148354070913,187.54294689961043,157.7970126200345,200.29967519848316,167.0791898329777,214.6840851582555,176.3613670459209,230.69617677892748,185.6435442588641,248.33595006049913,194.92572147180732,267.6034050029705,204.20789868475055,288.49854160634146,213.49007589769377,311.0213598706121,222.77225311063694,335.1718597957824,232.0544303235801,360.9500413818522,241.33660753652333,388.3559046288219,250.61878474946656,417.38944953669113,259.9009619624097,448.0506761054602,269.18313917535295,480.3395843351286,278.4653163882962,514.2561742256968,287.7474936012394,549.8004457771647,297.0296708141826,586.9723989895323,306.3118480271258,625.7720338627995,315.594025240069,666.1993503969663
