future_x1,future_y1,future_x2,future_y2,future_x3,future_y3,future_x4,future_y4,future_x5,future_y5,future_x6,future_y6,future_x7,future_y7,future_x8,future_y8,future_x9,future_y9,future_x10,future_y10,future_x11,future_y11,future_x12,future_y12,future_x13,future_y13,future_x14,future_y14,future_x15,future_y15,future_x16,future_y16,future_x17,future_y17,future_x18,future_y18,future_x19,future_y19,future_x20,future_y20
169.80760927614867,159.69307608948344,181.12811656122526,169.70740111597962,192.4486238463018,181.34940780337539,203.7691311313784,194.6190961516708,215.089638416455,209.51646616086586,226.41014570153158,226.04151783096063,237.73065298660813,244.19425116195498,249.05116027168475,263.97466615384906,260.3716675567613,285.38276280664275,271.6921748418379,308.41854112033616,283.01268212691446,333.08200109492907,294.33318941199104,359.3731427304218,305.65369669706763,387.29196602681407,316.9742039821442,416.83847098410615,328.2947112672208,448.01265760229774,339.61521855229734,480.81452588138893,350.9357258373739,515.24407582138,362.2562331224505,551.3013074222706,373.5767404075271,588.986220684061,384.8972476926036,628.2988156067507
