future_x1,future_y1,future_x2,future_y2,future_x3,future_y3,future_x4,future_y4,future_x5,future_y5,future_x6,future_y6,future_x7,future_y7,future_x8,future_y8,future_x9,future_y9,future_x10,future_y10,future_x11,future_y11,future_x12,future_y12,future_x13,future_y13,future_x14,future_y14,future_x15,future_y15,future_x16,future_y16,future_x17,future_y17,future_x18,future_y18,future_x19,future_y19,future_x20,future_y20
202.85278406900864,145.81524803111023,216.37630300694255,154.9043845203815,229.89982194487646,165.62120267055238,243.42334088281035,177.96570248162294,256.9468598207443,191.93788395359314,270.4703787586782,207.537747086463,283.9938976966121,224.7652918802325,297.517416634546,243.62051833490173,311.04093557247995,264.1034264504705,324.56445451041384,286.214016226939,338.0879734483477,309.95228766430705,351.6114923862816,335.3182407625749,365.13501132421555,362.3118755217423,378.6585302621495,390.9331919418096,392.18204920008344,421.1821900227762,405.70556813801727,453.0588697646425,419.22908707595116,486.5632311674086,432.7526060138851,521.6952742310744,446.27612495181904,558.4549989556399,459.79964388975293,596.8424053411047
