future_x1,future_y1,future_x2,future_y2,future_x3,future_y3,future_x4,future_y4,future_x5,future_y5,future_x6,future_y6,future_x7,future_y7,future_x8,future_y8,future_x9,future_y9,future_x10,future_y10,future_x11,future_y11,future_x12,future_y12,future_x13,future_y13,future_x14,future_y14,future_x15,future_y15,future_x16,future_y16,future_x17,future_y17,future_x18,future_y18,future_x19,future_y19,future_x20,future_y20
112.3816217399918,194.89588053628896,119.87372985599124,207.25705919257217,127.36583797199071,221.24591950975497,134.85794608799014,236.86246148783744,142.3500542039896,254.10668512681954,149.84216231998906,272.9785904267013,157.33427043598851,293.47817738748273,164.82637855198797,315.6054460091638,172.31848666798743,339.3603962917446,179.81059478398691,364.74302823522504,187.30270289998631,391.75334183960496,194.79481101598577,420.3913371048847,202.28691913198526,450.657014031064,209.7790272479847,482.5503726181432,217.27113536398414,516.0714128661218,224.7632434799836,551.2201347749999,232.25535159598303,587.996538344778,239.7474597119825,626.4006235754557,247.23956782798194,666.4323904670331,254.73167594398143,708.09183901951
