future_x1,future_y1,future_x2,future_y2,future_x3,future_y3,future_x4,future_y4,future_x5,future_y5,future_x6,future_y6,future_x7,future_y7,future_x8,future_y8,future_x9,future_y9,future_x10,future_y10,future_x11,future_y11,future_x12,future_y12,future_x13,future_y13,future_x14,future_y14,future_x15,future_y15,future_x16,future_y16,future_x17,future_y17,future_x18,future_y18,future_x19,future_y19,future_x20,future_y20
97.94683982772847,206.64716101437105,104.47662914957705,219.79175836919305,111.0064184714256,234.56403738491468,117.53620779327416,250.96399806153596,124.06599711512274,268.99164039905685,130.5957864369713,288.64696439747746,137.12557575881985,309.9299700567977,143.65536508066845,332.8406573770176,150.18515440251699,357.37902635813714,156.71494372436558,383.5450770001563,163.2447330462141,411.3388093030751,169.7745223680627,440.76022326689366,176.30431168991123,471.8093188916118,182.83410101175983,504.48609617722974,189.3638903336084,538.7905551237471,195.89367965545694,574.7226957311641,202.4234689773055,612.282517999481,208.9532582991541,651.4700219286975,215.48304762100264,692.2852075188136,222.0128369428512,734.7280747698294
