future_x1,future_y1,future_x2,future_y2,future_x3,future_y3,future_x4,future_y4,future_x5,future_y5,future_x6,future_y6,future_x7,future_y7,future_x8,future_y8,future_x9,future_y9,future_x10,future_y10,future_x11,future_y11,future_x12,future_y12,future_x13,future_y13,future_x14,future_y14,future_x15,future_y15,future_x16,future_y16,future_x17,future_y17,future_x18,future_y18,future_x19,future_y19,future_x20,future_y20
156.4762918732435,166.4797314389356,166.90804466479307,176.94650015539523,177.33979745634264,189.0409505327545,187.7715502478922,202.7630825710134,198.20330303944178,218.11289627017194,208.63505583099132,235.09039163023016,219.0668086225409,253.695568651188,229.49856141409046,273.9284273330456,239.93031420564003,295.7889676758028,250.3620669971896,319.27718967945964,260.79381978873914,344.393093344016,271.2255725802887,371.1366786694722,281.6573253718383,399.507945655828,292.08907816338785,429.5068943030836,302.5208309549374,461.1335246112386,312.952583746487,494.38783658029325,323.38433653803656,529.2698302102477,333.81608932958613,565.7795055011019,344.2478421211357,603.9168624528556,354.6795949126853,643.681901065509
