future_x1,future_y1,future_x2,future_y2,future_x3,future_y3,future_x4,future_y4,future_x5,future_y5,future_x6,future_y6,future_x7,future_y7,future_x8,future_y8,future_x9,future_y9,future_x10,future_y10,future_x11,future_y11,future_x12,future_y12,future_x13,future_y13,future_x14,future_y14,future_x15,future_y15,future_x16,future_y16,future_x17,future_y17,future_x18,future_y18,future_x19,future_y19,future_x20,future_y20
196.78156124613034,148.0729251169777,209.90033199587236,157.31257341197352,223.01910274561436,168.1799033678689,236.13787349535642,180.67491498466393,249.2566442450984,194.7976082623586,262.3754149948404,210.54798320095296,275.49418574458247,227.926039800447,288.6129564943245,246.93177806084068,301.7317272440665,267.565197982134,314.8504979938086,289.82629956432703,327.9692687435505,313.71508280741955,341.08803949329257,339.2315477114119,354.2068102430346,366.37569427630376,367.3255809927766,395.1475225020955,380.4443517425187,425.54703238878665,393.5631224922607,457.57422393637745,406.6818932420027,491.22909714486815,419.8006639917447,526.5116520142585,432.9194347414867,563.4218885445483,446.0382054912287,601.9598067357377
