future_x1,future_y1,future_x2,future_y2,future_x3,future_y3,future_x4,future_y4,future_x5,future_y5,future_x6,future_y6,future_x7,future_y7,future_x8,future_y8,future_x9,future_y9,future_x10,future_y10,future_x11,future_y11,future_x12,future_y12,future_x13,future_y13,future_x14,future_y14,future_x15,future_y15,future_x16,future_y16,future_x17,future_y17,future_x18,future_y18,future_x19,future_y19,future_x20,future_y20
109.80748144180362,196.8888360037086,117.12798020459054,209.38287835781978,124.44847896737744,223.50460237283056,131.76897773016435,239.25400804874099,139.08947649295126,256.6310953855511,146.40997525573817,275.6358643832608,153.73047401852506,296.2683150418702,161.05097278131197,318.52844736137934,168.3714715440989,342.416261341788,175.69197030688582,367.9317569830964,183.0124690696727,395.0749342853043,190.3329678324596,423.84579324841206,197.65346659524653,454.24433387241936,204.97396535803347,486.2705561573265,212.29446412082035,519.924460103133,219.61496288360723,555.2060457098393,226.93546164639415,592.1153129774452,234.25596040918109,630.6522619059509,241.57645917196797,670.8168924953563,248.89695793475488,712.6092047456611
