future_x1,future_y1,future_x2,future_y2,future_x3,future_y3,future_x4,future_y4,future_x5,future_y5,future_x6,future_y6,future_x7,future_y7,future_x8,future_y8,future_x9,future_y9,future_x10,future_y10,future_x11,future_y11,future_x12,future_y12,future_x13,future_y13,future_x14,future_y14,future_x15,future_y15,future_x16,future_y16,future_x17,future_y17,future_x18,future_y18,future_x19,future_y19,future_x20,future_y20
184.2757404516123,153.12727020390926,196.5607898150531,162.70387483803378,208.84583917849395,173.90816113305794,221.13088854193475,186.74012908898175,233.41593790537559,201.19977870580524,245.7009872688164,217.28710998352835,257.9860366322572,235.00212292215116,270.27108599569806,254.34481752167363,282.5561353591389,275.31519378209566,294.84118472257967,297.9132517034175,307.1262340860205,322.1389912856388,319.41128344946134,347.9924125287599,331.69633281290214,375.4735154327806,343.98138217634295,404.582299997701,356.2664315397838,435.31876622352104,368.5514809032246,467.6829141102406,380.8365302666654,501.67474365785995,393.1215796301062,537.294254866379,405.4066289935471,574.5414477357978,417.6916783569879,613.4163222661159
