future_x1,future_y1,future_x2,future_y2,future_x3,future_y3,future_x4,future_y4,future_x5,future_y5,future_x6,future_y6,future_x7,future_y7,future_x8,future_y8,future_x9,future_y9,future_x10,future_y10,future_x11,future_y11,future_x12,future_y12,future_x13,future_y13,future_x14,future_y14,future_x15,future_y15,future_x16,future_y16,future_x17,future_y17,future_x18,future_y18,future_x19,future_y19,future_x20,future_y20
138.13949802707683,177.09107365969803,147.3487978955486,188.2652651908752,156.5580977640204,201.0671383829519,165.7673976324922,215.4966932359283,174.97669750096398,231.55392974980435,184.18599736943574,249.23884792458006,193.39529723790753,268.5514477602554,202.60459710637934,289.49172925683047,211.81389697485116,312.0596924143052,221.02319684332292,336.25533723267955,230.23249671179468,362.0786637119534,239.44179658026647,389.5296718521271,248.6510964487383,418.6083616532004,257.8603963172101,449.31473311517345,267.0696961856819,481.648786238046,276.27899605415365,515.6105210218182,285.4882959226254,551.19993746649,294.6975957910972,588.4170355720619,303.906895659569,627.2618153385331,313.1161955280408,667.7342767659038
