future_x1,future_y1,future_x2,future_y2,future_x3,future_y3,future_x4,future_y4,future_x5,future_y5,future_x6,future_y6,future_x7,future_y7,future_x8,future_y8,future_x9,future_y9,future_x10,future_y10,future_x11,future_y11,future_x12,future_y12,future_x13,future_y13,future_x14,future_y14,future_x15,future_y15,future_x16,future_y16,future_x17,future_y17,future_x18,future_y18,future_x19,future_y19,future_x20,future_y20
110.48019564775579,196.36390459251933,117.84554202427287,208.8229515192179,125.21088840078991,222.9096801068161,132.57623477730698,238.62409035531385,139.94158115382402,255.96618226471136,147.30692753034106,274.9359558350085,154.67227390685815,295.5334110662053,162.0376202833752,317.75854795830173,169.40296665989223,341.61136651129783,176.76831303640932,367.09186672519365,184.13365941292633,394.2000485999889,191.4990057894434,422.935912135684,198.86435216596047,453.29945733227873,206.22969854247754,485.29068418977323,213.59504491899457,518.9095927081671,220.96039129551158,554.1561828874608,228.32573767202865,591.030454727654,235.69108404854575,629.5324082287473,243.0564304250628,669.6620433907399,250.42177680157982,711.4193602136322
