future_x1,future_y1,future_x2,future_y2,future_x3,future_y3,future_x4,future_y4,future_x5,future_y5,future_x6,future_y6,future_x7,future_y7,future_x8,future_y8,future_x9,future_y9,future_x10,future_y10,future_x11,future_y11,future_x12,future_y12,future_x13,future_y13,future_x14,future_y14,future_x15,future_y15,future_x16,future_y16,future_x17,future_y17,future_x18,future_y18,future_x19,future_y19,future_x20,future_y20
170.2901972438364,159.46102858362693,181.64287706009213,169.45988377639932,192.9955568763479,181.08642063007133,204.34823669260365,194.340639144643,215.70091650885942,209.22253932011432,227.05359632511517,225.7321211564853,238.40627614137094,243.86938465375593,249.7589559576267,263.63432981192625,261.1116357738825,285.0269566309961,272.4643155901382,308.0472651109657,283.81699540639397,332.6952552518349,295.16967522264974,358.9709270536039,306.5223550389055,386.8742805162724,317.8750348551613,416.4053156398407,329.227714671417,447.5640324243085,340.5803944876728,480.3504308696759,351.9330743039285,514.7645109759432,363.28575412018427,550.8062727431101,374.63843393644004,588.4757161711766,385.9911137526958,627.7728412601426
