future_x1,future_y1,future_x2,future_y2,future_x3,future_y3,future_x4,future_y4,future_x5,future_y5,future_x6,future_y6,future_x7,future_y7,future_x8,future_y8,future_x9,future_y9,future_x10,future_y10,future_x11,future_y11,future_x12,future_y12,future_x13,future_y13,future_x14,future_y14,future_x15,future_y15,future_x16,future_y16,future_x17,future_y17,future_x18,future_y18,future_x19,future_y19,future_x20,future_y20
104.56343630566377,201.08324307036577,111.53433205937469,213.8569125622541,118.50522781308561,228.25826371504203,125.47612356679653,244.28729652872963,132.44701932050745,261.94401100331686,139.41791507421834,281.22840713880373,146.3888108279293,302.14048493519033,153.3597065816402,324.68024439247654,160.33060233535113,348.8476855106624,167.30149808906205,374.6428082897479,174.27239384277294,402.065612729733,181.24328959648386,431.1160988306179,188.21418535019478,461.7942665924023,195.1850811039057,494.1001160150866,202.15597685761665,528.0336470986703,209.12687261132754,563.5948598431536,216.09776836503846,600.7837542485368,223.06866411874938,639.6003303148196,230.0395598724603,680.0445880420021,237.01045562617122,722.116527430084
