future_x1,future_y1,future_x2,future_y2,future_x3,future_y3,future_x4,future_y4,future_x5,future_y5,future_x6,future_y6,future_x7,future_y7,future_x8,future_y8,future_x9,future_y9,future_x10,future_y10,future_x11,future_y11,future_x12,future_y12,future_x13,future_y13,future_x14,future_y14,future_x15,future_y15,future_x16,future_y16,future_x17,future_y17,future_x18,future_y18,future_x19,future_y19,future_x20,future_y20
120.90262727124698,188.59112443332756,128.96280242266343,200.53198601608,137.0229775740799,214.10052925973204,145.08315272549638,229.29675416428373,153.14332787691282,246.12066072973508,161.2035030283293,264.5722489560861,169.26367817974577,284.65151884333676,177.32385333116224,306.3584703914871,185.38402848257869,329.6931036005371,193.4442036339952,354.6554184704868,201.5043787854116,381.2454150013359,209.56455393682808,409.46309319308494,217.62472908824458,439.3084530457335,225.68490423966105,470.7814945592819,233.74507939107747,503.8822177337297,241.80525454249397,538.6106225690771,249.8654296939104,574.9667090653245,257.92560484532686,612.9504772224715,265.98577999674336,652.561927040518,274.0459551481598,693.801058519464
