future_x1,future_y1,future_x2,future_y2,future_x3,future_y3,future_x4,future_y4,future_x5,future_y5,future_x6,future_y6,future_x7,future_y7,future_x8,future_y8,future_x9,future_y9,future_x10,future_y10,future_x11,future_y11,future_x12,future_y12,future_x13,future_y13,future_x14,future_y14,future_x15,future_y15,future_x16,future_y16,future_x17,future_y17,future_x18,future_y18,future_x19,future_y19,future_x20,future_y20
115.47840215174726,192.5536108074931,123.17696229519711,204.75863814852323,130.87552243864693,218.59134715045298,138.57408258209674,234.0517378132824,146.27264272554655,251.13981013701147,153.9712028689964,269.85556412164016,161.6697630124462,290.1989997671685,169.368323155896,312.17011707359654,177.06688329934585,335.76891604092424,184.76544344279566,360.9953966691516,192.46400358624547,387.8495589582785,200.16256372969528,416.3314029083052,207.86112387314512,446.4409285192315,215.55968401659493,478.17813579105757,223.25824416004474,511.5430247237831,230.95680430349452,546.5355953174083,238.65536444694436,583.1558475719332,246.35392459039423,621.403781487358,254.05248473384404,661.2793970636822,261.75104487729385,702.782694300906
