future_x1,future_y1,future_x2,future_y2,future_x3,future_y3,future_x4,future_y4,future_x5,future_y5,future_x6,future_y6,future_x7,future_y7,future_x8,future_y8,future_x9,future_y9,future_x10,future_y10,future_x11,future_y11,future_x12,future_y12,future_x13,future_y13,future_x14,future_y14,future_x15,future_y15,future_x16,future_y16,future_x17,future_y17,future_x18,future_y18,future_x19,future_y19,future_x20,future_y20
144.79845597732248,173.0563256784207,154.45168637581062,183.96153401084604,164.1049167742988,196.49442400417098,173.75814717278695,210.65499565839553,183.41137757127512,226.44324897351976,193.06460796976327,243.85918394954365,202.71783836825145,262.9028005864672,212.3710687667396,283.57409888429044,222.02429916522777,305.87307884301333,231.67752956371595,329.79974046263584,241.3307599622041,355.3540837431579,250.98399036069227,382.53610868457974,260.6372207591804,411.34581528690126,270.2904511576686,441.7832035501225,279.9436815561568,473.8482734742432,289.59691195464495,507.54102505926346,299.2501423531331,542.8614583051836,308.90337275162125,579.8095732120034,318.5566031501094,618.385369779723,328.2098335485976,658.588848008342
