future_x1,future_y1,future_x2,future_y2,future_x3,future_y3,future_x4,future_y4,future_x5,future_y5,future_x6,future_y6,future_x7,future_y7,future_x8,future_y8,future_x9,future_y9,future_x10,future_y10,future_x11,future_y11,future_x12,future_y12,future_x13,future_y13,future_x14,future_y14,future_x15,future_y15,future_x16,future_y16,future_x17,future_y17,future_x18,future_y18,future_x19,future_y19,future_x20,future_y20
117.65791185613446,190.94037755398764,125.50177264654344,203.03785601145077,133.3456334369524,216.7630161298135,141.18949422736137,232.11585790907588,149.03335501777033,249.0963813492379,156.8772158081793,267.7045864502996,164.72107659858824,287.94047321226094,172.56493738899724,309.80404163512196,180.4087981794062,333.2952917188826,188.25265896981517,358.41422346354295,196.0965197602241,385.1608368691028,203.94038055063308,413.53513193556245,211.78424134104208,443.5371086629217,219.62810213145104,475.1667670511807,227.47196292185998,508.42410710033926,235.31582371226892,543.3091288103973,243.15968450267792,579.8218321813554,251.0035452930869,617.962217213213,258.84740608349586,657.7302839059702,266.6912668739048,699.126032259627
