future_x1,future_y1,future_x2,future_y2,future_x3,future_y3,future_x4,future_y4,future_x5,future_y5,future_x6,future_y6,future_x7,future_y7,future_x8,future_y8,future_x9,future_y9,future_x10,future_y10,future_x11,future_y11,future_x12,future_y12,future_x13,future_y13,future_x14,future_y14,future_x15,future_y15,future_x16,future_y16,future_x17,future_y17,future_x18,future_y18,future_x19,future_y19,future_x20,future_y20
108.22519631231405,198.1351365034498,115.44020939980165,210.71226555754373,122.65522248728925,224.91707627253726,129.87023557477684,240.74956864843043,137.08524866226446,258.20974268522326,144.30026174975205,277.29759838291574,151.51527483723967,298.0131357415079,158.7302879247273,320.35635476099975,165.94530101221488,344.32725544139123,173.16031409970248,369.9258377826824,180.37532718719007,397.152101784873,187.5903402746777,426.0060474479635,194.80535336216528,456.48767477195355,202.0203664496529,488.59698375684343,209.2353795371405,522.3339744026327,216.4503926246281,557.6986467093217,223.66540571211573,594.6910006769103,230.8804187996033,633.3110363053989,238.0954318870909,673.5587535947869,245.3104449745785,715.4341525450745
