future_x1,future_y1,future_x2,future_y2,future_x3,future_y3,future_x4,future_y4,future_x5,future_y5,future_x6,future_y6,future_x7,future_y7,future_x8,future_y8,future_x9,future_y9,future_x10,future_y10,future_x11,future_y11,future_x12,future_y12,future_x13,future_y13,future_x14,future_y14,future_x15,future_y15,future_x16,future_y16,future_x17,future_y17,future_x18,future_y18,future_x19,future_y19,future_x20,future_y20
123.74244793778014,186.58512273613533,131.9919444669655,198.39225087240828,140.24144099615086,211.82706066958085,148.49093752533616,226.88955212765308,156.74043405452153,243.57972524662495,164.98993058370687,261.8975800264965,173.2394271128922,281.8431164672677,181.48892364207754,303.41633456893857,189.7384201712629,326.61723433150905,197.98791670044824,351.4458157549792,206.23741322963355,377.9020788393489,214.4869097588189,405.98602358461847,222.73640628800428,435.6976499907875,230.9859028171896,467.0369580578564,239.23539934637498,500.0039477858248,247.48489587556028,534.5986191746927,255.73439240474562,570.8209722244605,263.983888933931,608.671006935128,272.23338546311635,648.1487233066952,280.4828819923017,689.2541213391617
