future_x1,future_y1,future_x2,future_y2,future_x3,future_y3,future_x4,future_y4,future_x5,future_y5,future_x6,future_y6,future_x7,future_y7,future_x8,future_y8,future_x9,future_y9,future_x10,future_y10,future_x11,future_y11,future_x12,future_y12,future_x13,future_y13,future_x14,future_y14,future_x15,future_y15,future_x16,future_y16,future_x17,future_y17,future_x18,future_y18,future_x19,future_y19,future_x20,future_y20
202.90652851200016,145.7958176364062,216.43363041280017,154.88365876603058,229.96073231360023,165.5991815565545,243.4878342144002,177.94238600797812,257.0149361152002,191.91327212030137,270.5420380160002,207.5118398935243,284.0691399168003,224.73808932764692,297.5962418176003,243.59202042266915,311.1233437184003,264.073633178591,324.6504456192003,286.1829275954126,338.1775475200003,309.9199036731337,351.7046494208003,335.2845614117547,365.2317513216003,362.27690081127514,378.7588532224003,390.8969218716954,392.2859551232004,421.1446245930151,405.81305702400033,453.0200089752345,419.3401589248004,486.52307501835367,432.86726082560034,521.6538227223725,446.3943627264004,558.412252087291,459.92146462720046,596.798363113109
