future_x1,future_y1,future_x2,future_y2,future_x3,future_y3,future_x4,future_y4,future_x5,future_y5,future_x6,future_y6,future_x7,future_y7,future_x8,future_y8,future_x9,future_y9,future_x10,future_y10,future_x11,future_y11,future_x12,future_y12,future_x13,future_y13,future_x14,future_y14,future_x15,future_y15,future_x16,future_y16,future_x17,future_y17,future_x18,future_y18,future_x19,future_y19,future_x20,future_y20
97.45976795422663,207.06931686959348,103.95708581784174,220.24205794809697,110.45440368145687,235.04248068750007,116.95172154507195,251.47058508780282,123.44903940868707,269.5263711490053,129.94635727230218,289.2098388711073,136.4436751359173,310.52098825410906,142.9409929995324,333.4598192980105,149.4383108631475,358.0263320028115,155.93562872676264,384.2205263685122,162.43294659037772,412.04240239511245,168.93026445399283,441.49196008261254,175.42758231760794,472.5691994310122,181.92490018122305,505.2741204403116,188.4222180448382,539.6067231105105,194.91953590845327,575.567007441609,201.41685377206838,613.1549734336073,207.9141716356835,652.3706210865054,214.41148949929863,693.213950400303,220.90880736291373,735.6849613750002
