future_x1,future_y1,future_x2,future_y2,future_x3,future_y3,future_x4,future_y4,future_x5,future_y5,future_x6,future_y6,future_x7,future_y7,future_x8,future_y8,future_x9,future_y9,future_x10,future_y10,future_x11,future_y11,future_x12,future_y12,future_x13,future_y13,future_x14,future_y14,future_x15,future_y15,future_x16,future_y16,future_x17,future_y17,future_x18,future_y18,future_x19,future_y19,future_x20,future_y20
169.01451492101438,160.07644170867857,180.28214924908204,170.11632444312107,191.54978357714967,181.78388883846318,202.81741790521727,195.07913489470496,214.08505223328493,210.00206261184638,225.35268656135253,226.5526719898875,236.62032088942019,244.73096302882823,247.8879552174878,264.53693572866865,259.1555895455555,285.9705900894087,270.4232238736231,309.0319261110484,281.6908582016907,333.72094379358765,292.9584925297583,360.03764313702675,304.22612685782593,387.9820241413654,315.49376118589356,417.55408680660383,326.76139551396125,448.75383113274177,338.02902984202876,481.5812571197792,349.29666417009645,516.0363647677166,360.5642984981641,552.1191540765536,371.8319328262317,589.8296250462902,383.09956715429934,629.1677776769263
