future_x1,future_y1,future_x2,future_y2,future_x3,future_y3,future_x4,future_y4,future_x5,future_y5,future_x6,future_y6,future_x7,future_y7,future_x8,future_y8,future_x9,future_y9,future_x10,future_y10,future_x11,future_y11,future_x12,future_y12,future_x13,future_y13,future_x14,future_y14,future_x15,future_y15,future_x16,future_y16,future_x17,future_y17,future_x18,future_y18,future_x19,future_y19,future_x20,future_y20
182.8054414394511,153.7584457584465,194.99247086874786,163.3771287628735,207.17950029804462,174.62349342820016,219.36652972734132,187.49753975442644,231.55355915663807,201.99926774155242,243.7405885859348,218.12867738957803,255.92761801523156,235.88576869850326,268.1146474445283,255.27054166832824,280.30167687382504,276.2829962990528,292.48870630312183,298.923132590677,304.6757357324185,323.1909505432008,316.86276516171523,349.08645015662444,329.049794591012,376.6096314309476,341.23682402030875,405.7604943661706,353.4238534496055,436.53903896229303,365.6108828789022,468.94526521931505,377.797912308199,502.9791731372369,389.9849417374957,538.6407627160585,402.17197116679245,575.9300339557797,414.35900059608923,614.8469868564003
