future_x1,future_y1,future_x2,future_y2,future_x3,future_y3,future_x4,future_y4,future_x5,future_y5,future_x6,future_y6,future_x7,future_y7,future_x8,future_y8,future_x9,future_y9,future_x10,future_y10,future_x11,future_y11,future_x12,future_y12,future_x13,future_y13,future_x14,future_y14,future_x15,future_y15,future_x16,future_y16,future_x17,future_y17,future_x18,future_y18,future_x19,future_y19,future_x20,future_y20
128.5608069489584,183.28488074727764,137.1315274122223,194.8719927509601,145.7022478754862,208.08678641554215,154.2729683387501,222.92926174102385,162.84368880201401,239.3994187274052,171.41440926527787,257.4972573746862,179.98512972854178,277.2227776828669,188.5558501918057,298.57597965194725,197.12657065506957,321.55686328192724,205.69729111833348,346.16542857280695,214.26801158159734,372.40167552458604,222.83873204486127,400.2656041372651,231.40945250812516,429.75721441084363,239.98017297138904,460.87650634532207,248.55089343465298,493.6234799406999,257.1216138979168,527.9981351969773,265.6923343611807,564.0004721141546,274.2630548244446,601.6304906922317,282.83377528770853,640.8881909312082,291.4044957509724,681.7735728310843
