future_x1,future_y1,future_x2,future_y2,future_x3,future_y3,future_x4,future_y4,future_x5,future_y5,future_x6,future_y6,future_x7,future_y7,future_x8,future_y8,future_x9,future_y9,future_x10,future_y10,future_x11,future_y11,future_x12,future_y12,future_x13,future_y13,future_x14,future_y14,future_x15,future_y15,future_x16,future_y16,future_x17,future_y17,future_x18,future_y18,future_x19,future_y19,future_x20,future_y20
103.89008406427895,201.63529423325573,110.81608966856422,214.4457671360034,117.74209527284947,228.88392169965064,124.66810087713475,244.9497579241976,131.59410648142,262.64327580964414,138.52011208570525,281.9644753559904,145.44611768999053,302.9133565632363,152.3721232942758,325.4899194313818,159.29812889856106,349.694163960427,166.22413450284634,375.5260901503719,173.15014010713156,402.9856980012163,180.07614571141684,432.0729875129605,187.00215131570212,462.7879586856043,193.92815691998737,495.13061151914786,200.85416252427265,529.1009460135908,207.7801681285579,564.6989621689336,214.70617373284318,601.924659985176,221.63217933712843,640.7780394623182,228.55818494141369,681.2591006003601,235.48419054569894,723.3678433993013
