future_x1,future_y1,future_x2,future_y2,future_x3,future_y3,future_x4,future_y4,future_x5,future_y5,future_x6,future_y6,future_x7,future_y7,future_x8,future_y8,future_x9,future_y9,future_x10,future_y10,future_x11,future_y11,future_x12,future_y12,future_x13,future_y13,future_x14,future_y14,future_x15,future_y15,future_x16,future_y16,future_x17,future_y17,future_x18,future_y18,future_x19,future_y19,future_x20,future_y20
177.7767368047119,155.97793786845864,189.62851925835935,165.74458701355314,201.48030171200682,177.13891781954726,213.33208416565427,190.16093028644104,225.1838666193017,204.81062441423447,237.03564907294918,221.08800020292756,248.88743152659663,238.9930576525203,260.73921398024413,258.52579676301275,272.5909964338916,279.6862175344048,284.442778887539,302.4743199666965,296.29456134118647,326.89010405988773,308.14634379483397,352.93356981397886,319.9981262484814,380.60471722896943,331.84990870212886,409.9035463048599,343.7016911557763,440.8300570416498,355.5534736094238,473.3842494393393,367.40525606307125,507.5661234979287,379.2570385167187,543.3756792174178,391.10882097036614,580.8129165978064,402.96060342401364,619.8778356390945
