future_x1,future_y1,future_x2,future_y2,future_x3,future_y3,future_x4,future_y4,future_x5,future_y5,future_x6,future_y6,future_x7,future_y7,future_x8,future_y8,future_x9,future_y9,future_x10,future_y10,future_x11,future_y11,future_x12,future_y12,future_x13,future_y13,future_x14,future_y14,future_x15,future_y15,future_x16,future_y16,future_x17,future_y17,future_x18,future_y18,future_x19,future_y19,future_x20,future_y20
164.44530673658235,162.33447248975114,175.40832718568785,172.52489060959846,186.37134763479335,184.3429903903454,197.33436808389882,197.78877183199202,208.29738853300432,212.86223493453826,219.26040898210982,229.5633796979842,230.2234294312153,247.89220612232975,241.1864498803208,267.848714207575,252.14947032942632,289.4329039537199,263.1124907785318,312.64477536076447,274.07551122763726,337.4843284287085,285.03853167674276,363.9515631575524,296.00155212584826,392.0464795472959,306.96457257495376,421.7690775979392,317.92759302405926,453.11935730948187,328.8906134731647,486.0973186819243,339.8536339222702,520.7029617152664,350.8166543713757,556.9362864095084,361.7796748204812,594.7972927646499,372.7426952695867,634.2859807806908
