future_x1,future_y1,future_x2,future_y2,future_x3,future_y3,future_x4,future_y4,future_x5,future_y5,future_x6,future_y6,future_x7,future_y7,future_x8,future_y8,future_x9,future_y9,future_x10,future_y10,future_x11,future_y11,future_x12,future_y12,future_x13,future_y13,future_x14,future_y14,future_x15,future_y15,future_x16,future_y16,future_x17,future_y17,future_x18,future_y18,future_x19,future_y19,future_x20,future_y20
188.99598256798225,151.15418054605038,201.59571473918106,160.59924586965104,214.1954469103799,171.67199285415126,226.79517908157868,184.3724214995512,239.3949112527775,198.7005318058507,251.99464342397633,214.6563237730499,264.59437559517517,232.2397974011488,277.194107766374,251.4509526901473,289.7938399375728,272.28978964004546,302.3935721087716,294.7563082508433,314.9933042799704,318.8505085225407,327.5930364511692,344.5723904551379,340.1927686223681,371.9219540486346,352.7925007935669,400.8991993030312,365.3922329647657,431.5041262183272,377.9919651359645,463.7367347945228,390.5916973071633,497.59702503161833,403.1914294783621,533.0849969296135,415.79116164956093,570.2006504885082,428.3908938207598,608.9439857083025
