future_x1,future_y1,future_x2,future_y2,future_x3,future_y3,future_x4,future_y4,future_x5,future_y5,future_x6,future_y6,future_x7,future_y7,future_x8,future_y8,future_x9,future_y9,future_x10,future_y10,future_x11,future_y11,future_x12,future_y12,future_x13,future_y13,future_x14,future_y14,future_x15,future_y15,future_x16,future_y16,future_x17,future_y17,future_x18,future_y18,future_x19,future_y19,future_x20,future_y20
118.93219992215704,190.0103679871025,126.86101325030083,202.0458458067733,134.78982657844466,215.7090052873437,142.71863990658844,230.99984642881373,150.64745323473227,247.9183692311834,158.57626656287604,266.4645736944527,166.50507989101985,286.63845981862175,174.43389321916365,308.4400276036904,182.36270654730748,331.86927704965876,190.29151987545129,356.92620815652674,198.22033320359506,383.6108209242942,206.14914653173886,411.9231153529616,214.0779598598827,441.86309144252846,222.0067731880265,473.43074919299517,229.93558651617028,506.62608860436137,237.86439984431408,541.4491096766271,245.79321317245785,577.8998124097927,253.72202650060166,615.978196803858,261.65083982874546,655.684262858823,269.5796531568893,697.0180105746874
