future_x1,future_y1,future_x2,future_y2,future_x3,future_y3,future_x4,future_y4,future_x5,future_y5,future_x6,future_y6,future_x7,future_y7,future_x8,future_y8,future_x9,future_y9,future_x10,future_y10,future_x11,future_y11,future_x12,future_y12,future_x13,future_y13,future_x14,future_y14,future_x15,future_y15,future_x16,future_y16,future_x17,future_y17,future_x18,future_y18,future_x19,future_y19,future_x20,future_y20
195.7940073427084,148.45205316262476,208.84694116555565,157.7169766606637,221.89987498840287,168.60958181960223,234.9528088112501,181.12986863944042,248.00574263409732,195.27783712017822,261.0586764569445,211.05348726181575,274.11161027979176,228.45681906435289,287.164544102639,247.48783252778972,300.21747792548626,268.14652765212617,313.27041174833346,290.4329044373623,326.32334557118065,314.34696288349795,339.3762793940279,339.8887029905335,352.42921321687516,367.0581247584685,365.4821470397224,395.85522818730334,378.5350808625696,426.2800132770377,391.5880146854168,458.3324800276716,404.64094850826405,492.0126284392054,417.6938823311113,527.3204585116389,430.7468161539585,564.2559702449719,443.79974997680574,602.8191636392045
