future_x1,future_y1,future_x2,future_y2,future_x3,future_y3,future_x4,future_y4,future_x5,future_y5,future_x6,future_y6,future_x7,future_y7,future_x8,future_y8,future_x9,future_y9,future_x10,future_y10,future_x11,future_y11,future_x12,future_y12,future_x13,future_y13,future_x14,future_y14,future_x15,future_y15,future_x16,future_y16,future_x17,future_y17,future_x18,future_y18,future_x19,future_y19,future_x20,future_y20
169.1950923228216,159.98893358185623,180.47476514434305,170.02298244117725,191.7544379658645,181.68471296139788,203.0341107873859,194.97412514251815,214.31378360890736,209.89121898453806,225.5934564304288,226.43599448745766,236.87312925195025,244.60845165127688,248.1528020734717,264.4085904759958,259.4324748949931,285.8364109616144,270.71214771651455,308.8919131081326,281.991820538036,333.5750969155504,293.27149335955744,359.88596238386793,304.5511661810789,387.8245095130851,315.8308390026003,417.39073830320206,327.1105118241218,448.5846487542185,338.3901846456432,481.4062408661345,349.66985746716466,515.8555146389504,360.9495302886861,551.9324700726659,372.22920311020755,589.637107167281,383.508875931729,628.9694259227957
