future_x1,future_y1,future_x2,future_y2,future_x3,future_y3,future_x4,future_y4,future_x5,future_y5,future_x6,future_y6,future_x7,future_y7,future_x8,future_y8,future_x9,future_y9,future_x10,future_y10,future_x11,future_y11,future_x12,future_y12,future_x13,future_y13,future_x14,future_y14,future_x15,future_y15,future_x16,future_y16,future_x17,future_y17,future_x18,future_y18,future_x19,future_y19,future_x20,future_y20
127.25288287048761,184.16810653084954,135.7364083951868,195.8141002534368,144.21993391988596,209.08777563692365,152.70345944458512,223.98913268131014,161.1869849692843,240.5181713865963,169.6705104939835,258.6748917527821,178.15403601868266,278.4592937798676,186.63756154338185,299.8713774678527,195.12108706808104,322.9111428167375,203.6046125927802,347.578589826522,212.08813811747936,373.8737184972059,220.57166364217852,401.79652882878975,229.0551891668777,431.3470208212731,237.5387146915769,462.5251944746563,246.0222402162761,495.3310497889389,254.50576574097522,529.7645867641211,262.9892912656744,565.8258054002032,271.4728167903736,603.514705697185,279.95634231507273,642.8312876550664,288.4398678397719,683.7755512738473
