future_x1,future_y1,future_x2,future_y2,future_x3,future_y3,future_x4,future_y4,future_x5,future_y5,future_x6,future_y6,future_x7,future_y7,future_x8,future_y8,future_x9,future_y9,future_x10,future_y10,future_x11,future_y11,future_x12,future_y12,future_x13,future_y13,future_x14,future_y14,future_x15,future_y15,future_x16,future_y16,future_x17,future_y17,future_x18,future_y18,future_x19,future_y19,future_x20,future_y20
162.79152249407034,163.17278851353186,173.6442906603417,173.41909436829792,184.49705882661306,185.29308188396357,195.3498269928844,198.7947510605289,206.20259515915578,213.9241018979939,217.0553633254271,230.6811343963585,227.9081314916985,249.06584855562278,238.76089965796987,269.07824437578677,249.6136678242412,290.71832185685037,260.4664359905126,313.98608099881363,271.31920415678394,338.88152180167646,282.17197232305523,365.40464426543906,293.02474048932663,393.5554483901012,303.87750865559804,423.3339341756632,314.7302768218693,454.7401016221247,325.58304498814067,487.77395072948576,336.435813154412,522.4354814977467,347.2885813206834,558.7246939269073,358.14134948695477,596.6415880169674,368.9941176532261,636.1861637679272
