future_x1,future_y1,future_x2,future_y2,future_x3,future_y3,future_x4,future_y4,future_x5,future_y5,future_x6,future_y6,future_x7,future_y7,future_x8,future_y8,future_x9,future_y9,future_x10,future_y10,future_x11,future_y11,future_x12,future_y12,future_x13,future_y13,future_x14,future_y14,future_x15,future_y15,future_x16,future_y16,future_x17,future_y17,future_x18,future_y18,future_x19,future_y19,future_x20,future_y20
198.34628409691814,147.479079200159,211.56936970337938,156.67913776736685,224.7924553098406,167.50687799547435,238.01554091630177,179.9622998844815,251.23862652276298,194.04540343438825,264.46171212922417,209.7561886451947,277.68479773568544,227.09465551690081,290.90788334214665,246.06080404950657,304.13096894860786,266.65463424301197,317.35405455506907,288.87614609741706,330.5771401615302,312.7253396127217,343.8002257679915,338.2022147889261,357.02331137445265,365.3067716260301,370.2463969809139,394.03901012403395,383.4694825873751,424.39893028293716,396.6925681938363,456.38653210274003,409.9156538002975,490.00181558344275,423.13873940675876,525.2447807250452,436.3618250132199,562.1154275275471,449.5849106196812,600.6137559909487
