future_x1,future_y1,future_x2,future_y2,future_x3,future_y3,future_x4,future_y4,future_x5,future_y5,future_x6,future_y6,future_x7,future_y7,future_x8,future_y8,future_x9,future_y9,future_x10,future_y10,future_x11,future_y11,future_x12,future_y12,future_x13,future_y13,future_x14,future_y14,future_x15,future_y15,future_x16,future_y16,future_x17,future_y17,future_x18,future_y18,future_x19,future_y19,future_x20,future_y20
102.66320754202759,202.64925754695793,109.50742137816277,215.52732800395242,116.35163521429794,230.03308012184647,123.19584905043311,246.1665139006402,130.0400628865683,263.92762934033357,136.88427672270348,283.31642644092665,143.72849055883864,304.3329052024193,150.57270439497384,326.9770656248117,157.416918231109,351.24890770810373,164.26113206724418,377.14843145229537,171.10534590337934,404.6756368573866,177.9495597395145,433.83052392337765,184.7937735756497,464.6130926502682,191.63798741178488,497.0233430380586,198.48220124792005,531.0612750867485,205.32641508405518,566.7268887963379,212.17062892019038,604.0201841668272,219.01484275632555,642.9411611982163,225.85905659246072,683.4898198905048,232.70327042859589,725.666160243693
