future_x1,future_y1,future_x2,future_y2,future_x3,future_y3,future_x4,future_y4,future_x5,future_y5,future_x6,future_y6,future_x7,future_y7,future_x8,future_y8,future_x9,future_y9,future_x10,future_y10,future_x11,future_y11,future_x12,future_y12,future_x13,future_y13,future_x14,future_y14,future_x15,future_y15,future_x16,future_y16,future_x17,future_y17,future_x18,future_y18,future_x19,future_y19,future_x20,future_y20
160.77047596644434,164.21272567350994,171.48850769754065,174.52836067227454,182.20653942863694,186.47167733193874,192.92457115973323,200.04267565250262,203.64260289082952,215.24135563396612,214.36063462192578,232.06771727632932,225.07866635302207,250.52176057959213,235.79669808411842,270.60348554375463,246.5147298152147,292.31289216881675,257.232761546311,315.64998045477853,267.95079327740723,340.6147504016399,278.6688250085036,367.2072020094011,289.38685673959986,395.42733527806183,300.10488847069615,425.2751502076223,310.82292020179244,456.7506467980823,321.5409519328887,489.8538250494419,332.258983663985,524.5846849617013,342.9770153950813,560.9432265348605,353.6950471261776,598.9294497689192,364.4130788572739,638.5433546638775
