future_x1,future_y1,future_x2,future_y2,future_x3,future_y3,future_x4,future_y4,future_x5,future_y5,future_x6,future_y6,future_x7,future_y7,future_x8,future_y8,future_x9,future_y9,future_x10,future_y10,future_x11,future_y11,future_x12,future_y12,future_x13,future_y13,future_x14,future_y14,future_x15,future_y15,future_x16,future_y16,future_x17,future_y17,future_x18,future_y18,future_x19,future_y19,future_x20,future_y20
109.6563633931019,197.00715934970114,116.96678761930869,209.50908992687852,124.2772118455155,223.63870216495548,131.58763607172227,239.39599606393207,138.89806029792908,256.78097162380834,146.20848452413586,275.79362884458425,153.51890875034263,296.4339677262598,160.82933297654944,318.70198826883507,168.13975720275624,342.59769047231,175.45018142896305,368.1210743366845,182.76060565516983,395.27213986195864,190.07102988137663,424.0508870481325,197.3814541075834,454.457315895206,204.6918783337902,486.4914264031793,212.002302559997,520.1532185720521,219.3127267862038,555.4426924018244,226.62315101241057,592.3598478924965,233.93357523861738,630.9046850440684,241.24399946482418,671.0772038565399,248.554423691031,712.877404329911
