future_x1,future_y1,future_x2,future_y2,future_x3,future_y3,future_x4,future_y4,future_x5,future_y5,future_x6,future_y6,future_x7,future_y7,future_x8,future_y8,future_x9,future_y9,future_x10,future_y10,future_x11,future_y11,future_x12,future_y12,future_x13,future_y13,future_x14,future_y14,future_x15,future_y15,future_x16,future_y16,future_x17,future_y17,future_x18,future_y18,future_x19,future_y19,future_x20,future_y20
155.46579444860404,167.02473390857995,165.83018074517764,177.5278361230159,176.19456704175127,189.6586199983514,186.55895333832487,203.41708553458662,196.92333963489847,218.8032327317215,207.28772593147204,235.81706158975598,217.6521122280457,254.45857210869016,228.0164985246193,274.727764288524,238.38088482119286,296.62463812925745,248.74527111776652,320.14919363089064,259.10965741434006,345.30143079342326,269.4740437109137,372.0813496168558,279.8384300074873,400.48895010118787,290.20281630406095,430.52423224641973,300.5672026006345,462.18719605255103,310.9315888972081,495.47784151958194,321.2959751937817,530.3961686475128,331.6603614903553,566.9421774363433,342.02474778692897,605.1158678860733,352.38913408350254,644.9172399967028
