future_x1,future_y1,future_x2,future_y2,future_x3,future_y3,future_x4,future_y4,future_x5,future_y5,future_x6,future_y6,future_x7,future_y7,future_x8,future_y8,future_x9,future_y9,future_x10,future_y10,future_x11,future_y11,future_x12,future_y12,future_x13,future_y13,future_x14,future_y14,future_x15,future_y15,future_x16,future_y16,future_x17,future_y17,future_x18,future_y18,future_x19,future_y19,future_x20,future_y20
124.21992227893452,186.252339697677,132.50125043086348,198.03728229805273,140.78257858279247,211.4499065593281,149.06390673472143,226.4902124815031,157.34523488665042,243.15820006457776,165.62656303857935,261.45386930855204,173.90789119050834,281.377220213426,182.1892193424373,302.9282527791996,190.47054749436626,326.10696700587295,198.75187564629525,350.9133628934459,207.0332037982242,377.34744044191837,215.31453195015314,405.4091996512907,223.59586010208213,435.0986405215625,231.87718825401112,466.4157630527342,240.1585164059401,499.36056724480534,248.43984455786904,533.9330530977761,256.721172709798,570.1332206116466,265.00250086172696,607.9610697864169,273.2838290136559,647.4166006220869,281.56515716558494,688.4998131186562
