future_x1,future_y1,future_x2,future_y2,future_x3,future_y3,future_x4,future_y4,future_x5,future_y5,future_x6,future_y6,future_x7,future_y7,future_x8,future_y8,future_x9,future_y9,future_x10,future_y10,future_x11,future_y11,future_x12,future_y12,future_x13,future_y13,future_x14,future_y14,future_x15,future_y15,future_x16,future_y16,future_x17,future_y17,future_x18,future_y18,future_x19,future_y19,future_x20,future_y20
142.29918786058352,174.5455558262059,151.78580038462243,185.5500461684836,161.27241290866135,198.18221817166085,170.7590254327002,212.4420718357378,180.24563795673913,228.32960716071437,189.73225048077802,245.8448241465906,199.21886300481694,264.9877227933665,208.70547552885586,285.7583031010421,218.19208805289477,308.1565650696173,227.67870057693366,332.1825086990922,237.16531310097253,357.8361339894666,246.65192562501142,385.11744094074083,256.13853814905036,414.0264295529146,265.62515067308925,444.56309982598816,275.1117631971282,476.72745175996124,284.59837572116703,510.5194853548339,294.0849882452059,545.9392006106065,303.57160076924487,582.9865975272786,313.05821329328376,621.6616761048505,322.5448258173227,661.9644363433217
