future_x1,future_y1,future_x2,future_y2,future_x3,future_y3,future_x4,future_y4,future_x5,future_y5,future_x6,future_y6,future_x7,future_y7,future_x8,future_y8,future_x9,future_y9,future_x10,future_y10,future_x11,future_y11,future_x12,future_y12,future_x13,future_y13,future_x14,future_y14,future_x15,future_y15,future_x16,future_y16,future_x17,future_y17,future_x18,future_y18,future_x19,future_y19,future_x20,future_y20
141.84073675257997,174.82197470556397,151.29678586941864,185.8448929731322,160.7528349862573,198.49549290160002,170.20888410309595,212.77377449096747,179.66493321993465,228.67973774123462,189.1209823367733,246.21338265240138,198.57703145361197,265.37470922446784,208.03308057045064,286.1637174574339,217.48912968728933,308.58040735129964,226.945178804128,332.6247789060651,236.40122792096662,358.29683212173,245.85727703780532,385.5965669982948,255.313326154644,414.52398353575916,264.7693752714826,445.07908173412324,274.2254243883213,477.26186159338687,283.68147350515994,511.07232311355,293.1375226219986,546.510466294613,302.5935717388373,583.5762911365758,312.0496208556759,622.2697976394381,321.5056699725146,662.5909858032
