future_x1,future_y1,future_x2,future_y2,future_x3,future_y3,future_x4,future_y4,future_x5,future_y5,future_x6,future_y6,future_x7,future_y7,future_x8,future_y8,future_x9,future_y9,future_x10,future_y10,future_x11,future_y11,future_x12,future_y12,future_x13,future_y13,future_x14,future_y14,future_x15,future_y15,future_x16,future_y16,future_x17,future_y17,future_x18,future_y18,future_x19,future_y19,future_x20,future_y20
182.9398597703295,153.7004114851746,195.13585042168478,163.31522553805016,207.3318410730401,174.55772125182534,219.5278317243954,187.4278986265002,231.7238223757507,201.9257576620747,243.91981302710596,218.05129835854882,256.11580367846125,235.80452071592262,268.3117943298166,255.18542473419612,280.50778498117194,276.19401041336926,292.70377563252725,298.83027775344203,304.8997662838825,323.0942267544143,317.0957569352378,348.9858574162865,329.2917475865931,376.50516973905826,341.4877382379484,405.6521637227297,353.6837288893037,436.42683936730066,365.879719540659,468.8291966727713,378.0757101920143,502.8592356391417,390.27170084336956,538.5169562664117,402.4676914947249,575.8023585545815,414.6636821460802,614.7154425036507
