future_x1,future_y1,future_x2,future_y2,future_x3,future_y3,future_x4,future_y4,future_x5,future_y5,future_x6,future_y6,future_x7,future_y7,future_x8,future_y8,future_x9,future_y9,future_x10,future_y10,future_x11,future_y11,future_x12,future_y12,future_x13,future_y13,future_x14,future_y14,future_x15,future_y15,future_x16,future_y16,future_x17,future_y17,future_x18,future_y18,future_x19,future_y19,future_x20,future_y20
169.31551912811796,159.93064694112672,180.60322040332582,169.96081002439914,191.8909216785337,181.6186547685711,203.17862295374155,194.90418117364274,214.46632422894942,209.81738923961407,225.75402550415728,226.35827896648502,237.04172677936512,244.5268503542556,248.32942805457301,264.32310340292594,259.6171293297809,285.74703811249583,270.9048306049888,308.79865448296545,282.19253188019655,333.47795251433456,293.48023315540445,359.7849322066035,304.76793443061234,387.7195935597721,316.05563570582024,417.28193657384037,327.3433369810281,448.4719612488081,338.6310382562359,481.2896675846755,349.91873953144375,515.7350555814427,361.20644080665164,551.8081252391097,372.49414208185954,589.5088765576762,383.7818433570674,628.8373095371422
