future_x1,future_y1,future_x2,future_y2,future_x3,future_y3,future_x4,future_y4,future_x5,future_y5,future_x6,future_y6,future_x7,future_y7,future_x8,future_y8,future_x9,future_y9,future_x10,future_y10,future_x11,future_y11,future_x12,future_y12,future_x13,future_y13,future_x14,future_y14,future_x15,future_y15,future_x16,future_y16,future_x17,future_y17,future_x18,future_y18,future_x19,future_y19,future_x20,future_y20
100.21225202364799,204.7067428966903,106.89306882522453,217.72197904366695,113.57388562680107,232.36489685154316,120.2547024283776,248.63549632031905,126.93551922995414,266.53377744999455,133.61633603153066,286.0597402405698,140.2971528331072,307.2133846920446,146.97796963468372,329.9947108044192,153.65878643626027,354.4037185776933,160.3396032378368,380.44040801186713,167.0204200394133,408.10477910694055,173.70123684098985,437.3968318629137,180.3820536425664,468.31656627978646,187.06287044414293,500.863982357559,193.74368724571949,535.039080096231,200.42450404729598,570.8418594958026,207.1053208488725,608.272320556274,213.78613765044906,647.3304632776453,220.4669544520256,688.0162876599161,227.14777125360214,730.3297937030864
