future_x1,future_y1,future_x2,future_y2,future_x3,future_y3,future_x4,future_y4,future_x5,future_y5,future_x6,future_y6,future_x7,future_y7,future_x8,future_y8,future_x9,future_y9,future_x10,future_y10,future_x11,future_y11,future_x12,future_y12,future_x13,future_y13,future_x14,future_y14,future_x15,future_y15,future_x16,future_y16,future_x17,future_y17,future_x18,future_y18,future_x19,future_y19,future_x20,future_y20
101.23171706674643,203.84572577558484,107.98049820452952,216.80356078115443,114.72927934231264,231.38907744762363,121.47806048009572,247.60227577499245,128.22684161787882,265.44315576326096,134.9756227556619,284.91171741242914,141.724403893445,306.00796072249693,148.4731850312281,328.73188569346445,155.2219661690112,353.0834923253316,161.9707473067943,379.0627806180984,168.71952844457738,406.6697505717647,175.4683095823605,435.9044021863309,182.21709072014357,466.7667354617966,188.9658718579267,499.2567503981621,195.71465299570977,533.3744469954271,202.46343413349285,569.1198252535917,209.21221527127597,606.4928851726561,215.96099640905905,645.4936267526202,222.70977754684213,686.122049993484,229.45855868462527,728.3781548952472
