future_x1,future_y1,future_x2,future_y2,future_x3,future_y3,future_x4,future_y4,future_x5,future_y5,future_x6,future_y6,future_x7,future_y7,future_x8,future_y8,future_x9,future_y9,future_x10,future_y10,future_x11,future_y11,future_x12,future_y12,future_x13,future_y13,future_x14,future_y14,future_x15,future_y15,future_x16,future_y16,future_x17,future_y17,future_x18,future_y18,future_x19,future_y19,future_x20,future_y20
123.04531432993124,187.07330974336622,131.24833528526,198.91298368012127,139.45135624058872,212.38033927777587,147.65437719591748,227.47537653633017,155.85739815124623,244.19809545578408,164.06041910657498,262.5484960361377,172.26344006190374,282.52657827739097,180.46646101723246,304.13234217954385,188.66948197256124,327.3657877425964,196.87250292789,352.22691496654863,205.0755238832187,378.7157238514004,213.27854483854748,406.832214397152,221.48156579387623,436.57638660380314,229.68458674920498,467.9482404713541,237.88760770453374,500.94777599980455,246.0906286598625,535.5749931891545,254.2936496151912,571.8298920394044,262.49667057052,609.7124725505539,270.6996915258487,649.2227347226031,278.90271248117745,690.3606785555518
