future_x1,future_y1,future_x2,future_y2,future_x3,future_y3,future_x4,future_y4,future_x5,future_y5,future_x6,future_y6,future_x7,future_y7,future_x8,future_y8,future_x9,future_y9,future_x10,future_y10,future_x11,future_y11,future_x12,future_y12,future_x13,future_y13,future_x14,future_y14,future_x15,future_y15,future_x16,future_y16,future_x17,future_y17,future_x18,future_y18,future_x19,future_y19,future_x20,future_y20
187.59500940154882,151.73139528573634,200.1013433616521,161.2149415919827,212.60767732175538,172.32616955912863,225.1140112818586,185.0650791871743,237.62034524196187,199.43167047611956,250.12667920206513,215.42594342596448,262.63301316216837,233.04789803670906,275.13934712227166,252.2975343083533,287.6456810823749,273.1748522408972,300.1520150424782,295.6798518343408,312.65834900258136,319.8125330886839,325.16468296268465,345.5728960039268,337.67101692278794,372.9609405800693,350.1773508828912,401.9766668171116,362.68368484299447,432.6200747150534,375.19001880309764,464.89116427389473,387.69635276320093,498.78993549363594,400.2026867233042,534.3163883742768,412.70902068340746,571.4705229158174,425.21535464351075,610.2523391182573
