future_x1,future_y1,future_x2,future_y2,future_x3,future_y3,future_x4,future_y4,future_x5,future_y5,future_x6,future_y6,future_x7,future_y7,future_x8,future_y8,future_x9,future_y9,future_x10,future_y10,future_x11,future_y11,future_x12,future_y12,future_x13,future_y13,future_x14,future_y14,future_x15,future_y15,future_x16,future_y16,future_x17,future_y17,future_x18,future_y18,future_x19,future_y19,future_x20,future_y20
96.76692108668587,207.6728898767295,103.2180491591316,220.88586915570875,109.66917723157732,235.72653009558758,116.12030530402303,252.19487269636608,122.57143337646876,270.29089695804424,129.02256144891447,290.014602880622,135.4736895213602,311.3659904640995,141.92481759380593,334.3450597084767,148.37594566625165,358.9518106137534,154.8270737386974,385.1862431799299,161.2782018111431,413.0483574070059,167.72932988358883,442.53815329498167,174.18045795603456,473.655630843857,180.63158602848029,506.40079005363225,187.082714100926,540.7736309243068,193.53384217337174,576.7741534558811,199.98497024581746,614.4023576483552,206.4360983182632,653.658243501729,212.88722639070892,694.5418110160023,219.33835446315464,737.0530601911752
