future_x1,future_y1,future_x2,future_y2,future_x3,future_y3,future_x4,future_y4,future_x5,future_y5,future_x6,future_y6,future_x7,future_y7,future_x8,future_y8,future_x9,future_y9,future_x10,future_y10,future_x11,future_y11,future_x12,future_y12,future_x13,future_y13,future_x14,future_y14,future_x15,future_y15,future_x16,future_y16,future_x17,future_y17,future_x18,future_y18,future_x19,future_y19,future_x20,future_y20
158.5442407861944,165.37817107140836,169.11385683860735,175.77150243003285,179.6834728910203,187.79251544955696,190.25308894343326,201.4412101299807,200.8227049958462,216.7175864713041,211.3923210482592,233.62164447352717,221.96193710067215,252.1533841366499,232.5315531530851,272.3128054606723,243.10116920549808,294.09990844559434,253.67078525791104,317.514693091416,264.240401310324,342.5571593981373,274.8100173627369,369.2273073657583,285.3796334151499,397.52513699427897,295.9492494675629,427.4506482836994,306.5188655199758,459.00384123401926,317.0884815723888,492.18471584523877,327.6580976248017,526.9932721173581,338.2277136772147,563.4295100503771,348.7973297296277,601.4934296442957,359.3669457820406,641.1850308991139
