future_x1,future_y1,future_x2,future_y2,future_x3,future_y3,future_x4,future_y4,future_x5,future_y5,future_x6,future_y6,future_x7,future_y7,future_x8,future_y8,future_x9,future_y9,future_x10,future_y10,future_x11,future_y11,future_x12,future_y12,future_x13,future_y13,future_x14,future_y14,future_x15,future_y15,future_x16,future_y16,future_x17,future_y17,future_x18,future_y18,future_x19,future_y19,future_x20,future_y20
124.0341459740873,186.38166699287376,132.30308903902647,198.17523141292932,140.5720321039656,211.5964774938844,148.84097516890478,226.6454052357392,157.10991823384393,243.32201463849364,165.37886129878308,261.62630570214776,173.64780436372223,281.55827842670146,181.91674742866138,303.1179328121549,190.18569049360053,326.30526885850793,198.45463355853968,351.1202865657607,206.7235766234788,377.56298593391296,214.99251968841799,405.63336696296506,223.26146275335714,435.3314296529167,231.53040581829632,466.65717400376815,239.79934888323547,499.6106000155191,248.0682919481746,534.1917076881696,256.33723501311374,570.40049702172,264.60617807805295,608.2369680161701,272.87512114299204,647.7011206715197,281.1440642079312,688.7929549877688
