future_x1,future_y1,future_x2,future_y2,future_x3,future_y3,future_x4,future_y4,future_x5,future_y5,future_x6,future_y6,future_x7,future_y7,future_x8,future_y8,future_x9,future_y9,future_x10,future_y10,future_x11,future_y11,future_x12,future_y12,future_x13,future_y13,future_x14,future_y14,future_x15,future_y15,future_x16,future_y16,future_x17,future_y17,future_x18,future_y18,future_x19,future_y19,future_x20,future_y20
131.81869698611547,181.12474676513935,140.60661011852318,192.56784983667922,149.3945232509309,205.63863456911872,158.18243638333857,220.33710096245787,166.97034951574625,236.66324901669668,175.75826264815396,254.61707873183514,184.54617578056167,274.19859010787326,193.33408891296938,295.4077831448111,202.1220020453771,318.2446578426485,210.9099151777848,342.70921420138563,219.69782831019242,368.80145222102226,228.48574144260016,396.52137190155867,237.27365457500787,425.8689732429947,246.06156770741555,456.84425624533054,254.84948083982326,489.4472209085658,263.63739397223094,523.6778672327007,272.42530710463865,559.5361952177354,281.21322023704636,597.0222048636699,290.00113336945407,636.1358961705039,298.7890465018618,676.8772691382375
