future_x1,future_y1,future_x2,future_y2,future_x3,future_y3,future_x4,future_y4,future_x5,future_y5,future_x6,future_y6,future_x7,future_y7,future_x8,future_y8,future_x9,future_y9,future_x10,future_y10,future_x11,future_y11,future_x12,future_y12,future_x13,future_y13,future_x14,future_y14,future_x15,future_y15,future_x16,future_y16,future_x17,future_y17,future_x18,future_y18,future_x19,future_y19,future_x20,future_y20
188.57737028349868,151.32591559385347,201.14919496906526,160.78242992064096,213.72101965463185,171.86662590832807,226.29284434019843,184.57850355691485,238.86466902576498,198.91806286640127,251.43649371133156,214.8853038367873,264.0083183968982,232.48022646807303,276.58014308246476,251.70283076025845,289.15196776803134,272.55311671334346,301.7237924535979,295.0310843273282,314.29561713916445,319.1367336022125,326.86744182473103,344.8700645379965,339.43926651029767,372.23107713468016,352.0110911958642,401.21977139226357,364.58291588143084,431.83614731074647,377.15474056699736,464.080204890129,389.72656525256394,497.95194413041133,402.2983899381305,533.4513650315934,414.8702146236971,570.578467593675,427.4420393092637,609.3332518166561
