future_x1,future_y1,future_x2,future_y2,future_x3,future_y3,future_x4,future_y4,future_x5,future_y5,future_x6,future_y6,future_x7,future_y7,future_x8,future_y8,future_x9,future_y9,future_x10,future_y10,future_x11,future_y11,future_x12,future_y12,future_x13,future_y13,future_x14,future_y14,future_x15,future_y15,future_x16,future_y16,future_x17,future_y17,future_x18,future_y18,future_x19,future_y19,future_x20,future_y20
129.20786624464466,182.8513469149262,137.82172399428765,194.40955666311856,146.43558174393064,207.5954480722105,155.04943949357363,222.4090211422021,163.66329724321662,238.85027587309338,172.27715499285958,256.9192122648843,180.89101274250257,276.6158303175749,189.50487049214556,297.94013003116515,198.11872824178855,320.89211140565504,206.7325859914315,345.4717744410446,215.34644374107447,371.6791191373337,223.96030149071743,399.5141454945226,232.57415924036044,428.97685351261106,241.1880169900034,460.06724319159935,249.80187473964642,492.78531453148713,258.4157324892893,527.1310675322745,267.02959023893237,563.1045021939616,275.6434479885753,600.7056185165486,284.25730573821835,639.934416500035,292.8711634878613,680.790896144421
