future_x1,future_y1,future_x2,future_y2,future_x3,future_y3,future_x4,future_y4,future_x5,future_y5,future_x6,future_y6,future_x7,future_y7,future_x8,future_y8,future_x9,future_y9,future_x10,future_y10,future_x11,future_y11,future_x12,future_y12,future_x13,future_y13,future_x14,future_y14,future_x15,future_y15,future_x16,future_y16,future_x17,future_y17,future_x18,future_y18,future_x19,future_y19,future_x20,future_y20
154.4966353301972,167.55162907102323,164.796411018877,178.08985762962203,175.0961867075568,190.25576784912045,185.3959623962366,204.04935972951853,195.69573808491643,219.47063327081622,205.9955137735962,236.51958847301367,216.29528946227606,255.19622533611067,226.59506515095586,275.5005438601074,236.89484083963572,297.43254404500374,247.19461652831552,320.99222589079983,257.4943922169953,346.17958939749536,267.7941679056751,372.99463456509073,278.0939435943549,401.4373613935857,288.3937192830348,431.5077698829805,298.6934949717146,463.20586003327463,308.9932706603944,496.5316318444685,319.2930463490742,531.485085316562,329.592822037754,568.0662204495554,339.8925977264338,606.2750372434484,350.1923734151136,646.1115356982409
