future_x1,future_y1,future_x2,future_y2,future_x3,future_y3,future_x4,future_y4,future_x5,future_y5,future_x6,future_y6,future_x7,future_y7,future_x8,future_y8,future_x9,future_y9,future_x10,future_y10,future_x11,future_y11,future_x12,future_y12,future_x13,future_y13,future_x14,future_y14,future_x15,future_y15,future_x16,future_y16,future_x17,future_y17,future_x18,future_y18,future_x19,future_y19,future_x20,future_y20
127.34228829458432,184.10743611481868,135.83177418088994,195.74938514300388,144.32126006719557,209.01901583208866,152.8107459535012,223.91632818207307,161.30023183980683,240.44132219295722,169.78971772611243,258.59399786474097,178.27920361241806,278.37435519742434,186.7686894987237,299.7823941910075,195.25817538502932,322.8181148454902,203.74766127133495,347.48151716087256,212.23714715764055,373.7726011371545,220.72663304394615,401.69136677433625,229.21611893025178,431.23781407241756,237.70560481655744,462.41194303139866,246.19509070286304,495.21375365127926,254.68457658916864,529.6432459320595,263.1740624754743,565.7004198737394,271.6635483617799,603.3852754763192,280.15303424808553,642.6978127397985,288.64252013439113,683.6380316641773
