future_x1,future_y1,future_x2,future_y2,future_x3,future_y3,future_x4,future_y4,future_x5,future_y5,future_x6,future_y6,future_x7,future_y7,future_x8,future_y8,future_x9,future_y9,future_x10,future_y10,future_x11,future_y11,future_x12,future_y12,future_x13,future_y13,future_x14,future_y14,future_x15,future_y15,future_x16,future_y16,future_x17,future_y17,future_x18,future_y18,future_x19,future_y19,future_x20,future_y20
108.33371503221665,198.04913612577485,115.5559627010311,210.62053182135713,122.77821036984554,224.819609177839,130.00045803865999,240.64636819522053,137.2227057074744,258.1008088735017,144.44495337628888,277.18293121268255,151.6672010451033,297.892735212763,158.88944871391774,320.2302208737432,166.1116963827322,344.19538819562297,173.33394405154667,369.7882371784025,180.55619172036106,397.00876782208144,187.7784393891755,425.85698012666023,195.00068705798998,456.3328740921387,202.22293472680443,488.4364497185169,209.44518239561884,522.1677070057945,216.6674300644333,557.5266459539719,223.88967773324777,594.5132665630488,231.1119254020622,633.1275688330257,238.3341730708766,673.3695527639021,245.55642073969108,715.239218355678
