future_x1,future_y1,future_x2,future_y2,future_x3,future_y3,future_x4,future_y4,future_x5,future_y5,future_x6,future_y6,future_x7,future_y7,future_x8,future_y8,future_x9,future_y9,future_x10,future_y10,future_x11,future_y11,future_x12,future_y12,future_x13,future_y13,future_x14,future_y14,future_x15,future_y15,future_x16,future_y16,future_x17,future_y17,future_x18,future_y18,future_x19,future_y19,future_x20,future_y20
140.1804448160987,175.83154777451742,149.52580780383863,186.9217709133492,158.87117079157855,199.63967571308058,168.21653377931847,213.9852621737116,177.56189676705839,229.95853029524227,186.9072597547983,247.55948007767262,196.25262274253822,266.78811152100263,205.59798573027814,287.64442462523226,214.94334871801806,310.12841939036156,224.28871170575798,334.2400958163906,233.63407469349787,359.97945390331904,242.97943768123778,387.3464936511474,252.3248006689777,416.34121505987525,261.6701636567176,446.963618129503,271.0155266444575,479.21370286003014,280.3608896321974,513.0914692514568,289.70625261993735,548.5969173037835,299.05161560767726,585.7300470170098,308.3969785954172,624.4908583911357,317.7423415831571,664.8793514261612
