future_x1,future_y1,future_x2,future_y2,future_x3,future_y3,future_x4,future_y4,future_x5,future_y5,future_x6,future_y6,future_x7,future_y7,future_x8,future_y8,future_x9,future_y9,future_x10,future_y10,future_x11,future_y11,future_x12,future_y12,future_x13,future_y13,future_x14,future_y14,future_x15,future_y15,future_x16,future_y16,future_x17,future_y17,future_x18,future_y18,future_x19,future_y19,future_x20,future_y20
197.03671282062015,147.9755167203786,210.17249367532818,157.2086711222678,223.30827453003621,168.06950718505655,236.44405538474422,180.55802490874498,249.57983623945225,194.6742242933331,262.7156170941602,210.41810533882085,275.8513979488682,227.78966804520823,288.9871788035763,246.7889124124953,302.1229596582843,267.415838440682,315.2587405129923,289.67044612976844,328.3945213677003,313.55273547975435,341.5303022224083,339.0627064906401,354.6660830771163,366.2003591624254,367.80186393182436,394.9656934951105,380.93764478653236,425.35870948869507,394.0734256412403,457.37940714317926,407.20920649594837,491.02778645856324,420.34498735065637,526.3038474348471,433.4807682053644,563.2075900720304,446.61654906007243,601.7390143701131
