future_x1,future_y1,future_x2,future_y2,future_x3,future_y3,future_x4,future_y4,future_x5,future_y5,future_x6,future_y6,future_x7,future_y7,future_x8,future_y8,future_x9,future_y9,future_x10,future_y10,future_x11,future_y11,future_x12,future_y12,future_x13,future_y13,future_x14,future_y14,future_x15,future_y15,future_x16,future_y16,future_x17,future_y17,future_x18,future_y18,future_x19,future_y19,future_x20,future_y20
159.71956800542094,164.7602605800742,170.36753920578232,175.11239790594308,181.01551040614373,187.09221689271158,191.66348160650512,200.6997175403797,202.3114528068665,215.9348998489475,212.95942400722788,232.79776381841498,223.6073952075893,251.28830944878206,234.2553664079507,271.40653674004886,244.90333760831214,293.1524456922153,255.5513088086735,316.52603630528137,266.19928000903485,341.527308579247,276.8472512093963,368.1562625141124,287.4952224097577,396.41289810987746,298.14319361011906,426.2972153665422,308.7911648104805,457.8092142841066,319.4391360108419,490.94889486257046,330.08710721120326,525.7162571019342,340.73507841156464,562.1113010021976,351.3830496119261,600.1340265633605,362.03102081228747,639.7844337854232
