future_x1,future_y1,future_x2,future_y2,future_x3,future_y3,future_x4,future_y4,future_x5,future_y5,future_x6,future_y6,future_x7,future_y7,future_x8,future_y8,future_x9,future_y9,future_x10,future_y10,future_x11,future_y11,future_x12,future_y12,future_x13,future_y13,future_x14,future_y14,future_x15,future_y15,future_x16,future_y16,future_x17,future_y17,future_x18,future_y18,future_x19,future_y19,future_x20,future_y20
115.24682949391408,192.72671149106097,122.92995146017503,204.9432788776623,130.61307342643596,218.78752792516326,138.29619539269692,234.25945863356387,145.97931735895787,251.35907100286408,153.66243932521877,270.086365033064,161.34556129147973,290.4413407241636,169.02868325774065,312.4239980761628,176.7118052240016,336.0343370890617,184.39492719026256,361.2723577628602,192.0780491565235,388.1380600975583,199.76117112278442,416.63144409315623,207.44429308904537,446.75250974965365,215.1274150553063,478.5012570670509,222.81053702156723,511.8776860453477,230.49365898782816,546.8817966845439,238.1767809540891,583.5135889846403,245.85990292035007,621.7730629456361,253.54302488661102,661.6602185675315,261.2261468528719,703.1750558503265
