future_x1,future_y1,future_x2,future_y2,future_x3,future_y3,future_x4,future_y4,future_x5,future_y5,future_x6,future_y6,future_x7,future_y7,future_x8,future_y8,future_x9,future_y9,future_x10,future_y10,future_x11,future_y11,future_x12,future_y12,future_x13,future_y13,future_x14,future_y14,future_x15,future_y15,future_x16,future_y16,future_x17,future_y17,future_x18,future_y18,future_x19,future_y19,future_x20,future_y20
185.51133711035166,152.6029769690474,197.8787595843751,162.14462872084783,210.24618205839857,173.31396213354788,222.61360453242202,186.11097720714756,234.98102700644546,200.53567394164688,247.34844948046884,216.5880523370459,259.71587195449234,234.26811239334455,272.0832944285158,253.57585411054288,284.4507169025392,274.51127748864087,296.8181393765627,297.0743825276385,309.1855618505861,321.2651692275357,321.55298432460955,347.08363758833264,333.920406798633,374.52978761002925,346.28782927265644,403.60361929262564,358.65525174667994,434.30513263612136,371.0226742207033,466.63432764051686,383.39009669472676,500.5912043058121,395.7575191687502,536.175762632007,408.12494164277365,573.3880026191016,420.49236411679715,612.2279242670958
