future_x1,future_y1,future_x2,future_y2,future_x3,future_y3,future_x4,future_y4,future_x5,future_y5,future_x6,future_y6,future_x7,future_y7,future_x8,future_y8,future_x9,future_y9,future_x10,future_y10,future_x11,future_y11,future_x12,future_y12,future_x13,future_y13,future_x14,future_y14,future_x15,future_y15,future_x16,future_y16,future_x17,future_y17,future_x18,future_y18,future_x19,future_y19,future_x20,future_y20
120.10757933789546,189.16104535433217,128.11475129375518,201.1399016651516,136.12192324961487,214.74643963687063,144.12909520547456,229.9806592694893,152.13626716133427,246.8425605630076,160.14343911719396,265.3321435174256,168.15061107305365,285.44940813274326,176.15778302891334,307.1943544089605,184.16495498477306,330.5669823460775,192.17212694063275,355.56729194409417,200.1792988964924,382.19528320301026,208.1864708523521,410.4509561228263,216.19364280821182,440.3343107035418,224.20081476407154,471.8453469451572,232.20798671993126,504.98406484767196,240.21515867579092,539.7504644110865,248.22233063165064,576.1445456354006,256.22950258751035,614.1663085206146,264.23667454337,653.8157530667281,272.24384649922973,695.0928792737412
