future_x1,future_y1,future_x2,future_y2,future_x3,future_y3,future_x4,future_y4,future_x5,future_y5,future_x6,future_y6,future_x7,future_y7,future_x8,future_y8,future_x9,future_y9,future_x10,future_y10,future_x11,future_y11,future_x12,future_y12,future_x13,future_y13,future_x14,future_y14,future_x15,future_y15,future_x16,future_y16,future_x17,future_y17,future_x18,future_y18,future_x19,future_y19,future_x20,future_y20
96.52850766804502,207.88142161997385,102.96374151258138,221.10830301516938,109.3989753571177,235.9628660712645,115.83420920165403,252.4451107882593,122.26944304619037,270.55503716615374,128.70467689072672,290.2926452049478,135.13991073526307,311.6579349046416,141.5751445797994,334.650906265235,148.01037842433573,359.2715592867281,154.44561226887208,385.5198939691208,160.88084611340838,413.3959103124131,167.31607995794474,442.89960831660517,173.75131380248106,474.0309879816968,180.18654764701742,506.79004930768826,186.62178149155375,541.1767922945792,193.05701533609005,577.1912169423697,199.4922491806264,614.83332325106,205.92748302516276,654.1031112206501,212.36271686969909,695.0005808511398,218.7979507142354,737.525732142529
