future_x1,future_y1,future_x2,future_y2,future_x3,future_y3,future_x4,future_y4,future_x5,future_y5,future_x6,future_y6,future_x7,future_y7,future_x8,future_y8,future_x9,future_y9,future_x10,future_y10,future_x11,future_y11,future_x12,future_y12,future_x13,future_y13,future_x14,future_y14,future_x15,future_y15,future_x16,future_y16,future_x17,future_y17,future_x18,future_y18,future_x19,future_y19,future_x20,future_y20
104.68681356646289,200.9824305688096,111.66593447089376,213.74937922726087,118.64505537532462,228.1440095466117,125.62417627975546,244.1663215268622,132.60329718418635,261.81631516801235,139.5824180886172,281.0939904700622,146.56153899304803,301.9993474330116,153.54065989747892,324.53238605686084,160.5197808019098,348.6931063416096,167.49890170634063,374.48150828725807,174.47802261077146,401.897591893806,181.45714351520235,430.94135716125385,188.43626441963323,461.61280408960124,195.41538532406406,493.9119326788484,202.39450622849495,527.8387429289951,209.37362713292578,563.3932348400413,216.35274803735666,600.5754084119874,223.33186894178752,639.3852636448331,230.31098984621835,679.8228005385785,237.29011075064923,721.8880190932234
