future_x1,future_y1,future_x2,future_y2,future_x3,future_y3,future_x4,future_y4,future_x5,future_y5,future_x6,future_y6,future_x7,future_y7,future_x8,future_y8,future_x9,future_y9,future_x10,future_y10,future_x11,future_y11,future_x12,future_y12,future_x13,future_y13,future_x14,future_y14,future_x15,future_y15,future_x16,future_y16,future_x17,future_y17,future_x18,future_y18,future_x19,future_y19,future_x20,future_y20
173.48052956739988,157.95011110359792,185.04589820522656,167.8482384643684,196.61126684305322,179.37404748603845,208.17663548087984,192.52753816860817,219.74200411870652,207.30871051207754,231.3073727565332,223.7175645164466,242.87274139435985,241.75410018171527,254.43811003218653,261.41831750788367,266.0034786700132,282.7102164949517,277.56884730783986,305.62979714291936,289.1342159456665,330.17705945178653,300.69958458349316,356.3520034215536,312.26495322131984,384.15462905222023,323.83032185914647,413.5849363437866,335.39569049697315,444.64292529625243,346.96105913479977,477.3285959096179,358.52642777262645,511.64194818388324,370.0917964104531,547.5829821190482,381.6571650482798,585.1516977151128,393.22253368610643,624.3480949720769
