future_x1,future_y1,future_x2,future_y2,future_x3,future_y3,future_x4,future_y4,future_x5,future_y5,future_x6,future_y6,future_x7,future_y7,future_x8,future_y8,future_x9,future_y9,future_x10,future_y10,future_x11,future_y11,future_x12,future_y12,future_x13,future_y13,future_x14,future_y14,future_x15,future_y15,future_x16,future_y16,future_x17,future_y17,future_x18,future_y18,future_x19,future_y19,future_x20,future_y20
115.35830275676028,192.64334421186658,123.04885627387765,204.85435377985496,130.739409790995,218.69304500874296,138.42996330811235,234.1594178985306,146.12051682522969,251.25347244921787,153.81107034234702,269.9752086608048,161.5016238594644,290.32462653329145,169.19217737658175,312.3017260666777,176.88273089369912,335.9065072609636,184.57328441081648,361.1389701161492,192.2638379279338,387.99911463223435,199.95439144505116,416.4869408092193,207.64494496216852,446.60244864710376,215.3354984792859,478.3456381458881,223.02605199640325,511.71650930557183,230.71660551352056,546.7150621261552,238.40715903063793,583.3412966076385,246.0977125477553,621.5952127500213,253.78826606487263,661.4768105533038,261.47881958199,702.9860900174859
