future_x1,future_y1,future_x2,future_y2,future_x3,future_y3,future_x4,future_y4,future_x5,future_y5,future_x6,future_y6,future_x7,future_y7,future_x8,future_y8,future_x9,future_y9,future_x10,future_y10,future_x11,future_y11,future_x12,future_y12,future_x13,future_y13,future_x14,future_y14,future_x15,future_y15,future_x16,future_y16,future_x17,future_y17,future_x18,future_y18,future_x19,future_y19,future_x20,future_y20
197.7709552610439,147.69645402360192,210.95568561178015,156.911004245706,224.14041596251644,167.75323612870966,237.32514631325267,180.223149672613,250.50987666398896,194.32074487741596,263.6946070147252,210.04602174311862,276.8793373654615,227.3989802697209,290.0640677161977,246.37962045722287,303.248798066934,266.9879423056245,316.4335284176703,289.22394581492574,329.61825876840646,313.08763098512657,342.80298911914275,338.5789978162272,355.98771946987904,365.6980463082274,369.17244982061527,394.4447764611274,382.3571801713516,424.81918827492683,395.5419105220878,456.8212817496259,408.7266408728241,490.45105688522483,421.9113712235603,525.7085136817234,435.0961015742966,562.5936521391216,448.2808319250329,601.1064722574193
