future_x1,future_y1,future_x2,future_y2,future_x3,future_y3,future_x4,future_y4,future_x5,future_y5,future_x6,future_y6,future_x7,future_y7,future_x8,future_y8,future_x9,future_y9,future_x10,future_y10,future_x11,future_y11,future_x12,future_y12,future_x13,future_y13,future_x14,future_y14,future_x15,future_y15,future_x16,future_y16,future_x17,future_y17,future_x18,future_y18,future_x19,future_y19,future_x20,future_y20
95.10341485709614,209.1369382968595,101.44364251423589,222.44752080384745,107.78387017137564,237.38578497173495,114.12409782851537,253.95173080052209,120.46432548565512,272.14535829020895,126.80455314279484,291.9666674407954,133.1447807999346,313.41565825228156,139.48500845707434,336.49233072466734,145.82523611421408,361.1966848579528,152.16546377135384,387.5287206521379,158.50569142849355,415.4884381072226,164.8459190856333,445.07583722320703,171.18614674277305,476.29091800009104,177.5263743999128,509.1336804378749,183.86660205705255,543.6041245365582,190.20682971419228,579.7022502961411,196.54705737133202,617.4280577166239,202.88728502847178,656.7815467980063,209.22751268561152,697.7627175402883,215.56774034275128,740.3715699434699
