future_x1,future_y1,future_x2,future_y2,future_x3,future_y3,future_x4,future_y4,future_x5,future_y5,future_x6,future_y6,future_x7,future_y7,future_x8,future_y8,future_x9,future_y9,future_x10,future_y10,future_x11,future_y11,future_x12,future_y12,future_x13,future_y13,future_x14,future_y14,future_x15,future_y15,future_x16,future_y16,future_x17,future_y17,future_x18,future_y18,future_x19,future_y19,future_x20,future_y20
105.5109314296197,200.31171335932774,112.54499352492769,213.03394753714687,119.57905562023568,227.38386337586562,126.61311771554365,243.361460875484,133.64717981085164,260.966740036002,140.6812419061596,280.1997008574197,147.7153040014676,301.0603433397371,154.74936609677556,323.5486674829541,161.78342819208356,347.66467328707074,168.81749028739154,373.4083607520871,175.85155238269948,400.77972987800297,182.88561447800748,429.7787806648186,189.91967657331548,460.40551311253387,196.95373866862346,492.6599272211489,203.98780076393146,526.5420229906634,211.0218628592394,562.0518004210775,218.05592495454738,599.1892595123916,225.08998704985538,637.9544002646052,232.12404914516338,678.3472226777184,239.15811124047136,720.3677267517312
