future_x1,future_y1,future_x2,future_y2,future_x3,future_y3,future_x4,future_y4,future_x5,future_y5,future_x6,future_y6,future_x7,future_y7,future_x8,future_y8,future_x9,future_y9,future_x10,future_y10,future_x11,future_y11,future_x12,future_y12,future_x13,future_y13,future_x14,future_y14,future_x15,future_y15,future_x16,future_y16,future_x17,future_y17,future_x18,future_y18,future_x19,future_y19,future_x20,future_y20
197.89875272152977,147.64807090846952,211.09200290296508,156.8593955895648,224.28525308440038,167.6984019315596,237.4785032658357,180.1650899344541,250.67175344727102,194.25945959824827,263.86500362870635,209.98151092294205,277.05825381014165,227.33124390853555,290.251503991577,246.30865855502867,303.4447541730123,266.91375486242146,316.6380043544476,289.1465328307139,329.8312545358829,313.0069924599059,343.0245047173183,338.4951337499977,356.2177548987536,365.61095670098905,369.4110050801889,394.3544613128803,382.60425526162425,424.72564758567086,395.79750544305955,456.7245155193611,408.99075562449485,490.35106511395117,422.18400580593016,525.605296369441,435.3772559873655,562.4872092858303,448.57050616880076,600.9968038631192
