future_x1,future_y1,future_x2,future_y2,future_x3,future_y3,future_x4,future_y4,future_x5,future_y5,future_x6,future_y6,future_x7,future_y7,future_x8,future_y8,future_x9,future_y9,future_x10,future_y10,future_x11,future_y11,future_x12,future_y12,future_x13,future_y13,future_x14,future_y14,future_x15,future_y15,future_x16,future_y16,future_x17,future_y17,future_x18,future_y18,future_x19,future_y19,future_x20,future_y20
115.4526620923372,192.5728353124323,123.14950623182638,204.77914428712506,130.8463503713155,218.61313492271742,138.54319451080465,234.07480721920942,146.2400386502938,251.1641611766011,153.93688278978294,269.88119679489245,161.6337269292721,290.2259140740834,169.33057106876126,312.19831301417406,177.0274152082504,335.7983936151644,184.72425934773958,361.02615587705435,192.4211034872287,387.88159979984385,200.11794762671784,416.3647253835332,207.814791766207,446.4755326281221,215.51163590569618,478.2140215336108,223.2084800451853,511.5801920999989,230.9053241846744,546.5740443272866,238.60216832416359,583.1955782154743,246.29901246365276,621.4447937645616,253.99585660314187,661.3216909745485,261.692700742631,702.8262698454348
