future_x1,future_y1,future_x2,future_y2,future_x3,future_y3,future_x4,future_y4,future_x5,future_y5,future_x6,future_y6,future_x7,future_y7,future_x8,future_y8,future_x9,future_y9,future_x10,future_y10,future_x11,future_y11,future_x12,future_y12,future_x13,future_y13,future_x14,future_y14,future_x15,future_y15,future_x16,future_y16,future_x17,future_y17,future_x18,future_y18,future_x19,future_y19,future_x20,future_y20
193.80330668437338,149.22655576991846,206.72352712999827,158.54311277511033,219.6437475756232,169.48735144120172,232.5639680212481,182.05927176819281,245.48418846687295,196.25887375608357,258.40440891249784,212.08615740487397,271.32462935812276,229.54112271456407,284.2448498037476,248.62376968515377,297.16507024937255,269.3340983166432,310.08529069499747,291.67210860903225,323.00551114062233,315.6378005623208,335.92573158624725,341.23117417650917,348.8459520318721,368.45222945159713,361.766172477497,397.30096638758494,374.6863929231219,427.7773849844722,387.60661336874676,459.881485242259,400.5268338143717,493.6132671609456,413.44705425999655,528.9727307405321,426.36727470562147,565.9598759810181,439.2874951512464,604.5747028824035
