future_x1,future_y1,future_x2,future_y2,future_x3,future_y3,future_x4,future_y4,future_x5,future_y5,future_x6,future_y6,future_x7,future_y7,future_x8,future_y8,future_x9,future_y9,future_x10,future_y10,future_x11,future_y11,future_x12,future_y12,future_x13,future_y13,future_x14,future_y14,future_x15,future_y15,future_x16,future_y16,future_x17,future_y17,future_x18,future_y18,future_x19,future_y19,future_x20,future_y20
178.79047474834871,155.5228675497687,190.70983973157198,165.25917867361727,202.62920471479524,176.62317145836536,214.54856969801844,189.61484590401315,226.46793468124173,204.2342020105606,238.38729966446493,220.4812397780077,250.3066646476882,238.3559592063544,262.2260296309115,257.85836029560085,274.1453946141347,278.9884430457469,286.064759597358,301.74620745679266,297.9841245805812,326.1316535287379,309.90348956380444,352.14478126158303,321.8228545470277,379.7855906553276,333.74221953025096,409.0540817099721,345.6615845134742,439.95025442551605,357.58094949669743,472.47410880195946,369.5003144799207,506.62564483930294,381.41967946314395,542.404862537546,393.3390444463672,579.8117618966886,405.2584094295905,618.8463429167307
