future_x1,future_y1,future_x2,future_y2,future_x3,future_y3,future_x4,future_y4,future_x5,future_y5,future_x6,future_y6,future_x7,future_y7,future_x8,future_y8,future_x9,future_y9,future_x10,future_y10,future_x11,future_y11,future_x12,future_y12,future_x13,future_y13,future_x14,future_y14,future_x15,future_y15,future_x16,future_y16,future_x17,future_y17,future_x18,future_y18,future_x19,future_y19,future_x20,future_y20
173.22729197008005,158.06858487019932,184.77577810141872,167.97461048207657,196.32426423275743,179.5083177548534,207.87275036409605,192.66970668852986,219.42123649543473,207.45877728310603,230.9697226267734,223.87552953858182,242.51820875811208,241.91996345495727,254.06669488945076,261.5920790322324,265.61518102078946,282.8918762704071,277.16366715212814,305.8193551694816,288.71215328346676,330.37451572945554,300.26063941480544,356.5573579503294,311.8091255461441,384.36788183210274,323.3576116774828,413.80608737477587,334.90609780882147,444.87197457834844,346.4545839401601,477.5655434428207,358.00307007149877,511.8867939681928,369.55155620283745,547.8357261544645,381.1000423341761,585.4123400016358,392.64852846551486,624.6166355097068
