future_x1,future_y1,future_x2,future_y2,future_x3,future_y3,future_x4,future_y4,future_x5,future_y5,future_x6,future_y6,future_x7,future_y7,future_x8,future_y8,future_x9,future_y9,future_x10,future_y10,future_x11,future_y11,future_x12,future_y12,future_x13,future_y13,future_x14,future_y14,future_x15,future_y15,future_x16,future_y16,future_x17,future_y17,future_x18,future_y18,future_x19,future_y19,future_x20,future_y20
184.70109627107678,152.9461519607979,197.0145026891486,162.51068204538169,209.32790910722036,173.70289379086506,221.64131552529216,186.52278719724814,233.95472194336395,200.97036226453082,246.2681283614357,217.0456189927132,258.58153477950754,234.74855738179525,270.8949411975793,254.07917743177694,283.2083476156511,275.0374791426583,295.5217540337229,297.62346251443927,307.83516045179465,321.83712754711985,320.14856686986644,347.6784742407002,332.46197328793824,375.14750259518013,344.7753797060101,404.2442126105599,357.0887861240818,434.968604286839,369.40219254215356,467.32067762401783,381.7155989602254,501.3004326220965,394.0290053782972,536.9078692810748,406.342411796369,574.1429876009527,418.6558182144407,613.0057875817301
