future_x1,future_y1,future_x2,future_y2,future_x3,future_y3,future_x4,future_y4,future_x5,future_y5,future_x6,future_y6,future_x7,future_y7,future_x8,future_y8,future_x9,future_y9,future_x10,future_y10,future_x11,future_y11,future_x12,future_y12,future_x13,future_y13,future_x14,future_y14,future_x15,future_y15,future_x16,future_y16,future_x17,future_y17,future_x18,future_y18,future_x19,future_y19,future_x20,future_y20
156.13592833672084,166.6628073483987,166.54499022583556,177.14178112548922,176.95405211495031,189.2484365634793,187.36311400406504,202.98277366236908,197.77217589317974,218.34479242215852,208.18123778229446,235.33449284284762,218.59029967140918,253.95187492443634,228.9993615605239,274.1969386669248,239.40842344963866,296.0696840703128,249.8174853387534,319.57011113460055,260.2265472278681,344.69821985978786,270.63560911698283,371.4540102458749,281.04467100609753,399.8374822928615,291.4537328952123,429.84863600074794,301.86279478432704,461.48747136953386,312.2718566734417,494.75398839921945,322.6809185625564,529.6481870898048,333.0899804516711,566.1700674412898,343.4990423407859,604.3196294536745,353.90810422990063,644.0968731269586
