future_x1,future_y1,future_x2,future_y2,future_x3,future_y3,future_x4,future_y4,future_x5,future_y5,future_x6,future_y6,future_x7,future_y7,future_x8,future_y8,future_x9,future_y9,future_x10,future_y10,future_x11,future_y11,future_x12,future_y12,future_x13,future_y13,future_x14,future_y14,future_x15,future_y15,future_x16,future_y16,future_x17,future_y17,future_x18,future_y18,future_x19,future_y19,future_x20,future_y20
135.55978154708373,178.71275971746462,144.5971003168893,189.9950636524929,153.6344190866949,202.9050492484207,162.67173785650047,217.44271650524826,171.70905662630608,233.60806542297541,180.74637539611163,251.4010960016022,189.7836941659172,270.8218082411287,198.82101293572282,291.87020214155484,207.85833170552843,314.5462777028806,216.895650475334,338.8500349251061,225.93296924513953,364.78147380823106,234.9702880149451,392.3405943522559,244.00760678475072,421.5273965571803,253.0449255545563,452.34188042300445,262.0822443243619,484.78404594972807,271.11956309416746,518.8538931373513,280.15688186397307,554.5514219858744,289.1942006337786,591.8766324952973,298.23151940358423,630.8295246656196,307.2688381733898,671.4100984968414
