future_x1,future_y1,future_x2,future_y2,future_x3,future_y3,future_x4,future_y4,future_x5,future_y5,future_x6,future_y6,future_x7,future_y7,future_x8,future_y8,future_x9,future_y9,future_x10,future_y10,future_x11,future_y11,future_x12,future_y12,future_x13,future_y13,future_x14,future_y14,future_x15,future_y15,future_x16,future_y16,future_x17,future_y17,future_x18,future_y18,future_x19,future_y19,future_x20,future_y20
137.19742253615274,177.67941886491207,146.34391737189628,188.89283340977013,155.49041220763982,201.7339296155278,164.63690704338333,216.20270748218513,173.78340187912684,232.29916700974212,182.92989671487035,250.02330819819878,192.0763915506139,269.3751310475551,201.2228863863574,290.3546355578111,210.3693812221009,312.9618217289667,219.51587605784442,337.19668956102197,228.66237089358793,363.05923905397674,237.80886572933144,390.5494702078314,246.95536056507498,419.6673830225856,256.1018554008185,450.4129774982396,265.24835023656203,482.78625363479307,274.3948450723055,516.7872114322462,283.54133990804905,552.4158508905991,292.68783474379256,589.6721720098517,301.8343295795361,628.556174790004,310.98082441527964,669.0678592310556
