future_x1,future_y1,future_x2,future_y2,future_x3,future_y3,future_x4,future_y4,future_x5,future_y5,future_x6,future_y6,future_x7,future_y7,future_x8,future_y8,future_x9,future_y9,future_x10,future_y10,future_x11,future_y11,future_x12,future_y12,future_x13,future_y13,future_x14,future_y14,future_x15,future_y15,future_x16,future_y16,future_x17,future_y17,future_x18,future_y18,future_x19,future_y19,future_x20,future_y20
199.4667445215071,147.05897899718306,212.7645274896076,156.23103088419256,226.0623104577081,167.03076443210165,239.36009342580854,179.45817964091037,252.65787639390905,193.51327651061874,265.9556593620095,209.19605504122683,279.25344233011003,226.5065152327345,292.55122529821045,245.4446570851419,305.849008266311,266.0104805984489,319.14679123441147,288.2039857726556,332.4445742025119,312.0251726077618,345.74235717061237,337.47404110376783,359.04014013871284,364.55059126067346,372.3379231068133,393.25482307847886,385.63570607491386,423.58673655718377,398.9334890430142,455.5463316967882,412.23127201111475,489.1336084972925,425.5290549792152,524.3485669586966,438.82683794731577,561.1912070810001,452.1246209154162,599.6615288642033
