future_x1,future_y1,future_x2,future_y2,future_x3,future_y3,future_x4,future_y4,future_x5,future_y5,future_x6,future_y6,future_x7,future_y7,future_x8,future_y8,future_x9,future_y9,future_x10,future_y10,future_x11,future_y11,future_x12,future_y12,future_x13,future_y13,future_x14,future_y14,future_x15,future_y15,future_x16,future_y16,future_x17,future_y17,future_x18,future_y18,future_x19,future_y19,future_x20,future_y20
149.8021537721608,170.1627910239111,159.7889640236382,180.87509704603576,169.77577427511557,193.21508472906007,179.76258452659295,207.182754072984,189.74939477807033,222.7781050778076,199.73620502954773,240.00113774353085,209.7230152810251,258.85185207015377,219.70982553250252,279.33024805767633,229.6966357839799,301.4363257060985,239.68344603545728,325.1700850154204,249.67025628693463,350.53152598564185,259.65706653841204,377.5206486167631,269.6438767898894,406.13745290878387,279.6306870413668,436.3819388617045,289.61749729284423,468.2541064755245,299.6043075443216,501.75395575024424,309.591117795799,536.8814866858637,319.5779280472764,573.636699282383,329.56473829875375,612.0195935398018,339.55154855023113,652.0301694581201
