future_x1,future_y1,future_x2,future_y2,future_x3,future_y3,future_x4,future_y4,future_x5,future_y5,future_x6,future_y6,future_x7,future_y7,future_x8,future_y8,future_x9,future_y9,future_x10,future_y10,future_x11,future_y11,future_x12,future_y12,future_x13,future_y13,future_x14,future_y14,future_x15,future_y15,future_x16,future_y16,future_x17,future_y17,future_x18,future_y18,future_x19,future_y19,future_x20,future_y20
131.3201518253851,181.4516612436152,140.0748286137441,192.91655861372018,148.8295054021031,206.00913764472472,157.58418219046212,220.72939833662895,166.33885897882112,237.07734068943282,175.09353576718013,255.05296470313633,183.84821255553913,274.65627037773953,192.60288934389814,295.8872577132424,201.35756613225715,318.74592670964483,210.11224292061615,343.232277366947,218.86691970897513,369.3463096851487,227.62159649733417,397.0880236642503,236.3762732856932,426.45741930425135,245.13095007405218,457.4544966051522,253.88562686241121,490.07925556695255,262.6403036507702,524.3316961896525,271.3949804391292,560.2118184732523,280.1496572274882,597.7196224177518,288.9043340158472,636.8551080231508,297.6590108042062,677.6182752894495
