future_x1,future_y1,future_x2,future_y2,future_x3,future_y3,future_x4,future_y4,future_x5,future_y5,future_x6,future_y6,future_x7,future_y7,future_x8,future_y8,future_x9,future_y9,future_x10,future_y10,future_x11,future_y11,future_x12,future_y12,future_x13,future_y13,future_x14,future_y14,future_x15,future_y15,future_x16,future_y16,future_x17,future_y17,future_x18,future_y18,future_x19,future_y19,future_x20,future_y20
108.65955130128934,197.79137926960658,115.90352138804197,210.3455911747776,123.1474914747946,224.52748474084825,130.39146156154723,240.33705996781856,137.63543164829986,257.7743168556885,144.87940173505245,276.83925540445813,152.12337182180508,297.5318756141274,159.36734190855773,319.85217748469637,166.61131199531036,343.8001610161649,173.85528208206296,369.37582620853317,181.09925216881555,396.579173061801,188.3432222555682,425.4102015759686,195.58719234232083,455.86891175103574,202.83116242907346,487.95530358700273,210.07513251582608,521.6693770838691,217.31910260257868,557.0111322416352,224.56307268933134,593.980569060301,231.80704277608393,632.5776875398667,239.05101286283656,672.8024876803318,246.2949829495892,714.6549694816965
