future_x1,future_y1,future_x2,future_y2,future_x3,future_y3,future_x4,future_y4,future_x5,future_y5,future_x6,future_y6,future_x7,future_y7,future_x8,future_y8,future_x9,future_y9,future_x10,future_y10,future_x11,future_y11,future_x12,future_y12,future_x13,future_y13,future_x14,future_y14,future_x15,future_y15,future_x16,future_y16,future_x17,future_y17,future_x18,future_y18,future_x19,future_y19,future_x20,future_y20
187.3862463173043,151.81801151843584,199.87866273845796,161.3073322401955,212.3710791596116,172.42433462285476,224.86349558076517,185.1690186664137,237.35591200191885,199.54138437087227,249.84832842307242,215.54143173623052,262.34074484422604,233.1691607624884,274.8331612653797,252.42457144964595,287.32557768653334,273.3076637977031,299.81799410768696,295.81843780666,312.3104105288405,319.9568934765164,324.80282694999414,345.72303080727266,337.2952433711478,373.11684979892846,349.78765979230144,402.138350451484,362.28007621345506,432.7875327649391,374.7724926346086,465.0643967392937,387.2649090557623,498.96894237454825,399.7573254769159,534.5011696707024,412.24974189806954,571.6610786277563,424.7421583192232,610.4486692457095
