future_x1,future_y1,future_x2,future_y2,future_x3,future_y3,future_x4,future_y4,future_x5,future_y5,future_x6,future_y6,future_x7,future_y7,future_x8,future_y8,future_x9,future_y9,future_x10,future_y10,future_x11,future_y11,future_x12,future_y12,future_x13,future_y13,future_x14,future_y14,future_x15,future_y15,future_x16,future_y16,future_x17,future_y17,future_x18,future_y18,future_x19,future_y19,future_x20,future_y20
172.81229315108513,158.26327720412968,184.3331126944908,168.1822823049356,195.8539322378965,179.72896906664113,207.37475178130217,192.90333748924633,218.89557132470782,207.70538757275114,230.41639086811352,224.1351193171556,241.93721041151917,242.1925327224598,253.45802995492485,261.8776277886636,264.97884949833053,283.190404515767,276.49966904173624,306.1308629037702,288.02048858514183,330.69900295267286,299.54130812854754,356.89482466247534,311.06212767195325,384.7183280331774,322.58294721535896,414.1695130647792,334.1037667587646,445.24837975728053,345.62458630217026,477.9549281106814,357.14540584557597,512.2891581249821,368.6662253889816,548.2510698001827,380.18704493238727,585.8406631362827,391.707864475793,625.0579381332823
