future_x1,future_y1,future_x2,future_y2,future_x3,future_y3,future_x4,future_y4,future_x5,future_y5,future_x6,future_y6,future_x7,future_y7,future_x8,future_y8,future_x9,future_y9,future_x10,future_y10,future_x11,future_y11,future_x12,future_y12,future_x13,future_y13,future_x14,future_y14,future_x15,future_y15,future_x16,future_y16,future_x17,future_y17,future_x18,future_y18,future_x19,future_y19,future_x20,future_y20
123.41573604899631,186.81356960842606,131.64345178559606,198.63592753618508,139.87116752219583,212.08596712484368,148.09888325879558,227.16368837440194,156.32659899539533,243.86909128485985,164.55431473199508,262.2021758562174,172.78203046859485,282.16294208847467,181.0097462051946,303.75138998163163,189.23746194179438,326.96751953568815,197.46517767839413,351.81133075064434,205.69289341499385,378.2828236265001,213.92060915159362,406.3819981632557,222.14832488819337,436.1088543609108,230.37604062479312,467.4633922194658,238.60375636139287,500.44561173892015,246.83147209799262,535.0555129192742,255.05918783459236,571.293095760528,263.2869035711921,609.1583602626816,271.5146193077919,648.6513064257347,279.74233504439167,689.7719342496873
