future_x1,future_y1,future_x2,future_y2,future_x3,future_y3,future_x4,future_y4,future_x5,future_y5,future_x6,future_y6,future_x7,future_y7,future_x8,future_y8,future_x9,future_y9,future_x10,future_y10,future_x11,future_y11,future_x12,future_y12,future_x13,future_y13,future_x14,future_y14,future_x15,future_y15,future_x16,future_y16,future_x17,future_y17,future_x18,future_y18,future_x19,future_y19,future_x20,future_y20
113.88713999171166,193.74973265329305,121.47961599115914,206.03450145070988,129.07209199060657,219.9469519090263,136.664567990054,235.48708402824235,144.25704398950148,252.6548978083581,151.84951998894888,271.45039324937346,159.44199598839634,291.87357035128855,167.0344719878438,313.9244291141032,174.62694798729126,337.60296953781756,182.21942398673872,362.9091916224316,189.81189998618612,389.8430953679451,197.40437598563358,418.40468077435855,204.996851985081,448.5939478416714,212.58932798452847,480.4108965698842,220.18180398397595,513.8555269589964,227.77427998342333,548.9278390090082,235.36675598287079,585.6278327199199,242.95923198231827,623.9555080917312,250.55170798176567,663.9108651244421,258.14418398121313,705.4939038180526
