future_x1,future_y1,future_x2,future_y2,future_x3,future_y3,future_x4,future_y4,future_x5,future_y5,future_x6,future_y6,future_x7,future_y7,future_x8,future_y8,future_x9,future_y9,future_x10,future_y10,future_x11,future_y11,future_x12,future_y12,future_x13,future_y13,future_x14,future_y14,future_x15,future_y15,future_x16,future_y16,future_x17,future_y17,future_x18,future_y18,future_x19,future_y19,future_x20,future_y20
160.07283898185923,164.57568125825384,170.74436158064987,174.9155132960014,181.4158841794405,186.88302699464847,192.08740677823107,200.4782223541953,202.7589293770217,215.70109937464173,213.43045197581233,232.55165805598782,224.10197457460293,251.02989839823357,234.77349717339357,271.13582040137896,245.4450197721842,292.8694240654241,256.1165423709748,316.2307093903688,266.7880649697654,341.21967637621304,277.459587568556,367.83632502295717,288.13111016734666,396.08065533060085,298.80263276613726,425.9526672991443,309.4741553649279,457.4523609285872,320.14567796371847,490.5797362189297,330.81720056250913,525.3347931701721,341.48872316129973,561.7175317823142,352.16024576009033,599.7279520553559,362.831768358881,639.3660539892969
