future_x1,future_y1,future_x2,future_y2,future_x3,future_y3,future_x4,future_y4,future_x5,future_y5,future_x6,future_y6,future_x7,future_y7,future_x8,future_y8,future_x9,future_y9,future_x10,future_y10,future_x11,future_y11,future_x12,future_y12,future_x13,future_y13,future_x14,future_y14,future_x15,future_y15,future_x16,future_y16,future_x17,future_y17,future_x18,future_y18,future_x19,future_y19,future_x20,future_y20
98.1627661999959,206.46057914950416,104.70695061332897,219.59273771333505,111.25113502666204,234.35257793806554,117.7953194399951,250.74009982369566,124.33950385332814,268.7553033702255,130.88368826666118,288.39818857765493,137.42787267999427,309.668755445984,143.97205709332735,332.5670039752128,150.51624150666038,357.09293416534126,157.06042591999346,383.24654601636934,163.6046103333265,411.02783952829697,170.14879474665958,440.43681470112443,176.69297915999263,471.47347153485146,183.2371635733257,504.13781002947826,189.78134798665877,538.4298301850046,196.3255323999918,574.3495320014304,202.86971681332486,611.8969154787561,209.41390122665794,651.0719806169816,215.958085639991,691.8747274161066,222.50227005332408,734.305155876131
