future_x1,future_y1,future_x2,future_y2,future_x3,future_y3,future_x4,future_y4,future_x5,future_y5,future_x6,future_y6,future_x7,future_y7,future_x8,future_y8,future_x9,future_y9,future_x10,future_y10,future_x11,future_y11,future_x12,future_y12,future_x13,future_y13,future_x14,future_y14,future_x15,future_y15,future_x16,future_y16,future_x17,future_y17,future_x18,future_y18,future_x19,future_y19,future_x20,future_y20
150.62522122768965,169.69783892884934,160.66690264286893,180.37914814463656,170.70858405804827,192.68813902132337,180.75026547322756,206.62481155890987,190.7919468884069,222.18916575739598,200.83362830358618,239.3812016167818,210.8753097187655,258.2009191370672,220.9169911339448,278.6483183182524,230.95867254912415,300.7233991603372,241.00035396430343,324.4261616633216,251.04203537948274,349.7566058272056,261.08371679466205,376.7147316519894,271.12539820984136,405.3005391376727,281.1670796250207,435.51402828425586,291.2087610402,467.3551990917384,301.2504424553793,500.8240515601207,311.2921238705586,535.9205856894027,321.33380528573787,572.6448014795845,331.37548670091724,610.9966989306658,341.41716811609655,650.9762780426468
