future_x1,future_y1,future_x2,future_y2,future_x3,future_y3,future_x4,future_y4,future_x5,future_y5,future_x6,future_y6,future_x7,future_y7,future_x8,future_y8,future_x9,future_y9,future_x10,future_y10,future_x11,future_y11,future_x12,future_y12,future_x13,future_y13,future_x14,future_y14,future_x15,future_y15,future_x16,future_y16,future_x17,future_y17,future_x18,future_y18,future_x19,future_y19,future_x20,future_y20
193.58141185159928,149.31374033282472,206.48683930837257,158.6361096422103,219.39226676514585,169.5861606124955,232.29769422191913,182.16389324368032,245.2031216786924,196.36930753576485,258.1085491354657,212.20240348874898,271.013976592239,229.66318110263282,283.9194040490123,248.7516403774163,296.82483150578554,269.4677813130994,309.7302589625589,291.8116039096822,322.6356864193321,315.7831081671645,335.54111387610544,341.38229408554673,348.44654133287867,368.6091616648284,361.351968789652,397.46371090501,374.2573962464253,427.9459418060909,387.16282370319857,460.0558543680715,400.0682511599718,493.7934485909519,412.97367861674513,529.158724474732,425.8791060735184,566.1516820194117,438.7845335302917,604.772321224991
