future_x1,future_y1,future_x2,future_y2,future_x3,future_y3,future_x4,future_y4,future_x5,future_y5,future_x6,future_y6,future_x7,future_y7,future_x8,future_y8,future_x9,future_y9,future_x10,future_y10,future_x11,future_y11,future_x12,future_y12,future_x13,future_y13,future_x14,future_y14,future_x15,future_y15,future_x16,future_y16,future_x17,future_y17,future_x18,future_y18,future_x19,future_y19,future_x20,future_y20
138.435597957752,176.9070660389069,147.66463782160216,188.06899039536466,156.8936776854523,200.85859641272197,166.12271754930242,215.27588409097893,175.35175741315257,231.3208534301356,184.5807972770027,248.99350443019188,193.80983714085284,268.29383709114785,203.03887700470298,289.2218514130035,212.26791686855313,311.77754739575875,221.49695673240325,335.9609250394137,230.72599659625334,361.7719843439682,239.9550364601035,389.21072530942246,249.18407632395366,418.2771479357763,258.4131161878038,448.97125222303,267.6421560516539,481.2930381711831,276.871195915504,515.2425057802359,286.1002357793542,550.8196550501884,295.3292756432043,588.0244859810407,304.5583155070545,626.8569985727925,313.7873553709046,667.317192825444
