future_x1,future_y1,future_x2,future_y2,future_x3,future_y3,future_x4,future_y4,future_x5,future_y5,future_x6,future_y6,future_x7,future_y7,future_x8,future_y8,future_x9,future_y9,future_x10,future_y10,future_x11,future_y11,future_x12,future_y12,future_x13,future_y13,future_x14,future_y14,future_x15,future_y15,future_x16,future_y16,future_x17,future_y17,future_x18,future_y18,future_x19,future_y19,future_x20,future_y20
165.18022781142662,161.96555356442792,176.19224299885508,172.13137708925373,187.20425818628354,183.92488227497915,198.21627337371194,197.34606912160422,209.22828856114037,212.3949376291289,220.24030374856883,229.0714877975533,231.2523189359973,247.3757196268773,242.26433412342573,267.30763311710103,253.2763493108542,288.8672282682243,264.28836449828265,312.0545050802474,275.30037968571105,336.8694635531699,286.31239487313945,363.31210368699226,297.3244100605679,391.3824254817142,308.3364252479964,421.0804289373359,319.34844043542483,452.4061140538571,330.36045562285324,485.3594808312779,341.3724708102817,519.9405292695985,352.38448599771016,556.1492593688189,363.3965011851386,593.9856711289387,374.4085163725671,633.4497645499583
