future_x1,future_y1,future_x2,future_y2,future_x3,future_y3,future_x4,future_y4,future_x5,future_y5,future_x6,future_y6,future_x7,future_y7,future_x8,future_y8,future_x9,future_y9,future_x10,future_y10,future_x11,future_y11,future_x12,future_y12,future_x13,future_y13,future_x14,future_y14,future_x15,future_y15,future_x16,future_y16,future_x17,future_y17,future_x18,future_y18,future_x19,future_y19,future_x20,future_y20
135.08290328375668,179.0162184569709,144.08843016934046,190.31875297463293,153.09395705492426,203.2489691531945,162.099483940508,217.80686699265578,171.10501082609179,233.99244649301667,180.11053771167556,251.80570765427728,189.11606459725934,271.2466504764375,198.12159148284314,292.3152749594974,207.12711836842692,315.01158110345693,216.1326452540107,339.33556890831613,225.13817213959447,365.2872383740749,234.14369902517825,392.8665895007335,243.14922591076203,422.0736222882916,252.1547527963458,452.9083367367495,261.1602796819296,485.3707328461069,270.16580656751336,519.4608106163639,279.17133345309713,555.1785700475207,288.1768603386809,592.5240111395773,297.1823872242647,631.4971338925334,306.1879141098485,672.097938306389
