future_x1,future_y1,future_x2,future_y2,future_x3,future_y3,future_x4,future_y4,future_x5,future_y5,future_x6,future_y6,future_x7,future_y7,future_x8,future_y8,future_x9,future_y9,future_x10,future_y10,future_x11,future_y11,future_x12,future_y12,future_x13,future_y13,future_x14,future_y14,future_x15,future_y15,future_x16,future_y16,future_x17,future_y17,future_x18,future_y18,future_x19,future_y19,future_x20,future_y20
157.46989639007901,165.94815731919965,167.967889482751,176.37948776101024,178.4658825754229,188.43849986372044,188.96387566809483,202.12519362733028,199.46186876076678,217.43956905183978,209.95986185343872,234.38162613724893,220.45785494611064,252.95136488355774,230.9558480387826,273.1487852907662,241.45384113145457,294.9738873588743,251.95183422412646,318.42667108788214,262.4498273167984,343.50713647778946,272.94782040947035,370.2152835285966,283.44581350214224,398.5511122403033,293.9438065948142,428.5146226129098,304.4417996874862,460.1058146464158,314.93979278015803,493.32468834082135,325.43778587283,528.1712436961268,335.935778965502,564.645480712332,346.4337720581739,602.7473993894366,356.9317651508458,642.4769997274409
