future_x1,future_y1,future_x2,future_y2,future_x3,future_y3,future_x4,future_y4,future_x5,future_y5,future_x6,future_y6,future_x7,future_y7,future_x8,future_y8,future_x9,future_y9,future_x10,future_y10,future_x11,future_y11,future_x12,future_y12,future_x13,future_y13,future_x14,future_y14,future_x15,future_y15,future_x16,future_y16,future_x17,future_y17,future_x18,future_y18,future_x19,future_y19,future_x20,future_y20
184.2446314848309,153.14054252809737,196.52760691715298,162.7180319838345,208.81058234947506,173.92320310047117,221.0935577817971,186.75605587800754,233.37653321411918,201.21659031644353,245.6595086464412,217.30480641577918,257.94248407876324,235.02070417601453,270.2254595110854,254.36428359714955,282.50843494340745,275.3355446791842,294.79141037572947,297.9344874221185,307.0743858080515,322.16111182595233,319.35736124037356,348.01541789068597,331.64033667269564,375.49740561631916,343.9233121050177,404.60707500285224,356.2062875373398,435.3444260502847,368.4892629696618,467.7094587586168,380.7722384019839,501.7021731278487,393.05521383430596,537.3225691579804,405.33818926662804,574.5706468490116,417.6211646989501,613.4464062009423
