future_x1,future_y1,future_x2,future_y2,future_x3,future_y3,future_x4,future_y4,future_x5,future_y5,future_x6,future_y6,future_x7,future_y7,future_x8,future_y8,future_x9,future_y9,future_x10,future_y10,future_x11,future_y11,future_x12,future_y12,future_x13,future_y13,future_x14,future_y14,future_x15,future_y15,future_x16,future_y16,future_x17,future_y17,future_x18,future_y18,future_x19,future_y19,future_x20,future_y20
146.49026373793578,172.06499263156547,156.25628132046486,182.90411209420046,166.02229890299392,195.370913217735,175.78831648552296,209.46539600216926,185.55433406805201,225.18756044750313,195.32035165058107,242.53740655373667,205.08636923311013,261.5149343208699,214.8523868156392,282.1201437489027,224.61840439816825,304.35303483783525,234.38442198069728,328.21360758766747,244.15043956322634,353.7018619983991,253.91645714575537,380.8177980700307,263.68247472828443,409.5614158025618,273.44849231081355,439.93271519599267,283.21450989334255,471.93169625032306,292.98052747587155,505.558358965553,302.74654505840067,540.8127033416829,312.51256264092973,577.6947293787123,322.2785802234588,616.2044370766414,332.04459780598785,656.34182643547
