future_x1,future_y1,future_x2,future_y2,future_x3,future_y3,future_x4,future_y4,future_x5,future_y5,future_x6,future_y6,future_x7,future_y7,future_x8,future_y8,future_x9,future_y9,future_x10,future_y10,future_x11,future_y11,future_x12,future_y12,future_x13,future_y13,future_x14,future_y14,future_x15,future_y15,future_x16,future_y16,future_x17,future_y17,future_x18,future_y18,future_x19,future_y19,future_x20,future_y20
202.62711430725057,145.8969405282297,216.13558859440064,154.99152318397563,229.6440628815507,165.71378750062112,243.1525371687007,178.06373347816634,256.66101145585077,192.04136111661114,270.1694857430008,207.6466704159556,283.6779600301508,224.87966137619978,297.1864343173009,243.7403339973436,310.6949086044509,264.22868827938703,324.20338289160094,286.3447242223302,337.71185717875096,310.08844182617287,351.22033146590104,335.45984109091535,364.72880575305106,362.4589220165573,378.2372800402011,391.08568460309925,391.74575432735116,421.3401288505405,405.25422861450113,453.22225475888143,418.7627029016512,486.7320623281222,432.2711771888013,521.8695515582627,445.7796514759513,558.6347224493027,459.2881257631014,597.0275750012422
