future_x1,future_y1,future_x2,future_y2,future_x3,future_y3,future_x4,future_y4,future_x5,future_y5,future_x6,future_y6,future_x7,future_y7,future_x8,future_y8,future_x9,future_y9,future_x10,future_y10,future_x11,future_y11,future_x12,future_y12,future_x13,future_y13,future_x14,future_y14,future_x15,future_y15,future_x16,future_y16,future_x17,future_y17,future_x18,future_y18,future_x19,future_y19,future_x20,future_y20
161.25264553680375,163.96306897028708,172.002821905924,174.26206018883687,182.75299827504426,186.18873306828618,193.50317464416452,199.7430876086352,204.25335101328477,214.92512380988381,215.00352738240503,231.73484167203213,225.75370375152528,250.17224119508015,236.50388012064553,270.2373223790278,247.2540564897658,291.93008522387504,258.00423285888604,315.25052972962203,268.75440922800624,340.19865589626846,279.5045855971265,366.77446372381485,290.2547619662468,394.9779532122607,301.00493833536706,424.80912436160634,311.7551147044873,456.26797717185144,322.5052910736075,489.3545116429962,333.25546744272776,524.0687277750408,344.005643811848,560.4106255679851,354.75582018096827,598.3802050218289,365.5059965500885,637.9774661365724
