future_x1,future_y1,future_x2,future_y2,future_x3,future_y3,future_x4,future_y4,future_x5,future_y5,future_x6,future_y6,future_x7,future_y7,future_x8,future_y8,future_x9,future_y9,future_x10,future_y10,future_x11,future_y11,future_x12,future_y12,future_x13,future_y13,future_x14,future_y14,future_x15,future_y15,future_x16,future_y16,future_x17,future_y17,future_x18,future_y18,future_x19,future_y19,future_x20,future_y20
143.85679866117752,173.61393777134876,153.44725190525602,184.55632024330262,163.03770514933456,197.12638437615607,172.62815839341303,211.32413016990918,182.21861163749153,227.14955762456196,191.80906488157004,244.60266674011442,201.39951812564854,263.6834575165665,210.98997136972707,284.39192995391824,220.58042461380555,306.7280840521696,230.17087785788408,330.6919198113207,239.76133110196255,356.2834372313713,249.35178434604103,383.5026363123217,258.9422375901196,412.3495170541717,268.5326908341981,442.8240794569215,278.1231440782766,474.9263235205707,287.71359732235504,508.65624924511957,297.3040505664336,544.0138566305683,306.89450381051205,580.9991456769167,316.4849570545906,619.6121163841647,326.0754102986691,659.8527687523122
