future_x1,future_y1,future_x2,future_y2,future_x3,future_y3,future_x4,future_y4,future_x5,future_y5,future_x6,future_y6,future_x7,future_y7,future_x8,future_y8,future_x9,future_y9,future_x10,future_y10,future_x11,future_y11,future_x12,future_y12,future_x13,future_y13,future_x14,future_y14,future_x15,future_y15,future_x16,future_y16,future_x17,future_y17,future_x18,future_y18,future_x19,future_y19,future_x20,future_y20
146.02634876886364,172.33549496109345,155.7614386867879,183.1926479123636,165.49652860471215,195.6774825245334,175.23161852263635,209.7899987976028,184.9667084405606,225.53019673157186,194.70179835848484,242.89807632644062,204.4368882764091,261.893637582209,214.17197819433335,282.5168804988771,223.9070681122576,304.7678050764448,233.64215803018186,328.64641131491214,243.37724794810606,354.1526992142791,253.1123378660303,381.28666877454583,262.8474277839546,410.0483199957121,272.5825177018788,440.4376528777782,282.3176076198031,472.45466742074376,292.0526975377273,506.09936362460894,301.7877874556515,541.3717414893739,311.5228773735758,578.2718010150386,321.2579672915,616.799542201603,330.9930572094243,656.9549650490668
