future_x1,future_y1,future_x2,future_y2,future_x3,future_y3,future_x4,future_y4,future_x5,future_y5,future_x6,future_y6,future_x7,future_y7,future_x8,future_y8,future_x9,future_y9,future_x10,future_y10,future_x11,future_y11,future_x12,future_y12,future_x13,future_y13,future_x14,future_y14,future_x15,future_y15,future_x16,future_y16,future_x17,future_y17,future_x18,future_y18,future_x19,future_y19,future_x20,future_y20
118.65430881842391,190.2123589631105,126.5645960729855,202.26130284784844,134.4748833275471,215.93792839348603,142.38517058210869,231.24223560002324,150.2954578366703,248.17422446746014,158.20574509123188,266.7338949957967,166.11603234579349,286.9212471850329,174.02631960035507,308.73628103516876,181.93660685491668,332.17899654620425,189.84689410947828,357.24939371813946,197.75718136403984,383.9474725509741,205.66746861860148,412.2732330447087,213.57775587316306,442.2266751993428,221.48804312772464,473.80779901487665,229.39833038228625,507.01660449131003,237.30861763684783,541.853091628643,245.2189048914094,578.3172604268759,253.129192145971,616.4091108860083,261.0394794005326,656.1286430060404,268.9497666550942,697.475856786972
