future_x1,future_y1,future_x2,future_y2,future_x3,future_y3,future_x4,future_y4,future_x5,future_y5,future_x6,future_y6,future_x7,future_y7,future_x8,future_y8,future_x9,future_y9,future_x10,future_y10,future_x11,future_y11,future_x12,future_y12,future_x13,future_y13,future_x14,future_y14,future_x15,future_y15,future_x16,future_y16,future_x17,future_y17,future_x18,future_y18,future_x19,future_y19,future_x20,future_y20
187.97100403683103,151.5757900705362,200.50240430595312,161.0489626957692,213.03380457507518,172.14981698190186,225.56520484419724,184.8783529289341,238.0966051133193,199.23457053686602,250.62800538244136,215.21846980569762,263.1594056515634,232.83005073542887,275.69080592068553,252.0693133260598,288.2222061898076,272.93625757759037,300.7536064589297,295.4308834900206,313.2850067280517,319.5531910633503,325.8164069971738,345.3031802975799,338.3478072662959,372.6808511927091,350.87920753541795,401.68620374873797,363.41060780454006,432.31923796566645,375.94200807366207,464.5799538434944,388.4734083427841,498.4683513822223,401.00480861190624,533.9844305818499,413.5362088810283,571.128191442377,426.06760915015036,609.8996339638037
