future_x1,future_y1,future_x2,future_y2,future_x3,future_y3,future_x4,future_y4,future_x5,future_y5,future_x6,future_y6,future_x7,future_y7,future_x8,future_y8,future_x9,future_y9,future_x10,future_y10,future_x11,future_y11,future_x12,future_y12,future_x13,future_y13,future_x14,future_y14,future_x15,future_y15,future_x16,future_y16,future_x17,future_y17,future_x18,future_y18,future_x19,future_y19,future_x20,future_y20
189.54070078450732,150.93164846272106,202.17674750347447,160.36187831409976,214.81279422244165,171.419789826378,227.4488409414088,184.10538299955596,240.08488766037595,198.41865783363355,252.72093437934308,214.3596143286108,265.35698109831026,231.9282524844877,277.99302781727744,251.1245723012643,290.62907453624456,271.9485737789405,303.26512125521174,294.4002569175164,315.90116797417886,318.4796217169918,328.537214693146,344.18666817736704,341.1732614121132,371.5213962986419,353.80930813108034,400.4838060808164,366.4453548500475,431.07389752389054,379.08140156901464,463.29167062786416,391.71744828798177,497.13712539273774,404.35349500694895,532.6102618185109,416.9895417259161,569.7110799051837,429.6255884448833,608.439579652756
