future_x1,future_y1,future_x2,future_y2,future_x3,future_y3,future_x4,future_y4,future_x5,future_y5,future_x6,future_y6,future_x7,future_y7,future_x8,future_y8,future_x9,future_y9,future_x10,future_y10,future_x11,future_y11,future_x12,future_y12,future_x13,future_y13,future_x14,future_y14,future_x15,future_y15,future_x16,future_y16,future_x17,future_y17,future_x18,future_y18,future_x19,future_y19,future_x20,future_y20
128.68651782937664,183.20047734362979,137.26561901800176,194.78196245373573,145.84472020662685,207.99112922474123,154.42382139525196,222.8279776566464,163.00292258387708,239.29250774945126,171.58202377250217,257.38471950315574,180.16112496112729,277.10461291775994,188.7402261497524,298.4521879932637,197.31932733837752,321.4274447296672,205.89842852700264,346.0303831269704,214.47752971562772,372.261003185173,223.0566309042528,400.1193049042755,231.63573209287796,429.60528828427755,240.21483328150308,460.71895332517937,248.79393447012816,493.4603000269807,257.3730356587533,527.8293283896817,265.95213684737837,563.8260384132824,274.5312380360035,601.4504300977829,283.1103392246286,640.7025034431829,291.6894404132537,681.5822584494824
