future_x1,future_y1,future_x2,future_y2,future_x3,future_y3,future_x4,future_y4,future_x5,future_y5,future_x6,future_y6,future_x7,future_y7,future_x8,future_y8,future_x9,future_y9,future_x10,future_y10,future_x11,future_y11,future_x12,future_y12,future_x13,future_y13,future_x14,future_y14,future_x15,future_y15,future_x16,future_y16,future_x17,future_y17,future_x18,future_y18,future_x19,future_y19,future_x20,future_y20
183.59180457316833,153.41988359561947,195.83125821137958,163.0159957891914,208.07071184959082,174.23978964366287,220.31016548780204,187.09126515903404,232.54961912601325,201.57042233530487,244.78907276422447,217.67726117247534,257.02852640243566,235.41178167054545,269.26798004064693,254.7739838295153,281.50743367885815,275.7638676493847,293.74688731706937,298.3814331301538,305.9863409552806,322.62668027182247,318.2257945934918,348.49960907439095,330.465248231703,376.000219537859,342.7047018699143,405.1285116622268,354.9441555081255,435.88448544749406,367.18360914633666,468.268140893661,379.42306278454794,502.2794780007277,391.66251642275915,537.9184967686942,403.90197006097037,575.1851971975602,416.14142369918164,614.0795792873257
