future_x1,future_y1,future_x2,future_y2,future_x3,future_y3,future_x4,future_y4,future_x5,future_y5,future_x6,future_y6,future_x7,future_y7,future_x8,future_y8,future_x9,future_y9,future_x10,future_y10,future_x11,future_y11,future_x12,future_y12,future_x13,future_y13,future_x14,future_y14,future_x15,future_y15,future_x16,future_y16,future_x17,future_y17,future_x18,future_y18,future_x19,future_y19,future_x20,future_y20
167.07308637107803,161.0255276526522,178.2112921291499,171.12868278335958,189.3494978872218,182.85951957496658,200.48770364529364,196.21803802747326,211.62590940336548,211.20423814087957,222.76411516143736,227.81811991518558,233.90232091950924,246.05968335039125,245.0405266775811,265.92892844649657,256.178732435653,287.4258552035015,267.3169381937249,310.55046362140615,278.4551439517967,335.30275370021025,289.5933497098686,361.6827254399143,300.73155546794044,389.69037884051784,311.8697612260124,419.3257139020212,323.0079669840842,450.588730624424,334.14617274215607,483.4794290077264,345.28437850022794,517.9978090519287,356.4225842582998,554.1438707570306,367.5607900163717,591.9176141230321,378.6989957744436,631.3190391499331
