future_x1,future_y1,future_x2,future_y2,future_x3,future_y3,future_x4,future_y4,future_x5,future_y5,future_x6,future_y6,future_x7,future_y7,future_x8,future_y8,future_x9,future_y9,future_x10,future_y10,future_x11,future_y11,future_x12,future_y12,future_x13,future_y13,future_x14,future_y14,future_x15,future_y15,future_x16,future_y16,future_x17,future_y17,future_x18,future_y18,future_x19,future_y19,future_x20,future_y20
117.37264719445109,191.1498967231192,125.19749034074785,203.2613431251911,133.0223334870446,217.0004711881626,140.84717663334132,232.36728091203372,148.67201977963805,249.36177229680453,156.49686292593478,267.983945342475,164.32170607223154,288.2338000490451,172.14654921852826,310.1113364165149,179.97139236482502,333.61655444488434,187.79623551112178,358.74945413415344,195.62107865741848,385.51003548432203,203.44592180371524,413.8982984953905,211.27076495001197,443.9142431673585,219.0956080963087,475.55786950022633,226.92045124260548,508.8291774939936,234.74529438890218,543.7281671486605,242.5701375351989,580.2548384642272,250.3949806814957,618.4091914406937,258.2198238277924,658.1912260780597,266.0446669740892,699.6009423763252
