future_x1,future_y1,future_x2,future_y2,future_x3,future_y3,future_x4,future_y4,future_x5,future_y5,future_x6,future_y6,future_x7,future_y7,future_x8,future_y8,future_x9,future_y9,future_x10,future_y10,future_x11,future_y11,future_x12,future_y12,future_x13,future_y13,future_x14,future_y14,future_x15,future_y15,future_x16,future_y16,future_x17,future_y17,future_x18,future_y18,future_x19,future_y19,future_x20,future_y20
132.84544204201399,180.4555696579298,141.70180484481492,191.8540609223224,150.55816764761585,204.8802338476146,159.41453045041675,219.53408843380643,168.2708932532177,235.8156246808979,177.12725605601864,253.7248425888891,185.98361885881957,273.2617421577799,194.8399816616205,294.4263233875704,203.69634446442143,317.21858627826055,212.5527072672224,341.6385308298503,221.4090700700233,367.6861570423397,230.2654328728242,395.3614649157288,239.12179567562515,424.66445445001756,247.9781584784261,455.59512564520605,256.834521281227,488.15347850129405,265.69088408402797,522.3395130182817,274.5472468868289,558.153229196169,283.40360968962983,595.5946270349561,292.2599724924308,634.6637065346429,301.1163352952317,675.3604676952292
