future_x1,future_y1,future_x2,future_y2,future_x3,future_y3,future_x4,future_y4,future_x5,future_y5,future_x6,future_y6,future_x7,future_y7,future_x8,future_y8,future_x9,future_y9,future_x10,future_y10,future_x11,future_y11,future_x12,future_y12,future_x13,future_y13,future_x14,future_y14,future_x15,future_y15,future_x16,future_y16,future_x17,future_y17,future_x18,future_y18,future_x19,future_y19,future_x20,future_y20
165.06096374416197,162.02527165832694,176.0650279937728,172.1950763894127,187.06909224338358,183.99256278139802,198.07315649299437,197.41773083428302,209.0772207426052,212.47058054806766,220.08128499221598,229.15111192275194,231.08534924182678,247.4593249583359,242.08941349143757,267.3952196548195,253.0934777410484,288.9587960122028,264.0975419906592,312.15005403048576,275.1016062402699,336.96899370966827,286.10567048988077,363.41561504975056,297.10973473949156,391.4899180507324,308.11379898910235,421.191902712614,319.1178632387132,452.52156903539515,330.12192748832393,485.47891701907594,341.1259917379347,520.0639466636565,352.1300559875456,556.2766579691367,363.13412023715637,594.1170509355167,374.13818448676716,633.5851255627961
