future_x1,future_y1,future_x2,future_y2,future_x3,future_y3,future_x4,future_y4,future_x5,future_y5,future_x6,future_y6,future_x7,future_y7,future_x8,future_y8,future_x9,future_y9,future_x10,future_y10,future_x11,future_y11,future_x12,future_y12,future_x13,future_y13,future_x14,future_y14,future_x15,future_y15,future_x16,future_y16,future_x17,future_y17,future_x18,future_y18,future_x19,future_y19,future_x20,future_y20
117.30353636422433,191.20073011520523,125.12377212183928,203.31556541008285,132.94400787945423,217.0580823658601,140.7642436370692,232.428280982537,148.58447939468414,249.42616126011347,156.4047151522991,268.0517231985897,164.22495090991407,288.30496679796556,172.045186667529,310.18589205824105,179.865422425144,333.6944989794162,187.68565818275894,358.8307875614911,195.50589394037388,385.5947578044654,203.32612969798885,413.98640970833964,211.14636545560379,444.00574327311335,218.96660121321875,475.6527584987869,226.7868369708337,508.9274553853599,234.60707272844866,543.8298339328325,242.42730848606362,580.359894141205,250.24754424367856,618.5176360104772,258.0677800012935,658.3030595406489,265.88801575890847,699.7161647317201
