future_x1,future_y1,future_x2,future_y2,future_x3,future_y3,future_x4,future_y4,future_x5,future_y5,future_x6,future_y6,future_x7,future_y7,future_x8,future_y8,future_x9,future_y9,future_x10,future_y10,future_x11,future_y11,future_x12,future_y12,future_x13,future_y13,future_x14,future_y14,future_x15,future_y15,future_x16,future_y16,future_x17,future_y17,future_x18,future_y18,future_x19,future_y19,future_x20,future_y20
131.83684069540573,181.11287386402074,140.62596340843277,192.5551854088194,149.41508612145984,205.62517861451767,158.20420883448688,220.3228534811156,166.99333154751392,236.64821000861315,175.78245426054096,254.60124819701036,184.57157697356803,274.18196804630725,193.36069968659507,295.3903695565038,202.1498223996221,318.2264527276,210.93894511264915,342.6902175595959,219.7280678256762,368.78166405249124,228.51719053870323,396.5007922062865,237.3063132517303,425.8476020209813,246.09543596475737,456.82209349657586,254.88455867778444,489.4242666330699,263.67368139081145,523.6541214304635,272.4628041038385,559.5116578887571,281.25192681686553,596.9968760079503,290.0410495298926,636.1097757880431,298.8301722429197,676.8503572290354
