future_x1,future_y1,future_x2,future_y2,future_x3,future_y3,future_x4,future_y4,future_x5,future_y5,future_x6,future_y6,future_x7,future_y7,future_x8,future_y8,future_x9,future_y9,future_x10,future_y10,future_x11,future_y11,future_x12,future_y12,future_x13,future_y13,future_x14,future_y14,future_x15,future_y15,future_x16,future_y16,future_x17,future_y17,future_x18,future_y18,future_x19,future_y19,future_x20,future_y20
95.35608885918126,208.91319442922943,101.71316144979335,222.20886067837534,108.07023404040544,237.13220858842084,114.42730663101752,253.683238159366,120.78437922162959,271.86194939121077,127.14145181224167,291.66834228395527,133.49852440285377,313.10241683759943,139.85559699346587,336.1641730521432,146.21266958407793,360.8536109275866,152.56974217469002,387.1707304639298,158.9268147653021,415.1155316611724,165.28388735591417,444.68801451931483,171.64095994652627,475.8881790383569,177.99803253713836,508.71602521829874,184.35510512775045,543.17155305914,190.7121777183625,579.254762560881,197.0692503089746,616.9656537235217,203.4263228995867,656.3042265470622,209.78339549019879,697.2704810315021,216.14046808081088,739.8644171768417
