future_x1,future_y1,future_x2,future_y2,future_x3,future_y3,future_x4,future_y4,future_x5,future_y5,future_x6,future_y6,future_x7,future_y7,future_x8,future_y8,future_x9,future_y9,future_x10,future_y10,future_x11,future_y11,future_x12,future_y12,future_x13,future_y13,future_x14,future_y14,future_x15,future_y15,future_x16,future_y16,future_x17,future_y17,future_x18,future_y18,future_x19,future_y19,future_x20,future_y20
135.28457468507256,178.88774483166247,144.30354633074407,190.1817144409706,153.32251797641558,203.10336571117833,162.34148962208707,217.65269864228566,171.36046126775858,233.82971323429268,180.3794329134301,251.63440948719935,189.3984045591016,271.0667874010057,198.41737620477312,292.1268469757117,207.43634785044463,314.8145882113173,216.45531949611615,339.13001110782267,225.47429114178763,365.0731156652275,234.49326278745912,392.6439018835322,243.51223443313066,421.84236976273644,252.53120607880214,452.6685193028404,261.55017772447366,485.1223505038439,270.5691493701451,519.203863365747,279.5881210158167,554.9130578885499,288.60709266148814,592.2499340722527,297.6260643071597,631.2144919168549,306.64503595283117,671.8067314223566
