future_x1,future_y1,future_x2,future_y2,future_x3,future_y3,future_x4,future_y4,future_x5,future_y5,future_x6,future_y6,future_x7,future_y7,future_x8,future_y8,future_x9,future_y9,future_x10,future_y10,future_x11,future_y11,future_x12,future_y12,future_x13,future_y13,future_x14,future_y14,future_x15,future_y15,future_x16,future_y16,future_x17,future_y17,future_x18,future_y18,future_x19,future_y19,future_x20,future_y20
148.27572048972553,171.03323921357068,158.1607685223739,181.80357511500603,168.0458165550223,194.20159267734093,177.93086458767067,208.22729190057552,187.815912620319,223.88067278470976,197.70096065296738,241.16173532974366,207.58600868561575,260.07047953567724,217.47105671826412,280.60690540251045,227.35610475091252,302.7710129302433,237.2411527835609,326.56280211887577,247.1262008162092,351.98227296840787,257.01124884885763,379.02942547883976,266.896296881506,407.7042596501712,276.7813449141544,438.0067754824025,286.6663929468028,469.9369729755332,296.55144097945106,503.4948521295634,306.43648901209946,538.6804129444936,316.3215370447478,575.4936554203234,326.2065850773962,613.9345795570529,336.0916331100446,654.0031853546818
