future_x1,future_y1,future_x2,future_y2,future_x3,future_y3,future_x4,future_y4,future_x5,future_y5,future_x6,future_y6,future_x7,future_y7,future_x8,future_y8,future_x9,future_y9,future_x10,future_y10,future_x11,future_y11,future_x12,future_y12,future_x13,future_y13,future_x14,future_y14,future_x15,future_y15,future_x16,future_y16,future_x17,future_y17,future_x18,future_y18,future_x19,future_y19,future_x20,future_y20
199.84074827771158,146.919701800847,213.16346482955902,156.08246854143408,226.48618138140645,166.87291694292077,239.80889793325392,179.29104700530712,253.13161448510135,193.33685872859309,266.45433103694876,209.01035211277872,279.7770475887962,226.31152715786402,293.0997641406437,245.240383863849,306.42248069249115,265.7969222307336,319.74519724433856,287.98114225851793,333.06791379618596,311.7930439472017,346.39063034803337,337.2326272967854,359.71334689988083,364.2998923072685,373.0360634517283,392.99483897865156,386.35878000357576,423.317467310934,399.68149655542317,455.26777730411607,413.00421310727063,488.845768958198,426.32692965911804,524.0514422731796,439.6496462109655,560.8847972490609,452.9723627628129,599.3458338858416
