future_x1,future_y1,future_x2,future_y2,future_x3,future_y3,future_x4,future_y4,future_x5,future_y5,future_x6,future_y6,future_x7,future_y7,future_x8,future_y8,future_x9,future_y9,future_x10,future_y10,future_x11,future_y11,future_x12,future_y12,future_x13,future_y13,future_x14,future_y14,future_x15,future_y15,future_x16,future_y16,future_x17,future_y17,future_x18,future_y18,future_x19,future_y19,future_x20,future_y20
166.41460653786098,161.3508866350419,177.50891364038506,171.4757323645753,188.60322074290912,183.22825975500828,199.69752784543317,196.60846880634094,210.79183494795726,211.61635951857323,221.88614205048128,228.25193189170523,232.9804491530054,246.51518592573683,244.07475625552942,266.40612162066816,255.1690633580535,287.92473897649904,266.2633704605776,311.07103799322965,277.3576775631016,335.8450186708598,288.4519846656257,362.2466810093898,299.5462917681498,390.2760250088193,310.64059887067384,419.93305066914866,321.7349059731979,451.21775799037744,332.82921307572195,484.1301469725058,343.923520178246,518.670217615534,355.0178272807701,554.837969919462,366.1121343832942,592.6334038842895,377.20644148581823,632.0565195100165
