future_x1,future_y1,future_x2,future_y2,future_x3,future_y3,future_x4,future_y4,future_x5,future_y5,future_x6,future_y6,future_x7,future_y7,future_x8,future_y8,future_x9,future_y9,future_x10,future_y10,future_x11,future_y11,future_x12,future_y12,future_x13,future_y13,future_x14,future_y14,future_x15,future_y15,future_x16,future_y16,future_x17,future_y17,future_x18,future_y18,future_x19,future_y19,future_x20,future_y20
202.72381866235304,145.861912678549,216.23873990650992,154.9541601443162,229.7536611506668,165.67408927098305,243.26858239482362,178.0217000585495,256.7835036389805,191.9969925070156,270.2984248831374,207.59996661638138,283.81334612729427,224.83062238664684,297.32826737145115,243.68895981781193,310.843188615608,264.17497890987664,324.3581098597649,286.2886796628411,337.87303110392173,310.03006207670506,351.3879523480786,335.39912615146886,364.9028735922355,362.3958718871321,378.4177948363924,391.0202992836953,391.93271608054926,421.2724083411579,405.4476373247061,453.15219905952006,418.9625585688629,486.65967143878214,432.47747981301984,521.7948254789438,445.9924010571767,558.5576611800052,459.5073223013336,596.9481785419661
