future_x1,future_y1,future_x2,future_y2,future_x3,future_y3,future_x4,future_y4,future_x5,future_y5,future_x6,future_y6,future_x7,future_y7,future_x8,future_y8,future_x9,future_y9,future_x10,future_y10,future_x11,future_y11,future_x12,future_y12,future_x13,future_y13,future_x14,future_y14,future_x15,future_y15,future_x16,future_y16,future_x17,future_y17,future_x18,future_y18,future_x19,future_y19,future_x20,future_y20
183.04328409989745,153.6558040754391,195.24616970655728,163.26764430099902,207.44905531321712,174.50716618745847,219.65194091987692,187.37436973481763,231.85482652653678,201.86925494307638,244.0577121331966,217.99182181223486,256.2605977398564,235.74207034229298,268.4634833465162,255.12000053325073,280.6663689531761,276.1256123851082,292.8692545598359,298.75890589786525,305.0721401664957,323.01988107152187,317.27502577315556,348.9085379060783,329.4779113798154,376.42487640153433,341.68079698647523,405.56889655789007,353.88368259313506,436.3405983751454,366.0865681997949,468.73998185330026,378.2894538064547,502.76704699235495,390.49233941311456,538.4217937923095,402.69522501977434,575.7042222531634,414.89811062643423,614.6143323749169
