future_x1,future_y1,future_x2,future_y2,future_x3,future_y3,future_x4,future_y4,future_x5,future_y5,future_x6,future_y6,future_x7,future_y7,future_x8,future_y8,future_x9,future_y9,future_x10,future_y10,future_x11,future_y11,future_x12,future_y12,future_x13,future_y13,future_x14,future_y14,future_x15,future_y15,future_x16,future_y16,future_x17,future_y17,future_x18,future_y18,future_x19,future_y19,future_x20,future_y20
175.3691135020302,157.07441143707433,187.06038773549886,166.91415882007658,198.75166196896754,178.38158786397838,210.44293620243621,191.47669856877988,222.13421043590492,206.19949093448105,233.82548466937357,222.54996496108183,245.51675890284227,240.52812064858227,257.208033136311,260.1339579969824,268.89930736977965,281.3674770062822,280.5905816032483,304.22867767648165,292.281855836717,328.7175600075806,303.9731300701857,354.8341239995794,315.66440430365435,382.5783696524777,327.355678537123,411.9502969662759,339.0469527705917,442.9499059409735,350.7382270040604,475.5771965765707,362.42950123752905,509.8321688730678,374.1207754709977,545.7148228304646,385.8120497044664,583.2251584487609,397.5033239379351,622.3631757279568
