future_x1,future_y1,future_x2,future_y2,future_x3,future_y3,future_x4,future_y4,future_x5,future_y5,future_x6,future_y6,future_x7,future_y7,future_x8,future_y8,future_x9,future_y9,future_x10,future_y10,future_x11,future_y11,future_x12,future_y12,future_x13,future_y13,future_x14,future_y14,future_x15,future_y15,future_x16,future_y16,future_x17,future_y17,future_x18,future_y18,future_x19,future_y19,future_x20,future_y20
135.33959756291227,178.85272877063753,144.36223740043974,190.14436397587733,153.38487723796726,203.0636808420167,162.4075170754947,217.61067936905573,171.43015691302222,233.78535955699445,180.45279675054968,251.58772140583278,189.47543658807717,271.01776491557075,198.49807642560467,292.07549008620845,207.52071626313213,314.76089691774575,216.54335610065965,339.07398541018273,225.5659959381871,365.01475556351926,234.5886357757146,392.5832073777556,243.61127561324207,421.77934085289155,252.63391545076956,452.6031559889272,261.65655528829706,485.0546527858624,270.67919512582455,519.1338312436972,279.701834963352,554.8406913624318,288.7244748008795,592.1752331420661,297.74711463840697,631.1374565826,306.7697544759345,671.7273616840334
