future_x1,future_y1,future_x2,future_y2,future_x3,future_y3,future_x4,future_y4,future_x5,future_y5,future_x6,future_y6,future_x7,future_y7,future_x8,future_y8,future_x9,future_y9,future_x10,future_y10,future_x11,future_y11,future_x12,future_y12,future_x13,future_y13,future_x14,future_y14,future_x15,future_y15,future_x16,future_y16,future_x17,future_y17,future_x18,future_y18,future_x19,future_y19,future_x20,future_y20
139.53900607436896,176.22518719114782,148.8416064793269,187.34165295775497,158.14420688428484,200.0858003852617,167.44680728924277,214.45762947366808,176.7494076942007,230.45714022297412,186.05200809915863,248.08433263317983,195.35460850411656,267.3392067042852,204.6572089090745,288.2217624362902,213.9598093140324,310.7319998291949,223.26240971899037,334.86991888299923,232.5650101239483,360.6355195977031,241.8676105289062,388.02880197330677,251.17021093386415,417.04976600981,260.4728113388221,447.69841170721304,269.77541174378,479.97473906551556,279.0780121487379,513.8787480847177,288.38061255369587,549.4104387648197,297.6832129586538,586.5698111058214,306.9858133636118,625.3568651077226,316.2884137685697,665.7716007705234
