future_x1,future_y1,future_x2,future_y2,future_x3,future_y3,future_x4,future_y4,future_x5,future_y5,future_x6,future_y6,future_x7,future_y7,future_x8,future_y8,future_x9,future_y9,future_x10,future_y10,future_x11,future_y11,future_x12,future_y12,future_x13,future_y13,future_x14,future_y14,future_x15,future_y15,future_x16,future_y16,future_x17,future_y17,future_x18,future_y18,future_x19,future_y19,future_x20,future_y20
115.66723714659197,192.41269915869185,123.3783862896981,204.6083323898019,131.08953543280424,218.43164728181154,138.80068457591034,233.88264383472088,146.5118337190165,250.9613220485299,154.22298286212262,269.6676819232385,161.93413200522875,290.0017234588468,169.6452811483349,311.96344665535474,177.35643029144103,335.55285151276235,185.06757943454718,360.7699380310696,192.77872857765328,387.61470621027644,200.4898777207594,416.08715605038304,208.20102686386554,446.1872875513892,215.9121760069717,477.9151007132952,223.62332515007785,511.2705955361007,231.33447429318394,546.2537720198058,239.0456234362901,582.8646301644106,246.7567725793962,621.1031699699153,254.46792172250235,660.9693914363195,262.1790708656085,702.4632945636231
