future_x1,future_y1,future_x2,future_y2,future_x3,future_y3,future_x4,future_y4,future_x5,future_y5,future_x6,future_y6,future_x7,future_y7,future_x8,future_y8,future_x9,future_y9,future_x10,future_y10,future_x11,future_y11,future_x12,future_y12,future_x13,future_y13,future_x14,future_y14,future_x15,future_y15,future_x16,future_y16,future_x17,future_y17,future_x18,future_y18,future_x19,future_y19,future_x20,future_y20
146.1115128013939,172.28576173486758,155.85228032148683,183.13959913772268,165.59304784157976,195.62111820147743,175.3338153616727,209.73031892613182,185.0745828817656,225.4672013116858,194.81535040185852,242.8317653581395,204.55611792195145,261.8240110654928,214.2968854420444,282.4439384337458,224.03765296213732,304.6915474628985,233.77842048223027,328.5668381529508,243.51918800232315,354.06981050390266,253.2599555224161,381.20046451575433,263.00072304250904,409.95880018850556,272.741490562602,440.34481752215663,282.4822580826949,472.3585165167071,292.2230256027878,505.9998971721572,301.9637931228807,541.2689594885071,311.70456064297366,578.1657034657568,321.4453281630666,616.6901291039061,331.1860956831595,656.8422364029549
