future_x1,future_y1,future_x2,future_y2,future_x3,future_y3,future_x4,future_y4,future_x5,future_y5,future_x6,future_y6,future_x7,future_y7,future_x8,future_y8,future_x9,future_y9,future_x10,future_y10,future_x11,future_y11,future_x12,future_y12,future_x13,future_y13,future_x14,future_y14,future_x15,future_y15,future_x16,future_y16,future_x17,future_y17,future_x18,future_y18,future_x19,future_y19,future_x20,future_y20
172.34714497674173,158.48229670559166,183.83695464185786,168.41590310649508,195.326764306974,179.97719116829802,206.8165739720901,193.16616089100066,218.30638363720624,207.98281227460296,229.79619330232237,224.4271453191049,241.2860029674385,242.49916002450655,252.77581263255462,262.1988563908078,264.26562229767075,283.52623441800876,275.7554319627869,306.4812941061094,287.24524162790294,331.0640354551095,298.73505129301907,357.2744584650094,310.2248609581352,385.1125631358089,321.7146706232513,414.57834946750825,333.20448028836745,445.67181746010704,344.69428995348346,478.3929671136054,356.1840996185996,512.7417984280036,367.6739092837157,548.7183114033016,379.16371894883184,586.3225060394991,390.653528613948,625.5543823365961
