future_x1,future_y1,future_x2,future_y2,future_x3,future_y3,future_x4,future_y4,future_x5,future_y5,future_x6,future_y6,future_x7,future_y7,future_x8,future_y8,future_x9,future_y9,future_x10,future_y10,future_x11,future_y11,future_x12,future_y12,future_x13,future_y13,future_x14,future_y14,future_x15,future_y15,future_x16,future_y16,future_x17,future_y17,future_x18,future_y18,future_x19,future_y19,future_x20,future_y20
122.44657796827589,187.49479148275148,130.60968316616095,199.36256420213218,138.77278836404602,212.85801858241248,146.93589356193107,227.98115462359243,155.09899875981614,244.73197232567205,163.26210395770119,263.11047168865133,171.42520915558626,283.11665271253025,179.5883143534713,304.75051539730885,187.75141955135638,328.0120597429871,195.91452474924145,352.90128574956503,204.07762994712647,379.41819341704246,212.24073514501157,407.5627827454197,220.40384034289664,437.33505373469654,228.56694554078166,468.7350063848732,236.73005073866676,501.7626406959493,244.89315593655178,536.417956667925,253.05626113443685,572.7009543008005,261.2193663323219,610.6116335945758,269.382471530207,650.1499945492507,277.54557672809204,691.3160371648249
