future_x1,future_y1,future_x2,future_y2,future_x3,future_y3,future_x4,future_y4,future_x5,future_y5,future_x6,future_y6,future_x7,future_y7,future_x8,future_y8,future_x9,future_y9,future_x10,future_y10,future_x11,future_y11,future_x12,future_y12,future_x13,future_y13,future_x14,future_y14,future_x15,future_y15,future_x16,future_y16,future_x17,future_y17,future_x18,future_y18,future_x19,future_y19,future_x20,future_y20
192.61041996945838,149.69727769372648,205.45111463408892,159.0452161605055,218.2918092987195,170.02083628818414,231.13250396335008,182.62413807676245,243.97319862798062,196.85512152624037,256.81389329261117,212.71378663661798,269.65458795724174,230.20013340789524,282.4952826218723,249.31416184007222,295.3359772865029,270.05587193314875,308.17667195113347,292.42526368712504,321.017366615764,316.4223371020008,333.8580612803945,342.04709217777634,346.6987559450251,369.29952891445157,359.53945060965566,398.17964731202653,372.38014527428624,428.68744737050093,385.22083993891675,460.822929089875,398.06153460354733,494.58609247014886,410.90222926817785,529.9769375113225,423.7429239328085,566.9954642133955,436.583618597439,605.6416725763683
