future_x1,future_y1,future_x2,future_y2,future_x3,future_y3,future_x4,future_y4,future_x5,future_y5,future_x6,future_y6,future_x7,future_y7,future_x8,future_y8,future_x9,future_y9,future_x10,future_y10,future_x11,future_y11,future_x12,future_y12,future_x13,future_y13,future_x14,future_y14,future_x15,future_y15,future_x16,future_y16,future_x17,future_y17,future_x18,future_y18,future_x19,future_y19,future_x20,future_y20
105.09852422546047,200.64677476397213,112.10509250715782,213.39134636876756,119.11166078885519,227.76359963446257,126.11822907055254,243.76353456105727,133.1247973522499,261.39115114855156,140.13136563394727,280.64644939694557,147.13793391564462,301.5294293062392,154.144502197342,324.04009087643254,161.1510704790394,348.1784341075255,168.15763876073675,373.94445899951813,175.1642070424341,401.33816555241026,182.17077532413145,430.3595537662022,189.17734360582884,461.00862364089375,196.18391188752622,493.28537517648516,203.19048016922358,527.1898083729759,210.19704845092093,562.7219232303663,217.2036167326183,599.8817197486566,224.21018501431564,638.6691979278465,231.21675329601302,679.0843577679361,238.22332157771038,721.1271992689251
