future_x1,future_y1,future_x2,future_y2,future_x3,future_y3,future_x4,future_y4,future_x5,future_y5,future_x6,future_y6,future_x7,future_y7,future_x8,future_y8,future_x9,future_y9,future_x10,future_y10,future_x11,future_y11,future_x12,future_y12,future_x13,future_y13,future_x14,future_y14,future_x15,future_y15,future_x16,future_y16,future_x17,future_y17,future_x18,future_y18,future_x19,future_y19,future_x20,future_y20
110.96057747053123,195.9908389110633,118.35794930189999,208.42501479233144,125.75532113326877,222.4868723344992,133.15269296463748,238.17641153756662,140.55006479600624,255.49363240153372,147.947436627375,274.4385349264004,155.34480845874376,295.0111191121668,162.7421802901125,317.21138495883287,170.13955212148124,341.03933246639855,177.53692395285003,366.4949616348639,184.93429578421873,393.5782724642288,192.3316676155875,422.28926495449355,199.72903944695625,452.62793910565784,207.12641127832498,484.5942949177219,214.52378310969374,518.1883323906854,221.92115494106247,553.4100515245486,229.31852677243123,590.2594523193117,236.71589860379999,628.7365347749743,244.11327043516877,668.8412988915366,251.51064226653753,710.5737446689984
