future_x1,future_y1,future_x2,future_y2,future_x3,future_y3,future_x4,future_y4,future_x5,future_y5,future_x6,future_y6,future_x7,future_y7,future_x8,future_y8,future_x9,future_y9,future_x10,future_y10,future_x11,future_y11,future_x12,future_y12,future_x13,future_y13,future_x14,future_y14,future_x15,future_y15,future_x16,future_y16,future_x17,future_y17,future_x18,future_y18,future_x19,future_y19,future_x20,future_y20
200.9214611538469,146.51991094903465,214.31622523077004,155.65602496616756,227.71098930769318,166.4198206442001,241.10575338461626,178.81129798313228,254.5005174615394,192.8304569829641,267.89528153846254,208.4772976436956,281.2900456153857,225.75181996532675,294.6848096923088,244.65402394785755,308.07957376923196,265.183909591288,321.4743378461551,287.34147689561814,334.8691019230782,311.1267258608478,348.2638660000013,336.5396564869773,361.65863007692445,363.58026877400636,375.0533941538476,392.2485627219352,388.44815823077073,422.5445383307635,401.8429223076938,454.46819560049136,415.23768638461695,488.0195345311191,428.6324504615401,523.1985551226466,442.0272145384632,560.0052573750736,455.42197861538637,598.4396412884001
