future_x1,future_y1,future_x2,future_y2,future_x3,future_y3,future_x4,future_y4,future_x5,future_y5,future_x6,future_y6,future_x7,future_y7,future_x8,future_y8,future_x9,future_y9,future_x10,future_y10,future_x11,future_y11,future_x12,future_y12,future_x13,future_y13,future_x14,future_y14,future_x15,future_y15,future_x16,future_y16,future_x17,future_y17,future_x18,future_y18,future_x19,future_y19,future_x20,future_y20
170.20972880407317,159.4996567463939,181.55704405767807,169.50108715001744,192.90435931128295,181.13019921454057,204.2516745648878,194.38699293996336,215.5989898184927,209.27146832628583,226.94630507209754,225.7836253735079,238.29362032570242,243.92346408162967,249.64093557930732,263.6909844506511,260.98825083291223,285.08618648057217,272.33556608651713,308.10907017139294,283.682881340122,332.75963552311316,295.0301965937268,359.0378825357333,306.3775118473317,386.9438112092529,317.7248271009366,416.47742154367245,329.0721423545415,447.6387135389913,340.41945760814633,480.42768719520984,351.76677286175124,514.8443425123282,363.11408811535614,550.8886794903462,374.461403368961,588.560698129264,385.8087186225659,627.8603984290811
