future_x1,future_y1,future_x2,future_y2,future_x3,future_y3,future_x4,future_y4,future_x5,future_y5,future_x6,future_y6,future_x7,future_y7,future_x8,future_y8,future_x9,future_y9,future_x10,future_y10,future_x11,future_y11,future_x12,future_y12,future_x13,future_y13,future_x14,future_y14,future_x15,future_y15,future_x16,future_y16,future_x17,future_y17,future_x18,future_y18,future_x19,future_y19,future_x20,future_y20
129.8021939908272,182.45512185294064,138.45567359021567,193.98691659700063,147.10915318960414,207.14639300196018,155.76263278899262,221.93355106781942,164.41611238838112,238.34839079457834,173.06959198776957,256.3909121822369,181.72307158715805,276.06111523079505,190.37655118654655,297.358999940253,199.03003078593503,320.2845663106105,207.6835103853235,344.83781434186767,216.33698998471195,371.0187440340244,224.99046958410045,398.82735538708096,233.64394918348893,428.2636484010371,242.29742878287743,459.327623075893,250.95090838226594,492.01927941164837,259.6043879816544,526.3386174083033,268.25786758104283,562.285637065858,276.91134718043133,599.8603383843126,285.5648267798198,639.0627213636668,294.2183063792083,679.8927860039204
