future_x1,future_y1,future_x2,future_y2,future_x3,future_y3,future_x4,future_y4,future_x5,future_y5,future_x6,future_y6,future_x7,future_y7,future_x8,future_y8,future_x9,future_y9,future_x10,future_y10,future_x11,future_y11,future_x12,future_y12,future_x13,future_y13,future_x14,future_y14,future_x15,future_y15,future_x16,future_y16,future_x17,future_y17,future_x18,future_y18,future_x19,future_y19,future_x20,future_y20
98.21077791897805,206.4191393715741,104.7581631135766,219.54853528354298,111.30554830817513,234.30561285641147,117.85293350277365,250.6903720901796,124.4003186973722,268.70281298484736,130.94770389197075,288.3429355404148,137.4950890865693,309.6107397568819,144.0424742811678,332.5062256342487,150.58985947576636,357.02939317251514,157.1372446703649,383.18024237168123,163.68462986496343,410.9587732317468,170.23201505956197,440.3649857527123,176.77940025416052,471.3988799345773,183.32678544875904,504.0604557773421,189.8741706433576,538.3497132810064,196.4215558379561,574.2666524455702,202.96894103255465,611.811273271034,209.5163262271532,650.9835757573974,216.06371142175172,691.7835599046605,222.61109661635027,734.211225712823
