future_x1,future_y1,future_x2,future_y2,future_x3,future_y3,future_x4,future_y4,future_x5,future_y5,future_x6,future_y6,future_x7,future_y7,future_x8,future_y8,future_x9,future_y9,future_x10,future_y10,future_x11,future_y11,future_x12,future_y12,future_x13,future_y13,future_x14,future_y14,future_x15,future_y15,future_x16,future_y16,future_x17,future_y17,future_x18,future_y18,future_x19,future_y19,future_x20,future_y20
114.82707330336655,193.04131737768415,122.48221152359099,205.27885849006037,130.13734974381543,219.1440812633362,137.79248796403985,234.63698569751168,145.4476261842643,251.75757179258682,153.1027644044887,270.50583954856154,160.75790262471315,290.88178896543604,168.4130408449376,312.88542004321016,176.06817906516204,336.5167327818839,183.72331728538649,361.77572718145734,191.37845550561093,388.6624032419303,199.03359372583537,417.1767609633031,206.68873194605982,447.31880034557537,214.34387016628426,479.08852138874755,221.9990083865087,512.4859240928191,229.6541466067331,547.5110084577904,237.30928482695754,584.1637744836614,244.96442304718198,622.4442221704322,252.61956126740643,662.3523515181025,260.27469948763087,703.8881625266724
