future_x1,future_y1,future_x2,future_y2,future_x3,future_y3,future_x4,future_y4,future_x5,future_y5,future_x6,future_y6,future_x7,future_y7,future_x8,future_y8,future_x9,future_y9,future_x10,future_y10,future_x11,future_y11,future_x12,future_y12,future_x13,future_y13,future_x14,future_y14,future_x15,future_y15,future_x16,future_y16,future_x17,future_y17,future_x18,future_y18,future_x19,future_y19,future_x20,future_y20
132.5907191219547,180.62107168047856,141.43010039675167,192.03059641304102,150.26948167154865,205.06780280650315,159.1088629463456,219.73269086086492,167.9482442211426,236.02526057612636,176.78762549593958,253.9455119522874,185.62700677073656,273.4934449893482,194.46638804553353,294.66905968730856,203.3057693203305,317.4723560461686,212.14515059512752,341.90333406592833,220.98453186992447,367.9619937465876,229.82391314472142,395.6483350881466,238.66329441951842,424.9623580906053,247.5026756943154,455.90406275396373,256.3420569691124,488.4734490782216,265.1814382439094,522.6705170633792,274.02081951870633,558.4952667094365,282.86020079350334,595.9476980163935,291.6995820683003,635.0278109842501,300.5389633430973,675.7356056130063
