future_x1,future_y1,future_x2,future_y2,future_x3,future_y3,future_x4,future_y4,future_x5,future_y5,future_x6,future_y6,future_x7,future_y7,future_x8,future_y8,future_x9,future_y9,future_x10,future_y10,future_x11,future_y11,future_x12,future_y12,future_x13,future_y13,future_x14,future_y14,future_x15,future_y15,future_x16,future_y16,future_x17,future_y17,future_x18,future_y18,future_x19,future_y19,future_x20,future_y20
166.08574970954822,161.51403605327687,177.15813302351813,171.64975841069258,188.230516337488,183.41316242900788,199.30289965145786,196.8042481082229,210.37528296542777,211.82301544833754,221.44766627939762,228.46946444935185,232.5200495933675,246.74359511126576,243.59243290733744,266.6454074340794,254.66481622130732,288.1749014177927,265.7371995352772,311.33207706240563,276.809582849247,336.11693436791813,287.88196616321693,362.5294733343304,298.95434947718684,390.5696939616422,310.0267327911567,420.2375962498539,321.0991161051266,451.53318019896506,332.17149941909645,484.4564458089758,343.24388273306636,519.0073930798864,354.31626604703627,555.1860220116967,365.3886493610061,592.9923326044064,376.461032674976,632.4263248580157
