future_x1,future_y1,future_x2,future_y2,future_x3,future_y3,future_x4,future_y4,future_x5,future_y5,future_x6,future_y6,future_x7,future_y7,future_x8,future_y8,future_x9,future_y9,future_x10,future_y10,future_x11,future_y11,future_x12,future_y12,future_x13,future_y13,future_x14,future_y14,future_x15,future_y15,future_x16,future_y16,future_x17,future_y17,future_x18,future_y18,future_x19,future_y19,future_x20,future_y20
174.0280121955143,157.694831624909,185.62987967521525,167.57594035376687,197.23174715491623,179.08473074352432,208.83361463461716,192.2212027941815,220.43548211431812,206.98535650573825,232.03734959401905,223.3771918781947,243.63921707372,241.39670891155077,255.241084553421,261.04390760580657,266.84295203312195,282.31878796096197,278.4448195128229,305.22134997701704,290.04668699252386,329.75159365397167,301.6485544722248,355.90951899182613,313.2504219519258,383.69512599058015,324.8522894316267,413.10841465023395,336.4541569113277,444.1493849707872,348.0560243910286,476.81803695224005,359.65789187072954,511.11437059459274,371.2597593504305,547.0383858978452,382.8616268301315,584.5900828619972,394.46349430983247,623.7694614870486
