future_x1,future_y1,future_x2,future_y2,future_x3,future_y3,future_x4,future_y4,future_x5,future_y5,future_x6,future_y6,future_x7,future_y7,future_x8,future_y8,future_x9,future_y9,future_x10,future_y10,future_x11,future_y11,future_x12,future_y12,future_x13,future_y13,future_x14,future_y14,future_x15,future_y15,future_x16,future_y16,future_x17,future_y17,future_x18,future_y18,future_x19,future_y19,future_x20,future_y20
200.9964414311948,146.49231965057842,214.39620419327449,155.62659424781427,227.79596695535412,166.3885505059497,241.19572971743378,178.77818842498482,254.5954924795134,192.79550800491955,267.9952552415931,208.44050924575396,281.3950180036727,225.713192147488,294.79478076575236,244.61355671012174,308.194543527832,265.1416029336551,321.59430628991174,287.2973308180882,334.99406905199135,311.0807403634207,348.39383181407095,336.4918315696532,361.79359457615067,363.53060443678515,375.1933573382303,392.1970589648169,388.59312010031,422.49119515374804,401.9928828623896,454.4130130035789,415.39264562446925,487.9625125143096,428.79240838654897,523.13969368594,442.1921711486286,559.9445565184699,455.59193391070824,598.3771010118994
