future_x1,future_y1,future_x2,future_y2,future_x3,future_y3,future_x4,future_y4,future_x5,future_y5,future_x6,future_y6,future_x7,future_y7,future_x8,future_y8,future_x9,future_y9,future_x10,future_y10,future_x11,future_y11,future_x12,future_y12,future_x13,future_y13,future_x14,future_y14,future_x15,future_y15,future_x16,future_y16,future_x17,future_y17,future_x18,future_y18,future_x19,future_y19,future_x20,future_y20
184.98141196452627,152.82715409489174,197.3135060954947,162.3837509884151,209.64560022646316,173.56802954283813,221.97769435743152,186.37998975816078,234.30978848839996,200.81963163438303,246.64188261936837,216.88695517150504,258.9739767503368,234.58196036952663,271.30607088130523,253.9046472284479,283.63816501227365,274.85501574826884,295.97025914324206,297.43306592898944,308.3023532742105,321.6387977706096,320.6344474051789,347.4722112731296,332.9665415361473,374.93330643654906,345.2986356671157,404.0220832608684,357.6307297980842,434.73854174608715,369.96282392905255,467.0826818922055,382.29491806002096,501.05450369922374,394.6270121909894,536.6540071671417,406.95910632195785,573.8811922959592,419.2912004529263,612.7360590856763
