future_x1,future_y1,future_x2,future_y2,future_x3,future_y3,future_x4,future_y4,future_x5,future_y5,future_x6,future_y6,future_x7,future_y7,future_x8,future_y8,future_x9,future_y9,future_x10,future_y10,future_x11,future_y11,future_x12,future_y12,future_x13,future_y13,future_x14,future_y14,future_x15,future_y15,future_x16,future_y16,future_x17,future_y17,future_x18,future_y18,future_x19,future_y19,future_x20,future_y20
134.9546317203871,179.09804097545515,143.95160716841295,190.40603032768277,152.94858261643876,203.34170134080995,161.94555806446456,217.90505401483682,170.94253351249037,234.0960883497634,179.93950896051618,251.91480434558957,188.936484408542,271.3612020023154,197.93345985656782,292.4352813199409,206.93043530459363,315.1370422984661,215.92741075261944,339.46648493789087,224.92438620064522,365.42360923821525,233.92136164867102,393.0084151994394,242.91833709669686,422.2209028215632,251.91531254472267,453.06107210458674,260.9122879927485,485.5289230485097,269.9092634407742,519.6244556533323,278.9062388888001,555.3476699190549,287.9032143368259,592.698565845677,296.9001897848517,631.6771434331987,305.8971652328775,672.2834026816199
