future_x1,future_y1,future_x2,future_y2,future_x3,future_y3,future_x4,future_y4,future_x5,future_y5,future_x6,future_y6,future_x7,future_y7,future_x8,future_y8,future_x9,future_y9,future_x10,future_y10,future_x11,future_y11,future_x12,future_y12,future_x13,future_y13,future_x14,future_y14,future_x15,future_y15,future_x16,future_y16,future_x17,future_y17,future_x18,future_y18,future_x19,future_y19,future_x20,future_y20
107.27557273068521,198.89103441712405,114.42727757939755,211.51855666546294,121.57898242810991,225.7737605747014,128.73068727682227,241.65664614483953,135.8823921255346,259.16721337587734,143.03409697424695,278.30546226781473,150.1858018229593,299.07139282065185,157.33750667167163,321.46500503438864,164.489211520384,345.4862989090251,171.64091636909635,371.13527444456116,178.79262121780866,398.4119316409968,185.94432606652103,427.31627049833224,193.09603091523337,457.8482910165672,200.24773576394574,490.007993195702,207.3994406126581,523.7953770357362,214.55114546137042,559.2104425366701,221.70285031008274,596.2531896985039,228.8545551587951,634.9236185212374,236.00626000750748,675.2217290048703,243.15796485621982,717.1475211494028
