future_x1,future_y1,future_x2,future_y2,future_x3,future_y3,future_x4,future_y4,future_x5,future_y5,future_x6,future_y6,future_x7,future_y7,future_x8,future_y8,future_x9,future_y9,future_x10,future_y10,future_x11,future_y11,future_x12,future_y12,future_x13,future_y13,future_x14,future_y14,future_x15,future_y15,future_x16,future_y16,future_x17,future_y17,future_x18,future_y18,future_x19,future_y19,future_x20,future_y20
104.0459375517725,201.50723817732998,110.98233338855735,214.3091740096826,117.91872922534216,228.73879150293482,124.85512506212702,244.7960906570867,131.79152089891184,262.4810714721382,138.72791673569665,281.79373394808937,145.6643125724815,302.7340780849402,152.60070840926636,325.3021038826907,159.5371042460512,349.4978113413409,166.473500082836,375.3212004608907,173.40989591962085,402.77227124134004,180.34629175640566,431.8510236826892,187.2826875931905,462.5574577849379,194.21908342997534,494.89157354808646,201.1554792667602,528.8533709721345,208.091875103545,564.4428500570821,215.02827094032983,601.6600108029295,221.9646667771147,640.5048532096766,228.9010626138995,680.9773772773234,235.83745845068432,723.0775830058697
