future_x1,future_y1,future_x2,future_y2,future_x3,future_y3,future_x4,future_y4,future_x5,future_y5,future_x6,future_y6,future_x7,future_y7,future_x8,future_y8,future_x9,future_y9,future_x10,future_y10,future_x11,future_y11,future_x12,future_y12,future_x13,future_y13,future_x14,future_y14,future_x15,future_y15,future_x16,future_y16,future_x17,future_y17,future_x18,future_y18,future_x19,future_y19,future_x20,future_y20
172.19557156842228,158.5538495715175,183.67527633965045,168.4922261634826,195.15498111087862,180.0582844163473,206.63468588210677,193.25202433011168,218.11439065333494,208.0734459047757,229.59409542456305,224.52254914033932,241.07380019579122,242.5993340368027,252.5535049670194,262.3038005941657,264.0332097382476,283.63594881242835,275.5129145094757,306.5957786915907,286.9926192807038,331.18329023165245,298.472324051932,357.39848343261417,309.95202882316016,385.2413582944754,321.43173359438833,414.71191481723645,332.91143836561645,445.81015300089695,344.39114313684456,478.53607284545706,355.87084790807273,512.889674350917,367.3505526793009,548.8709575172767,378.8302574505291,586.4799223445359,390.30996222175725,625.7165688326946
