future_x1,future_y1,future_x2,future_y2,future_x3,future_y3,future_x4,future_y4,future_x5,future_y5,future_x6,future_y6,future_x7,future_y7,future_x8,future_y8,future_x9,future_y9,future_x10,future_y10,future_x11,future_y11,future_x12,future_y12,future_x13,future_y13,future_x14,future_y14,future_x15,future_y15,future_x16,future_y16,future_x17,future_y17,future_x18,future_y18,future_x19,future_y19,future_x20,future_y20
194.42723243555582,148.98232958763333,207.38904793125954,158.2826048473395,220.35086342696326,169.21056176794528,233.31267892266698,181.7662003494507,246.2744944183707,195.94952059185576,259.2363099140744,211.7605224951605,272.19812540977813,229.1992060593649,285.1599409054819,248.26557128446893,298.1217564011856,268.95961817047265,311.08357189688934,291.28134671737604,324.045387392593,315.2307569251789,337.0072028882968,340.80784879388165,349.9690183840005,368.0126223234839,362.9308338797042,396.84507751398604,375.8926493754079,427.30521436538754,388.85446487111165,459.3930328776887,401.81628036681536,493.1085330508898,414.7780958625191,528.4517148849905,427.7399113582228,565.4225783799908,440.7017268539265,604.0211235358905
