future_x1,future_y1,future_x2,future_y2,future_x3,future_y3,future_x4,future_y4,future_x5,future_y5,future_x6,future_y6,future_x7,future_y7,future_x8,future_y8,future_x9,future_y9,future_x10,future_y10,future_x11,future_y11,future_x12,future_y12,future_x13,future_y13,future_x14,future_y14,future_x15,future_y15,future_x16,future_y16,future_x17,future_y17,future_x18,future_y18,future_x19,future_y19,future_x20,future_y20
187.22973162466195,151.8830528199077,199.71171373297275,161.37670962843217,212.19369584128353,172.49804809785618,224.67567794959433,185.24706822817993,237.15766005790516,199.62377001940325,249.63964216621588,215.62815347152633,262.1216242745267,233.26021858454897,274.6036063828375,252.51996535847132,287.0855884911483,273.40739379329335,299.56757059945915,295.922503889015,312.0495527077699,320.0652956456362,324.5315348160807,345.8357690631572,337.01351692439147,373.2339241415778,349.4954990327023,402.25976088089817,361.9774811410131,432.913279281118,374.4594632493239,465.19447934223746,386.9414453576347,499.1033610642568,399.4234274659455,534.6399244471758,411.9054095742563,571.8041694909942,424.38739168256706,610.5960961957123
