future_x1,future_y1,future_x2,future_y2,future_x3,future_y3,future_x4,future_y4,future_x5,future_y5,future_x6,future_y6,future_x7,future_y7,future_x8,future_y8,future_x9,future_y9,future_x10,future_y10,future_x11,future_y11,future_x12,future_y12,future_x13,future_y13,future_x14,future_y14,future_x15,future_y15,future_x16,future_y16,future_x17,future_y17,future_x18,future_y18,future_x19,future_y19,future_x20,future_y20
125.70143958772076,185.2278903436395,134.0815355602355,196.94453632041277,142.4616315327502,210.28886395808559,150.8417275052649,225.26087325665807,159.22182347777965,241.86056421613026,167.60191945029436,260.0879368365021,175.98201542280907,279.9429911177735,184.36211139532378,301.4257270599447,192.74220736783852,324.5361446630154,201.12230334035323,349.2742439269859,209.5023993128679,375.64002485185586,217.88249528538267,403.63348743762566,226.26259125789738,433.2546316842951,234.6426872304121,464.5034575918642,243.02278320292686,497.37996516033286,251.4028791754415,531.884154389701,259.7829751479562,568.0160252799691,268.163071120471,605.775577831137,276.5431670929857,645.1628120432043,284.9232630655004,686.1777279161712
