future_x1,future_y1,future_x2,future_y2,future_x3,future_y3,future_x4,future_y4,future_x5,future_y5,future_x6,future_y6,future_x7,future_y7,future_x8,future_y8,future_x9,future_y9,future_x10,future_y10,future_x11,future_y11,future_x12,future_y12,future_x13,future_y13,future_x14,future_y14,future_x15,future_y15,future_x16,future_y16,future_x17,future_y17,future_x18,future_y18,future_x19,future_y19,future_x20,future_y20
199.11434894243234,147.19064397852918,212.38863887192784,156.3714735309617,225.66292880142336,167.17998474429388,238.9372187309188,179.61617761852568,252.2115086604143,193.6800521536571,265.4857985899098,209.37160834968827,278.76008851940526,226.69084620661903,292.0343784489008,245.63776572444948,305.3086683783963,266.21236690317954,318.5829583078918,288.41464974280933,331.85724823738724,312.2446142433386,345.1315381668827,337.70226040476774,358.40582809637823,364.7875882270964,371.68011802587375,393.50059771032494,384.9544079553692,423.8412888544528,398.2286978848647,455.8096616594804,411.5029878143602,489.4057161254078,424.7772777438557,524.6294522522348,438.0515676733512,561.4808700399615,451.3258576028467,599.9599694885877
