future_x1,future_y1,future_x2,future_y2,future_x3,future_y3,future_x4,future_y4,future_x5,future_y5,future_x6,future_y6,future_x7,future_y7,future_x8,future_y8,future_x9,future_y9,future_x10,future_y10,future_x11,future_y11,future_x12,future_y12,future_x13,future_y13,future_x14,future_y14,future_x15,future_y15,future_x16,future_y16,future_x17,future_y17,future_x18,future_y18,future_x19,future_y19,future_x20,future_y20
173.409608575438,157.98326534076972,184.97024914713387,167.88360298401835,196.53088971882977,179.4116222881665,208.09153029052558,192.56732325321437,219.65217086222145,207.3507058791619,231.21281143391735,223.76177016600906,242.77345200561322,241.80051611375583,254.3340925773091,261.46694372240233,265.894733149005,282.7610529919485,277.45537372070083,305.6828439223943,289.0160142923967,330.2323165137396,300.5766548640926,356.4094707659848,312.1372954357884,384.21430667912944,323.6979360074843,413.646824253174,335.25857657918016,444.707023488118,346.819217150876,477.3949043839615,358.3798577225719,511.71046694070503,369.94049829426774,547.6537111583482,381.50113886596364,585.2246370368908,393.06177943765954,624.423244576333
