future_x1,future_y1,future_x2,future_y2,future_x3,future_y3,future_x4,future_y4,future_x5,future_y5,future_x6,future_y6,future_x7,future_y7,future_x8,future_y8,future_x9,future_y9,future_x10,future_y10,future_x11,future_y11,future_x12,future_y12,future_x13,future_y13,future_x14,future_y14,future_x15,future_y15,future_x16,future_y16,future_x17,future_y17,future_x18,future_y18,future_x19,future_y19,future_x20,future_y20
147.99973225279456,171.19176103915441,157.86638106964753,181.97266506229533,167.73302988650053,194.38125074633587,177.59967870335348,208.417518091276,187.46632752020645,224.08146709711582,197.33297633705942,241.37309776385527,207.1996251539124,260.2924100914944,217.06627397076537,280.8394040800332,226.93292278761837,303.0140797294717,236.79957160447134,326.8164370398098,246.66622042132425,352.2464760110474,256.5328692381772,379.30419664318487,266.3995180550302,407.9895989362219,276.26616687188323,438.30268289015874,286.1328156887362,470.243448504995,295.9994645055891,503.8118957807309,305.8661133224421,539.0080247173667,315.73276213929506,575.8318353149022,325.59941095614806,614.2833275733371,335.46605977300106,654.3625014926718
