future_x1,future_y1,future_x2,future_y2,future_x3,future_y3,future_x4,future_y4,future_x5,future_y5,future_x6,future_y6,future_x7,future_y7,future_x8,future_y8,future_x9,future_y9,future_x10,future_y10,future_x11,future_y11,future_x12,future_y12,future_x13,future_y13,future_x14,future_y14,future_x15,future_y15,future_x16,future_y16,future_x17,future_y17,future_x18,future_y18,future_x19,future_y19,future_x20,future_y20
160.2397691464562,164.48864633982748,170.92242042288666,174.82267604967993,181.60507169931708,186.78438742043195,192.28772297574747,200.37378045208365,202.9703742521779,215.590855144635,213.6530255286083,232.43561149808602,224.3356768050387,250.90804951243666,235.01832808146915,271.00816918768703,245.70097935789954,292.73597052383695,256.38363063432996,316.0914535208866,267.0662819107604,341.0746181788358,277.7489331871908,367.68546449768485,288.4315844636212,395.9239924774334,299.11423574005164,425.79020211808177,309.79688701648206,457.2840934196296,320.4795382929124,490.405666382077,331.16218956934284,525.1549210054243,341.8448408457733,561.5318572896713,352.5274921222037,599.5364752348179,363.21014339863416,639.1687748408639
