future_x1,future_y1,future_x2,future_y2,future_x3,future_y3,future_x4,future_y4,future_x5,future_y5,future_x6,future_y6,future_x7,future_y7,future_x8,future_y8,future_x9,future_y9,future_x10,future_y10,future_x11,future_y11,future_x12,future_y12,future_x13,future_y13,future_x14,future_y14,future_x15,future_y15,future_x16,future_y16,future_x17,future_y17,future_x18,future_y18,future_x19,future_y19,future_x20,future_y20
172.54932346772136,158.38699496679138,184.0526116989028,168.31424791844137,195.55589993008425,179.86918253099103,207.05918816126564,193.0517988044403,218.56247639244708,207.86209673878926,230.0657646236285,224.30007633403784,241.56905285480994,242.36573759018611,253.07234108599135,262.059080507234,264.5756293171728,283.3801050851816,276.07891754835424,306.32881132402883,287.5822057795356,330.90519922377564,299.08549401071707,357.10926878442217,310.58878224189846,384.9410200059683,322.0920704730799,414.4004528884143,333.59535870426134,445.4875674317597,345.09864693544273,478.2023636360048,356.6019351666242,512.5448415011496,368.1052233978056,548.5150010271942,379.608511628987,586.1128422141384,391.1117998601685,625.338365061982
