future_x1,future_y1,future_x2,future_y2,future_x3,future_y3,future_x4,future_y4,future_x5,future_y5,future_x6,future_y6,future_x7,future_y7,future_x8,future_y8,future_x9,future_y9,future_x10,future_y10,future_x11,future_y11,future_x12,future_y12,future_x13,future_y13,future_x14,future_y14,future_x15,future_y15,future_x16,future_y16,future_x17,future_y17,future_x18,future_y18,future_x19,future_y19,future_x20,future_y20
113.9127308685551,193.73037271028616,121.50691292645877,206.01385084483587,129.10109498436245,219.9250106402851,136.69527704226613,235.46385209663407,144.2894591001698,252.63037521388264,151.88364115807346,271.42457999203094,159.47782321597714,291.8464664310788,167.07200527388082,313.89603453102643,174.6661873317845,337.5732842918736,182.26036938968818,362.87821571362053,189.85455144759183,389.81082879626695,197.4487335054955,418.3711235398132,205.04291556339916,448.559099944259,212.63709762130287,480.3747580096046,220.23127967920655,513.8180977358497,227.8254617371102,548.8891191229943,235.41964379501388,585.5878221710389,243.01382585291753,623.9142068799831,250.60800791082124,663.868273249827,258.2021899687249,705.4500212805702
