future_x1,future_y1,future_x2,future_y2,future_x3,future_y3,future_x4,future_y4,future_x5,future_y5,future_x6,future_y6,future_x7,future_y7,future_x8,future_y8,future_x9,future_y9,future_x10,future_y10,future_x11,future_y11,future_x12,future_y12,future_x13,future_y13,future_x14,future_y14,future_x15,future_y15,future_x16,future_y16,future_x17,future_y17,future_x18,future_y18,future_x19,future_y19,future_x20,future_y20
132.87274581544986,180.43784949454547,141.7309288698132,191.83515941471245,150.5891119241765,204.86015099577898,159.44729497853984,219.51282423774524,168.30547803290318,235.79317914061113,177.16366108726646,253.7012157043767,186.02184414162983,273.2369339290418,194.88002719599314,294.4003338146067,203.73821025035647,317.1914153610712,212.5963933047198,341.6101785684354,221.4545763590831,367.6566234366991,230.31275941344643,395.33074996586265,239.17094246780977,424.6325581559257,248.02912552217308,455.56204800688863,256.88730857653644,488.11921951875104,265.7454916308997,522.304072691513,274.60367468526306,558.1166075251748,283.4618577396264,595.5568240197364,292.32004079398973,634.6247221751975,301.178223848353,675.3203019915579
