future_x1,future_y1,future_x2,future_y2,future_x3,future_y3,future_x4,future_y4,future_x5,future_y5,future_x6,future_y6,future_x7,future_y7,future_x8,future_y8,future_x9,future_y9,future_x10,future_y10,future_x11,future_y11,future_x12,future_y12,future_x13,future_y13,future_x14,future_y14,future_x15,future_y15,future_x16,future_y16,future_x17,future_y17,future_x18,future_y18,future_x19,future_y19,future_x20,future_y20
98.02678844475767,206.57803699904633,104.56190767440819,219.71802608618003,111.09702690405871,234.48569683421334,117.63214613370921,250.8810492431463,124.16726536335973,268.9040833129789,130.7023845930102,288.55479904371117,137.23750382266076,309.8331964353431,143.77262305231127,332.7392754878747,150.3077422819618,357.2730362013059,156.84286151161228,383.43447857563683,163.37798074126277,411.22360261086726,169.9130999709133,440.64040830699753,176.4482192005638,471.68489566402735,182.98333843021433,504.357064681957,189.51845765986485,538.6569153607861,196.05357688951534,574.5844477005147,202.58869611916586,612.1396617011433,209.12381534881638,651.3225573626715,215.65893457846693,692.1331346850993,222.19405380811742,734.5713936684267
