future_x1,future_y1,future_x2,future_y2,future_x3,future_y3,future_x4,future_y4,future_x5,future_y5,future_x6,future_y6,future_x7,future_y7,future_x8,future_y8,future_x9,future_y9,future_x10,future_y10,future_x11,future_y11,future_x12,future_y12,future_x13,future_y13,future_x14,future_y14,future_x15,future_y15,future_x16,future_y16,future_x17,future_y17,future_x18,future_y18,future_x19,future_y19,future_x20,future_y20
191.54654286253285,150.12130424226052,204.31631238670172,159.49751114560848,217.0860819108706,170.50139970985606,229.85585143503945,183.1329699350033,242.6256209592083,197.39222182105019,255.39539048337716,213.27915536799674,268.165160007546,230.79377057584293,280.9349295317149,249.9360674445888,293.70469905588374,270.7060459742343,306.47446858005264,293.1037061647795,319.24423810422144,317.1290480162242,332.0140076283903,342.78207152856874,344.78377715255914,370.0627767018128,357.55354667672805,398.97116353595675,370.3233162008969,429.50723203100017,383.0930857250657,461.6709821869431,395.8628552492346,495.46241400378585,408.63262477340345,530.8815274815285,421.4023942975723,567.9283226201704,434.1721638217412,606.6027994197121
