future_x1,future_y1,future_x2,future_y2,future_x3,future_y3,future_x4,future_y4,future_x5,future_y5,future_x6,future_y6,future_x7,future_y7,future_x8,future_y8,future_x9,future_y9,future_x10,future_y10,future_x11,future_y11,future_x12,future_y12,future_x13,future_y13,future_x14,future_y14,future_x15,future_y15,future_x16,future_y16,future_x17,future_y17,future_x18,future_y18,future_x19,future_y19,future_x20,future_y20
168.49327058977423,160.3297695178519,179.72615529575918,170.386540772906,190.95904000174414,182.07099368885966,202.19192470772907,195.38312826571297,213.42480941371406,210.32294450346595,224.65769411969896,226.8904424021186,235.89057882568395,245.08562196167085,247.1234635316689,264.90848318212284,258.35634823765383,286.35902606347446,269.5892329436388,309.43725060572575,280.8221176496237,334.14315680887654,292.0550023556087,360.47674467292717,303.2878870615936,388.43801419787735,314.5207717675786,418.0269653837274,325.7536564735636,449.2435982304768,336.98654117954845,482.08791273812585,348.21942588553344,516.5599089066748,359.45231059151837,552.6595867361234,370.68519529750336,590.3869462264715,381.9180800034883,629.7419873777193
