future_x1,future_y1,future_x2,future_y2,future_x3,future_y3,future_x4,future_y4,future_x5,future_y5,future_x6,future_y6,future_x7,future_y7,future_x8,future_y8,future_x9,future_y9,future_x10,future_y10,future_x11,future_y11,future_x12,future_y12,future_x13,future_y13,future_x14,future_y14,future_x15,future_y15,future_x16,future_y16,future_x17,future_y17,future_x18,future_y18,future_x19,future_y19,future_x20,future_y20
125.73701537890886,185.20344017561658,134.1194830708361,196.9184561411883,142.50195076276339,210.2611537676596,150.88441845469063,225.23153305503055,159.26688614661788,241.8295940033012,167.64935383854515,260.0553366124715,176.03182153047243,279.9087608825414,184.41428922239967,301.38986681351105,192.79675691432695,324.4986544053803,201.1792246062542,349.23512365814923,209.5616922981814,375.59927457181766,217.94415999010872,403.591107146386,226.32662768203596,433.21062138185374,234.70909537396324,464.4578172782214,243.09156306589048,497.3326948354885,251.47403075781773,531.8352540536553,259.856498449745,567.9654949327218,268.2389661416722,605.723417472688,276.62143383359955,645.1090216735539,285.00390152552677,686.1223075353192
