future_x1,future_y1,future_x2,future_y2,future_x3,future_y3,future_x4,future_y4,future_x5,future_y5,future_x6,future_y6,future_x7,future_y7,future_x8,future_y8,future_x9,future_y9,future_x10,future_y10,future_x11,future_y11,future_x12,future_y12,future_x13,future_y13,future_x14,future_y14,future_x15,future_y15,future_x16,future_y16,future_x17,future_y17,future_x18,future_y18,future_x19,future_y19,future_x20,future_y20
109.75709884869052,196.9282684014719,117.07423877193655,209.42493958210065,124.39137869518261,223.54929242362897,131.70851861842863,239.301326926057,139.02565854167466,256.6810430893846,146.3427984649207,275.68844091361194,153.65993838816672,296.3235203987389,160.97707831141275,318.5862815447655,168.2942182346588,342.4767243516918,175.61135815790485,367.99484881951776,182.92849808115085,395.1406549482432,190.2456380043969,423.9141427378685,197.56277792764294,454.31531218839336,204.87991785088897,486.34416329981804,212.197057774135,520.0006960721421,219.51419769738104,555.2849105053658,226.83133762062707,592.1968065994895,234.1484775438731,630.7363843545128,241.4656174671192,670.9036437704356,248.78275739036522,712.698584847258
