future_x1,future_y1,future_x2,future_y2,future_x3,future_y3,future_x4,future_y4,future_x5,future_y5,future_x6,future_y6,future_x7,future_y7,future_x8,future_y8,future_x9,future_y9,future_x10,future_y10,future_x11,future_y11,future_x12,future_y12,future_x13,future_y13,future_x14,future_y14,future_x15,future_y15,future_x16,future_y16,future_x17,future_y17,future_x18,future_y18,future_x19,future_y19,future_x20,future_y20
110.43809946172424,196.3966673140964,117.80063942583918,208.85789842223343,125.16317938995414,222.9468111912701,132.52571935406908,238.66340562120635,139.88825931818403,256.0076817120423,147.25079928229897,274.9796394637779,154.61333924641391,295.5792788764132,161.9758792105289,317.80659994994807,169.33841917464383,341.6616026843827,176.7009591387588,367.14428707971695,184.06349910287372,394.25465313595066,191.42603906698866,422.9927008530843,198.78857903110364,453.35843023111744,206.15111899521858,485.3518412700504,213.51365895933355,518.9729339698829,220.87619892344847,554.2217083306148,228.23873888756344,591.0981643522467,235.60127885167836,629.6023020347783,242.96381881579333,669.7341213782095,250.32635877990828,711.4936223825401
