future_x1,future_y1,future_x2,future_y2,future_x3,future_y3,future_x4,future_y4,future_x5,future_y5,future_x6,future_y6,future_x7,future_y7,future_x8,future_y8,future_x9,future_y9,future_x10,future_y10,future_x11,future_y11,future_x12,future_y12,future_x13,future_y13,future_x14,future_y14,future_x15,future_y15,future_x16,future_y16,future_x17,future_y17,future_x18,future_y18,future_x19,future_y19,future_x20,future_y20
111.68705105017594,195.42946433451024,119.132854453521,207.8262152440082,126.57865785686609,221.8506478144058,134.02446126021113,237.50276204570295,141.47026466355618,254.78255793789987,148.91606806690123,273.69003549099637,156.3618714702463,294.22519470499253,163.8076748735914,316.3880355798884,171.25347827693645,340.17855811568387,178.69928168028153,365.5967623123791,186.14508508362655,392.64264816997377,193.59088848697164,421.31621568846833,201.03669189031672,451.6174648678624,208.48249529366177,483.54639570815624,215.92829869700685,517.1030082093496,223.37410210035188,552.2873023714426,230.81990550369696,589.0992781944353,238.265708907042,627.5389356783278,245.71151231038706,667.60627482312,253.15731571373217,709.3012956288115
