future_x1,future_y1,future_x2,future_y2,future_x3,future_y3,future_x4,future_y4,future_x5,future_y5,future_x6,future_y6,future_x7,future_y7,future_x8,future_y8,future_x9,future_y9,future_x10,future_y10,future_x11,future_y11,future_x12,future_y12,future_x13,future_y13,future_x14,future_y14,future_x15,future_y15,future_x16,future_y16,future_x17,future_y17,future_x18,future_y18,future_x19,future_y19,future_x20,future_y20
97.4039420538272,207.1178158169159,103.89753819074902,220.29379015857427,110.39113432767083,235.09744616113215,116.88473046459265,251.52878382458977,123.37832660151446,269.58780314894705,129.87192273843627,289.27450413420394,136.36551887535808,310.58888678036044,142.85911501227991,333.5309510874167,149.35271114920172,358.10069705537256,155.84630728612353,384.2981246842281,162.3399034230453,412.1232339739832,168.83349955996715,441.5760249246381,175.327095696889,472.65649753619255,181.8206918338108,505.36465180864684,188.3142879707326,539.7004877420006,194.8078841076544,575.6640053362538,201.30148024457623,613.2552045914069,207.79507638149803,652.4740855074599,214.28867251841984,693.3206480844124,220.78226865534165,735.7948923222643
