future_x1,future_y1,future_x2,future_y2,future_x3,future_y3,future_x4,future_y4,future_x5,future_y5,future_x6,future_y6,future_x7,future_y7,future_x8,future_y8,future_x9,future_y9,future_x10,future_y10,future_x11,future_y11,future_x12,future_y12,future_x13,future_y13,future_x14,future_y14,future_x15,future_y15,future_x16,future_y16,future_x17,future_y17,future_x18,future_y18,future_x19,future_y19,future_x20,future_y20
135.6974716424631,178.6253564343736,144.74396975196066,189.90183348386245,153.79046786145824,202.8059921942509,162.83696597095576,217.33783256553903,171.88346408045328,233.49735459772677,180.92996218995083,251.28455829081418,189.97646029944838,270.69944364480125,199.02295840894593,291.742010659688,208.06945651844347,314.4122593354744,217.11595462794102,338.7101896721605,226.1624527374385,364.635801669746,235.20895084693606,392.1890953282315,244.25544895643367,421.37007064761644,253.3019470659312,452.1787276279012,262.34844517542876,484.6150662690854,271.3949432849262,518.6790865711693,280.4414413944238,554.370788534153,289.4879395039213,591.6901721580364,298.5344376134189,630.6372374428194,307.5809357229165,671.2119843885018
