future_x1,future_y1,future_x2,future_y2,future_x3,future_y3,future_x4,future_y4,future_x5,future_y5,future_x6,future_y6,future_x7,future_y7,future_x8,future_y8,future_x9,future_y9,future_x10,future_y10,future_x11,future_y11,future_x12,future_y12,future_x13,future_y13,future_x14,future_y14,future_x15,future_y15,future_x16,future_y16,future_x17,future_y17,future_x18,future_y18,future_x19,future_y19,future_x20,future_y20
126.82410264264274,184.45968310632287,135.27904281881894,196.125115267275,143.73398299499513,209.41822908912673,152.18892317117133,224.3390245718781,160.6438633473475,240.88750171552914,169.09880352352366,259.0636605200799,177.55374369969985,278.8675009855302,186.00868387587605,300.2990231118803,194.46362405205224,323.35822689912993,202.91856422822843,348.04511234727926,211.3735044044046,374.3596794563281,219.82844458058076,402.3019282262768,228.28338475675696,431.8718586571251,236.73832493293315,463.0694707488732,245.19326510910932,495.8947645015206,253.64820528528548,530.3477399150678,262.1031454614617,566.4283969895148,270.5580856376379,604.1367357248614,279.01302581381407,643.4727561211078,287.46796598999026,684.4364581782535
