future_x1,future_y1,future_x2,future_y2,future_x3,future_y3,future_x4,future_y4,future_x5,future_y5,future_x6,future_y6,future_x7,future_y7,future_x8,future_y8,future_x9,future_y9,future_x10,future_y10,future_x11,future_y11,future_x12,future_y12,future_x13,future_y13,future_x14,future_y14,future_x15,future_y15,future_x16,future_y16,future_x17,future_y17,future_x18,future_y18,future_x19,future_y19,future_x20,future_y20
170.8136035665829,159.21039849102522,182.20117713768846,169.19254501095753,193.58875070879398,180.8023731917894,204.97632427989953,194.03988303352094,216.36389785100505,208.90507453615214,227.75147142211054,225.39794769968302,239.13904499321606,243.5185025241135,250.52661856432164,263.2667390094437,261.9141921354272,284.64265715567353,273.3017657065327,307.646256962803,284.68933927763817,332.27753843083207,296.07691284874375,358.53650155976095,307.46448641984927,386.4231463495893,318.8520599909548,415.93747280031755,330.2396335620603,447.0794809119452,341.6272071331658,479.8491706844725,353.0147807042714,514.2465421178997,364.4023542753769,550.2715952122264,375.78992784648244,587.9243299674529,387.17750141758796,627.2047463835788
