future_x1,future_y1,future_x2,future_y2,future_x3,future_y3,future_x4,future_y4,future_x5,future_y5,future_x6,future_y6,future_x7,future_y7,future_x8,future_y8,future_x9,future_y9,future_x10,future_y10,future_x11,future_y11,future_x12,future_y12,future_x13,future_y13,future_x14,future_y14,future_x15,future_y15,future_x16,future_y16,future_x17,future_y17,future_x18,future_y18,future_x19,future_y19,future_x20,future_y20
97.89888427754812,206.68864649937947,104.42547656271799,219.83600955320208,110.95206884788789,234.61105426792423,117.47866113305774,251.01378064354608,124.00525341822762,269.0441886800676,130.5318457033975,288.7022783774887,137.05843798856736,309.9880497358095,143.58503027373723,332.90150275503,150.11162255890713,357.44263743515006,156.63821484407703,383.61145377616987,163.16480712924687,411.4079517780891,169.69139941441674,440.8321314409083,176.21799169958663,471.883992764627,182.7445839847565,504.5635357492455,189.27117626992637,538.8707603947635,195.79776855509624,574.8056667011809,202.3243608402661,612.3682546684984,208.85095312543598,651.5585242967156,215.37754541060585,692.3764755858323,221.90413769577577,734.8221085358484
