future_x1,future_y1,future_x2,future_y2,future_x3,future_y3,future_x4,future_y4,future_x5,future_y5,future_x6,future_y6,future_x7,future_y7,future_x8,future_y8,future_x9,future_y9,future_x10,future_y10,future_x11,future_y11,future_x12,future_y12,future_x13,future_y13,future_x14,future_y14,future_x15,future_y15,future_x16,future_y16,future_x17,future_y17,future_x18,future_y18,future_x19,future_y19,future_x20,future_y20
122.82504773152866,187.2281298126307,131.01338424696388,199.07812508733667,139.20172076239913,212.55580202294226,147.3900572778344,227.6611606194475,155.57839379326964,244.39420087685238,163.76673030870487,262.754922795157,171.95506682414012,282.7433263743612,180.14340333957537,304.35941161446505,188.33173985501062,327.6031785154686,196.52007637044588,352.4746270773718,204.70841288588107,378.9737573001745,212.89674940131636,407.10056918387704,221.08508591675158,436.85506272847914,229.2734224321868,468.2372379339811,237.4617589476221,501.24709480038246,245.6500954630573,535.8846333276834,253.83843197849257,572.1498535158842,262.02676849392776,610.0427553649848,270.21510500936307,649.5633388749849,278.40344152479827,690.7116040458845
