future_x1,future_y1,future_x2,future_y2,future_x3,future_y3,future_x4,future_y4,future_x5,future_y5,future_x6,future_y6,future_x7,future_y7,future_x8,future_y8,future_x9,future_y9,future_x10,future_y10,future_x11,future_y11,future_x12,future_y12,future_x13,future_y13,future_x14,future_y14,future_x15,future_y15,future_x16,future_y16,future_x17,future_y17,future_x18,future_y18,future_x19,future_y19,future_x20,future_y20
195.46523268569626,148.57901872210059,208.49624819807605,157.85240659077127,221.52726371045577,168.75347612034147,234.55827922283552,181.28222731081138,247.5892947352153,195.43866016218095,260.62031024759506,211.22277467445014,273.65132575997484,228.63457084761905,286.68234127235456,247.67404868168757,299.71335678473434,268.34120817665575,312.74437229711407,290.6360493325236,325.7753878094938,314.558572149291,338.8064033218735,340.1087766269582,351.8374188342533,367.28666276552497,364.8684343466331,396.0922305649916,377.89944985901286,426.5254800253576,390.93046537139253,458.5864111466232,403.9614808837723,492.2750239287887,416.9924963961521,527.591318371854,430.0235119085319,564.5352944758187,443.05452742091154,603.106952240683
