future_x1,future_y1,future_x2,future_y2,future_x3,future_y3,future_x4,future_y4,future_x5,future_y5,future_x6,future_y6,future_x7,future_y7,future_x8,future_y8,future_x9,future_y9,future_x10,future_y10,future_x11,future_y11,future_x12,future_y12,future_x13,future_y13,future_x14,future_y14,future_x15,future_y15,future_x16,future_y16,future_x17,future_y17,future_x18,future_y18,future_x19,future_y19,future_x20,future_y20
106.08119586703565,199.85030657427552,113.1532755915047,212.54178029975782,120.22535531597376,226.86093568613973,127.29743504044276,242.80777273342127,134.36951476491183,260.3822914416025,141.44159448938086,279.5844918106834,148.51367421384992,300.4143738406639,155.58575393831896,322.8719375315441,162.65783366278802,346.957182883324,169.72991338725706,372.6701098960035,176.80199311172606,400.01071856958254,183.87407283619513,428.9790089040614,190.9461525606642,459.5749808994398,198.01823228513322,491.7986345557181,205.09031200960226,525.6499698728958,212.1623917340713,561.1289868509731,219.23447145854033,598.2356854899502,226.3065511830094,636.9700657898271,233.37863090747842,677.3321277506035,240.45071063194752,719.3218713722795
