future_x1,future_y1,future_x2,future_y2,future_x3,future_y3,future_x4,future_y4,future_x5,future_y5,future_x6,future_y6,future_x7,future_y7,future_x8,future_y8,future_x9,future_y9,future_x10,future_y10,future_x11,future_y11,future_x12,future_y12,future_x13,future_y13,future_x14,future_y14,future_x15,future_y15,future_x16,future_y16,future_x17,future_y17,future_x18,future_y18,future_x19,future_y19,future_x20,future_y20
138.8153571025964,176.6717056590615,148.06971424276952,187.81793932352952,157.3240713829426,200.59185464889714,166.5784285231157,214.99345163516446,175.8327856632888,231.0227302823314,185.08714280346186,248.67969059039802,194.34149994363497,267.9643325593643,203.59585708380808,288.87665618923023,212.85021422398117,311.4166614799958,222.10457136415425,335.58434843166106,231.35892850432734,361.37971704422586,240.61328564450042,388.80276731769044,249.86764278467354,417.8534992520546,259.1219999248466,448.53191284731855,268.37635706501976,480.83800810348197,277.6307142051928,514.771785020545,286.8850713453659,550.3332435985079,296.13942848553904,587.5223838373705,305.3937856257121,626.3392057371327,314.6481427658852,666.7837092977943
