future_x1,future_y1,future_x2,future_y2,future_x3,future_y3,future_x4,future_y4,future_x5,future_y5,future_x6,future_y6,future_x7,future_y7,future_x8,future_y8,future_x9,future_y9,future_x10,future_y10,future_x11,future_y11,future_x12,future_y12,future_x13,future_y13,future_x14,future_y14,future_x15,future_y15,future_x16,future_y16,future_x17,future_y17,future_x18,future_y18,future_x19,future_y19,future_x20,future_y20
155.16509548314127,167.18777246519412,165.50943518201737,177.70174391673768,175.85377488089347,189.84339702918084,186.19811457976954,203.61273180252365,196.5424542786456,219.00974823676611,206.88679397752168,236.03444633190824,217.23113367639775,254.68682608795,227.57547337527384,274.9668875048915,237.91981307414994,296.8746305827325,248.26415277302604,320.4100553214733,258.6084924719021,345.5731617211136,268.95283217077815,372.36394978165373,279.29717186965433,400.78241950309337,289.6415115685304,430.8285708854329,299.9858512674065,462.5024039286718,310.33019096628254,495.8039186328103,320.6745306651586,530.7331149978487,331.01887036403474,567.2899930237868,341.3632100629108,605.4745527106245,351.70754976178694,645.2867940583617
