future_x1,future_y1,future_x2,future_y2,future_x3,future_y3,future_x4,future_y4,future_x5,future_y5,future_x6,future_y6,future_x7,future_y7,future_x8,future_y8,future_x9,future_y9,future_x10,future_y10,future_x11,future_y11,future_x12,future_y12,future_x13,future_y13,future_x14,future_y14,future_x15,future_y15,future_x16,future_y16,future_x17,future_y17,future_x18,future_y18,future_x19,future_y19,future_x20,future_y20
133.25524301465916,180.19001523629254,142.1389258823031,191.570802872576,151.02260874994707,204.579272169759,159.90629161759097,219.21542312784172,168.78997448523495,235.4792557468241,177.67365735287888,253.37077002670608,186.5573402205228,272.88996596748774,195.4410230881668,294.0368435691691,204.32470595581074,316.81140283175006,213.2083888234547,341.2136437552307,222.0920716910986,367.2435663396109,230.97575455874252,394.9011705848909,239.8594374263865,424.1864564910705,248.74312029403046,455.09942405814985,257.6268031616744,487.64007328612865,266.5104860293183,521.8084041750071,275.39416889696224,557.6044167247853,284.2778517646062,595.0281109354635,293.16153463225015,634.0794868070409,302.04521749989414,674.758544339518
