future_x1,future_y1,future_x2,future_y2,future_x3,future_y3,future_x4,future_y4,future_x5,future_y5,future_x6,future_y6,future_x7,future_y7,future_x8,future_y8,future_x9,future_y9,future_x10,future_y10,future_x11,future_y11,future_x12,future_y12,future_x13,future_y13,future_x14,future_y14,future_x15,future_y15,future_x16,future_y16,future_x17,future_y17,future_x18,future_y18,future_x19,future_y19,future_x20,future_y20
105.42839430071406,200.37867804076595,112.45695392076168,213.10537653068096,119.48551354080928,227.45975668149558,126.51407316085688,243.4418184932098,133.54263278090448,261.05156196582374,140.57119240095207,280.2889870993373,147.5997520209997,301.15409389375054,154.6283116410473,323.64688234906345,161.6568712610949,347.76735246527596,168.6854308811425,373.5155042423882,175.7139905011901,400.89133768039994,182.7425501212377,429.89485277931146,189.77110974128533,460.52604953912265,196.79966936133295,492.78492795983357,203.82822898138053,526.6714880414439,210.85678860142812,562.185729783954,217.8853482214757,599.3276531873638,224.91390784152335,638.0972582516733,231.94246746157097,678.4945449768825,238.97102708161856,720.5195133629911
