future_x1,future_y1,future_x2,future_y2,future_x3,future_y3,future_x4,future_y4,future_x5,future_y5,future_x6,future_y6,future_x7,future_y7,future_x8,future_y8,future_x9,future_y9,future_x10,future_y10,future_x11,future_y11,future_x12,future_y12,future_x13,future_y13,future_x14,future_y14,future_x15,future_y15,future_x16,future_y16,future_x17,future_y17,future_x18,future_y18,future_x19,future_y19,future_x20,future_y20
158.55402090156593,165.37300501815093,169.12428896167035,175.76599197322494,179.69455702177476,187.78666058919856,190.26482508187914,201.4350108660718,200.83509314198355,216.71104280384475,211.40536120208793,233.6147564025173,221.97562926219234,252.14615166208955,232.54589732229675,272.3052285825614,243.11616538240114,294.09198716393297,253.68643344250555,317.5064274062042,264.25670150260987,342.54854930937495,274.82696956271434,369.2183528734455,285.39723762281875,397.51583809841566,295.96750568292316,427.44100498428554,306.5377737430275,458.993853531055,317.10804180313187,492.1743837387239,327.6783098632363,526.9825956072928,338.2485779233407,563.4184891367613,348.81884598344516,601.4820643271295,359.3891140435495,641.1733211783971
