future_x1,future_y1,future_x2,future_y2,future_x3,future_y3,future_x4,future_y4,future_x5,future_y5,future_x6,future_y6,future_x7,future_y7,future_x8,future_y8,future_x9,future_y9,future_x10,future_y10,future_x11,future_y11,future_x12,future_y12,future_x13,future_y13,future_x14,future_y14,future_x15,future_y15,future_x16,future_y16,future_x17,future_y17,future_x18,future_y18,future_x19,future_y19,future_x20,future_y20
121.41928087252788,188.2227310594866,129.5138995973631,200.13903308398298,137.6085183221983,213.68301676937895,145.70313704703347,228.8546821156746,153.79775577186868,245.65402912286987,161.89237449670387,264.0810577909648,169.98699322153905,284.1357681199594,178.08161194637427,305.8181601098537,186.17623067120945,329.1282337606476,194.27084939604464,354.0659890723412,202.36546812087983,380.6314260449343,210.460086845715,408.8245446784273,218.55470557055023,438.64534497281977,226.64932429538544,470.0938269281121,234.7439430202206,503.16999054430386,242.83856174505576,537.8738358213952,250.93318046989097,574.2053627593864,259.0277991947262,612.1645713582774,267.12241791956137,651.7514616180679,275.2170366443966,692.9660335387579
