future_x1,future_y1,future_x2,future_y2,future_x3,future_y3,future_x4,future_y4,future_x5,future_y5,future_x6,future_y6,future_x7,future_y7,future_x8,future_y8,future_x9,future_y9,future_x10,future_y10,future_x11,future_y11,future_x12,future_y12,future_x13,future_y13,future_x14,future_y14,future_x15,future_y15,future_x16,future_y16,future_x17,future_y17,future_x18,future_y18,future_x19,future_y19,future_x20,future_y20
108.15009532779486,198.1946990601487,115.3601016829812,210.77579895135588,122.57010803816752,224.98458050346267,129.78011439335384,240.8210437164691,136.99012074854016,258.28518859037524,144.2001271037265,277.37701512518095,151.41013345891284,298.0965233208864,158.62013981409916,320.4437131774915,165.83014616928548,344.4185846949962,173.0401525244718,370.02113787340056,180.25015887965813,397.2513727127045,187.46016523484445,426.10928921290827,194.67017159003078,456.5948873740116,201.8801779452171,488.70816719601464,209.09018430040342,522.4491286789173,216.30019065558972,557.8177718227195,223.51019701077607,594.8140966274215,230.7202033659624,633.4381030930232,237.93020972114874,673.6897912195245,245.14021607633504,715.5691610069254
