future_x1,future_y1,future_x2,future_y2,future_x3,future_y3,future_x4,future_y4,future_x5,future_y5,future_x6,future_y6,future_x7,future_y7,future_x8,future_y8,future_x9,future_y9,future_x10,future_y10,future_x11,future_y11,future_x12,future_y12,future_x13,future_y13,future_x14,future_y14,future_x15,future_y15,future_x16,future_y16,future_x17,future_y17,future_x18,future_y18,future_x19,future_y19,future_x20,future_y20
99.08476684098981,205.6677662610244,105.69041796372247,218.74707063229,112.29606908645512,233.45405666445518,118.90172020918779,249.78872435752,125.50737133192044,267.7510737114845,132.11302245465308,287.3411047263486,138.71867357738574,308.55881740211237,145.3243247001184,331.40421173877587,151.92997582285108,355.877287736339,158.53562694558372,381.97804539480177,165.14127806831635,409.70648471416405,171.746929191049,439.0626056944262,178.35258031378166,470.0464083355879,184.95823143651432,502.65789263764935,191.563882559247,536.8970586006103,198.16953368197963,572.7639062244709,204.7751848047123,610.2584355092313,211.38083592744493,649.3806464548913,217.98648705017757,690.130539061451,224.59213817291024,732.5081133289103
