future_x1,future_y1,future_x2,future_y2,future_x3,future_y3,future_x4,future_y4,future_x5,future_y5,future_x6,future_y6,future_x7,future_y7,future_x8,future_y8,future_x9,future_y9,future_x10,future_y10,future_x11,future_y11,future_x12,future_y12,future_x13,future_y13,future_x14,future_y14,future_x15,future_y15,future_x16,future_y16,future_x17,future_y17,future_x18,future_y18,future_x19,future_y19,future_x20,future_y20
116.98412347691496,191.4360418326806,124.78306504204264,203.5665645753899,132.5820066071703,217.32476897899878,140.38094817229796,232.71065504350736,148.17988973742564,249.72422276891558,155.9788313025533,268.3654721552235,163.77777286768097,288.634403202431,171.57671443280861,310.53101591053826,179.37565599793632,334.0553102795451,187.17459756306397,359.2072863094516,194.97353912819162,385.9869440002576,202.7724806933193,414.3942833519635,210.57142225844694,444.42930436456896,218.37036382357465,476.0920070380742,226.1693053887023,509.3823913724789,233.96824695382992,544.3004573677832,241.76718851895762,580.8462050239874,249.56613008408527,619.0196343410912,257.36507164921295,658.8207453190946,265.1640132143406,700.2495379579975
