future_x1,future_y1,future_x2,future_y2,future_x3,future_y3,future_x4,future_y4,future_x5,future_y5,future_x6,future_y6,future_x7,future_y7,future_x8,future_y8,future_x9,future_y9,future_x10,future_y10,future_x11,future_y11,future_x12,future_y12,future_x13,future_y13,future_x14,future_y14,future_x15,future_y15,future_x16,future_y16,future_x17,future_y17,future_x18,future_y18,future_x19,future_y19,future_x20,future_y20
132.4361649333511,180.72165532904728,141.26524259557453,192.13788563818107,150.09432025779796,205.1817976082144,158.92339792002133,219.8533912391474,167.75247558224476,236.1526665309801,176.58155324446813,254.07962348371242,185.41063090669155,273.6342620973444,194.23970856891498,294.81658237187605,203.0687862311384,317.6265843073073,211.89786389336183,342.0642679036383,220.7269415555852,368.1296331608688,229.55601921780857,395.82268007899916,238.385096880032,425.14340865802905,247.21417454225542,456.0918188979587,256.04325220447885,488.6679107987879,264.8723298667022,522.8716843605166,273.70140752892564,558.7031395831452,282.53048519114907,596.1622764666736,291.3595628533725,635.2490950111014,300.1886405155959,675.9635952164288
