future_x1,future_y1,future_x2,future_y2,future_x3,future_y3,future_x4,future_y4,future_x5,future_y5,future_x6,future_y6,future_x7,future_y7,future_x8,future_y8,future_x9,future_y9,future_x10,future_y10,future_x11,future_y11,future_x12,future_y12,future_x13,future_y13,future_x14,future_y14,future_x15,future_y15,future_x16,future_y16,future_x17,future_y17,future_x18,future_y18,future_x19,future_y19,future_x20,future_y20
160.44607236775863,164.38124564513856,171.14247719227586,174.7081153086784,181.83888201679312,186.66266663311785,192.53528684131035,200.24489961845694,203.2316916658276,215.4548142646957,213.92809649034484,232.29241057183413,224.62450131486207,250.7576885398722,235.32090613937936,270.8506481688099,246.0173109638966,292.5712894586473,256.7137157884139,315.91961240938434,267.41012061293105,340.89561702102094,278.10652543744834,367.4993032935573,288.80293026196557,395.7306712269933,299.4993350864828,425.58972082132914,310.19573991100003,457.07645207656435,320.89214473551726,490.1908649926992,331.5885495600345,524.9329595697338,342.2849543845517,561.3027358076682,352.981359209069,599.3001937065021,363.67776403358624,638.9253332662357
