future_x1,future_y1,future_x2,future_y2,future_x3,future_y3,future_x4,future_y4,future_x5,future_y5,future_x6,future_y6,future_x7,future_y7,future_x8,future_y8,future_x9,future_y9,future_x10,future_y10,future_x11,future_y11,future_x12,future_y12,future_x13,future_y13,future_x14,future_y14,future_x15,future_y15,future_x16,future_y16,future_x17,future_y17,future_x18,future_y18,future_x19,future_y19,future_x20,future_y20
137.2988911221127,177.61583666564792,146.45215053025353,188.82501239722174,155.60540993839442,201.66186978969512,164.7586693465352,216.1264088430682,173.9119287546761,232.2186295573409,183.06518816281692,249.93853193251329,192.21844757095778,269.2861159685853,201.37170697909863,290.261381665557,210.52496638723946,312.86432902342835,219.67822579538034,337.0949580421994,228.83148520352114,362.9532687218699,237.98474461166202,390.43926106244027,247.13800401980285,419.5529350639102,256.2912634279437,450.29429072627994,265.44452283608456,482.66332804954914,274.5977822442254,516.6600470337179,283.75104165236627,552.2844476787866,292.90430106050707,589.5365299847549,302.0575604686479,628.4162939516228,311.21081987678883,668.9237395793903
