future_x1,future_y1,future_x2,future_y2,future_x3,future_y3,future_x4,future_y4,future_x5,future_y5,future_x6,future_y6,future_x7,future_y7,future_x8,future_y8,future_x9,future_y9,future_x10,future_y10,future_x11,future_y11,future_x12,future_y12,future_x13,future_y13,future_x14,future_y14,future_x15,future_y15,future_x16,future_y16,future_x17,future_y17,future_x18,future_y18,future_x19,future_y19,future_x20,future_y20
189.58262661178136,150.91456450878636,202.22146838590015,160.34365542990275,214.86031016001888,171.4004280119187,227.49915193413767,184.08488225483433,240.1379937082564,198.3970181586496,252.77683548237513,214.33683572336454,265.41567725649395,231.90433494897917,278.0545190306127,251.0995158354934,290.69336080473147,271.9223783829073,303.33220257885023,294.37292259122086,315.971044352969,318.45114846043396,328.60988612708775,344.1570559905469,341.2487279012065,371.4906451815594,353.88756967532527,400.45191603347166,366.526411449444,431.0408685462835,379.16525322356273,463.25750271999476,391.80409499768155,497.10181855460604,404.4429367718003,532.573816050117,417.08177854591906,569.6734952065274,429.72062032003777,608.4008560238374
