future_x1,future_y1,future_x2,future_y2,future_x3,future_y3,future_x4,future_y4,future_x5,future_y5,future_x6,future_y6,future_x7,future_y7,future_x8,future_y8,future_x9,future_y9,future_x10,future_y10,future_x11,future_y11,future_x12,future_y12,future_x13,future_y13,future_x14,future_y14,future_x15,future_y15,future_x16,future_y16,future_x17,future_y17,future_x18,future_y18,future_x19,future_y19,future_x20,future_y20
124.47666254128133,186.0739298331502,132.77510671070007,197.84697844255749,141.07355088011883,211.24770871286438,149.3719950495376,226.2761206440709,157.67043921895635,242.93221423617712,165.9688833883751,261.21598948918296,174.26732755779386,281.12744640308847,182.56577172721262,302.66658497789365,190.86421589663138,325.8334052135985,199.16266006605014,350.62790711020295,207.46110423546884,377.05009066770697,215.75954840488762,405.0999558861109,224.0579925743064,434.7775027654143,232.35643674372514,466.0827313056175,240.65488091314393,499.01564150672016,248.95332508256266,533.5762333687225,257.2517692519814,569.7645068916246,265.55021342140014,607.5804620754263,273.8486575908189,647.0240989201278,282.14710176023766,688.0954174257288
