future_x1,future_y1,future_x2,future_y2,future_x3,future_y3,future_x4,future_y4,future_x5,future_y5,future_x6,future_y6,future_x7,future_y7,future_x8,future_y8,future_x9,future_y9,future_x10,future_y10,future_x11,future_y11,future_x12,future_y12,future_x13,future_y13,future_x14,future_y14,future_x15,future_y15,future_x16,future_y16,future_x17,future_y17,future_x18,future_y18,future_x19,future_y19,future_x20,future_y20
110.41284504744722,196.41632786076084,117.77370138394369,208.87886967200885,125.1345577204402,222.96909314415643,132.49541405693665,238.6869982772037,139.85627039343314,256.0325850711506,147.21712672992962,275.00585352599717,154.5779830664261,295.6068036417434,161.9388394029226,317.8354354183893,169.29969573941906,341.69174885593486,176.66055207591555,367.17574395438004,184.02140841241203,394.28742071372477,191.3822647489085,423.02677913396934,198.743121085405,453.39381921511347,206.10397742190148,485.3885409571574,213.464833758398,519.0109443601008,220.82569009489444,554.2610294239437,228.1865464313909,591.1387961486865,235.54740276788738,629.6442445343291,242.9082591043839,669.7773745808712,250.2691154408804,711.5381862883129
