future_x1,future_y1,future_x2,future_y2,future_x3,future_y3,future_x4,future_y4,future_x5,future_y5,future_x6,future_y6,future_x7,future_y7,future_x8,future_y8,future_x9,future_y9,future_x10,future_y10,future_x11,future_y11,future_x12,future_y12,future_x13,future_y13,future_x14,future_y14,future_x15,future_y15,future_x16,future_y16,future_x17,future_y17,future_x18,future_y18,future_x19,future_y19,future_x20,future_y20
164.9119313647048,162.0999773240895,175.9060601223518,172.2747624328928,186.90018887999878,184.07722920259562,197.89431763764577,197.50737763319813,208.88844639529276,212.56520772470026,219.88257515293972,229.25071947710208,230.87670391058674,247.56391289040357,241.8708326682337,267.5047879646047,252.86496142588072,289.07334469970544,263.85909018352766,312.2695830957059,274.85321894117465,337.0935031526059,285.84734769882164,363.5451048704057,296.8414764564686,391.6243882491051,307.8356052141156,421.33135328870424,318.8297339717626,452.66599998920293,329.8238627294096,485.62832835060107,340.8179914870566,520.2183383728992,351.8121202447036,556.436030056097,362.80624900235057,594.2814034001943,373.80037775999756,633.7544584051913
