future_x1,future_y1,future_x2,future_y2,future_x3,future_y3,future_x4,future_y4,future_x5,future_y5,future_x6,future_y6,future_x7,future_y7,future_x8,future_y8,future_x9,future_y9,future_x10,future_y10,future_x11,future_y11,future_x12,future_y12,future_x13,future_y13,future_x14,future_y14,future_x15,future_y15,future_x16,future_y16,future_x17,future_y17,future_x18,future_y18,future_x19,future_y19,future_x20,future_y20
119.68910660984545,189.46250249261448,127.66838038383514,201.46145594598607,135.64765415782486,215.08809106025723,143.62692793181455,230.34240783542805,151.60620170580424,247.22440627149854,159.58547547979393,265.7340863684687,167.56474925378365,285.87144812633846,175.54402302777333,307.63649154510796,183.52329680176302,331.02921662477706,191.50257057575274,356.04962336534584,199.4818443497424,382.69771176681417,207.4611181237321,410.97348182918233,215.44039189772184,440.87693355245,223.41966567171153,472.4080669366175,231.39893944570122,505.56688198168445,239.3782132196909,540.353378687651,247.3574869936806,576.7675570545174,255.33676076767028,614.8094170822835,263.31603454166003,654.4789587709492,271.2953083156497,695.7761821205145
