future_x1,future_y1,future_x2,future_y2,future_x3,future_y3,future_x4,future_y4,future_x5,future_y5,future_x6,future_y6,future_x7,future_y7,future_x8,future_y8,future_x9,future_y9,future_x10,future_y10,future_x11,future_y11,future_x12,future_y12,future_x13,future_y13,future_x14,future_y14,future_x15,future_y15,future_x16,future_y16,future_x17,future_y17,future_x18,future_y18,future_x19,future_y19,future_x20,future_y20
165.8965238913057,161.6081125472162,176.95629215072609,171.75010667089455,188.01606041014648,183.51978245547247,199.07582866956685,196.91713990095008,210.13559692898724,211.94217900732738,221.1953651884076,228.5948997746043,232.25513344782797,246.87530220278086,243.31490170724837,266.78338629185714,254.37466996666876,288.31915204183304,265.4344382260891,311.48259945270854,276.4942064855095,336.27372852448366,287.55397474492986,362.69253925715856,298.6137430043503,390.73903165073307,309.67351126377065,420.41320570520736,320.7332795231911,451.71506142058104,331.7930477826114,484.64459879685444,342.8528160420318,519.2018178340276,353.91258430145217,555.3867185321005,364.97235256087254,593.199300891073,376.03212082029296,632.639564910945
