future_x1,future_y1,future_x2,future_y2,future_x3,future_y3,future_x4,future_y4,future_x5,future_y5,future_x6,future_y6,future_x7,future_y7,future_x8,future_y8,future_x9,future_y9,future_x10,future_y10,future_x11,future_y11,future_x12,future_y12,future_x13,future_y13,future_x14,future_y14,future_x15,future_y15,future_x16,future_y16,future_x17,future_y17,future_x18,future_y18,future_x19,future_y19,future_x20,future_y20
149.591894334222,170.282059895205,159.56468728983683,181.00231717541595,169.5374802454516,193.3502561165265,179.5102732010664,207.32587671853668,189.48306615668122,222.92917898144657,199.455859112296,240.16016290525604,209.4286520679108,259.0188284899652,219.40144502352564,279.505175735574,229.37423797914045,301.61920464208254,239.34703093475522,325.36091520949066,249.31982389037003,350.7303074377984,259.2926168459848,377.7273813270059,269.2654098015996,406.3521368771129,279.2382027572145,436.6045740881198,289.21099571282923,468.4846929600261,299.183788668444,501.99249349283207,309.1565816240588,537.1279756865379,319.12937457967365,573.8911395411434,329.10216753528846,612.2819850566484,339.0749604909032,652.300512233053
