future_x1,future_y1,future_x2,future_y2,future_x3,future_y3,future_x4,future_y4,future_x5,future_y5,future_x6,future_y6,future_x7,future_y7,future_x8,future_y8,future_x9,future_y9,future_x10,future_y10,future_x11,future_y11,future_x12,future_y12,future_x13,future_y13,future_x14,future_y14,future_x15,future_y15,future_x16,future_y16,future_x17,future_y17,future_x18,future_y18,future_x19,future_y19,future_x20,future_y20
115.80465408446553,192.31029322241827,123.52496435676323,204.49909939111012,131.24527462906093,218.31558722070153,138.96558490135862,233.75975671119264,146.68589517365632,250.83160786258335,154.40620544595401,269.5311406748737,162.12651571825174,289.8583551480638,169.84682599054946,311.81325128215354,177.56713626284716,335.3958290771429,185.28744653514485,360.60608853303194,193.00775680744252,387.44402964982044,200.72806707974024,415.90965242750883,208.44837735203797,446.00295686609684,216.16868762433563,477.72394296558457,223.88899789663338,511.0726107259718,231.60930816893105,546.0489601472585,239.32961844122875,582.6529912294452,247.04992871352647,620.8847039725317,254.77023898582416,660.7440983765175,262.49054925812186,702.231174441403
