future_x1,future_y1,future_x2,future_y2,future_x3,future_y3,future_x4,future_y4,future_x5,future_y5,future_x6,future_y6,future_x7,future_y7,future_x8,future_y8,future_x9,future_y9,future_x10,future_y10,future_x11,future_y11,future_x12,future_y12,future_x13,future_y13,future_x14,future_y14,future_x15,future_y15,future_x16,future_y16,future_x17,future_y17,future_x18,future_y18,future_x19,future_y19,future_x20,future_y20
162.83105689705567,163.15261602367724,173.68646069019275,173.39757704578633,184.5418644833298,185.270219728795,195.3972682764668,198.7705440727034,206.25267206960385,213.8985500775114,217.10807586274092,230.65423774321903,227.96347965587793,249.03760706982635,238.818883449015,269.04865805733334,249.67428724215205,290.68739070574,260.52969103528915,313.95380501504627,271.3850948284261,338.84790098525207,282.2404986215632,365.36967861635776,293.0959024147002,393.51913790836295,303.9513062078373,423.296278861268,314.8067100009743,454.7011014750725,325.66211379411135,487.73360574977653,336.5175175872484,522.3937916853804,347.3729213803855,558.6816592818841,358.2283251735225,596.5972085392873,369.0837289666596,636.14043945759
