future_x1,future_y1,future_x2,future_y2,future_x3,future_y3,future_x4,future_y4,future_x5,future_y5,future_x6,future_y6,future_x7,future_y7,future_x8,future_y8,future_x9,future_y9,future_x10,future_y10,future_x11,future_y11,future_x12,future_y12,future_x13,future_y13,future_x14,future_y14,future_x15,future_y15,future_x16,future_y16,future_x17,future_y17,future_x18,future_y18,future_x19,future_y19,future_x20,future_y20
103.04695115457942,202.33097798398876,109.91674789821805,215.18782980345196,116.78654464185668,229.67236328381478,123.65634138549531,245.7845784250772,130.52613812913393,263.5244752272393,137.39593487277256,282.89205369030105,144.2657316164112,303.8873138142625,151.13552836004982,326.5102555991236,158.00532510368845,350.7608790448843,164.87512184732708,376.6391841515447,171.7449185909657,404.1451709191046,178.61471533460434,433.27883934756437,185.48451207824297,464.0401894369237,192.3543088218816,496.42922118718286,199.22410556552023,530.4459345983414,206.09390230915884,566.0903296703996,212.9636990527975,603.3624064033577,219.8334957964361,642.2621647972153,226.70329254007476,682.7896048519726,233.57308928371336,724.9447265676296
