future_x1,future_y1,future_x2,future_y2,future_x3,future_y3,future_x4,future_y4,future_x5,future_y5,future_x6,future_y6,future_x7,future_y7,future_x8,future_y8,future_x9,future_y9,future_x10,future_y10,future_x11,future_y11,future_x12,future_y12,future_x13,future_y13,future_x14,future_y14,future_x15,future_y15,future_x16,future_y16,future_x17,future_y17,future_x18,future_y18,future_x19,future_y19,future_x20,future_y20
95.26130182380447,208.99707102063542,101.61205527872478,222.29832904254172,107.96280873364508,237.22726872534764,114.31356218856538,253.78389006905317,120.66431564348568,271.9681930736584,127.01506909840597,291.78017773916326,133.36582255332627,313.2198440655678,139.7165760082466,336.287192052872,146.06732946316689,360.98222170107584,152.41808291808718,387.30493301017935,158.76883637300745,415.2553259801824,165.11958982792777,444.83340061108527,171.4703432828481,476.03915690288767,177.82109673776839,508.8725948555899,184.17185019268868,543.3337144691916,190.52260364760895,579.4225157436929,196.87335710252927,617.138998679094,203.22411055744956,656.4831632753949,209.5748640123699,697.4550095325952,215.92561746729015,740.0545374506953
