future_x1,future_y1,future_x2,future_y2,future_x3,future_y3,future_x4,future_y4,future_x5,future_y5,future_x6,future_y6,future_x7,future_y7,future_x8,future_y8,future_x9,future_y9,future_x10,future_y10,future_x11,future_y11,future_x12,future_y12,future_x13,future_y13,future_x14,future_y14,future_x15,future_y15,future_x16,future_y16,future_x17,future_y17,future_x18,future_y18,future_x19,future_y19,future_x20,future_y20
151.63259486940507,169.13293543609876,161.74143452736539,179.77658441903594,171.85027418532576,192.04791506287273,181.95911384328605,205.94692736760922,192.06795350124642,221.47362133324532,202.17679315920674,238.62799695978106,212.28563281716706,257.41005424721646,222.39447247512743,277.8197931955516,232.50331213308777,299.8572138047863,242.61215179104812,323.5223160749207,252.7209914490084,348.8151000059546,262.82983110696875,375.7355655978884,272.9386707649291,404.2837128507217,283.04751042288945,434.45954176445485,293.1563500808498,466.26305233908744,303.26518973881014,499.6942445746196,313.3740293967704,534.7531184710516,323.48286905473077,571.4396740283834,333.5917087126911,609.7539112466146,343.7005483706515,649.6958301257455
