future_x1,future_y1,future_x2,future_y2,future_x3,future_y3,future_x4,future_y4,future_x5,future_y5,future_x6,future_y6,future_x7,future_y7,future_x8,future_y8,future_x9,future_y9,future_x10,future_y10,future_x11,future_y11,future_x12,future_y12,future_x13,future_y13,future_x14,future_y14,future_x15,future_y15,future_x16,future_y16,future_x17,future_y17,future_x18,future_y18,future_x19,future_y19,future_x20,future_y20
95.82272316438333,208.5012792289536,102.21090470867556,221.7694844647478,108.59908625296778,236.66537136144157,114.98726779726,253.18893991903502,121.37544934155224,271.3401901375281,127.76363088584444,291.11912201692087,134.15181243013666,312.52573555721324,140.5399939744289,335.56003075840533,146.92817551872113,360.22200762049704,153.31635706301336,386.51166614348847,159.70453860730555,414.42900632737934,166.09272015159777,443.9740281721701,172.48090169589,475.14673167786043,178.86908324018222,507.94711684445053,185.25726478447444,542.37518367194,191.64544632876667,578.4309321603292,198.0336278730589,616.1143623096183,204.4218094173511,655.4254741198071,210.80999096164334,696.3642675908953,217.19817250593556,738.9307427228831
