future_x1,future_y1,future_x2,future_y2,future_x3,future_y3,future_x4,future_y4,future_x5,future_y5,future_x6,future_y6,future_x7,future_y7,future_x8,future_y8,future_x9,future_y9,future_x10,future_y10,future_x11,future_y11,future_x12,future_y12,future_x13,future_y13,future_x14,future_y14,future_x15,future_y15,future_x16,future_y16,future_x17,future_y17,future_x18,future_y18,future_x19,future_y19,future_x20,future_y20
184.97102702465082,152.8315575252604,197.3024288262942,162.3884479808084,209.63383062793758,173.57302009725595,221.96523242958096,186.38527387460317,234.29663423122437,200.82520931285006,246.62803603286775,216.89282641199662,258.95943783451116,234.5881251720428,271.29083963615454,253.91110559298863,283.6222414377979,274.86176767483414,295.95364323944136,297.4401114175793,308.2850450410847,321.64613682122405,320.6164468427281,347.47984388576856,332.94784864437145,374.9412326112127,345.2792504460149,404.03030299755653,357.6106522476583,434.7470550447999,369.94205404930165,467.09148875294284,382.273455850945,501.06360412198563,394.6048576525884,536.6634011519283,406.93625945423184,573.8908798427703,419.26766125587517,612.7460401945119
