future_x1,future_y1,future_x2,future_y2,future_x3,future_y3,future_x4,future_y4,future_x5,future_y5,future_x6,future_y6,future_x7,future_y7,future_x8,future_y8,future_x9,future_y9,future_x10,future_y10,future_x11,future_y11,future_x12,future_y12,future_x13,future_y13,future_x14,future_y14,future_x15,future_y15,future_x16,future_y16,future_x17,future_y17,future_x18,future_y18,future_x19,future_y19,future_x20,future_y20
136.93006270252957,177.84719884131988,146.0587335493649,189.07179871793846,155.18740439620018,201.92408025545666,164.3160752430355,216.40404345387452,173.4447460898708,232.511688313192,182.5734169367061,250.2470148334092,191.7020877835414,269.610023014526,200.83075863037672,290.60071285654254,209.95942947721204,313.21908435945863,219.08810032404736,337.46513752327445,228.21677117088262,363.33887234798976,237.34544201771791,390.840288833605,246.47411286455326,419.9693869801197,255.60278371138855,450.7261667875342,264.73145455822385,483.11062825584816,273.86012540505914,517.1227713850618,282.9887962518945,552.7625961751752,292.1174670987298,590.0301026261884,301.24613794556507,628.9252907381011,310.37480879240036,669.4481605109133
