future_x1,future_y1,future_x2,future_y2,future_x3,future_y3,future_x4,future_y4,future_x5,future_y5,future_x6,future_y6,future_x7,future_y7,future_x8,future_y8,future_x9,future_y9,future_x10,future_y10,future_x11,future_y11,future_x12,future_y12,future_x13,future_y13,future_x14,future_y14,future_x15,future_y15,future_x16,future_y16,future_x17,future_y17,future_x18,future_y18,future_x19,future_y19,future_x20,future_y20
135.33042644096287,178.85856411991472,144.3524548703604,190.1505883484396,153.3744832997579,203.07029423786418,162.3965117291554,217.61768178818835,171.41854015855296,233.79275099941214,180.44056858795045,251.59550187153565,189.46259701734797,271.0259344045588,198.48462544674553,292.0840485984816,207.50665387614305,314.7698444533041,216.5286823055406,339.0833219690262,225.5507107349381,365.0244811456479,234.5727391643356,392.59332198316935,243.59476759373314,421.7898444815904,252.61679602313066,452.6140486409112,261.6388244525282,485.0659344611316,270.66085288192573,519.1455019422515,279.68288131132323,554.8527510842712,288.7049097407208,592.1876818871907,297.7269381701183,631.1502943510097,306.7489665995158,671.7405884757284
