future_x1,future_y1,future_x2,future_y2,future_x3,future_y3,future_x4,future_y4,future_x5,future_y5,future_x6,future_y6,future_x7,future_y7,future_x8,future_y8,future_x9,future_y9,future_x10,future_y10,future_x11,future_y11,future_x12,future_y12,future_x13,future_y13,future_x14,future_y14,future_x15,future_y15,future_x16,future_y16,future_x17,future_y17,future_x18,future_y18,future_x19,future_y19,future_x20,future_y20
108.51746846291765,197.9036897560655,115.7519663604455,210.46538902700047,122.98646425797335,224.65476995883506,130.22096215550118,240.4718325515693,137.45546005302904,257.91657680520314,144.68995795055687,276.98900271973673,151.92445584808473,297.6891102951699,159.15895374561256,320.01689953150276,166.39345164314042,343.9723704287353,173.62794954066825,369.55552298686746,180.86244743819609,396.76635720589917,188.09694533572394,425.6048730858307,195.3314432332518,456.0710706266618,202.56594113077963,488.1649498283927,209.8004390283075,521.8865106910231,217.0349369258353,557.235753214553,224.26943482336316,594.2126773989828,231.503932720891,632.8172832443124,238.73843061841885,673.0495707505414,245.9729285159467,714.9095399176701
