future_x1,future_y1,future_x2,future_y2,future_x3,future_y3,future_x4,future_y4,future_x5,future_y5,future_x6,future_y6,future_x7,future_y7,future_x8,future_y8,future_x9,future_y9,future_x10,future_y10,future_x11,future_y11,future_x12,future_y12,future_x13,future_y13,future_x14,future_y14,future_x15,future_y15,future_x16,future_y16,future_x17,future_y17,future_x18,future_y18,future_x19,future_y19,future_x20,future_y20
112.92500312656996,194.48056744492732,120.45333666834128,206.81405856178645,127.98167021011264,220.7752313395451,135.51000375188394,236.36408577820347,143.03833729365527,253.58062187776144,150.5666708354266,272.42483963821917,158.09500437719794,292.8967390595765,165.6233379189693,314.99632014183345,173.1516714607406,338.7235828849901,180.68000500251193,364.0785272890464,188.20833854428324,391.0611533540022,195.7366720860546,419.6714610798579,203.26500562782593,449.90945046661307,210.79333916959726,481.7751215142681,218.3216727113686,515.2684742228226,225.85000625313992,550.3895085922767,233.37833979491126,587.1382246226307,240.90667333668256,625.5146223138843,248.4350068784539,665.5187016660375,255.96334042022528,707.1504626790902
