future_x1,future_y1,future_x2,future_y2,future_x3,future_y3,future_x4,future_y4,future_x5,future_y5,future_x6,future_y6,future_x7,future_y7,future_x8,future_y8,future_x9,future_y9,future_x10,future_y10,future_x11,future_y11,future_x12,future_y12,future_x13,future_y13,future_x14,future_y14,future_x15,future_y15,future_x16,future_y16,future_x17,future_y17,future_x18,future_y18,future_x19,future_y19,future_x20,future_y20
147.06862552372567,171.72916128337414,156.87320055864072,182.54589198946306,166.6777755935558,194.9903043564515,176.4823506284708,209.06239838433967,186.28692566338586,224.76217407312748,196.0915006983009,242.0896314228149,205.89607573321595,261.04477043340205,215.70065076813103,281.6275911048888,225.50522580304605,303.83809343727523,235.30980083796112,327.6762774305613,245.11437587287614,353.1421430847469,254.91895090779116,380.2356903998324,264.72352594270626,408.9569193758174,274.5281009776213,439.3058300127022,284.33267601253635,471.2824223104864,294.13725104745134,504.88669626917033,303.94182608236645,540.1186518887541,313.74640111728144,576.9782891692375,323.55097615219654,615.4656081106206,333.3555511871116,655.580608712903
