future_x1,future_y1,future_x2,future_y2,future_x3,future_y3,future_x4,future_y4,future_x5,future_y5,future_x6,future_y6,future_x7,future_y7,future_x8,future_y8,future_x9,future_y9,future_x10,future_y10,future_x11,future_y11,future_x12,future_y12,future_x13,future_y13,future_x14,future_y14,future_x15,future_y15,future_x16,future_y16,future_x17,future_y17,future_x18,future_y18,future_x19,future_y19,future_x20,future_y20
101.97891087655185,203.2193922678121,108.77750493498866,216.13547170619685,115.57609899342545,230.6792328054812,122.37469305186224,246.8506755656652,129.17328711029901,264.64979998674886,135.97188116873582,284.0766060687322,142.7704752271726,305.1310938116152,149.5690692856094,327.8132632153978,156.3676633440462,352.12311428008013,163.16625740248298,378.0606470056621,169.96485146091976,405.6258613921435,176.76344551935657,434.81875743952486,183.56203957779334,465.6393351478057,190.36063363623015,498.08759451698637,197.15922769466695,532.1635355470665,203.9578217531037,567.8671582380463,210.7564158115405,605.1984625899258,217.5550098699773,644.1574486027051,224.3536039284141,684.744116276384,231.1521979868509,726.9584656109624
