future_x1,future_y1,future_x2,future_y2,future_x3,future_y3,future_x4,future_y4,future_x5,future_y5,future_x6,future_y6,future_x7,future_y7,future_x8,future_y8,future_x9,future_y9,future_x10,future_y10,future_x11,future_y11,future_x12,future_y12,future_x13,future_y13,future_x14,future_y14,future_x15,future_y15,future_x16,future_y16,future_x17,future_y17,future_x18,future_y18,future_x19,future_y19,future_x20,future_y20
96.29828498962533,208.08319847654917,102.71817065560035,221.32353166218306,109.13805632157539,236.19154650871653,115.55794198755041,252.68724301614967,121.97782765352542,270.8106211844825,128.39771331950044,290.5616810137149,134.81759898547546,311.94042250384706,141.2374846514505,334.9468456548788,147.65737031742552,359.58095046681024,154.07725598340056,385.8427369396413,160.49714164937555,413.732205073372,166.9170273153506,443.2493548680024,173.3369129813256,474.3941863235324,179.75679864730063,507.1666994399622,186.17668431327564,541.5668942172915,192.59656997925066,577.5947706555204,199.01645564522568,615.2503287546491,205.4363413112007,654.5335685146777,211.8562269771757,695.4444899356056,218.27611264315078,737.983093017433
