future_x1,future_y1,future_x2,future_y2,future_x3,future_y3,future_x4,future_y4,future_x5,future_y5,future_x6,future_y6,future_x7,future_y7,future_x8,future_y8,future_x9,future_y9,future_x10,future_y10,future_x11,future_y11,future_x12,future_y12,future_x13,future_y13,future_x14,future_y14,future_x15,future_y15,future_x16,future_y16,future_x17,future_y17,future_x18,future_y18,future_x19,future_y19,future_x20,future_y20
197.6857739165608,147.72873405769496,210.8648255109982,156.94543628207194,224.0438771054356,167.78982016734844,237.222928699873,180.26188571352463,250.4019802943104,194.3616329206005,263.58103188874776,210.089061788576,276.76008348318516,227.44417231745115,289.93913507762255,246.42696450722602,303.11818667205995,267.03743835790044,316.29723826649735,289.2755938694746,329.4762898609347,313.1414310419483,342.6553414553721,338.63494987532175,355.8343930498095,365.7561503695949,369.0134446442469,394.5050325247677,382.19249623868427,424.88159634084,395.3715478331216,456.885841817812,408.550599427559,490.5177689556837,421.7296510219964,525.7773777544553,434.90870261643386,562.6646682141263,448.0877542108712,601.1796403346968
