future_x1,future_y1,future_x2,future_y2,future_x3,future_y3,future_x4,future_y4,future_x5,future_y5,future_x6,future_y6,future_x7,future_y7,future_x8,future_y8,future_x9,future_y9,future_x10,future_y10,future_x11,future_y11,future_x12,future_y12,future_x13,future_y13,future_x14,future_y14,future_x15,future_y15,future_x16,future_y16,future_x17,future_y17,future_x18,future_y18,future_x19,future_y19,future_x20,future_y20
161.97204072271836,163.5923962852472,172.77017677089958,173.86667599146094,183.56831281908086,185.76863735857427,194.36644886726205,199.2982803865873,205.16458491544327,214.45560507549993,215.9627209636245,231.24061142531227,226.76085701180574,249.65329943602427,237.55899305998696,269.6936691076359,248.35712910816818,291.3617204401472,259.1552651563494,314.65745343355815,269.9534012045306,339.5808680878687,280.75153725271184,366.131964403079,291.54967330089306,394.3107423791888,302.3478093490743,424.1172020161986,313.14594539725556,455.5513433141076,323.9440814454367,488.61316627291643,334.74221749361794,523.302670892625,345.54035354179916,559.6198571732333,356.33848958998044,597.5647251147412,367.1366256381617,637.1372747171486
