future_x1,future_y1,future_x2,future_y2,future_x3,future_y3,future_x4,future_y4,future_x5,future_y5,future_x6,future_y6,future_x7,future_y7,future_x8,future_y8,future_x9,future_y9,future_x10,future_y10,future_x11,future_y11,future_x12,future_y12,future_x13,future_y13,future_x14,future_y14,future_x15,future_y15,future_x16,future_y16,future_x17,future_y17,future_x18,future_y18,future_x19,future_y19,future_x20,future_y20
161.84383643394392,163.6582956129749,172.63342552954018,173.93696860770382,183.42301462513646,185.84332326333237,194.21260372073272,199.37735957986055,205.002192816329,214.5390775572884,215.79178191192523,231.3284771956159,226.5813710075215,249.7455584948431,237.37096010311774,269.7903214549699,248.16054919871402,291.4627660759964,258.9501382943103,314.7628923579225,269.73972738990653,339.6907003007482,280.5293164855028,366.2461899044737,291.3189055810991,394.42936116909874,302.10849467669533,424.2402140946236,312.8980837722916,455.6787486810479,323.68767286788784,488.74496492837187,334.47726196348407,523.4388628365957,345.26685105908035,559.7604424057191,356.05644015467664,597.7097036357421,366.8460292502729,637.2866465266648
