future_x1,future_y1,future_x2,future_y2,future_x3,future_y3,future_x4,future_y4,future_x5,future_y5,future_x6,future_y6,future_x7,future_y7,future_x8,future_y8,future_x9,future_y9,future_x10,future_y10,future_x11,future_y11,future_x12,future_y12,future_x13,future_y13,future_x14,future_y14,future_x15,future_y15,future_x16,future_y16,future_x17,future_y17,future_x18,future_y18,future_x19,future_y19,future_x20,future_y20
202.9387776779427,145.78416312951654,216.4680295231389,154.87122729201488,229.9972813683351,165.58597311541286,243.52653321353128,177.9284005997105,257.05578505872745,191.89850974490778,270.58503690392365,207.49630055100474,284.1142887491198,224.72177301800133,297.643540594316,243.57492714589762,311.1727924395122,264.05576293469346,324.7020442847084,286.1642803843891,338.23129612990454,309.9004794949842,351.76054797510074,335.2643602664792,365.28979982029693,362.25592269887363,378.8190516654931,390.875166792168,392.34830351068933,421.1220925463617,405.8775553558854,452.99669996145514,419.40680720108156,486.49898903744827,432.9360590462778,521.6289597743412,446.465310891474,558.3866121721337,459.9945627366702,596.7719462308257
