future_x1,future_y1,future_x2,future_y2,future_x3,future_y3,future_x4,future_y4,future_x5,future_y5,future_x6,future_y6,future_x7,future_y7,future_x8,future_y8,future_x9,future_y9,future_x10,future_y10,future_x11,future_y11,future_x12,future_y12,future_x13,future_y13,future_x14,future_y14,future_x15,future_y15,future_x16,future_y16,future_x17,future_y17,future_x18,future_y18,future_x19,future_y19,future_x20,future_y20
162.89036561658446,163.12236584216748,173.74972332435678,173.36531018550926,184.6090810321291,185.23593618975065,195.4684387399014,198.7342438548917,206.3277964476737,213.86023318093234,217.18715415544597,230.6139041678727,228.04651186321826,248.9952568157127,238.90586957099057,269.0042911244524,249.7652272787629,290.64100709409166,260.6245849865352,313.90540472463067,271.4839426943075,338.7974840160692,282.34330040207976,365.3172449684075,293.20265810985205,393.4646875816454,304.0620158176244,423.23981185578316,314.9213735253967,454.6426177908203,325.7807312331689,487.673105386757,336.64008894094127,522.3312746435937,347.49944664871356,558.61712556133,358.35880435648585,596.5306581399659,369.2181620642582,636.0718723795013
