future_x1,future_y1,future_x2,future_y2,future_x3,future_y3,future_x4,future_y4,future_x5,future_y5,future_x6,future_y6,future_x7,future_y7,future_x8,future_y8,future_x9,future_y9,future_x10,future_y10,future_x11,future_y11,future_x12,future_y12,future_x13,future_y13,future_x14,future_y14,future_x15,future_y15,future_x16,future_y16,future_x17,future_y17,future_x18,future_y18,future_x19,future_y19,future_x20,future_y20
168.05270997172028,160.54473430135386,179.25622396983496,170.61583654197474,190.45973796794965,182.3146204434952,201.66325196606434,195.6410860059153,212.86676596417902,210.5952332292351,224.07027996229368,227.17706211345453,235.27379396040837,245.38657265857364,246.47730795852308,265.2237648645924,257.68082195663777,286.68863873151076,268.8843359547525,309.78119425932886,280.0878499528671,334.50143144804645,291.2913639509818,360.8493502976639,302.4948779490965,388.8249508081809,313.69839194721123,418.4282329795977,324.9019059453259,449.6591968119139,336.10541994344055,482.51784230512976,347.3089339415552,517.0041694592455,358.5124479396699,553.1181782742609,369.7159619377846,590.8598687501759,380.9194759358993,630.2292408869904
