future_x1,future_y1,future_x2,future_y2,future_x3,future_y3,future_x4,future_y4,future_x5,future_y5,future_x6,future_y6,future_x7,future_y7,future_x8,future_y8,future_x9,future_y9,future_x10,future_y10,future_x11,future_y11,future_x12,future_y12,future_x13,future_y13,future_x14,future_y14,future_x15,future_y15,future_x16,future_y16,future_x17,future_y17,future_x18,future_y18,future_x19,future_y19,future_x20,future_y20
133.54697542851898,180.0015001193342,142.45010712375358,191.36972008115376,151.3532388189882,204.36562170387293,160.2563705142228,218.98920498749175,169.1595022094574,235.24046993201017,178.06263390469198,253.11941653742832,186.96576559992658,272.62604480374614,195.8688972951612,293.76035473096357,204.7720289903958,316.5223463190806,213.6751606856304,340.91201956809743,222.57829238086498,366.9293744780137,231.4814240760996,394.5744110488298,240.3845557713342,423.8471292805455,249.2876874665688,454.747529173161,258.1908191618034,487.27561072667595,267.09395085703795,521.4313739410904,275.99708255227256,557.2148188164049,284.90021424750717,594.6259453526189,293.80334594274177,633.6647535497326,302.7064776379764,674.3312434077459
