future_x1,future_y1,future_x2,future_y2,future_x3,future_y3,future_x4,future_y4,future_x5,future_y5,future_x6,future_y6,future_x7,future_y7,future_x8,future_y8,future_x9,future_y9,future_x10,future_y10,future_x11,future_y11,future_x12,future_y12,future_x13,future_y13,future_x14,future_y14,future_x15,future_y15,future_x16,future_y16,future_x17,future_y17,future_x18,future_y18,future_x19,future_y19,future_x20,future_y20
166.18537629965667,161.46456377583723,177.26440138630045,171.59698798142364,188.34342647294426,183.35709384790962,199.422451559588,196.74488137529534,210.50147664623177,211.76035056358063,221.58050173287558,228.40350141276562,232.65952681951936,246.67433392285028,243.73855190616314,266.5728480938346,254.81757699280692,288.09904392571855,265.8966020794507,311.2529214185022,276.97562716609445,336.0344805721853,288.05465225273826,362.44372138676835,299.133677339382,390.4806438622509,310.2127024260258,420.1452479986332,321.2917275126696,451.4375337959151,332.37075259931333,484.3575012540965,343.44977768595714,518.9051503731778,354.5288027726009,555.0804811531586,365.6078278592447,592.8834935940392,376.6868529458885,632.3141876958192
