future_x1,future_y1,future_x2,future_y2,future_x3,future_y3,future_x4,future_y4,future_x5,future_y5,future_x6,future_y6,future_x7,future_y7,future_x8,future_y8,future_x9,future_y9,future_x10,future_y10,future_x11,future_y11,future_x12,future_y12,future_x13,future_y13,future_x14,future_y14,future_x15,future_y15,future_x16,future_y16,future_x17,future_y17,future_x18,future_y18,future_x19,future_y19,future_x20,future_y20
104.26758704206058,201.32541081446766,111.21875951153129,214.11522482262947,118.16993198100201,228.5327204916908,125.1211044504727,244.57789782165187,132.07227691994342,262.2507568125126,139.0234493894141,281.5512974642729,145.97462185888483,302.47951977693293,152.92579432835552,325.03542375049267,159.87696679782624,349.21900938495196,166.82813926729696,375.030276680311,173.77931173676762,402.46922563656943,180.73048420623837,431.5358562537278,187.68165667570906,462.23016853178575,194.63282914517976,494.55216247074344,201.5840016146505,528.5018380706006,208.53517408412117,564.0791953313574,215.4863465535919,601.284234253014,222.43751902306258,640.1169548355704,229.38869149253333,680.5773570790262,236.33986396200402,722.6654409833816
