future_x1,future_y1,future_x2,future_y2,future_x3,future_y3,future_x4,future_y4,future_x5,future_y5,future_x6,future_y6,future_x7,future_y7,future_x8,future_y8,future_x9,future_y9,future_x10,future_y10,future_x11,future_y11,future_x12,future_y12,future_x13,future_y13,future_x14,future_y14,future_x15,future_y15,future_x16,future_y16,future_x17,future_y17,future_x18,future_y18,future_x19,future_y19,future_x20,future_y20
168.84403883374296,160.15917436801018,180.10030808932584,170.2045726130748,191.3565773449087,181.87765251903903,202.61284660049154,195.1784140859029,213.86911585607442,210.10685731366644,225.12538511165727,226.6629822023296,236.38165436724017,244.84678875189246,247.63792362282302,264.658276962355,258.8941928784059,286.09744683371713,270.15046213398875,309.16429836597894,281.4067313895716,333.8588315591403,292.6630006451545,360.1810464132015,303.91926990073733,388.1309429281622,315.1755391563202,417.70852110402285,326.4318084119031,448.91378094078283,337.6880776674859,481.7467224384424,348.9443469230688,516.2073455970019,360.20061617865167,552.2956504164611,371.45688543423455,590.0116368968198,382.7131546898174,629.3553050380781
