future_x1,future_y1,future_x2,future_y2,future_x3,future_y3,future_x4,future_y4,future_x5,future_y5,future_x6,future_y6,future_x7,future_y7,future_x8,future_y8,future_x9,future_y9,future_x10,future_y10,future_x11,future_y11,future_x12,future_y12,future_x13,future_y13,future_x14,future_y14,future_x15,future_y15,future_x16,future_y16,future_x17,future_y17,future_x18,future_y18,future_x19,future_y19,future_x20,future_y20
139.2604965698803,176.39673248696778,148.54452967453898,187.52463460662958,157.82856277919768,200.28021838719096,167.11259588385636,214.66348382865203,176.39662898851503,230.6744309310127,185.6806620931737,248.31305969427308,194.9646951978324,267.5793701184331,204.2487283024911,288.4733622034928,213.5327614071498,310.99503594945213,222.8167945118085,335.14439135631113,232.10082761646714,360.92142842406963,241.38486072112582,388.326147152728,250.66889382578455,417.3585475422859,259.95292693044325,448.01862959274365,269.23696003510196,480.3063933041008,278.5209931397606,514.2218386763576,287.8050262444193,549.7649657095142,297.08905934907796,586.9357744035706,306.37309245373666,625.7342647585265,315.65712555839536,666.1604367743819
