future_x1,future_y1,future_x2,future_y2,future_x3,future_y3,future_x4,future_y4,future_x5,future_y5,future_x6,future_y6,future_x7,future_y7,future_x8,future_y8,future_x9,future_y9,future_x10,future_y10,future_x11,future_y11,future_x12,future_y12,future_x13,future_y13,future_x14,future_y14,future_x15,future_y15,future_x16,future_y16,future_x17,future_y17,future_x18,future_y18,future_x19,future_y19,future_x20,future_y20
183.30194231442346,153.54441623470763,195.5220718020517,163.14883060421874,207.74220128967994,174.38092663462947,219.96233077730818,187.24070432593984,232.1824602649364,201.72816367814985,244.4025897525646,217.84330469125956,256.62271924019285,235.58612736526888,268.8428487278211,254.95663170017792,281.06297821544933,275.95481769598655,293.2831077030776,298.5806853526949,305.5032371907058,322.83423467030275,317.723366678334,348.71546564881044,329.9434961659623,376.2243782882177,342.1636256535905,405.3609725885247,354.3837551412188,436.12524854973117,366.6038846288469,468.5172061718373,378.8240141164752,502.5368454548433,391.0441436041034,538.184166398749,403.2642730917317,575.4591690035542,415.4844025793599,614.361853269259
