future_x1,future_y1,future_x2,future_y2,future_x3,future_y3,future_x4,future_y4,future_x5,future_y5,future_x6,future_y6,future_x7,future_y7,future_x8,future_y8,future_x9,future_y9,future_x10,future_y10,future_x11,future_y11,future_x12,future_y12,future_x13,future_y13,future_x14,future_y14,future_x15,future_y15,future_x16,future_y16,future_x17,future_y17,future_x18,future_y18,future_x19,future_y19,future_x20,future_y20
103.89828436438609,201.628552311005,110.82483665534517,214.4385757522693,117.75138894630425,228.8762808544331,124.6779412372633,244.94166761749665,131.60449352822238,262.63473604145986,138.53104581918143,281.9554861263227,145.4575981101405,302.9039178720852,152.3841504010996,325.48003127874733,159.31070269205867,349.68382634630916,166.23725498301775,375.51530307477066,173.16380727397683,402.97446146413165,180.0903595649359,432.06130151439254,187.016911855895,462.7758232255529,193.94346414685404,495.1180265976131,200.87001643781312,529.0879116305728,207.79656872877217,564.685478324432,214.72312101973125,601.9107266791912,221.64967331069033,640.76365669485,228.5762256016494,681.2442683714083,235.5027778926085,723.3525617088662
