future_x1,future_y1,future_x2,future_y2,future_x3,future_y3,future_x4,future_y4,future_x5,future_y5,future_x6,future_y6,future_x7,future_y7,future_x8,future_y8,future_x9,future_y9,future_x10,future_y10,future_x11,future_y11,future_x12,future_y12,future_x13,future_y13,future_x14,future_y14,future_x15,future_y15,future_x16,future_y16,future_x17,future_y17,future_x18,future_y18,future_x19,future_y19,future_x20,future_y20
121.19148843841428,188.38496559116035,129.27092100097525,200.31208325110165,137.3503535635362,213.86688257194254,145.42978612609716,229.04936355368312,153.5092186886581,245.85952619632332,161.58865125121906,264.2973704998632,169.66808381378002,284.3628964643027,177.74751637634097,306.0561040896419,185.82694893890192,329.3769933758807,193.9063815014629,354.32556432301925,201.98581406402383,380.9018169310573,210.0652466265848,409.10575119999515,218.14467918914573,438.9373671298326,226.2241117517067,470.3966647205698,234.30354431426767,503.4836439722065,242.38297687682856,538.1983048847427,250.46240943938955,574.5406474581789,258.5418420019505,612.5106716925147,266.6212745645115,652.1083775877502,274.7007071270724,693.3337651438851
