future_x1,future_y1,future_x2,future_y2,future_x3,future_y3,future_x4,future_y4,future_x5,future_y5,future_x6,future_y6,future_x7,future_y7,future_x8,future_y8,future_x9,future_y9,future_x10,future_y10,future_x11,future_y11,future_x12,future_y12,future_x13,future_y13,future_x14,future_y14,future_x15,future_y15,future_x16,future_y16,future_x17,future_y17,future_x18,future_y18,future_x19,future_y19,future_x20,future_y20
170.9848529598665,159.12863213034052,182.38384315719094,169.10532755956052,193.78283335451536,180.70970464968008,205.18182355183976,193.94176340069936,216.58081374916424,208.8015038126182,227.97980394648863,225.28892588543675,239.37879414381308,243.40402961915498,250.77778434113753,263.1468150137728,262.1767745384619,284.51728206929033,273.57576473578644,307.5154307857075,284.97475493311083,332.14126116302424,296.3737451304352,358.3947732012408,307.7727353277597,386.2759669003569,319.1717255250841,415.7848422603728,330.5707157224086,446.9213992812882,341.969705919733,479.6856379631031,353.36869611705737,514.0775583058179,364.7676863143819,550.0971603094324,376.16667651170627,587.7444439739465,387.5656667090307,627.0194092993602
