future_x1,future_y1,future_x2,future_y2,future_x3,future_y3,future_x4,future_y4,future_x5,future_y5,future_x6,future_y6,future_x7,future_y7,future_x8,future_y8,future_x9,future_y9,future_x10,future_y10,future_x11,future_y11,future_x12,future_y12,future_x13,future_y13,future_x14,future_y14,future_x15,future_y15,future_x16,future_y16,future_x17,future_y17,future_x18,future_y18,future_x19,future_y19,future_x20,future_y20
100.7133345298873,204.28260454924913,107.4275568318798,217.26956480639635,114.14177913387228,231.88420672444317,120.85600143586475,248.12653030338961,127.57022373785726,265.9965355432358,134.2844460398497,285.4942224439815,140.99866834184223,306.619591005627,147.7128906438347,329.3726412281721,154.42711294582722,353.75337311161684,161.14133524781968,379.76178665596126,167.85555754981218,407.39788186120524,174.56977985180464,436.661658727349,181.28400215379713,467.5531172543923,187.99822445578963,500.07225744233546,194.71244675778212,534.2190792911781,201.4266690597746,569.9935828009203,208.14089136176707,607.3957679715623,214.8551136637596,646.4256348031042,221.5693359657521,687.0831832955455,228.28355826774455,729.3684134488864
