future_x1,future_y1,future_x2,future_y2,future_x3,future_y3,future_x4,future_y4,future_x5,future_y5,future_x6,future_y6,future_x7,future_y7,future_x8,future_y8,future_x9,future_y9,future_x10,future_y10,future_x11,future_y11,future_x12,future_y12,future_x13,future_y13,future_x14,future_y14,future_x15,future_y15,future_x16,future_y16,future_x17,future_y17,future_x18,future_y18,future_x19,future_y19,future_x20,future_y20
179.53939584973054,155.18916808745212,191.50868890637926,164.9032325804795,203.47798196302796,176.24497873440654,215.44727501967662,189.21440654923322,227.41656807632535,203.81151602495953,239.38586113297407,220.03630716158554,251.35515418962277,237.88877995911116,263.32444724627146,257.3689344175365,275.2937403029202,278.4767705368614,287.2630333595689,301.21228831708606,299.2323264162176,325.5754877582102,311.2016194728663,351.5663688602342,323.170912529515,379.1849316231577,335.1402055861637,408.4311760469811,347.1094986428124,439.30510213170385,359.0787916994611,471.8067098773263,371.0480847561098,505.93599928384856,383.0173778127585,541.6929703512704,394.98667086940725,579.0776230795921,406.9559639260559,618.089957468813
