future_x1,future_y1,future_x2,future_y2,future_x3,future_y3,future_x4,future_y4,future_x5,future_y5,future_x6,future_y6,future_x7,future_y7,future_x8,future_y8,future_x9,future_y9,future_x10,future_y10,future_x11,future_y11,future_x12,future_y12,future_x13,future_y13,future_x14,future_y14,future_x15,future_y15,future_x16,future_y16,future_x17,future_y17,future_x18,future_y18,future_x19,future_y19,future_x20,future_y20
116.95824133542449,191.45513609275167,124.75545742445281,203.5869317861324,132.55267351348112,217.3464091404127,140.3498896025094,232.73356815559268,148.1471056915377,249.7484088316723,155.94432178056599,268.3909311686516,163.7415378695943,288.6611351665305,171.5387539586226,310.5590208253092,179.3359700476509,334.0845881449874,187.13318613667923,359.2378371255653,194.9304022257075,386.0187677670428,202.7276183147358,414.4273800694201,210.5248344037641,444.46367403269693,218.3220504927924,476.1276496568736,226.11926658182074,509.4193069419497,233.91648267084898,544.3386458879254,241.7136987598773,580.885666494801,249.51091484890563,619.0603687625762,257.3081309379339,658.8627526912511,265.10534702696225,700.2928182808254
