future_x1,future_y1,future_x2,future_y2,future_x3,future_y3,future_x4,future_y4,future_x5,future_y5,future_x6,future_y6,future_x7,future_y7,future_x8,future_y8,future_x9,future_y9,future_x10,future_y10,future_x11,future_y11,future_x12,future_y12,future_x13,future_y13,future_x14,future_y14,future_x15,future_y15,future_x16,future_y16,future_x17,future_y17,future_x18,future_y18,future_x19,future_y19,future_x20,future_y20
106.97643922589145,199.13038713329766,114.10820184095087,211.77386622938144,121.23996445601031,226.04502698636483,128.37172707106976,241.9438694042479,135.50348968612917,259.47039348303053,142.6352523011886,278.6245992227129,149.76701491624803,299.4064866232949,156.89877753130747,321.81605568477664,164.0305401463669,345.8533064071579,171.16230276142633,371.5182387904389,178.29406537648575,398.8108528346194,185.4258279915452,427.7311485396998,192.5575906066046,458.27912590567973,199.68935322166405,490.4547849325594,206.8211158367235,524.2581256203385,213.9528784517829,559.6891479690173,221.08464106684232,596.747851978596,228.21640368190174,635.4342376490744,235.3481662969612,675.7483049804522,242.47992891202063,717.6900539727296
