future_x1,future_y1,future_x2,future_y2,future_x3,future_y3,future_x4,future_y4,future_x5,future_y5,future_x6,future_y6,future_x7,future_y7,future_x8,future_y8,future_x9,future_y9,future_x10,future_y10,future_x11,future_y11,future_x12,future_y12,future_x13,future_y13,future_x14,future_y14,future_x15,future_y15,future_x16,future_y16,future_x17,future_y17,future_x18,future_y18,future_x19,future_y19,future_x20,future_y20
130.64158421652093,181.89872628974567,139.35102316428902,193.39342799625933,148.0604621120571,206.51581136367258,156.76990105982514,221.2658763919855,165.4793400075932,237.6436230811981,174.18877895536127,255.6490514313103,182.89821790312934,275.2821614423222,191.6076568508974,296.54295311423374,200.31709579866546,319.4314264470449,209.02653474643353,343.94758144075576,217.7359736942016,370.0914180953662,226.44541264196965,397.8629364108764,235.1548515897377,427.2621363872862,243.8642905375058,458.28901802459575,252.57372948527387,490.9435813228048,261.28316843304185,525.2258262819134,269.99260738081,561.1357529019219,278.70204632857804,598.6733611828301,287.41148527634607,637.8386511246379,296.1209242241142,678.6316227273452
