future_x1,future_y1,future_x2,future_y2,future_x3,future_y3,future_x4,future_y4,future_x5,future_y5,future_x6,future_y6,future_x7,future_y7,future_x8,future_y8,future_x9,future_y9,future_x10,future_y10,future_x11,future_y11,future_x12,future_y12,future_x13,future_y13,future_x14,future_y14,future_x15,future_y15,future_x16,future_y16,future_x17,future_y17,future_x18,future_y18,future_x19,future_y19,future_x20,future_y20
105.5687239803535,200.2648522521105,112.60663891237706,212.98396235611514,119.64455384440063,227.3307541210194,126.68246877642419,243.3052275468233,133.72038370844777,260.9073826335268,140.7582986404713,280.13721938113,147.79621357249488,300.99473778963295,154.83412850451845,323.47993785903543,161.87204343654204,347.59281958933764,168.9099583685656,373.3333829805395,175.94787330058915,400.7016280326408,182.98578823261272,429.6975547456421,190.0237031646363,460.3211631195428,197.06161809665986,492.5724531543434,204.09953302868342,526.4514248500434,211.137447960707,561.958078206643,218.17536289273056,599.0924132241425,225.21327782475413,637.8544299025418,232.2511927567777,678.2441282418405,239.28910768880127,720.2615082420388
