future_x1,future_y1,future_x2,future_y2,future_x3,future_y3,future_x4,future_y4,future_x5,future_y5,future_x6,future_y6,future_x7,future_y7,future_x8,future_y8,future_x9,future_y9,future_x10,future_y10,future_x11,future_y11,future_x12,future_y12,future_x13,future_y13,future_x14,future_y14,future_x15,future_y15,future_x16,future_y16,future_x17,future_y17,future_x18,future_y18,future_x19,future_y19,future_x20,future_y20
96.93396289592242,207.5270405649366,103.39622708898393,220.73029655646297,109.85849128204543,235.56123420888898,116.32075547510692,252.0198535222146,122.78301966816841,270.1061544964399,129.2452838612299,289.8201371315648,135.7075480542914,311.16180142758947,142.16981224735292,334.1311473845137,148.6320764404144,358.72817500233765,155.09434063347592,384.95288428106124,161.55660482653738,412.8052752206844,168.01886901959887,442.2853478212073,174.48113321266038,473.3931020826298,180.9433974057219,506.12853800495213,187.40566159878338,540.4916555881739,193.86792579184484,576.4824548322953,200.33018998490635,614.1009357373165,206.79245417796787,653.3470983032373,213.25471837102936,694.2209425300579,219.71698256409087,736.7224684177779
