future_x1,future_y1,future_x2,future_y2,future_x3,future_y3,future_x4,future_y4,future_x5,future_y5,future_x6,future_y6,future_x7,future_y7,future_x8,future_y8,future_x9,future_y9,future_x10,future_y10,future_x11,future_y11,future_x12,future_y12,future_x13,future_y13,future_x14,future_y14,future_x15,future_y15,future_x16,future_y16,future_x17,future_y17,future_x18,future_y18,future_x19,future_y19,future_x20,future_y20
97.14095038010004,207.34660559009518,103.61701373877338,220.53783258329878,110.09307709744671,235.356741237402,116.56914045612004,251.80333155240487,123.04520381479338,269.8776035283074,129.5212671734667,289.5795571651096,135.99733053214007,310.90919246281146,142.47339389081338,333.86650942141296,148.94945724948673,358.4515080409141,155.42552060816007,384.66418832131495,161.90158396683339,412.5045502626153,168.37764732550673,441.9725938648155,174.85371068418007,473.06831912791523,181.32977404285342,505.7917260519148,187.80583740152676,540.1428146368138,194.28190076020007,576.1215848826124,200.75796411887342,613.7280367893109,207.23402747754676,652.9621703569089,213.7100908362201,693.8239855854068,220.18615419489342,736.313482474804
