future_x1,future_y1,future_x2,future_y2,future_x3,future_y3,future_x4,future_y4,future_x5,future_y5,future_x6,future_y6,future_x7,future_y7,future_x8,future_y8,future_x9,future_y9,future_x10,future_y10,future_x11,future_y11,future_x12,future_y12,future_x13,future_y13,future_x14,future_y14,future_x15,future_y15,future_x16,future_y16,future_x17,future_y17,future_x18,future_y18,future_x19,future_y19,future_x20,future_y20
151.5845633291875,169.15976641705635,161.69020088446666,179.80520413205736,171.79583843974584,192.07832350795798,181.901475995025,205.97912454475826,192.00711355030415,221.5076072424582,202.1127511055833,238.66377160105782,212.2183886608625,257.447617620557,222.32402621614165,277.85914530095596,232.42966377142085,299.8983546422545,242.53530132670002,323.5652456444528,252.64093888197914,348.85981830755054,262.74657643725834,375.78207263154815,272.8522139925375,404.33200861644525,282.95785154781663,434.50962626224225,293.06348910309583,466.31492556893863,303.169126658375,499.74790653653474,313.2747642136541,534.8085691650306,323.3804017689333,571.4969134544261,333.4860393242125,609.8129394047212,343.5916768794917,649.756647015916
