future_x1,future_y1,future_x2,future_y2,future_x3,future_y3,future_x4,future_y4,future_x5,future_y5,future_x6,future_y6,future_x7,future_y7,future_x8,future_y8,future_x9,future_y9,future_x10,future_y10,future_x11,future_y11,future_x12,future_y12,future_x13,future_y13,future_x14,future_y14,future_x15,future_y15,future_x16,future_y16,future_x17,future_y17,future_x18,future_y18,future_x19,future_y19,future_x20,future_y20
194.36374823533862,149.0071175526295,207.32133145102785,158.30904534333544,220.27891466671713,169.23865479494094,233.23649788240633,181.79594590744608,246.1940810980956,195.98091868085095,259.1516643137848,211.79357311515543,272.1092475294741,229.2339092103595,285.0668307451633,248.30192696646336,298.02441396085254,268.9976263834668,310.9819971765418,291.32100746136996,323.93958039223105,315.27207020017255,336.8971636079203,340.85081459987504,349.8547468236095,368.0572406604771,362.8123300392988,396.8913483819789,375.769913254988,427.3531377643802,388.72749647067724,459.44260880768104,401.68507968636646,493.15976151188187,414.6426629020557,528.5045958769823,427.600246117745,565.4771119029823,440.55782933343426,604.0773095898819
