future_x1,future_y1,future_x2,future_y2,future_x3,future_y3,future_x4,future_y4,future_x5,future_y5,future_x6,future_y6,future_x7,future_y7,future_x8,future_y8,future_x9,future_y9,future_x10,future_y10,future_x11,future_y11,future_x12,future_y12,future_x13,future_y13,future_x14,future_y14,future_x15,future_y15,future_x16,future_y16,future_x17,future_y17,future_x18,future_y18,future_x19,future_y19,future_x20,future_y20
167.99266852340511,160.57409100410933,179.19217975829878,170.6471503582472,190.39169099319247,182.3478913732847,201.59120222808613,195.67631404922184,212.79071346297982,210.63241838605865,223.99022469787346,227.2162043837951,235.18973593276715,245.42767204243123,246.3892471676608,265.266821361967,257.5887584025545,286.7336523424025,268.7882696374482,309.82816498373757,279.98778087234183,334.55035928597215,291.1872921072355,360.9002352491067,302.3868033421292,388.87779287314066,313.5863145770229,418.4830321580745,324.7858258119166,449.71595310390774,335.98533704681023,482.5765557106407,347.1848482817039,517.0648399782733,358.38435951659756,553.1808059068059,369.58387075149125,590.9244534962379,380.78338198638494,630.2957827465694
