future_x1,future_y1,future_x2,future_y2,future_x3,future_y3,future_x4,future_y4,future_x5,future_y5,future_x6,future_y6,future_x7,future_y7,future_x8,future_y8,future_x9,future_y9,future_x10,future_y10,future_x11,future_y11,future_x12,future_y12,future_x13,future_y13,future_x14,future_y14,future_x15,future_y15,future_x16,future_y16,future_x17,future_y17,future_x18,future_y18,future_x19,future_y19,future_x20,future_y20
96.25861564073554,208.11800706616685,102.67585668345126,221.36066082444194,109.09309772616696,236.2309962436166,115.51033876888263,252.72901332369094,121.92757981159835,270.8547120646649,128.34482085431404,290.60809246653855,134.76206189702975,311.9891545293118,141.17930293974547,334.9978982529848,147.59654398246116,359.6343236375574,154.0137850251769,385.8984306830297,160.43102606789256,413.79021938940144,166.84826711060828,443.3096897566731,173.265508153324,474.45684178484424,179.68274919603968,507.2316754739153,186.0999902387554,541.6341908238858,192.51723128147108,577.6643878347558,198.93447232418677,615.3222665065257,205.35171336690252,654.6078268391954,211.7689544096182,695.5210688327645,218.18619545233392,738.0619924872332
