future_x1,future_y1,future_x2,future_y2,future_x3,future_y3,future_x4,future_y4,future_x5,future_y5,future_x6,future_y6,future_x7,future_y7,future_x8,future_y8,future_x9,future_y9,future_x10,future_y10,future_x11,future_y11,future_x12,future_y12,future_x13,future_y13,future_x14,future_y14,future_x15,future_y15,future_x16,future_y16,future_x17,future_y17,future_x18,future_y18,future_x19,future_y19,future_x20,future_y20
168.48325283437174,160.33464886904503,179.7154696899965,170.39174541417862,190.9476865456213,182.07652362021182,202.17990340124607,195.38898348714469,213.41212025687088,210.32912501497722,224.64433711249563,226.89694820370937,235.87655396812042,245.09245305334122,247.10877082374523,264.91563956387273,258.34098767936996,286.36650773530386,269.5732045349948,309.4450575676347,280.80542139061953,334.151289060865,292.03763824624434,360.4852022149952,303.2698551018691,388.4467970300249,314.5020719574939,418.0360735059545,325.7342888131187,449.25303164278347,336.9665056687435,482.0976714405121,348.19872252436824,516.5699928991405,359.430939379993,552.6699960186686,370.6631562356178,590.3976807990964,381.8953730912426,629.7530472404236
