future_x1,future_y1,future_x2,future_y2,future_x3,future_y3,future_x4,future_y4,future_x5,future_y5,future_x6,future_y6,future_x7,future_y7,future_x8,future_y8,future_x9,future_y9,future_x10,future_y10,future_x11,future_y11,future_x12,future_y12,future_x13,future_y13,future_x14,future_y14,future_x15,future_y15,future_x16,future_y16,future_x17,future_y17,future_x18,future_y18,future_x19,future_y19,future_x20,future_y20
101.36960623270144,203.72984087535912,108.12757998154821,216.6799502209137,114.88555373039499,231.25774122736783,121.64352747924173,247.46321389472163,128.4015012280885,265.2963682229751,135.15947497693526,284.7572042121282,141.917448725782,305.845721862181,148.6754224746288,328.56192117313344,155.43339622347554,352.90580214498556,162.19136997232232,378.8773647777373,168.94934372116907,406.47660907138857,175.70731747001585,435.7035350259397,182.4652912188626,466.55814264139036,189.22326496770938,499.0404319177409,195.98123871655613,533.1504028549908,202.7392124654029,568.8880554531403,209.49718621424964,606.2533897121897,216.25515996309642,645.2464056321389,223.0131337119432,685.8671032129874,229.77110746078998,728.1154824547357
