future_x1,future_y1,future_x2,future_y2,future_x3,future_y3,future_x4,future_y4,future_x5,future_y5,future_x6,future_y6,future_x7,future_y7,future_x8,future_y8,future_x9,future_y9,future_x10,future_y10,future_x11,future_y11,future_x12,future_y12,future_x13,future_y13,future_x14,future_y14,future_x15,future_y15,future_x16,future_y16,future_x17,future_y17,future_x18,future_y18,future_x19,future_y19,future_x20,future_y20
134.48778315748518,179.39654625457638,143.4536353679842,190.72443595874537,152.41948757848323,203.680007323814,161.3853397889822,218.26326034978234,170.35119199948124,234.47419503665023,179.31704420998022,252.31281138441787,188.28289642047926,271.77910939308515,197.24874863097827,292.873089062652,206.2146008414773,315.5947503931186,215.18045305197634,339.94409338448486,224.1463052624753,365.9211180367506,233.11215747297433,393.5258243499162,242.07800968347334,422.7582123239814,251.04386189397238,453.61828195894634,260.00971410447136,486.10603325481077,268.97556631497037,520.2214662115748,277.9414185254694,555.9645808292387,286.9072707359684,593.3353771078022,295.8731229464674,632.3338550472654,304.83897515696646,672.960014647628
