future_x1,future_y1,future_x2,future_y2,future_x3,future_y3,future_x4,future_y4,future_x5,future_y5,future_x6,future_y6,future_x7,future_y7,future_x8,future_y8,future_x9,future_y9,future_x10,future_y10,future_x11,future_y11,future_x12,future_y12,future_x13,future_y13,future_x14,future_y14,future_x15,future_y15,future_x16,future_y16,future_x17,future_y17,future_x18,future_y18,future_x19,future_y19,future_x20,future_y20
172.51899082280164,158.40128278832776,184.02025687765507,168.32948826141356,195.5215229325085,179.88537539539894,207.02278898736193,193.068944190284,218.52405504221537,207.88019464606867,230.0253210970688,224.319126762753,241.52658715192229,242.38574054033705,253.02785320677572,262.0800359788208,264.5291192616292,283.40201307820405,276.03038531648264,306.35167183848705,287.531651371336,330.92901225966955,299.0329174261895,357.13403434175194,310.53418348104293,384.9667380847339,322.0354495358964,414.4271234886156,333.53671559074985,445.5151905533968,345.0379816456033,478.2309392790776,356.5392477004567,512.5743696656582,368.04051375531014,548.5454817131385,379.5417798101636,586.1442754215184,391.043045865017,625.3707507907978
