future_x1,future_y1,future_x2,future_y2,future_x3,future_y3,future_x4,future_y4,future_x5,future_y5,future_x6,future_y6,future_x7,future_y7,future_x8,future_y8,future_x9,future_y9,future_x10,future_y10,future_x11,future_y11,future_x12,future_y12,future_x13,future_y13,future_x14,future_y14,future_x15,future_y15,future_x16,future_y16,future_x17,future_y17,future_x18,future_y18,future_x19,future_y19,future_x20,future_y20
184.49355909072267,153.03443940825156,196.79312969677088,162.60485532266557,209.09270030281905,173.80295289797922,221.3922709088672,186.62873213419252,233.6918415149154,201.0821930313055,245.99141212096356,217.1633355893181,258.29098272701174,234.87215980823035,270.59055333306,254.20866568804232,282.89012393910815,275.17285322875387,295.1896945451563,297.76472243036517,307.48926515120445,321.9842732928759,319.7888357572527,347.8315058162865,332.0884063633008,375.3064200005967,344.38797696934904,404.4090158458067,356.6875475753972,435.1392933519161,368.98711818144534,467.49725251892517,381.2866887874935,501.48289334683403,393.58625939354175,537.0962158356426,405.88582999958993,574.3372199853508,418.1854006056381,613.2059057959584
