future_x1,future_y1,future_x2,future_y2,future_x3,future_y3,future_x4,future_y4,future_x5,future_y5,future_x6,future_y6,future_x7,future_y7,future_x8,future_y8,future_x9,future_y9,future_x10,future_y10,future_x11,future_y11,future_x12,future_y12,future_x13,future_y13,future_x14,future_y14,future_x15,future_y15,future_x16,future_y16,future_x17,future_y17,future_x18,future_y18,future_x19,future_y19,future_x20,future_y20
198.36760443088912,147.47104553018556,211.5921113929484,156.67056851939523,224.81661835500773,167.49777316950448,238.04112531706696,179.95265948051338,251.26563227912624,194.03522745242194,264.4901392411855,209.74547708523014,277.7146462032448,227.08340837893803,290.93915316530405,246.04902133354557,304.16366012736336,266.6423159490528,317.3881670894226,288.8632922254596,330.61267405148186,312.711950162766,343.83718101354117,338.1882897609722,357.0616879756004,365.292311020078,370.28619493765973,394.0240139400836,383.51070189971904,424.38339852098864,396.73520886177823,456.3704647627932,409.95971582383754,489.98521266549767,423.1842227858968,525.2276422291019,436.4087297479561,562.0977534536057,449.63323671001547,600.5955463390089
