future_x1,future_y1,future_x2,future_y2,future_x3,future_y3,future_x4,future_y4,future_x5,future_y5,future_x6,future_y6,future_x7,future_y7,future_x8,future_y8,future_x9,future_y9,future_x10,future_y10,future_x11,future_y11,future_x12,future_y12,future_x13,future_y13,future_x14,future_y14,future_x15,future_y15,future_x16,future_y16,future_x17,future_y17,future_x18,future_y18,future_x19,future_y19,future_x20,future_y20
104.60455508518407,201.04963297072467,111.57819209086301,213.8210617893036,118.55182909654195,228.2201722687821,125.52546610222089,244.24696440916028,132.49910310789983,261.90143821043813,139.47274011357877,281.1835936726156,146.4463771192577,302.09343079569277,153.42001412493664,324.63094957966956,160.39365113061558,348.796150024546,167.36728813629455,374.58903213032215,174.34092514197346,402.0095958969978,181.3145621476524,431.0578413245733,188.28819915333133,461.7337684130483,195.26183615901027,494.0373771624232,202.23547316468924,527.9686675726975,209.20911017036815,563.5276396438715,216.1827471760471,600.7142933759451,223.15638418172603,639.5286287689187,230.13002118740496,679.9706458227917,237.1036581930839,722.0403445375642
