future_x1,future_y1,future_x2,future_y2,future_x3,future_y3,future_x4,future_y4,future_x5,future_y5,future_x6,future_y6,future_x7,future_y7,future_x8,future_y8,future_x9,future_y9,future_x10,future_y10,future_x11,future_y11,future_x12,future_y12,future_x13,future_y13,future_x14,future_y14,future_x15,future_y15,future_x16,future_y16,future_x17,future_y17,future_x18,future_y18,future_x19,future_y19,future_x20,future_y20
175.23685858549473,157.13528652290702,186.9193158245277,166.97909224496476,198.6017730635607,178.4505796279221,210.2842303025937,191.54974867177913,221.96668754162664,206.27659937653576,233.6491447806596,222.63113174219205,245.33160201969264,240.61334576874802,257.0140592587256,260.2232414562037,268.6965164977586,281.4608188045589,280.3789737367916,304.32607781381387,292.0614309758245,328.81901848396836,303.7438882148575,354.9396408150227,315.4263454538905,382.68794480697653,327.1088026929235,412.0639304598302,338.79125993195646,443.0675977735834,350.47371717098946,475.6989467482361,362.1561744100224,509.9579773837887,373.8386316490554,545.8446896802409,385.5210888880884,583.3590836375928,397.2035461271214,622.5011592558442
