future_x1,future_y1,future_x2,future_y2,future_x3,future_y3,future_x4,future_y4,future_x5,future_y5,future_x6,future_y6,future_x7,future_y7,future_x8,future_y8,future_x9,future_y9,future_x10,future_y10,future_x11,future_y11,future_x12,future_y12,future_x13,future_y13,future_x14,future_y14,future_x15,future_y15,future_x16,future_y16,future_x17,future_y17,future_x18,future_y18,future_x19,future_y19,future_x20,future_y20
190.09650084196034,150.70567938133658,202.76960089809103,160.1208446272896,215.44270095422172,171.16369153414226,228.11580101035238,183.83422010189457,240.7889010664831,198.1324303305465,253.46200112261377,214.05832222009812,266.1351011787445,231.61189577054938,278.8082012348751,250.79315098190037,291.4813012910059,271.6020878541509,304.15440134713657,294.0387063873012,316.8275014032672,318.103006581351,329.5006014593979,343.7949884363005,342.1737015155286,371.11465195214976,354.8468015716593,400.0619971288987,367.51990162779003,430.6370239665472,380.19300168392067,462.8397324650952,392.86610174005136,496.67012262454307,405.53920179618206,532.1281944448907,418.2123018523128,569.2139479261378,430.88540190844344,607.9273830682845
