future_x1,future_y1,future_x2,future_y2,future_x3,future_y3,future_x4,future_y4,future_x5,future_y5,future_x6,future_y6,future_x7,future_y7,future_x8,future_y8,future_x9,future_y9,future_x10,future_y10,future_x11,future_y11,future_x12,future_y12,future_x13,future_y13,future_x14,future_y14,future_x15,future_y15,future_x16,future_y16,future_x17,future_y17,future_x18,future_y18,future_x19,future_y19,future_x20,future_y20
116.06249776415332,192.11845303979004,123.79999761509688,204.29446986297336,131.53749746604043,218.0981683470562,139.27499731698398,233.52954849203874,147.01249716792753,250.58861029792092,154.74999701887108,269.2753537647028,162.48749686981466,289.5897788923843,170.2249967207582,311.5318856809655,177.96249657170176,335.10167413044627,185.69999642264534,360.29914424082676,193.43749627358886,387.1242960121068,201.17499612453244,415.57712944428664,208.912495975476,445.657644537366,216.64999582641954,477.3658412913452,224.3874956773631,510.7017197062239,232.12499552830664,545.6652797820021,239.8624953792502,582.2565215186803,247.59999523019377,620.4754449162581,255.33749508113732,660.3220499747355,263.07499493208087,701.7963366941124
