future_x1,future_y1,future_x2,future_y2,future_x3,future_y3,future_x4,future_y4,future_x5,future_y5,future_x6,future_y6,future_x7,future_y7,future_x8,future_y8,future_x9,future_y9,future_x10,future_y10,future_x11,future_y11,future_x12,future_y12,future_x13,future_y13,future_x14,future_y14,future_x15,future_y15,future_x16,future_y16,future_x17,future_y17,future_x18,future_y18,future_x19,future_y19,future_x20,future_y20
188.30545988045924,151.43780266342256,200.8591572058232,160.90177612818133,213.41285453118718,171.9934312538397,225.9665518565511,184.71276804039775,238.52024918191506,199.05978648785543,251.07394650727898,215.03448659621282,263.62764383264295,232.6368683654698,276.1813411580069,251.8669317956265,288.7350384833709,272.72467688668274,301.2887358087348,295.21010363863877,313.84243313409877,319.3232120514943,326.3961304594627,345.0640021252496,338.94982778482665,372.4324738599045,351.5035251101906,401.4286272554592,364.05722243555454,432.0524623119134,376.6109197609185,464.30397902926717,389.1646170862824,498.1831774075208,401.7183144116464,533.6900574466741,414.2720117370103,570.8246191467271,426.82570906237436,609.5868625076794
