future_x1,future_y1,future_x2,future_y2,future_x3,future_y3,future_x4,future_y4,future_x5,future_y5,future_x6,future_y6,future_x7,future_y7,future_x8,future_y8,future_x9,future_y9,future_x10,future_y10,future_x11,future_y11,future_x12,future_y12,future_x13,future_y13,future_x14,future_y14,future_x15,future_y15,future_x16,future_y16,future_x17,future_y17,future_x18,future_y18,future_x19,future_y19,future_x20,future_y20
128.35439332380466,183.4236535896631,136.91135287872498,195.02001711617126,145.46831243364528,208.244062303579,154.0252719885656,223.0957891518864,162.5822315434859,239.57519766109345,171.13919109840623,257.68228783120014,179.69615065332653,277.41705966220655,188.25311020824682,298.7795131541126,196.81006976316718,321.76964830691827,205.3670293180875,346.3874651206237,213.92398887300774,372.6329635952285,222.48094842792807,400.50614373073324,231.0379079828484,430.0070055271375,239.59486753776872,461.1355489844416,248.15182709268902,493.8917741026451,256.7087866476093,528.2756808817483,265.2657462025296,564.2872693217512,273.82270575744997,601.926539422654,282.37966531237026,641.1934911844562,290.93662486729056,682.088124607158
