future_x1,future_y1,future_x2,future_y2,future_x3,future_y3,future_x4,future_y4,future_x5,future_y5,future_x6,future_y6,future_x7,future_y7,future_x8,future_y8,future_x9,future_y9,future_x10,future_y10,future_x11,future_y11,future_x12,future_y12,future_x13,future_y13,future_x14,future_y14,future_x15,future_y15,future_x16,future_y16,future_x17,future_y17,future_x18,future_y18,future_x19,future_y19,future_x20,future_y20
188.52506833753395,151.3474164775883,201.0934062267029,160.8053641966248,213.66174411587184,171.89099357656087,226.23008200504074,184.60430461739665,238.7984198942097,198.94529731913204,251.36675778337863,214.9139716817671,263.93509567254756,232.51032770530182,276.50343356171646,251.73436538973618,289.0717714508854,272.58608473507024,301.6401093400544,295.065485741304,314.2084472292232,319.1725684084372,326.77678511839224,344.90733273647027,339.34512300756114,372.26977872540283,351.91346089673004,401.2599063752353,364.48179878589906,431.8777156859672,377.0501366750679,464.12320665759864,389.61847456423686,497.99637929013,402.1868124534058,533.4972335835611,414.75515034257467,570.6257695378916,427.3234882317437,609.3819871531217
