future_x1,future_y1,future_x2,future_y2,future_x3,future_y3,future_x4,future_y4,future_x5,future_y5,future_x6,future_y6,future_x7,future_y7,future_x8,future_y8,future_x9,future_y9,future_x10,future_y10,future_x11,future_y11,future_x12,future_y12,future_x13,future_y13,future_x14,future_y14,future_x15,future_y15,future_x16,future_y16,future_x17,future_y17,future_x18,future_y18,future_x19,future_y19,future_x20,future_y20
178.3396510253828,155.72476334425906,190.22896109374165,165.47453418774026,202.1182711621005,176.8519866921211,214.00758123045935,189.85712085740155,225.89689129881822,204.48993668358167,237.78620136717706,220.75043417066144,249.67551143553592,238.63861331864086,261.5648215038948,258.15447412752,273.45413157225363,279.2980165972987,285.34344164061247,302.06924072797716,297.2327517089713,326.4681465195551,309.1220617773302,352.49473397203286,321.01137184568904,380.1490030854102,332.9006819140479,409.43095385968735,344.7899919824068,440.340586294864,356.6793020507656,472.87790039094017,368.5686121191244,507.0428961479162,380.4579221874833,542.835573565792,392.3472322558422,580.2559326445673,404.236542324201,619.3039733842422
