future_x1,future_y1,future_x2,future_y2,future_x3,future_y3,future_x4,future_y4,future_x5,future_y5,future_x6,future_y6,future_x7,future_y7,future_x8,future_y8,future_x9,future_y9,future_x10,future_y10,future_x11,future_y11,future_x12,future_y12,future_x13,future_y13,future_x14,future_y14,future_x15,future_y15,future_x16,future_y16,future_x17,future_y17,future_x18,future_y18,future_x19,future_y19,future_x20,future_y20
188.3577388566328,151.41627006069047,200.914921447075,160.87880801860047,213.4721040375172,171.96902763741005,226.02928662795935,184.68692891711925,238.58646921840153,199.03251185772814,251.14365180884369,215.00577645923667,263.7008343992859,232.60672272164487,276.2580169897281,251.83535064495277,288.8151995801703,272.6916602291603,301.37238217061247,295.17565147426745,313.9295647610546,319.2873243802742,326.48674735149683,345.0266789471807,339.04392994193904,372.39371517498677,351.60111253238125,401.38843306369273,364.15829512282346,432.010832613298,376.7154777132656,464.260913823803,389.27266030370777,498.1386766952079,401.82984289415,533.6441212275124,414.38702548459213,570.7772474207164,426.9442080750344,609.5380552748201
