future_x1,future_y1,future_x2,future_y2,future_x3,future_y3,future_x4,future_y4,future_x5,future_y5,future_x6,future_y6,future_x7,future_y7,future_x8,future_y8,future_x9,future_y9,future_x10,future_y10,future_x11,future_y11,future_x12,future_y12,future_x13,future_y13,future_x14,future_y14,future_x15,future_y15,future_x16,future_y16,future_x17,future_y17,future_x18,future_y18,future_x19,future_y19,future_x20,future_y20
173.4602652791254,157.95958228082546,185.02428296440047,167.8583410534111,196.5883006496755,179.3847814868963,208.1523183349505,192.5389035812812,219.71633602022553,207.32070733656573,231.28035370550054,223.73019275274996,242.8443713907756,241.76735982983382,254.4083890760506,261.4322085678174,265.97240676132566,282.72473896670056,277.53642444660073,305.6449510264834,289.1004421318757,330.19284474716574,300.6644598171507,356.36842012874797,312.2284775024258,384.17167717122965,323.7924951877008,413.6026158746113,335.3565128729758,444.66123623889223,346.9205305582508,477.34753826407297,358.48454824352586,511.66152195015337,370.04856592880094,547.6031872971337,381.61258361407596,585.1725343050133,393.176601299351,624.3695629737925
