future_x1,future_y1,future_x2,future_y2,future_x3,future_y3,future_x4,future_y4,future_x5,future_y5,future_x6,future_y6,future_x7,future_y7,future_x8,future_y8,future_x9,future_y9,future_x10,future_y10,future_x11,future_y11,future_x12,future_y12,future_x13,future_y13,future_x14,future_y14,future_x15,future_y15,future_x16,future_y16,future_x17,future_y17,future_x18,future_y18,future_x19,future_y19,future_x20,future_y20
171.45865495320874,158.90300955748904,182.8892319500893,168.86466348185223,194.3198089469699,180.45399906711503,205.75038594385046,193.6710163132775,217.18096294073106,208.51571522033964,228.61153993761164,224.98809578830142,240.04211693449224,243.0881580171628,251.47269393137282,262.81590190692395,262.9032709282534,284.1713274575847,274.333847925134,307.15443466914513,285.76442492201454,331.76522354160505,297.1950019188952,358.0036940749648,308.6255789157757,385.8698462692241,320.0561559126563,415.36368012438334,331.48673290953695,446.48519564044193,342.9173099064175,479.23439281740013,354.34788690329805,513.6112716552582,365.7784639001786,549.6158321540158,377.20904089705925,587.2480743136732,388.6396178939398,626.5079981342301
