future_x1,future_y1,future_x2,future_y2,future_x3,future_y3,future_x4,future_y4,future_x5,future_y5,future_x6,future_y6,future_x7,future_y7,future_x8,future_y8,future_x9,future_y9,future_x10,future_y10,future_x11,future_y11,future_x12,future_y12,future_x13,future_y13,future_x14,future_y14,future_x15,future_y15,future_x16,future_y16,future_x17,future_y17,future_x18,future_y18,future_x19,future_y19,future_x20,future_y20
126.95803139983659,184.36850169738867,135.42190015982573,196.0278550977452,143.88576891981484,209.3148901590013,152.34963767980392,224.22960688115708,160.81350643979303,240.7720052642125,169.27737519978214,258.9420853081676,177.74124395977123,278.7398470130223,186.20511271976036,300.1652903787768,194.66898147974948,323.21841540543085,203.1328502397386,347.8992220929846,211.59671899972767,374.2077104414378,220.06058775971678,402.1438804507909,228.5244565197059,431.7077321210435,236.98832527969498,462.89926545219595,245.45219403968412,495.71848044424786,253.91606279967317,530.1653770971993,262.37993155966234,566.2399554110508,270.84380031965145,603.9422153858019,279.3076690796405,643.2721570214524,287.7715378396297,684.2297803180026
