future_x1,future_y1,future_x2,future_y2,future_x3,future_y3,future_x4,future_y4,future_x5,future_y5,future_x6,future_y6,future_x7,future_y7,future_x8,future_y8,future_x9,future_y9,future_x10,future_y10,future_x11,future_y11,future_x12,future_y12,future_x13,future_y13,future_x14,future_y14,future_x15,future_y15,future_x16,future_y16,future_x17,future_y17,future_x18,future_y18,future_x19,future_y19,future_x20,future_y20
128.3813089841663,183.40554502350983,136.94006291644408,195.00070131227443,145.49881684872184,208.22353926193864,154.05757078099958,223.07405887250246,162.61632471327735,239.55226014396598,171.1750786455551,257.6581430763291,179.73383257783286,277.39170766959194,188.29258651011062,298.7529539237545,196.8513404423884,321.7418818388166,205.41009437466613,346.3584914147784,213.96884830694384,372.60278265163976,222.52760223922164,400.4747555494009,231.0863561714994,429.9744101080616,239.64511010377714,461.10174632762215,248.20386403605494,493.85676420808215,256.7626179683326,528.2394637494417,265.3213719006104,564.2498449517012,273.88012583288815,601.8879078148603,282.43887976516595,641.153652338919,290.9976336974437,682.0470785238773
