future_x1,future_y1,future_x2,future_y2,future_x3,future_y3,future_x4,future_y4,future_x5,future_y5,future_x6,future_y6,future_x7,future_y7,future_x8,future_y8,future_x9,future_y9,future_x10,future_y10,future_x11,future_y11,future_x12,future_y12,future_x13,future_y13,future_x14,future_y14,future_x15,future_y15,future_x16,future_y16,future_x17,future_y17,future_x18,future_y18,future_x19,future_y19,future_x20,future_y20
168.16280778411414,160.49094067735783,179.37366163638842,170.55845667637897,190.5845154886627,182.2536543362997,201.79536934093696,195.57653365712008,213.00622319321124,210.5270946388401,224.21707704548552,227.10533728145984,235.42793089775978,245.31126158497918,246.63878475003406,265.1448675493982,257.84963860230835,286.6061551747169,269.0604924545827,309.69512446093523,280.27134630685686,334.4117754080531,291.48220015913114,360.75610801607075,302.6930540114055,388.728122284988,313.90390786367976,418.3278182148051,325.11476171595405,449.55519580552163,336.3256155682283,482.4102550571377,347.53646942050256,516.8929959696536,358.74732327277684,553.0034185430693,369.9581771250511,590.7415227773846,381.1690309773254,630.1073086725994
