future_x1,future_y1,future_x2,future_y2,future_x3,future_y3,future_x4,future_y4,future_x5,future_y5,future_x6,future_y6,future_x7,future_y7,future_x8,future_y8,future_x9,future_y9,future_x10,future_y10,future_x11,future_y11,future_x12,future_y12,future_x13,future_y13,future_x14,future_y14,future_x15,future_y15,future_x16,future_y16,future_x17,future_y17,future_x18,future_y18,future_x19,future_y19,future_x20,future_y20
100.25262171817842,204.67250496398265,106.93612983272367,217.6854585821121,113.6196379472689,232.32609386114115,120.30314606181412,248.59441080106984,126.98665417635934,266.4904094018982,133.67016229090456,286.01408966362624,140.3536704054498,307.1654515862539,147.03717851999505,329.94449516978125,153.72068663454027,354.3512204142082,160.40419474908552,380.38562731953493,167.0877028636307,408.0477158857611,173.77121097817593,437.3374861128871,180.45471909272118,468.25493800091266,187.13822720726643,500.80007154983804,193.82173532181164,534.972886759663,200.50524343635684,570.7733836303873,207.18875155090208,608.2015621620116,213.87225966544733,647.2574223545356,220.55576777999255,687.9409642079593,227.2392758945378,730.2521877222823
