future_x1,future_y1,future_x2,future_y2,future_x3,future_y3,future_x4,future_y4,future_x5,future_y5,future_x6,future_y6,future_x7,future_y7,future_x8,future_y8,future_x9,future_y9,future_x10,future_y10,future_x11,future_y11,future_x12,future_y12,future_x13,future_y13,future_x14,future_y14,future_x15,future_y15,future_x16,future_y16,future_x17,future_y17,future_x18,future_y18,future_x19,future_y19,future_x20,future_y20
144.28964994631536,173.3570990534271,153.9089599427364,184.28235894418617,163.52826993915744,196.83530049584482,173.14757993557845,211.01592370840316,182.7668899319995,226.82422858186118,192.3861999284205,244.26021511621883,202.00550992484153,263.32388331147615,211.62481992126254,284.0152331676331,221.24412991768358,306.33426468468974,230.86343991410462,330.280977862646,240.48274991052563,355.85537270150184,250.10205990694666,383.0574492012575,259.72136990336764,411.88720736191266,269.3406798997887,442.3446471834677,278.9599898962098,474.42976866592215,288.57929989263073,508.14257180927626,298.1986098890518,543.4830566135302,307.8179198854728,580.4512230786838,317.4372298818938,619.047071204737,327.0565398783149,659.2706009916897
