future_x1,future_y1,future_x2,future_y2,future_x3,future_y3,future_x4,future_y4,future_x5,future_y5,future_x6,future_y6,future_x7,future_y7,future_x8,future_y8,future_x9,future_y9,future_x10,future_y10,future_x11,future_y11,future_x12,future_y12,future_x13,future_y13,future_x14,future_y14,future_x15,future_y15,future_x16,future_y16,future_x17,future_y17,future_x18,future_y18,future_x19,future_y19,future_x20,future_y20
110.87623544026776,196.05623189860995,118.26798446961895,208.4947673123812,125.65973349897016,222.5609843870521,133.05148252832132,238.2548831226226,140.4432315576725,255.57646351909278,147.8349805870237,274.5257255764626,155.22672961637485,295.1026692947321,162.61847864572604,317.3072946739013,170.01022767507726,341.1396017139701,177.40197670442845,366.5995904149386,184.79372573377958,393.68726077680657,192.1854747631308,422.4026127995744,199.577223792482,452.7456464832418,206.96897282183318,484.716361827809,214.36072185118437,518.3147588332756,221.75247088053553,553.540837499642,229.14421990988671,590.394597826908,236.5359689392379,628.8760398150738,243.9277179685891,668.9851634641393,251.3194669979403,710.7219687741042
