future_x1,future_y1,future_x2,future_y2,future_x3,future_y3,future_x4,future_y4,future_x5,future_y5,future_x6,future_y6,future_x7,future_y7,future_x8,future_y8,future_x9,future_y9,future_x10,future_y10,future_x11,future_y11,future_x12,future_y12,future_x13,future_y13,future_x14,future_y14,future_x15,future_y15,future_x16,future_y16,future_x17,future_y17,future_x18,future_y18,future_x19,future_y19,future_x20,future_y20
110.55598609149942,196.30494699349498,117.92638516426607,208.76006341359195,125.2967842370327,222.84286149458848,132.66718330979933,238.55334123648467,140.03758238256597,255.89150263928053,147.4079814553326,274.85734570297603,154.7783805280992,295.4508704275712,162.14877960086585,317.67207681306604,169.51917867363247,341.52096485946055,176.8895777463991,366.99753456675467,184.25997681916573,394.10178593494834,191.63037589193237,422.83371896404185,199.000774964699,453.1933336540349,206.3711740374656,485.1806300049278,213.74157311023228,518.7956080167202,221.11197218299884,554.038267689412,228.4823712557655,590.9086090230038,235.85277032853213,629.4066320174954,243.22316940129878,669.5323366728865,250.5935684740654,711.285722989177
