future_x1,future_y1,future_x2,future_y2,future_x3,future_y3,future_x4,future_y4,future_x5,future_y5,future_x6,future_y6,future_x7,future_y7,future_x8,future_y8,future_x9,future_y9,future_x10,future_y10,future_x11,future_y11,future_x12,future_y12,future_x13,future_y13,future_x14,future_y14,future_x15,future_y15,future_x16,future_y16,future_x17,future_y17,future_x18,future_y18,future_x19,future_y19,future_x20,future_y20
109.78228890660618,196.908551112718,117.10110816704662,209.4039078074298,124.41992742748702,223.5269461630412,131.73874668792743,239.27766617955226,139.05756594836785,256.656067856963,146.37638520880824,275.6621511952734,153.69520446924867,296.29591619448337,161.0140237296891,318.5573628545931,168.3328429901295,342.44649117560243,175.65166225056993,367.9633011575114,182.97048151101032,395.10779280032,190.28930077145074,423.87996610402837,197.60812003189113,454.2798210686363,204.92693929233155,486.30735769414406,212.24575855277197,519.9625759805513,219.56457781321237,555.245475927858,226.88339707365282,592.1560575360647,234.20221633409324,630.6943208051711,241.52103559453363,670.8602657351769,248.83985485497405,712.6538923260824
