future_x1,future_y1,future_x2,future_y2,future_x3,future_y3,future_x4,future_y4,future_x5,future_y5,future_x6,future_y6,future_x7,future_y7,future_x8,future_y8,future_x9,future_y9,future_x10,future_y10,future_x11,future_y11,future_x12,future_y12,future_x13,future_y13,future_x14,future_y14,future_x15,future_y15,future_x16,future_y16,future_x17,future_y17,future_x18,future_y18,future_x19,future_y19,future_x20,future_y20
189.01692235736556,151.1456064923181,201.6180505145233,160.5901002123366,214.219178671681,171.66227559325472,226.82030682883868,184.36213263507244,239.4214349859964,198.68967133778983,252.0225631431541,214.64489170140686,264.6236913003118,232.2277937259236,277.22481945746955,251.43837741133999,289.82594761462724,272.27664275765596,302.4270757717849,294.7425897648717,315.0282039289426,318.83621843298687,327.62933208610036,344.55752876200194,340.23046024325805,371.90652075191656,352.8315884004158,400.88319440273096,365.4327165575735,431.48754971444475,378.0338447147311,463.71958668705827,390.63497287188886,497.5793053205716,403.2361010290466,533.0667056149847,415.83722918620435,570.1817875702973,428.438357343362,608.9245511865095
