future_x1,future_y1,future_x2,future_y2,future_x3,future_y3,future_x4,future_y4,future_x5,future_y5,future_x6,future_y6,future_x7,future_y7,future_x8,future_y8,future_x9,future_y9,future_x10,future_y10,future_x11,future_y11,future_x12,future_y12,future_x13,future_y13,future_x14,future_y14,future_x15,future_y15,future_x16,future_y16,future_x17,future_y17,future_x18,future_y18,future_x19,future_y19,future_x20,future_y20
103.57867981347238,201.8916625233697,110.48392513437054,214.7192266454583,117.38917045526871,229.17447242844645,124.29441577616686,245.25739987233433,131.19966109706502,262.9680089771218,138.10490641796318,282.30629974280896,145.01015173886134,303.27227216939576,151.91539705975953,325.8659262568823,158.82064238065766,350.08726200526837,165.72588770155582,375.9362794145542,172.63113302245398,403.4129784847395,179.53637834335214,432.5173592158247,186.4416236642503,463.2494216078094,193.34686898514846,495.6091656606939,200.25211430604662,529.5965913744778,207.15735962694475,565.2116987491614,214.0626049478429,602.454487784745,220.96785026874107,641.324958481228,227.87309558963926,681.8231108386108,234.77834091053742,723.9489448568929
