future_x1,future_y1,future_x2,future_y2,future_x3,future_y3,future_x4,future_y4,future_x5,future_y5,future_x6,future_y6,future_x7,future_y7,future_x8,future_y8,future_x9,future_y9,future_x10,future_y10,future_x11,future_y11,future_x12,future_y12,future_x13,future_y13,future_x14,future_y14,future_x15,future_y15,future_x16,future_y16,future_x17,future_y17,future_x18,future_y18,future_x19,future_y19,future_x20,future_y20
174.89114353079572,157.29473282148675,186.55055309951544,167.14916829678313,198.20996266823516,178.63128543297913,209.86937223695486,191.7410842300748,221.52878180567458,206.4785646880701,233.18819137439428,222.84372680696507,244.847600943114,240.83657058675968,256.50701051183376,260.457096027454,268.16642008055345,281.7053031290478,279.8258296492732,304.58119189154144,291.4852392179929,329.0847623149346,303.1446487867126,355.21601439922756,314.80405835543235,382.97494814442007,326.46346792415204,412.36156355051236,338.12287749287174,443.37586061750415,349.78228706159143,476.01783934539554,361.4416966303112,510.2874997341868,373.1011061990309,546.1848417838777,384.76051576775063,583.7098654944682,396.4199253364703,622.8625708659582
