future_x1,future_y1,future_x2,future_y2,future_x3,future_y3,future_x4,future_y4,future_x5,future_y5,future_x6,future_y6,future_x7,future_y7,future_x8,future_y8,future_x9,future_y9,future_x10,future_y10,future_x11,future_y11,future_x12,future_y12,future_x13,future_y13,future_x14,future_y14,future_x15,future_y15,future_x16,future_y16,future_x17,future_y17,future_x18,future_y18,future_x19,future_y19,future_x20,future_y20
156.398468375072,166.52154707133997,166.82503293341014,176.99110349662655,177.25159749174827,189.08834158281275,187.6781620500864,202.8132613298986,198.10472660842453,218.1658627378841,208.53129116676268,235.1461458067693,218.9578557251008,253.75411053655412,229.38442028343894,273.9897569272386,239.8109848417771,295.8530849788227,250.23754940011523,319.34409469130657,260.66411395845336,344.4627860646899,271.09067851679146,371.2091590989731,281.5172430751296,399.58321379415577,291.94380763346777,429.58495015023834,302.37037219180587,461.21436816722036,312.796936750144,494.471467845102,323.2235013084821,529.3562491838834,333.6500658668203,565.8687121835645,344.07663042515844,604.0088568441453,354.50319498349654,643.7766831656255
