future_x1,future_y1,future_x2,future_y2,future_x3,future_y3,future_x4,future_y4,future_x5,future_y5,future_x6,future_y6,future_x7,future_y7,future_x8,future_y8,future_x9,future_y9,future_x10,future_y10,future_x11,future_y11,future_x12,future_y12,future_x13,future_y13,future_x14,future_y14,future_x15,future_y15,future_x16,future_y16,future_x17,future_y17,future_x18,future_y18,future_x19,future_y19,future_x20,future_y20
113.18860557201893,194.27976094879529,120.73451261015353,206.59986496591227,128.28041964828813,220.54765064392882,135.8263266864227,236.12311798284503,143.3722337245573,253.3262669826609,150.91814076269188,272.15709764337646,158.46404780082648,292.6156099649917,166.00995483896108,314.7018039475065,173.55586187709568,338.415679590921,181.10176891523028,363.75723689523517,188.64767595336485,390.7264758604489,196.19358299149945,419.3233964865624,203.73949002963406,449.54799877357544,211.28539706776866,481.4002827214884,218.83130410590326,514.8802483303007,226.37721114403786,549.9878956000126,233.92311818217246,586.7232245306244,241.46902522030706,625.086235122136,249.01493225844166,665.076927374547,256.56083929657626,706.6953012878577
