future_x1,future_y1,future_x2,future_y2,future_x3,future_y3,future_x4,future_y4,future_x5,future_y5,future_x6,future_y6,future_x7,future_y7,future_x8,future_y8,future_x9,future_y9,future_x10,future_y10,future_x11,future_y11,future_x12,future_y12,future_x13,future_y13,future_x14,future_y14,future_x15,future_y15,future_x16,future_y16,future_x17,future_y17,future_x18,future_y18,future_x19,future_y19,future_x20,future_y20
169.35566883762522,159.91122732745453,180.64604676013357,169.94009576981543,191.93642468264193,181.59664587307597,203.22680260515025,194.8808776372361,214.51718052765864,209.79279106229592,225.80755845016697,226.3323861482554,237.0979363726753,244.49966289511454,248.38831429518368,264.2946213028734,259.678692217692,285.71726137153183,270.9690701402004,308.76758310108994,282.25944806270866,333.44558649154754,293.54982598521707,359.7512715429051,304.84020390772537,387.6846382551621,316.1305818302338,417.2456866283189,327.42095975274214,448.4344166623752,338.71133767525043,481.2508283573311,350.0017155977588,515.6949217131869,361.29209352026714,551.7666967299423,372.5824714427755,589.4661534075974,383.87284936528386,628.7932917461519
