future_x1,future_y1,future_x2,future_y2,future_x3,future_y3,future_x4,future_y4,future_x5,future_y5,future_x6,future_y6,future_x7,future_y7,future_x8,future_y8,future_x9,future_y9,future_x10,future_y10,future_x11,future_y11,future_x12,future_y12,future_x13,future_y13,future_x14,future_y14,future_x15,future_y15,future_x16,future_y16,future_x17,future_y17,future_x18,future_y18,future_x19,future_y19,future_x20,future_y20
175.7355590768127,156.9060933401823,187.4512630152669,166.73461951672508,199.1669669537211,178.19082735416745,210.88267089217524,191.27471685250947,222.59837483062947,205.98628801175113,234.3140787690836,222.32554083189248,246.02978270753778,240.29247531293345,257.745486645992,259.8870914548741,269.4611905844462,281.10938925771444,281.1768945229004,303.9593687214544,292.8925984613545,328.4370298460939,304.6083023998087,354.5423726316332,316.3240063382629,382.2753970780721,328.0397102767171,411.6361031854108,339.7554142151713,442.6244909536489,351.4711181536254,475.24056038278667,363.18682209207964,509.4843114728243,374.9025260305338,545.3557442237616,386.618229968988,582.8548586355985,398.3339339074422,621.9816547083349
