future_x1,future_y1,future_x2,future_y2,future_x3,future_y3,future_x4,future_y4,future_x5,future_y5,future_x6,future_y6,future_x7,future_y7,future_x8,future_y8,future_x9,future_y9,future_x10,future_y10,future_x11,future_y11,future_x12,future_y12,future_x13,future_y13,future_x14,future_y14,future_x15,future_y15,future_x16,future_y16,future_x17,future_y17,future_x18,future_y18,future_x19,future_y19,future_x20,future_y20
133.55609632778294,179.995613358823,142.45983608296848,191.36344086994183,151.363575838154,204.3589500419602,160.26731559333953,218.98214087487827,169.17105534852504,235.233013368696,178.07479510371056,253.11156752341338,186.97853485889613,272.61780333903044,195.88227461408164,293.7517208155471,204.78601436926718,316.51331995296346,213.6897541244527,340.90260075127946,222.5934938796382,366.919563210495,231.49723363482377,394.56420733061043,240.40097339000926,423.83653311162533,249.30471314519482,454.73654055354007,258.2084529003804,487.2642296563543,267.1121926555659,521.419600420068,276.01593241075136,557.2026528446817,284.91967216593696,594.613386930195,293.8234119211225,633.651802676608,302.727151676308,674.3179000839204
