future_x1,future_y1,future_x2,future_y2,future_x3,future_y3,future_x4,future_y4,future_x5,future_y5,future_x6,future_y6,future_x7,future_y7,future_x8,future_y8,future_x9,future_y9,future_x10,future_y10,future_x11,future_y11,future_x12,future_y12,future_x13,future_y13,future_x14,future_y14,future_x15,future_y15,future_x16,future_y16,future_x17,future_y17,future_x18,future_y18,future_x19,future_y19,future_x20,future_y20
195.93194165028768,148.39889721819904,208.9940710936402,157.6602769866096,222.05620053699272,168.54933841591975,235.11832998034524,181.0660815061295,248.18045942369776,195.21050625723896,261.24258886705024,210.9826126692481,274.3047183104028,228.38240074215688,287.3668477537553,247.4098704759653,300.4289771971078,268.0650218706734,313.4911066404603,290.3478549262811,326.5532360838128,314.2583696427884,339.61536552716535,339.7965660201955,352.67749497051784,366.96244405850223,365.7396244138704,395.75600375770864,378.80175385722293,426.1772451178146,391.86388330057537,458.2261681388201,404.9260127439279,491.9027728207255,417.9881421872804,527.2070591635306,431.05027163063295,564.1390271672352,444.11240107398544,602.6986768318395
