future_x1,future_y1,future_x2,future_y2,future_x3,future_y3,future_x4,future_y4,future_x5,future_y5,future_x6,future_y6,future_x7,future_y7,future_x8,future_y8,future_x9,future_y9,future_x10,future_y10,future_x11,future_y11,future_x12,future_y12,future_x13,future_y13,future_x14,future_y14,future_x15,future_y15,future_x16,future_y16,future_x17,future_y17,future_x18,future_y18,future_x19,future_y19,future_x20,future_y20
120.34324147988966,188.9917303457468,128.36612424521564,200.95929898932718,136.38900701054163,214.55454929380716,144.4118897758676,229.77748125918683,152.43477254119358,246.62809488546614,160.45765530651954,265.1063901726451,168.48053807184553,285.2123671207237,176.50342083717152,306.946025729702,184.5263036024975,330.30736599957993,192.54918636782347,355.2963879303575,200.57206913314943,381.9130915220347,208.59495189847544,410.1574767746116,216.61783466380137,440.02954368808815,224.6407174291274,471.5292922624645,232.66360019445338,504.65672249774025,240.6864829597793,539.4118343939156,248.70936572510533,575.7946279509908,256.7322484904313,613.8051031689658,264.75513125575725,653.4432600478402,272.77801402108327,694.7090985876143
