future_x1,future_y1,future_x2,future_y2,future_x3,future_y3,future_x4,future_y4,future_x5,future_y5,future_x6,future_y6,future_x7,future_y7,future_x8,future_y8,future_x9,future_y9,future_x10,future_y10,future_x11,future_y11,future_x12,future_y12,future_x13,future_y13,future_x14,future_y14,future_x15,future_y15,future_x16,future_y16,future_x17,future_y17,future_x18,future_y18,future_x19,future_y19,future_x20,future_y20
176.78563083202184,156.4266216259954,188.57133955415665,166.22318302159238,200.35704827629144,177.64742607808893,212.14275699842625,190.69935079548515,223.928465720561,205.378957173781,235.71417444269576,221.68624521297656,247.49988316483058,239.62121491307175,259.2855918869654,259.18386627406665,271.0713006091002,280.37419929596115,282.85700933123496,303.1922139787553,294.6427180533698,327.637910322449,306.4284267755046,353.71128832704255,318.21413549763935,381.4123479925356,329.99984421977416,410.7410893189285,341.785552941909,441.69751230622086,353.5712616640437,474.28161695441287,365.3569703861785,508.49340326350466,377.1426791083133,544.3328712334962,388.92838783044806,581.8000208643873,400.7140965525829,620.8948521561779
