future_x1,future_y1,future_x2,future_y2,future_x3,future_y3,future_x4,future_y4,future_x5,future_y5,future_x6,future_y6,future_x7,future_y7,future_x8,future_y8,future_x9,future_y9,future_x10,future_y10,future_x11,future_y11,future_x12,future_y12,future_x13,future_y13,future_x14,future_y14,future_x15,future_y15,future_x16,future_y16,future_x17,future_y17,future_x18,future_y18,future_x19,future_y19,future_x20,future_y20
195.52885046965162,148.5544217566419,208.56410716762838,157.82616982761527,221.5993638656052,168.72559955948827,234.63462056358193,181.25271095226094,247.66987726155875,195.40750400593325,260.7051339595355,211.18997872050517,273.74039065751225,228.60013509597684,286.77564735548907,247.63797313234812,299.81090405346583,268.3034928296191,312.84616075144265,290.5966941877897,325.88141744941936,314.51757720685976,338.9166741473961,340.06614188682977,351.95193084537294,367.2423882276993,364.9871875433497,396.04631622946863,378.0224442413265,426.4779258921374,391.05770093930323,458.5372172157058,404.09295763728,492.22419020017406,417.12821433525676,527.538844845542,430.1634710332336,564.4811811518096,443.1987277312104,603.0511991189766
