future_x1,future_y1,future_x2,future_y2,future_x3,future_y3,future_x4,future_y4,future_x5,future_y5,future_x6,future_y6,future_x7,future_y7,future_x8,future_y8,future_x9,future_y9,future_x10,future_y10,future_x11,future_y11,future_x12,future_y12,future_x13,future_y13,future_x14,future_y14,future_x15,future_y15,future_x16,future_y16,future_x17,future_y17,future_x18,future_y18,future_x19,future_y19,future_x20,future_y20
175.3385897136416,157.08845512927263,187.02782902788437,166.9291387584214,198.71706834212713,178.3975040484698,210.40630765636993,191.49355099941786,222.0955469706127,206.21727961126552,233.78478628485544,222.56868988401288,245.47402559909824,240.5477818176599,257.16326491334104,260.1545554122066,268.85250422758384,281.3890106676529,280.5417435418266,304.2511475839989,292.2309828560693,328.74096616124444,303.92022217031206,354.8584663993898,315.60946148455486,382.6036482984347,327.29870079879765,411.9765118583794,338.98794011304045,442.9770570792236,350.6771794272832,475.6052839609673,362.366418741526,509.861192503611,374.05565805576873,545.7447827071543,385.74489737001153,583.2560545715971,397.43413668425427,622.3950080969396
