future_x1,future_y1,future_x2,future_y2,future_x3,future_y3,future_x4,future_y4,future_x5,future_y5,future_x6,future_y6,future_x7,future_y7,future_x8,future_y8,future_x9,future_y9,future_x10,future_y10,future_x11,future_y11,future_x12,future_y12,future_x13,future_y13,future_x14,future_y14,future_x15,future_y15,future_x16,future_y16,future_x17,future_y17,future_x18,future_y18,future_x19,future_y19,future_x20,future_y20
117.84825141815982,190.80084896236548,125.70480151270382,202.88902551372047,133.56135160724781,216.60488372597501,141.41790170179178,231.94842359912928,149.27445179633577,248.9196451331831,157.13100189087976,267.5185483281367,164.98755198542375,287.7451331839899,172.84410207996774,309.59939970074277,180.70065217451173,333.08134787839526,188.55720226905575,358.1909777169475,196.4137523635997,384.92828921639915,204.2703024581437,413.2932823767507,212.1268525526877,443.28595719800177,219.98340264723169,474.9063136801527,227.83995274177568,508.15435182320306,235.69650283631964,543.030071627153,243.55305293086363,579.5334730920029,251.40960302540765,617.6645562177524,259.26615311995164,657.4233210044015,267.12270321449563,698.80976745195
