future_x1,future_y1,future_x2,future_y2,future_x3,future_y3,future_x4,future_y4,future_x5,future_y5,future_x6,future_y6,future_x7,future_y7,future_x8,future_y8,future_x9,future_y9,future_x10,future_y10,future_x11,future_y11,future_x12,future_y12,future_x13,future_y13,future_x14,future_y14,future_x15,future_y15,future_x16,future_y16,future_x17,future_y17,future_x18,future_y18,future_x19,future_y19,future_x20,future_y20
109.16165764211021,197.39554661664837,116.43910148491757,209.92336967828888,123.71654532772493,224.07887440082897,130.99398917053227,239.86206078426872,138.27143301333962,257.27292882860814,145.54887685614696,276.3114785338472,152.8263206989543,296.97770989998594,160.10376454176168,319.27162292702434,167.38120838456902,343.19321761496235,174.65865222737636,368.7424939638001,181.9360960701837,395.9194519735373,189.21353991299105,424.72409164417434,196.4909837557984,455.156412975711,203.76842759860577,487.21641596814743,211.0458714414131,520.9041006214833,218.32331528422043,556.2194669357189,225.60075912702777,593.1625149108542,232.87820296983514,631.7332445468892,240.1556468126425,671.9316558438238,247.43309065544986,713.757748801658
