future_x1,future_y1,future_x2,future_y2,future_x3,future_y3,future_x4,future_y4,future_x5,future_y5,future_x6,future_y6,future_x7,future_y7,future_x8,future_y8,future_x9,future_y9,future_x10,future_y10,future_x11,future_y11,future_x12,future_y12,future_x13,future_y13,future_x14,future_y14,future_x15,future_y15,future_x16,future_y16,future_x17,future_y17,future_x18,future_y18,future_x19,future_y19,future_x20,future_y20
119.93314066624794,189.28658211224663,127.92868337733114,201.27380754026035,135.92422608841434,214.88871462917365,143.91976879949752,230.13130337898664,151.91531151058072,247.00157378969925,159.9108542216639,265.49952586131155,167.9063969327471,285.62515959382347,175.9019396438303,307.3784749872351,183.8974823549135,330.75947204154636,191.8930250659967,355.7681507567573,199.88856777707988,382.4045111328677,207.88411048816312,410.668553169878,215.8796531992463,440.5602768677878,223.87519591032952,472.07968222659747,231.8707386214127,505.2267692463066,239.86628133249587,540.0015379269153,247.86182404357905,576.4039882684239,255.85736675466228,614.4341202708322,263.8529094657455,654.09193393414,271.8484521768287,695.3774292583473
