future_x1,future_y1,future_x2,future_y2,future_x3,future_y3,future_x4,future_y4,future_x5,future_y5,future_x6,future_y6,future_x7,future_y7,future_x8,future_y8,future_x9,future_y9,future_x10,future_y10,future_x11,future_y11,future_x12,future_y12,future_x13,future_y13,future_x14,future_y14,future_x15,future_y15,future_x16,future_y16,future_x17,future_y17,future_x18,future_y18,future_x19,future_y19,future_x20,future_y20
117.80498097228212,190.8325494032434,125.65864637043428,202.9228393173236,133.51231176858641,216.64081089230336,141.36597716673856,231.9864641281828,149.2196425648907,248.95979902496188,157.07330796304285,267.5608155826406,164.92697336119497,287.78951380121896,172.78063875934714,309.64589368069704,180.6343041574993,333.12995522107474,188.48796955565143,358.24169842235216,196.34163495380352,384.981123284529,204.1953003519557,413.3482298076058,212.04896575010784,443.3430179915821,219.90263114825999,474.9654878364582,227.75629654641216,508.2156393422337,235.60996194456425,543.0934725089089,243.4636273427164,579.5989873364839,251.31729274086857,617.7321838249586,259.1709581390207,657.4930619743329,267.02462353717283,698.8816217846068
