future_x1,future_y1,future_x2,future_y2,future_x3,future_y3,future_x4,future_y4,future_x5,future_y5,future_x6,future_y6,future_x7,future_y7,future_x8,future_y8,future_x9,future_y9,future_x10,future_y10,future_x11,future_y11,future_x12,future_y12,future_x13,future_y13,future_x14,future_y14,future_x15,future_y15,future_x16,future_y16,future_x17,future_y17,future_x18,future_y18,future_x19,future_y19,future_x20,future_y20
194.05701682060754,149.12708118584473,206.99415127531475,158.43700655209832,219.9312857300219,169.3746135792515,232.86842018472908,181.93990226730435,245.80555463943625,196.13287261625683,258.74268909414343,211.953524626109,271.67982354885055,229.40185829686078,284.6169580035578,248.47787362851233,297.55409245826496,269.18157062106343,310.49122691297214,291.5129492745142,323.42836136767926,315.4720095888646,336.36549582238644,341.05875156411474,349.3026302770936,368.27317520026446,362.23976473180085,397.11528049731396,375.17689918650797,427.5850674552629,388.1140336412151,459.6825360741115,401.05116809592226,493.40768635385996,413.9883025506295,528.7605182945081,426.9254370053367,565.7410318960558,439.8625714600438,604.349227158503
