future_x1,future_y1,future_x2,future_y2,future_x3,future_y3,future_x4,future_y4,future_x5,future_y5,future_x6,future_y6,future_x7,future_y7,future_x8,future_y8,future_x9,future_y9,future_x10,future_y10,future_x11,future_y11,future_x12,future_y12,future_x13,future_y13,future_x14,future_y14,future_x15,future_y15,future_x16,future_y16,future_x17,future_y17,future_x18,future_y18,future_x19,future_y19,future_x20,future_y20
129.0279915679555,182.9716382442141,137.62985767248585,194.53786741435897,146.23172377701624,207.73177824540343,154.8335898815466,222.5533707373476,163.43545598607696,239.00264489019136,172.03732209060732,257.07960070393483,180.6391881951377,276.78423817857794,189.24105429966806,298.1165573141207,197.84292040419842,321.07655811056316,206.44478650872878,345.66424056790527,215.04665261325914,371.8796046861468,223.6485187177895,399.72265046528827,232.2503848223199,429.19337790532927,240.85225092685027,460.2917870062701,249.45411703138066,493.0178777681104,258.055983135911,527.3716501908502,266.65784924044135,563.35310427449,275.2597153449717,600.9622400190294,283.86158144950207,640.1990574244684,292.4634475540325,681.0635564908068
