future_x1,future_y1,future_x2,future_y2,future_x3,future_y3,future_x4,future_y4,future_x5,future_y5,future_x6,future_y6,future_x7,future_y7,future_x8,future_y8,future_x9,future_y9,future_x10,future_y10,future_x11,future_y11,future_x12,future_y12,future_x13,future_y13,future_x14,future_y14,future_x15,future_y15,future_x16,future_y16,future_x17,future_y17,future_x18,future_y18,future_x19,future_y19,future_x20,future_y20
143.73456727583647,173.6866266269313,153.31687176089224,184.6338550225906,162.899176245948,197.2087650791496,172.48148073100376,211.4113567966082,182.06378521605956,227.24163017496645,191.64608970111527,244.6995852142244,201.22839418617107,263.78522191438196,210.81069867122682,284.49854027543927,220.39300315628262,306.8395402973961,229.9753076413384,330.8082219802527,239.55761212639413,356.4045853240088,249.13991661144988,383.6286303286647,258.7222210965057,412.4803569942202,268.30452558156145,442.9597653206755,277.8868300666172,475.06685530803026,287.46913455167294,508.8016269562846,297.0514390367287,544.1640802654388,306.6337435217845,581.1542152354926,316.21604800684025,619.7720318664461,325.798352491896,660.0175301582992
