future_x1,future_y1,future_x2,future_y2,future_x3,future_y3,future_x4,future_y4,future_x5,future_y5,future_x6,future_y6,future_x7,future_y7,future_x8,future_y8,future_x9,future_y9,future_x10,future_y10,future_x11,future_y11,future_x12,future_y12,future_x13,future_y13,future_x14,future_y14,future_x15,future_y15,future_x16,future_y16,future_x17,future_y17,future_x18,future_y18,future_x19,future_y19,future_x20,future_y20
149.98383749409038,170.05989344717014,159.98275999369642,180.7653396308454,169.98168249330246,193.09846747542028,179.98060499290847,207.05927698089482,189.9795274925145,222.647768147269,199.97844999212052,239.86394097454286,209.97737249172656,258.7077954627164,219.9762949913326,279.1793316117895,229.97521749093863,301.27854942176236,239.97413999054464,325.0054488926349,249.97306249015065,350.3600300244069,259.97198498975666,377.3422928170787,269.97090748936273,405.95223727065013,279.96982998896874,436.1898633851214,289.96875248857475,468.055171160492,299.96767498818076,501.54816059676233,309.96659748778677,536.6688316939324,319.96551998739284,573.4171844520022,329.96444248699885,611.7932188709717,339.9633649866049,651.7969349508405
