future_x1,future_y1,future_x2,future_y2,future_x3,future_y3,future_x4,future_y4,future_x5,future_y5,future_x6,future_y6,future_x7,future_y7,future_x8,future_y8,future_x9,future_y9,future_x10,future_y10,future_x11,future_y11,future_x12,future_y12,future_x13,future_y13,future_x14,future_y14,future_x15,future_y15,future_x16,future_y16,future_x17,future_y17,future_x18,future_y18,future_x19,future_y19,future_x20,future_y20
129.98251775181896,182.3352770092105,138.64801893527357,193.8590820970218,147.31352011872815,207.01056884573268,155.97902130218276,221.78973725534325,164.64452248563737,238.1965873258535,173.31002366909195,256.2311190572633,181.97552485254656,275.8933324495729,190.64102603600116,297.1832275027821,199.30652721945575,320.1008042168909,207.97202840291038,344.64606259189947,216.6375295863649,370.81900262780744,225.30303076981954,398.61962432461536,233.96853195327412,428.0479276823228,242.63403313672876,459.10391270093,251.29953432018337,491.78757938043674,259.9650355036379,526.098927720843,268.63053668709256,562.0379577221491,277.29603787054714,599.604669384355,285.9615390540017,638.7990627074604,294.6270402374563,679.6211376914654
