future_x1,future_y1,future_x2,future_y2,future_x3,future_y3,future_x4,future_y4,future_x5,future_y5,future_x6,future_y6,future_x7,future_y7,future_x8,future_y8,future_x9,future_y9,future_x10,future_y10,future_x11,future_y11,future_x12,future_y12,future_x13,future_y13,future_x14,future_y14,future_x15,future_y15,future_x16,future_y16,future_x17,future_y17,future_x18,future_y18,future_x19,future_y19,future_x20,future_y20
169.7171835573527,159.73665938771842,181.03166246117624,169.75388996743027,192.34614136499977,181.3988022080417,203.66062026882327,194.67139610955277,214.9750991726468,209.57167167196354,226.2895780764703,226.09962889527392,237.60405698029382,244.25526777948397,248.91853588411732,264.0385883245937,260.2330147879408,285.44959053060313,271.5474936917644,308.4882743975121,282.8619725955879,333.15463992532074,294.17645149941137,359.4486871140291,305.4909304032349,387.3704159636371,316.8054093070584,416.91982647414477,328.1198882108819,448.0969186455521,339.4343671147054,480.9016924778589,350.748846018529,515.3341479710655,362.0633249223525,551.394285125172,373.377803826176,589.0821039401778,384.69228272999953,628.3976044160834
