future_x1,future_y1,future_x2,future_y2,future_x3,future_y3,future_x4,future_y4,future_x5,future_y5,future_x6,future_y6,future_x7,future_y7,future_x8,future_y8,future_x9,future_y9,future_x10,future_y10,future_x11,future_y11,future_x12,future_y12,future_x13,future_y13,future_x14,future_y14,future_x15,future_y15,future_x16,future_y16,future_x17,future_y17,future_x18,future_y18,future_x19,future_y19,future_x20,future_y20
195.71974996477545,148.48069705730524,208.76773329576048,157.74753014832282,221.8157166267455,168.64204490024002,234.86369995773052,181.16424131305695,247.91168328871558,195.31411938677343,260.9596666197006,211.09167912138963,274.0076499506856,228.4969205169055,287.0556332816707,247.52984357332102,300.10361661265574,268.19044829063614,313.15159994364075,290.47873466885096,326.19958327462575,314.3947027079654,339.2475666056108,339.93835240797955,352.2955499365958,367.1096837688933,365.3435332675809,395.9086967907068,378.39151659856594,426.3353914734198,391.4394999295509,458.3897678170325,404.4874832605359,492.0718258215449,417.53546659152096,527.381565486957,430.583449922506,564.3189868132688,443.631433253491,602.8840898004801
