future_x1,future_y1,future_x2,future_y2,future_x3,future_y3,future_x4,future_y4,future_x5,future_y5,future_x6,future_y6,future_x7,future_y7,future_x8,future_y8,future_x9,future_y9,future_x10,future_y10,future_x11,future_y11,future_x12,future_y12,future_x13,future_y13,future_x14,future_y14,future_x15,future_y15,future_x16,future_y16,future_x17,future_y17,future_x18,future_y18,future_x19,future_y19,future_x20,future_y20
119.65426175957688,189.48765005456744,127.63121254354868,201.4882800120692,135.6081633275205,215.11659163047062,143.58511411149226,230.3725849097716,151.56206489546406,247.25625984997228,159.53901567943586,265.7676164510726,167.51596646340766,285.9066547130726,175.49291724737947,307.6733746359723,183.46986803135127,331.06777621977164,191.44681881532307,356.0898594644706,199.42376959929481,382.73962437006907,207.40072038326662,411.0170709365674,215.37767116723845,440.92219916396533,223.35462195121022,472.45500905226305,231.331572735182,505.6155006014602,239.30852351915377,540.4036738115569,247.2854743031256,576.8195286825536,255.26242508709737,614.8630652144499,263.2393758710692,654.5342834072458,271.216326655041,695.8331832609413
