future_x1,future_y1,future_x2,future_y2,future_x3,future_y3,future_x4,future_y4,future_x5,future_y5,future_x6,future_y6,future_x7,future_y7,future_x8,future_y8,future_x9,future_y9,future_x10,future_y10,future_x11,future_y11,future_x12,future_y12,future_x13,future_y13,future_x14,future_y14,future_x15,future_y15,future_x16,future_y16,future_x17,future_y17,future_x18,future_y18,future_x19,future_y19,future_x20,future_y20
149.10493404525045,170.55905949814058,159.0452629816005,181.29778341854725,168.98559191795056,193.6641889998535,178.92592085430056,207.6582762420594,188.86624979065058,223.28004514516496,198.8065787270006,240.52949570917016,208.74690766335067,259.40662793407506,218.6872365997007,279.9114418198796,228.62756553605072,302.0439373665838,238.56789447240075,325.8041145741877,248.50822340875078,351.19197344269105,258.44855234510084,378.20751397209426,268.38888128145084,406.850736162397,278.3292102178009,437.12164001359963,288.26953915415095,469.0202255257016,298.2098680905009,502.5464926987032,308.15019702685095,537.7004415326048,318.090525963201,574.4820720274059,328.03085489955106,612.8913841831067,337.9711838359011,652.928377999707
