future_x1,future_y1,future_x2,future_y2,future_x3,future_y3,future_x4,future_y4,future_x5,future_y5,future_x6,future_y6,future_x7,future_y7,future_x8,future_y8,future_x9,future_y9,future_x10,future_y10,future_x11,future_y11,future_x12,future_y12,future_x13,future_y13,future_x14,future_y14,future_x15,future_y15,future_x16,future_y16,future_x17,future_y17,future_x18,future_y18,future_x19,future_y19,future_x20,future_y20
183.17776901254769,153.59785909527946,195.38962028005088,163.20583632216204,207.60147154755404,174.4414952099442,219.8133228150572,187.30483575862598,232.0251740825604,201.79585796820749,244.23702535006356,217.91456183868863,256.4488766175667,235.66094737006944,268.66072788506995,255.0350145623499,280.87257915257317,276.03676341553,293.08443042007633,298.6661939296098,305.29628168757944,322.9233061045891,317.50813295508266,348.8080999404682,329.7199842225858,376.32057543724693,341.93183549008904,405.4607325949254,354.1436867575922,436.2285714135034,366.35553802509537,468.62409189298097,378.56738929259853,502.6472940333583,390.77924056010175,538.2981778346355,402.9910918276049,575.5767432968121,415.2029430951081,614.4829904198884
