future_x1,future_y1,future_x2,future_y2,future_x3,future_y3,future_x4,future_y4,future_x5,future_y5,future_x6,future_y6,future_x7,future_y7,future_x8,future_y8,future_x9,future_y9,future_x10,future_y10,future_x11,future_y11,future_x12,future_y12,future_x13,future_y13,future_x14,future_y14,future_x15,future_y15,future_x16,future_y16,future_x17,future_y17,future_x18,future_y18,future_x19,future_y19,future_x20,future_y20
101.53193285890926,203.59359233234395,108.30072838283657,216.5346184416975,115.06952390676383,231.10332621195062,121.83831943069113,247.2997156431034,128.60711495461842,265.1237867351559,135.37591047854568,284.57553948810795,142.144706002473,305.65497390195975,148.91350152640027,328.3620899767112,155.68229705032758,352.69688771236224,162.45109257425486,378.659367108913,169.2198880981821,406.2495281663633,175.9886836221094,435.4673708847134,182.7574791460367,466.312895263963,189.52627466996398,498.78610130411255,196.29507019389126,532.8869890051615,203.06386571781852,568.61555836711,209.83266124174583,605.9718093899584,216.60145676567313,644.9557420737065,223.37025228960042,685.567356418354,230.13904781352767,727.8066524239013
