future_x1,future_y1,future_x2,future_y2,future_x3,future_y3,future_x4,future_y4,future_x5,future_y5,future_x6,future_y6,future_x7,future_y7,future_x8,future_y8,future_x9,future_y9,future_x10,future_y10,future_x11,future_y11,future_x12,future_y12,future_x13,future_y13,future_x14,future_y14,future_x15,future_y15,future_x16,future_y16,future_x17,future_y17,future_x18,future_y18,future_x19,future_y19,future_x20,future_y20
125.56806796918711,185.31961500388545,133.93927250046625,197.04237595800842,142.3104770317454,210.39281857303098,150.6816815630245,225.3709428489532,159.0528860943037,241.9767487857751,167.4240906255828,260.21023638349664,175.79529515686195,280.07140564211784,184.1664996881411,301.5602565616387,192.53770421942025,324.6767891420592,200.9089087506994,349.4210033833794,209.2801132819785,375.7928992855991,217.65131781325766,403.79247684871865,226.0225223445368,433.4197360727377,234.39372687581596,464.67467695765663,242.76493140709508,497.557299503475,251.13613593837422,532.067603710193,259.50734046965334,568.2055895778108,267.8785450009325,605.9712571063283,276.24974953221164,645.3646062957454,284.6209540634908,686.385637146062
