future_x1,future_y1,future_x2,future_y2,future_x3,future_y3,future_x4,future_y4,future_x5,future_y5,future_x6,future_y6,future_x7,future_y7,future_x8,future_y8,future_x9,future_y9,future_x10,future_y10,future_x11,future_y11,future_x12,future_y12,future_x13,future_y13,future_x14,future_y14,future_x15,future_y15,future_x16,future_y16,future_x17,future_y17,future_x18,future_y18,future_x19,future_y19,future_x20,future_y20
201.71462930632083,146.22899959076966,215.16227126007556,155.3457195173516,228.6099132138303,166.0901211048331,242.057555167585,178.4622043532143,255.50519712133973,192.46196926249513,268.9528390750944,208.0894158326756,282.4004810288492,225.34454406375576,295.8481229826039,244.22735395573554,309.29576493635864,264.737845508615,322.74340689011336,286.8760187223942,336.19104884386803,310.6418735970728,349.63869079762276,336.0354101326513,363.0863327513775,363.0566283291293,376.5339747051322,391.7055281865072,389.981616658887,421.9821097047845,403.42925861264166,453.88637288396137,416.8769005663964,487.4183177240381,430.3245425201511,522.5779442250147,443.7721844739059,559.3652523868907,457.2198264276606,597.7802422096662
