future_x1,future_y1,future_x2,future_y2,future_x3,future_y3,future_x4,future_y4,future_x5,future_y5,future_x6,future_y6,future_x7,future_y7,future_x8,future_y8,future_x9,future_y9,future_x10,future_y10,future_x11,future_y11,future_x12,future_y12,future_x13,future_y13,future_x14,future_y14,future_x15,future_y15,future_x16,future_y16,future_x17,future_y17,future_x18,future_y18,future_x19,future_y19,future_x20,future_y20
178.89299564780544,155.47706202063728,190.81919535765914,165.21031944254372,202.74539506751285,176.57125852534972,214.67159477736655,189.55987926905541,226.59779448722026,204.17618167366078,238.5239941970739,220.42016573916575,250.45019390692764,238.2918314655704,262.37639361678134,257.79117885287474,274.302593326635,278.9182079010787,286.22879303648875,301.67291861018236,298.1549927463424,326.0553109801855,310.0811924561961,352.0653850110885,322.0073921660498,379.70314070289106,333.9335918759035,408.9685780555934,345.85979158575725,439.8616970691952,357.78599129561087,472.3824977436966,369.7121910054646,506.53098007909784,381.6383907153183,542.3071440753989,393.564590425172,579.7109897325994,405.4907901350257,618.7425170506995
