future_x1,future_y1,future_x2,future_y2,future_x3,future_y3,future_x4,future_y4,future_x5,future_y5,future_x6,future_y6,future_x7,future_y7,future_x8,future_y8,future_x9,future_y9,future_x10,future_y10,future_x11,future_y11,future_x12,future_y12,future_x13,future_y13,future_x14,future_y14,future_x15,future_y15,future_x16,future_y16,future_x17,future_y17,future_x18,future_y18,future_x19,future_y19,future_x20,future_y20
173.63254098935244,157.87911456082503,185.20804372197594,167.77250881874397,196.78354645459945,179.29358473756253,208.35904918722295,192.44234231728075,219.93455191984646,207.21878155789858,231.51005465246993,223.62290245941608,243.08555738509344,241.65470502183325,254.66106011771694,261.3141892451501,266.2365628503404,282.6013551293666,277.81206558296395,305.51620267448277,289.3875683155874,330.0587318804984,300.9630710482109,356.22894274741395,312.53857378083444,384.02683527522896,324.1140765134579,413.45240946394387,335.68957924608145,444.50566531355815,347.26508197870487,477.1866028240721,358.8405847113284,511.4952219954859,370.4160874439519,547.4315228277994,381.9915901765754,584.9955053210125,393.5670929091989,624.1871694751251
