future_x1,future_y1,future_x2,future_y2,future_x3,future_y3,future_x4,future_y4,future_x5,future_y5,future_x6,future_y6,future_x7,future_y7,future_x8,future_y8,future_x9,future_y9,future_x10,future_y10,future_x11,future_y11,future_x12,future_y12,future_x13,future_y13,future_x14,future_y14,future_x15,future_y15,future_x16,future_y16,future_x17,future_y17,future_x18,future_y18,future_x19,future_y19,future_x20,future_y20
123.46869167542725,186.77650049836228,131.69993778712242,198.59638715211705,139.93118389881755,212.04395546677142,148.1624300105127,227.11920544232544,156.39367612220786,243.8221370787791,164.62492223390302,262.1527503761324,172.85616834559818,282.1110453343854,181.08741445729333,303.69702195353807,189.3186605689885,326.91068023359037,197.54990668068365,351.75202017454234,205.78115279237878,378.2210417763938,214.0123989040739,406.31774503914517,222.24364501576906,436.042129962796,230.47489112746425,467.3941965473467,238.7061372391594,500.37394479279686,246.9373833508545,534.9813746991466,255.1686294625497,571.2164862663963,263.39987557424485,609.0792794945455,271.63112168594,648.5697543835944,279.8623677976351,689.6879109335429
