future_x1,future_y1,future_x2,future_y2,future_x3,future_y3,future_x4,future_y4,future_x5,future_y5,future_x6,future_y6,future_x7,future_y7,future_x8,future_y8,future_x9,future_y9,future_x10,future_y10,future_x11,future_y11,future_x12,future_y12,future_x13,future_y13,future_x14,future_y14,future_x15,future_y15,future_x16,future_y16,future_x17,future_y17,future_x18,future_y18,future_x19,future_y19,future_x20,future_y20
184.4728102469219,153.0432747450155,196.7709975967167,162.6142796818805,209.06918494651148,173.81296627964502,221.3673722963063,186.63933453830927,233.66555964610112,201.09338445787316,245.96374699589586,217.17511603833674,258.2619343456907,234.88452927969993,270.56012169548546,254.22162418196277,282.8583090452803,275.1864007451253,295.1564963950751,297.77885896918747,307.45468374486984,321.9989988541492,319.7528710946646,347.8468204000107,332.05105844445944,375.3223236067718,344.3492457942542,404.4255084744327,356.64743314404905,435.15637500299306,368.9456204938438,467.51492319245307,381.2438078436386,501.5011530428129,393.5419951934334,537.1150645540724,405.84018254322825,574.3566577262316,418.13836989302297,613.2259325592901
