future_x1,future_y1,future_x2,future_y2,future_x3,future_y3,future_x4,future_y4,future_x5,future_y5,future_x6,future_y6,future_x7,future_y7,future_x8,future_y8,future_x9,future_y9,future_x10,future_y10,future_x11,future_y11,future_x12,future_y12,future_x13,future_y13,future_x14,future_y14,future_x15,future_y15,future_x16,future_y16,future_x17,future_y17,future_x18,future_y18,future_x19,future_y19,future_x20,future_y20
105.11500714488629,200.63336088871839,112.12267428787872,213.37703823516352,119.13034143087114,227.74839724250833,126.13800857386354,243.7474379107527,133.14567571685598,261.3741602398968,140.15334285984838,280.62856422994054,147.1610100028408,301.51064988088393,154.16867714583324,324.020417192727,161.17634428882565,348.1578661654697,168.18401143181808,373.92299679911207,175.1916785748105,401.31580909365397,182.1993457178029,430.3363030490957,189.20701286079534,460.984478665437,196.21468000378778,493.2603359426781,203.22234714678018,527.1638748808186,210.23001428977258,562.6950954798588,217.23768143276502,599.8539977397988,224.24534857575745,638.6405816606385,231.25301571874988,679.0548472423777,238.26068286174228,721.0967944850166
