future_x1,future_y1,future_x2,future_y2,future_x3,future_y3,future_x4,future_y4,future_x5,future_y5,future_x6,future_y6,future_x7,future_y7,future_x8,future_y8,future_x9,future_y9,future_x10,future_y10,future_x11,future_y11,future_x12,future_y12,future_x13,future_y13,future_x14,future_y14,future_x15,future_y15,future_x16,future_y16,future_x17,future_y17,future_x18,future_y18,future_x19,future_y19,future_x20,future_y20
101.11822234488235,203.9412111793805,107.85943716787453,216.90541187853648,114.60065199086668,231.49729423859202,121.34186681385884,247.71685825954728,128.083081636851,265.56410394140215,134.82429645984317,285.0390312841567,141.5655112828353,306.1416402878109,148.3067261058275,328.8719309523648,155.04794092881963,353.22990327781827,161.78915575181182,379.2155572641715,168.53037057480395,406.82889291142413,175.27158539779612,436.0699102195767,182.01280022078828,466.9386091886288,188.75401504378044,499.4349898185807,195.4952298667726,533.5590521094321,202.2364446897647,569.310796061183,208.97765951275687,606.6902216738339,215.71887433574906,645.6973289473844,222.46008915874123,686.3321178818345,229.20130398173336,728.5945884771841
