future_x1,future_y1,future_x2,future_y2,future_x3,future_y3,future_x4,future_y4,future_x5,future_y5,future_x6,future_y6,future_x7,future_y7,future_x8,future_y8,future_x9,future_y9,future_x10,future_y10,future_x11,future_y11,future_x12,future_y12,future_x13,future_y13,future_x14,future_y14,future_x15,future_y15,future_x16,future_y16,future_x17,future_y17,future_x18,future_y18,future_x19,future_y19,future_x20,future_y20
173.78460402892807,157.80818383390897,185.37024429752327,167.6968493767002,196.9558845661185,179.21319658039096,208.5415248347137,192.35722544498145,220.12716510330893,207.12893597047156,231.7128053719041,223.52832815686133,243.29844564049932,241.55540200415075,254.88408590909452,261.21015751233983,266.4697261776897,282.4925946814286,278.05536644628495,305.402713511417,289.6410067148801,329.94051400230495,301.22664698347535,356.10599615409274,312.8122872520706,383.8991599667801,324.3979275206658,413.3200054403672,335.983567789261,444.3685325748538,347.56920805785614,477.04474137024,359.1548483264513,511.34863182652606,370.74048859504654,547.2802039437117,382.32612886364177,584.8394577217971,393.911769132237,624.0263931607819
