future_x1,future_y1,future_x2,future_y2,future_x3,future_y3,future_x4,future_y4,future_x5,future_y5,future_x6,future_y6,future_x7,future_y7,future_x8,future_y8,future_x9,future_y9,future_x10,future_y10,future_x11,future_y11,future_x12,future_y12,future_x13,future_y13,future_x14,future_y14,future_x15,future_y15,future_x16,future_y16,future_x17,future_y17,future_x18,future_y18,future_x19,future_y19,future_x20,future_y20
167.39271655695865,160.86822939884797,178.5522309940892,170.96089797930182,189.71174543121978,182.6812482206552,200.87125986835036,196.02928012290826,212.03077430548092,211.00499368606097,223.19028874261147,227.60838891011335,234.34980317974208,245.83946579506537,245.50931761687266,265.6982243409171,256.66883205400325,287.18466454766843,267.82834649113386,310.29878641531946,278.98786092826435,335.04058994387,290.14737536539496,361.4100751333204,301.3068898025255,389.4072419836703,312.46640423965613,419.03209049492006,323.6259186767867,450.28462066706925,334.7854331139173,483.164832500118,345.94494755104785,517.6727259940667,357.1044619881784,553.808301148915,368.263976425309,591.5715579646629,379.42349086243956,630.9624964413103
