future_x1,future_y1,future_x2,future_y2,future_x3,future_y3,future_x4,future_y4,future_x5,future_y5,future_x6,future_y6,future_x7,future_y7,future_x8,future_y8,future_x9,future_y9,future_x10,future_y10,future_x11,future_y11,future_x12,future_y12,future_x13,future_y13,future_x14,future_y14,future_x15,future_y15,future_x16,future_y16,future_x17,future_y17,future_x18,future_y18,future_x19,future_y19,future_x20,future_y20
102.08468440239757,203.1310486834088,108.89033002922409,216.0412385495,115.69597565605059,230.57911007649082,122.5016212828771,246.74466326438127,129.3072669097036,264.53789811317137,136.11291253653008,283.9588146228611,142.9185581633566,305.00741279345056,149.7242037901831,327.6836926249397,156.52984941700961,351.98765411732836,163.33549504383615,377.91929727061677,170.14114067066262,405.47862208480467,176.94678629748913,434.66562855989247,183.75243192431563,465.4803166958798,190.55807755114213,497.92268649276696,197.36372317796867,531.9927379505535,204.16936880479514,567.6904710692397,210.97501443162164,605.0158858488257,217.78066005844818,643.9689822893115,224.58630568527465,684.5497603906967,231.39195131210118,726.7582201529816
