future_x1,future_y1,future_x2,future_y2,future_x3,future_y3,future_x4,future_y4,future_x5,future_y5,future_x6,future_y6,future_x7,future_y7,future_x8,future_y8,future_x9,future_y9,future_x10,future_y10,future_x11,future_y11,future_x12,future_y12,future_x13,future_y13,future_x14,future_y14,future_x15,future_y15,future_x16,future_y16,future_x17,future_y17,future_x18,future_y18,future_x19,future_y19,future_x20,future_y20
98.63532465523426,206.05344936560897,105.21101296558322,219.15846594384683,111.78670127593219,233.8911641829843,118.36238958628113,250.25154408302146,124.93807789663008,268.23960564395827,131.51376620697903,287.85534886579467,138.08945451732797,309.0987737485308,144.66514282767693,331.9698802921665,151.2408311380259,356.468668496702,157.81651944837486,382.59513836213705,164.39220775872377,410.3492898884716,170.96789606907274,439.7311230757061,177.5435843794217,470.7406379238401,184.11927268977064,503.3778344328739,190.6949610001196,537.6427126028071,197.2706493104685,573.5352724336401,203.84633762081748,611.0555139253727,210.42202593116644,650.2034370780051,216.9977142415154,690.979041891537,223.57340255186438,733.3823283659686
