future_x1,future_y1,future_x2,future_y2,future_x3,future_y3,future_x4,future_y4,future_x5,future_y5,future_x6,future_y6,future_x7,future_y7,future_x8,future_y8,future_x9,future_y9,future_x10,future_y10,future_x11,future_y11,future_x12,future_y12,future_x13,future_y13,future_x14,future_y14,future_x15,future_y15,future_x16,future_y16,future_x17,future_y17,future_x18,future_y18,future_x19,future_y19,future_x20,future_y20
114.22855312425483,193.49178218592732,121.84378999920516,205.75935428551975,129.4590268741555,219.6546080460118,137.0742637491058,235.1775434674035,144.68950062405614,252.32816054969481,152.30473749900645,271.1064592928858,159.9199743739568,291.51243969697646,167.5352112489071,313.5461017619668,175.15044812385742,337.2074454878567,182.76568499880779,362.49647087464643,190.38092187375804,389.4131779223356,197.9961587487084,417.9575666309246,205.6113956236587,448.1296370004131,213.22663249860906,479.9293890308015,220.8418693735594,513.3568227220893,228.45710624850966,548.4119380742767,236.07234312346,585.0947350873639,243.6875799984103,623.405213761351,251.30281687336065,663.3433740962375,258.918053748311,704.9092160920236
