future_x1,future_y1,future_x2,future_y2,future_x3,future_y3,future_x4,future_y4,future_x5,future_y5,future_x6,future_y6,future_x7,future_y7,future_x8,future_y8,future_x9,future_y9,future_x10,future_y10,future_x11,future_y11,future_x12,future_y12,future_x13,future_y13,future_x14,future_y14,future_x15,future_y15,future_x16,future_y16,future_x17,future_y17,future_x18,future_y18,future_x19,future_y19,future_x20,future_y20
152.66193774932066,168.56041370296225,162.83940026594206,179.165894570357,173.01686278256346,191.39905709865133,183.1943252991848,205.25990128784537,193.3717878158062,220.74842713793905,203.54925033242756,237.86463464893237,213.72671284904897,256.6085238208253,223.90417536567034,276.98009465361804,234.08163788229172,298.9793471473103,244.2591003989131,322.60628130190224,254.43656291553444,347.8608971173938,264.61402543215587,374.74319459378506,274.7914879487772,403.25317373107595,284.9689504653986,433.39083452926667,295.14641298202,465.1561769883568,305.3238754986413,498.54920110834655,315.5013380152627,533.5699068892361,325.6788005318841,570.2182943310255,335.85626304850547,608.4943634337144,346.03372556512693,648.3981141973027
