future_x1,future_y1,future_x2,future_y2,future_x3,future_y3,future_x4,future_y4,future_x5,future_y5,future_x6,future_y6,future_x7,future_y7,future_x8,future_y8,future_x9,future_y9,future_x10,future_y10,future_x11,future_y11,future_x12,future_y12,future_x13,future_y13,future_x14,future_y14,future_x15,future_y15,future_x16,future_y16,future_x17,future_y17,future_x18,future_y18,future_x19,future_y19,future_x20,future_y20
166.60406425639434,161.257094182598,177.7110018734873,171.3756870819685,188.81793949058027,183.12196164223855,199.9248771076732,196.4959178634083,211.03181472476618,211.49755574547765,222.13875234185912,228.1268752884467,233.2456899589521,246.3838764923154,244.35262757604505,266.26855935708375,255.459565193138,287.78092388275184,266.566502810231,310.9209700693195,277.6734404273239,335.6886979167867,288.78037804441686,362.0841074251538,299.88731566150983,390.1071985944203,310.9942532786028,419.7579714245868,322.10119089569577,451.03642591565256,333.2081285127887,483.94256206761804,344.31506612988164,518.4763798804834,355.4220037469746,554.6378793542484,366.5289413640676,592.427060488913,377.63587898116054,631.8439232844771
