future_x1,future_y1,future_x2,future_y2,future_x3,future_y3,future_x4,future_y4,future_x5,future_y5,future_x6,future_y6,future_x7,future_y7,future_x8,future_y8,future_x9,future_y9,future_x10,future_y10,future_x11,future_y11,future_x12,future_y12,future_x13,future_y13,future_x14,future_y14,future_x15,future_y15,future_x16,future_y16,future_x17,future_y17,future_x18,future_y18,future_x19,future_y19,future_x20,future_y20
135.73419875490964,178.6020589484064,144.7831453385703,189.87698283216415,153.83209192223097,202.7795883768214,162.88103850589158,217.3098755823784,171.92998508955225,233.46784444883497,180.97893167321288,251.25349497619126,190.02787825687352,270.66682716444717,199.0768248405342,291.7078410136028,208.12577142419482,314.37653652365805,217.17471800785546,338.67291369461293,226.22366459151607,364.59697252646737,235.27261117517673,392.14871301922165,244.3215577588374,421.3281351728755,253.37050434249804,452.1352389874291,262.4194509261587,484.5700244628822,271.4683975098193,518.6324915992349,280.51734409347995,554.3226403964875,289.5662906771406,591.6404708546397,298.6152372608013,630.5859829736914,307.66418384446195,671.1591767536428
