future_x1,future_y1,future_x2,future_y2,future_x3,future_y3,future_x4,future_y4,future_x5,future_y5,future_x6,future_y6,future_x7,future_y7,future_x8,future_y8,future_x9,future_y9,future_x10,future_y10,future_x11,future_y11,future_x12,future_y12,future_x13,future_y13,future_x14,future_y14,future_x15,future_y15,future_x16,future_y16,future_x17,future_y17,future_x18,future_y18,future_x19,future_y19,future_x20,future_y20
161.59740273225648,163.78516016987473,172.37056291440692,174.07229080173033,183.14372309655738,185.98710309448552,193.9168832787078,199.52959704814037,204.69004346085822,214.6997726626949,215.46320364300863,231.49762993814906,226.23636382515906,249.9231688745029,237.00952400730952,269.97638947175636,247.78268418945996,291.65729172990945,258.5558443716104,314.96587564896225,269.3290045537608,339.9021412289146,280.1021647359113,366.46608846976676,290.87532491806166,394.6577173715185,301.6484851002121,424.47702793417,312.4216452823626,455.924020157721,323.19480546451297,488.9986940421715,333.9679656466634,523.701049587522,344.74112582881384,560.0310867937721,355.51428601096427,597.9888056609218,366.28744619311476,637.5742061889711
