future_x1,future_y1,future_x2,future_y2,future_x3,future_y3,future_x4,future_y4,future_x5,future_y5,future_x6,future_y6,future_x7,future_y7,future_x8,future_y8,future_x9,future_y9,future_x10,future_y10,future_x11,future_y11,future_x12,future_y12,future_x13,future_y13,future_x14,future_y14,future_x15,future_y15,future_x16,future_y16,future_x17,future_y17,future_x18,future_y18,future_x19,future_y19,future_x20,future_y20
195.83644482651331,148.43569196791958,208.89220781494754,157.69952471964484,221.9479708033818,168.5910391322697,235.00373379181602,181.1102352057942,248.0594967802502,195.25711294021835,261.11525976868444,211.03167233554217,274.1710227571187,228.43391339176566,287.2267857455529,247.46383610888878,300.28254873398714,268.1214404869116,313.33831172242134,290.406726525834,326.39407471085553,314.319694225656,339.4498376992898,339.8603435863779,352.50560068772404,367.0286746079993,365.56136367615824,395.82468729052044,378.6171266645925,426.24838163394105,391.67288965302663,458.2997576382612,404.7286526414609,491.9788153034813,417.7844156298951,527.2855546296012,430.84017861832933,564.2199756166204,443.8959416067636,602.7820782645395
