future_x1,future_y1,future_x2,future_y2,future_x3,future_y3,future_x4,future_y4,future_x5,future_y5,future_x6,future_y6,future_x7,future_y7,future_x8,future_y8,future_x9,future_y9,future_x10,future_y10,future_x11,future_y11,future_x12,future_y12,future_x13,future_y13,future_x14,future_y14,future_x15,future_y15,future_x16,future_y16,future_x17,future_y17,future_x18,future_y18,future_x19,future_y19,future_x20,future_y20
175.03346481401925,157.22903737854313,186.70236246828722,167.07909315764329,198.37126012255516,178.556830597643,210.04015777682312,191.66224969854244,221.70905543109106,206.3953504603415,233.37795308535902,222.75613288304015,245.04685073962696,240.74459696663857,256.7157483938949,260.3607427111366,268.3846460481629,281.6045701165343,280.05354370243083,304.47607918283165,291.72244135669877,328.9752699100285,303.3913390109667,355.1021422981252,315.0602366652347,382.8566963471215,326.72913431950263,412.2389320570176,338.39803197377057,443.24884942781307,350.0669296280385,475.8864484595083,361.7358272823065,510.15172915210326,373.40472493657444,546.0446915055979,385.0736225908424,583.5653355199922,396.7425202451103,622.713661195286
