future_x1,future_y1,future_x2,future_y2,future_x3,future_y3,future_x4,future_y4,future_x5,future_y5,future_x6,future_y6,future_x7,future_y7,future_x8,future_y8,future_x9,future_y9,future_x10,future_y10,future_x11,future_y11,future_x12,future_y12,future_x13,future_y13,future_x14,future_y14,future_x15,future_y15,future_x16,future_y16,future_x17,future_y17,future_x18,future_y18,future_x19,future_y19,future_x20,future_y20
199.0396279060253,147.21861612478148,212.30893643309363,156.4013104869642,225.578244960162,167.2116865100465,238.84755348723033,179.64974419402847,252.1168620142987,193.71548353891006,265.38617054136705,209.40890454469135,278.6554790684354,226.73000721137228,291.92478759550374,245.67879153895288,305.19409612257215,266.2552575274331,318.4634046496405,288.45940517681305,331.73271317670884,312.2912344870925,345.00202170377713,337.75074545827175,358.27133023084554,364.8379380903506,371.5406387579139,393.5528123833292,384.8099472849823,423.8953683372073,398.0792558120506,455.865605951985,411.3485643391189,489.46352522766256,424.61787286618727,524.6891261642398,437.8871813932557,561.5424087617166,451.156489920324,600.023373020093
