future_x1,future_y1,future_x2,future_y2,future_x3,future_y3,future_x4,future_y4,future_x5,future_y5,future_x6,future_y6,future_x7,future_y7,future_x8,future_y8,future_x9,future_y9,future_x10,future_y10,future_x11,future_y11,future_x12,future_y12,future_x13,future_y13,future_x14,future_y14,future_x15,future_y15,future_x16,future_y16,future_x17,future_y17,future_x18,future_y18,future_x19,future_y19,future_x20,future_y20
162.55439579175953,163.29391922281064,173.39135551121018,173.5483004581953,184.2283152306608,185.43036335447954,195.06527495011142,198.94010791166346,205.9022346695621,214.07753412974702,216.7391943890127,230.84264200873025,227.57615410846333,249.23543154861312,238.41311382791395,269.25590274939566,249.25007354736462,290.90405561107787,260.08703326681524,314.17989013365974,270.9239929862659,339.0834063171411,281.7609527057165,365.6146041615224,292.5979124251672,393.77348366680314,303.43487214461777,423.56004483298364,314.2718318640684,454.9742876600638,325.10879158351906,488.01621214804334,335.94575130296965,522.6858182969229,346.78271102242036,558.983106106702,357.61967074187095,596.9080755773808,368.4566304613216,636.4607267089591
