future_x1,future_y1,future_x2,future_y2,future_x3,future_y3,future_x4,future_y4,future_x5,future_y5,future_x6,future_y6,future_x7,future_y7,future_x8,future_y8,future_x9,future_y9,future_x10,future_y10,future_x11,future_y11,future_x12,future_y12,future_x13,future_y13,future_x14,future_y14,future_x15,future_y15,future_x16,future_y16,future_x17,future_y17,future_x18,future_y18,future_x19,future_y19,future_x20,future_y20
110.22772159012636,196.56057195415534,117.57623636280145,209.03273003829628,124.92475113547655,223.13256978333683,132.27326590815161,238.86009118927709,139.6217806808267,256.2152942561169,146.97029545350182,275.1981789838565,154.3188102261769,295.80874537249565,161.667324998852,318.0469934220345,169.01583977152708,341.91292313247305,176.36435454420217,367.4065345038112,183.71286931687726,394.5278275360489,191.06138408955235,423.27680222918644,198.40989886222744,453.65345858322354,205.75841363490252,485.6577965981604,213.10692840757764,519.2898162739967,220.45544318025273,554.5495176107327,227.8039579529278,591.4369006083685,235.1524727256029,629.9519652669039,242.500987498278,670.0947115863391,249.8495022709531,711.8651395666736
