future_x1,future_y1,future_x2,future_y2,future_x3,future_y3,future_x4,future_y4,future_x5,future_y5,future_x6,future_y6,future_x7,future_y7,future_x8,future_y8,future_x9,future_y9,future_x10,future_y10,future_x11,future_y11,future_x12,future_y12,future_x13,future_y13,future_x14,future_y14,future_x15,future_y15,future_x16,future_y16,future_x17,future_y17,future_x18,future_y18,future_x19,future_y19,future_x20,future_y20
104.53876838593519,201.1034119771588,111.5080196116642,213.8784260628333,118.4772708373932,228.28112180940744,125.44652206312222,244.31149921688126,132.41577328885123,261.96955828525466,139.38502451458024,281.2552990145278,146.35427574030925,302.1687214047005,153.3235269660383,324.70982545577294,160.2927781917673,348.878611167745,167.2620294174963,374.6750785406167,174.2312806432253,402.099227574388,181.20053186895433,431.1510582690591,188.16978309468334,461.8305706246298,195.13903432041235,494.1377646411002,202.1082855461414,528.0726403184701,209.07753677187037,563.6351976567396,216.04678799759935,600.825436655909,223.0160392233284,639.643357315978,229.9852904490574,680.0889596369468,236.9545416747864,722.1622436188148
