future_x1,future_y1,future_x2,future_y2,future_x3,future_y3,future_x4,future_y4,future_x5,future_y5,future_x6,future_y6,future_x7,future_y7,future_x8,future_y8,future_x9,future_y9,future_x10,future_y10,future_x11,future_y11,future_x12,future_y12,future_x13,future_y13,future_x14,future_y14,future_x15,future_y15,future_x16,future_y16,future_x17,future_y17,future_x18,future_y18,future_x19,future_y19,future_x20,future_y20
128.18398222356115,183.5383952189589,136.72958103846526,195.1424081874201,145.27517985336934,208.3741028167809,153.8207786682734,223.23347910704138,162.36637748317747,239.7205370582015,170.91197629808156,257.83527667026124,179.45757511298564,277.57769794322064,188.00317392788972,298.94780087707977,196.5487727427938,321.9455854718385,205.09437155769788,346.5710517274969,213.63997037260197,372.82419964405483,222.18556918750605,400.70502922151263,230.7311680024101,430.21354045986993,239.27676681731418,461.3497333591271,247.82236563221826,494.1136079192837,256.3679644471223,528.5051641403398,264.9135632620264,564.5244020222959,273.4591620769305,602.1713215651516,282.00476089183456,641.4459227689069,290.5503597067387,682.3482056335617
