future_x1,future_y1,future_x2,future_y2,future_x3,future_y3,future_x4,future_y4,future_x5,future_y5,future_x6,future_y6,future_x7,future_y7,future_x8,future_y8,future_x9,future_y9,future_x10,future_y10,future_x11,future_y11,future_x12,future_y12,future_x13,future_y13,future_x14,future_y14,future_x15,future_y15,future_x16,future_y16,future_x17,future_y17,future_x18,future_y18,future_x19,future_y19,future_x20,future_y20
155.84442408294743,166.82000287480668,166.23405235514392,177.30945635365774,176.62368062734043,189.42659149340838,187.01330889953692,203.17140829405866,197.4029371717334,218.54390675560862,207.79256544392993,235.54408687805827,218.1821937161264,254.17194866140753,228.57182198832294,274.4274921056565,238.9614502605194,296.3107172108051,249.35107853271592,319.82162397685335,259.74070680491235,344.96021240380117,270.1303350771089,371.72648249164877,280.5199633493054,400.1204342403959,290.9095916215019,430.1420676500429,301.2992198936984,461.79138272058935,311.68884816589485,495.0683794520354,322.07847643809134,529.9730578443813,332.46810471028783,566.5054178976269,342.8577329824844,604.6654596117721,353.24736125468087,644.4531829868167
