future_x1,future_y1,future_x2,future_y2,future_x3,future_y3,future_x4,future_y4,future_x5,future_y5,future_x6,future_y6,future_x7,future_y7,future_x8,future_y8,future_x9,future_y9,future_x10,future_y10,future_x11,future_y11,future_x12,future_y12,future_x13,future_y13,future_x14,future_y14,future_x15,future_y15,future_x16,future_y16,future_x17,future_y17,future_x18,future_y18,future_x19,future_y19,future_x20,future_y20
106.89341034563415,199.19692911180906,114.01963770200976,211.8448443397936,121.14586505838538,226.12044122867775,128.27209241476098,242.02371977846155,135.3983197711366,259.55467998914503,142.5245471275122,278.7133218607281,149.6507744838878,299.49964539321087,156.77700184026344,321.9136505865933,163.90322919663905,345.9553374408754,171.02945655301465,371.62470595605714,178.15568390939023,398.92175613213846,185.28191126576587,427.84648796911955,192.40813862214148,458.3989014670002,199.5343659785171,490.5789966257807,206.6605933348927,524.3867734454607,213.7868206912683,559.8222319260401,220.9130480476439,596.8853720675195,228.03927540401952,635.5761938698986,235.16550276039516,675.8946973331773,242.29173011677076,717.8408824573555
