future_x1,future_y1,future_x2,future_y2,future_x3,future_y3,future_x4,future_y4,future_x5,future_y5,future_x6,future_y6,future_x7,future_y7,future_x8,future_y8,future_x9,future_y9,future_x10,future_y10,future_x11,future_y11,future_x12,future_y12,future_x13,future_y13,future_x14,future_y14,future_x15,future_y15,future_x16,future_y16,future_x17,future_y17,future_x18,future_y18,future_x19,future_y19,future_x20,future_y20
190.52687868968388,150.5314571643256,203.2286706023295,159.93500759581124,215.9304625149751,170.96623968819648,228.63225442762064,183.62515344148136,241.33404634026624,197.91174885566593,254.0358382529118,213.82602593075018,266.7376301655574,231.36798466673403,279.439422078203,250.53762506361755,292.1412139908486,271.3349471214007,304.8430059034942,293.7599508400836,317.54479781613975,317.812636219666,330.24658972878535,343.49300326014816,342.94838164143096,370.80105196153,355.65017355407656,399.73678232381155,368.35196546672216,430.3001943469926,381.05375737936777,462.4912880310732,393.75554929201337,496.3100633760537,406.457341204659,531.7565203819339,419.1591331173046,568.8306590487136,431.8609250299502,607.532479376393
