future_x1,future_y1,future_x2,future_y2,future_x3,future_y3,future_x4,future_y4,future_x5,future_y5,future_x6,future_y6,future_x7,future_y7,future_x8,future_y8,future_x9,future_y9,future_x10,future_y10,future_x11,future_y11,future_x12,future_y12,future_x13,future_y13,future_x14,future_y14,future_x15,future_y15,future_x16,future_y16,future_x17,future_y17,future_x18,future_y18,future_x19,future_y19,future_x20,future_y20
150.63480248625928,169.6924445173009,160.67712265200993,180.37339410565158,170.71944281776055,192.68202535490187,180.76176298351115,206.61833826505182,190.80408314926177,222.18233283610138,200.8464033150124,239.3740090680506,210.88872348076302,258.1933669608995,220.93104364651361,278.6404065146481,230.97336381226427,300.7151277292963,241.0156839780149,324.41753060484416,251.0580041437655,349.7476151412916,261.1003243095161,376.70538133863886,271.14264447526676,405.29082919688557,281.18496464101736,435.5039587160322,291.227284806768,467.3447698960783,301.26960497251855,500.8132627370239,311.3119251382692,535.9094372388694,321.35424530401986,572.6332934016147,331.3965654697705,610.9848312252594,341.4388856355211,650.9640507098037
