future_x1,future_y1,future_x2,future_y2,future_x3,future_y3,future_x4,future_y4,future_x5,future_y5,future_x6,future_y6,future_x7,future_y7,future_x8,future_y8,future_x9,future_y9,future_x10,future_y10,future_x11,future_y11,future_x12,future_y12,future_x13,future_y13,future_x14,future_y14,future_x15,future_y15,future_x16,future_y16,future_x17,future_y17,future_x18,future_y18,future_x19,future_y19,future_x20,future_y20
164.9814732109241,162.06510665491493,175.98023809165235,172.23756705243986,186.97900297238067,184.0377091108644,197.9777678531089,197.4655328301886,208.97653273383716,212.52103821041243,219.97529761456545,229.20422525153595,230.9740624952937,247.5150939535591,241.972827376022,267.4536443164819,252.97159225675028,289.01987634030445,263.9703571374786,312.2137900250265,274.9691220182068,337.0353853706482,285.9678868989351,363.48466237716974,296.9666517796634,391.5616210445908,307.96541666039167,421.2662613729117,318.96418154111996,452.598583362132,329.9629464218482,485.5585870122519,340.9617113025764,520.1462723232717,351.9604761833047,556.3616392951911,362.959241064033,594.2046879280102,373.95800594476134,633.6754182217288
