future_x1,future_y1,future_x2,future_y2,future_x3,future_y3,future_x4,future_y4,future_x5,future_y5,future_x6,future_y6,future_x7,future_y7,future_x8,future_y8,future_x9,future_y9,future_x10,future_y10,future_x11,future_y11,future_x12,future_y12,future_x13,future_y13,future_x14,future_y14,future_x15,future_y15,future_x16,future_y16,future_x17,future_y17,future_x18,future_y18,future_x19,future_y19,future_x20,future_y20
128.16604971515753,183.55047871415962,136.71045302950137,195.15529724896754,145.25485634384523,208.38779744467507,153.79925965818904,223.24797930128221,162.34366297253288,239.73584281878902,170.88806628687672,257.8513879971955,179.43246960122056,277.59461483650165,187.9768729155644,298.96552333670746,196.52127622990824,321.96411349781295,205.06567954425208,346.59038531981804,213.6100828585959,372.84433880272275,222.15448617293973,400.72597394652723,230.69888948728357,430.2352907512312,239.24329280162743,461.3722892168351,247.78769611597127,494.13696934333836,256.33209943031505,528.5293311307413,264.8765027446589,564.5493745790441,273.42090605900273,602.1970996882466,281.9653093733466,641.4725064583486,290.50971268769047,682.3755948893502
