future_x1,future_y1,future_x2,future_y2,future_x3,future_y3,future_x4,future_y4,future_x5,future_y5,future_x6,future_y6,future_x7,future_y7,future_x8,future_y8,future_x9,future_y9,future_x10,future_y10,future_x11,future_y11,future_x12,future_y12,future_x13,future_y13,future_x14,future_y14,future_x15,future_y15,future_x16,future_y16,future_x17,future_y17,future_x18,future_y18,future_x19,future_y19,future_x20,future_y20
130.08174028202987,182.26940666833121,138.75385630083184,193.78882040008392,147.42597231963384,206.9359157927362,156.09808833843584,221.71069284628817,164.77020435723782,238.11315156073974,173.44232037603982,256.14329193609103,182.1144363948418,275.8011139723419,190.7865524136438,297.0866176694925,199.4586684324458,319.9998030275427,208.1307844512478,344.54067004649266,216.80290047004974,370.70921872634204,225.47501648885176,398.50544906709126,234.14713250765377,427.92936106874015,242.81924852645574,458.98095473128876,251.49136454525774,491.6602300547368,260.16348056405974,525.9671870390845,268.83559658286174,561.901825684332,277.5077126016637,599.4641459904793,286.1798286204657,638.654147957526,294.8519446392677,679.4718315854724
