future_x1,future_y1,future_x2,future_y2,future_x3,future_y3,future_x4,future_y4,future_x5,future_y5,future_x6,future_y6,future_x7,future_y7,future_x8,future_y8,future_x9,future_y9,future_x10,future_y10,future_x11,future_y11,future_x12,future_y12,future_x13,future_y13,future_x14,future_y14,future_x15,future_y15,future_x16,future_y16,future_x17,future_y17,future_x18,future_y18,future_x19,future_y19,future_x20,future_y20
152.36342854830028,168.72595766245377,162.5209904515203,179.3424747938146,172.67855235474033,191.58667358607508,182.83611425796033,205.4585540392352,192.99367616118036,220.95811615329495,203.1512380644004,238.0853599282544,213.30879996762042,256.84028536411347,223.46636187084042,277.22289246087223,233.62392377406044,299.2331812185306,243.7814856772805,322.8711516370887,253.93904758050044,348.1368037165463,264.0966094837205,375.03013745690373,274.2541713869405,403.55115285816066,284.41173329016056,433.6998499203175,294.5692951933805,465.4762286433737,304.72685709660055,498.8802890273296,314.8844189998206,533.9120310721853,325.0419809030406,570.5714547779406,335.19954280626064,608.8585601445957,345.35710470948067,648.7733471721501
