future_x1,future_y1,future_x2,future_y2,future_x3,future_y3,future_x4,future_y4,future_x5,future_y5,future_x6,future_y6,future_x7,future_y7,future_x8,future_y8,future_x9,future_y9,future_x10,future_y10,future_x11,future_y11,future_x12,future_y12,future_x13,future_y13,future_x14,future_y14,future_x15,future_y15,future_x16,future_y16,future_x17,future_y17,future_x18,future_y18,future_x19,future_y19,future_x20,future_y20
160.40676839195524,164.40169328615548,171.10055295141893,174.72992612576314,181.7943375108826,186.68584062627036,192.48812207034626,200.2694367876773,203.18190662980996,215.4807146099838,213.87569118927362,232.31967409319003,224.56947574873735,250.78631523729592,235.263260308201,270.8806380423014,245.9570448676647,292.6026425082066,256.6508294271284,315.95232863501144,267.34461398659204,340.92969642271584,278.0383985460557,367.53474587132007,288.7321831055194,395.7674769808238,299.4259676649831,425.62788975122737,310.1197522244468,457.11598418253044,320.8135367839105,490.231760274733,331.50732134337414,524.9752180278355,342.20110590283787,561.3463574418377,352.89489046230153,599.3451785167395,363.5886750217652,638.9716812525407
