future_x1,future_y1,future_x2,future_y2,future_x3,future_y3,future_x4,future_y4,future_x5,future_y5,future_x6,future_y6,future_x7,future_y7,future_x8,future_y8,future_x9,future_y9,future_x10,future_y10,future_x11,future_y11,future_x12,future_y12,future_x13,future_y13,future_x14,future_y14,future_x15,future_y15,future_x16,future_y16,future_x17,future_y17,future_x18,future_y18,future_x19,future_y19,future_x20,future_y20
193.264583771193,149.43852321669982,206.14888935593922,158.76921138501044,219.0331949406854,169.7275812142206,231.91750052543162,182.31363270433047,244.8018061101778,196.52736585533998,257.686111694924,212.36878066724915,270.5704172796702,229.83787714005797,283.4547228644164,248.93465527376648,296.3390284491626,269.6591150683746,309.2233340339088,292.0112565238824,322.107639618655,315.99107964028974,334.9919452034012,341.5985844175969,347.8762507881474,368.8337708558036,360.76055637289363,397.6966389549101,373.6448619576398,428.1871887149161,386.529167542386,460.3054201358217,399.4134731271322,494.05133321762713,412.29777871187844,529.4249279603323,425.1820842966246,566.426204363937,438.0663898813708,605.0551624284412
