future_x1,future_y1,future_x2,future_y2,future_x3,future_y3,future_x4,future_y4,future_x5,future_y5,future_x6,future_y6,future_x7,future_y7,future_x8,future_y8,future_x9,future_y9,future_x10,future_y10,future_x11,future_y11,future_x12,future_y12,future_x13,future_y13,future_x14,future_y14,future_x15,future_y15,future_x16,future_y16,future_x17,future_y17,future_x18,future_y18,future_x19,future_y19,future_x20,future_y20
135.83521948445167,178.53801270062604,144.8909007834151,189.80866683453172,153.94658208237857,202.707002629337,163.00226338134198,217.23302008504191,172.05794468030544,233.3867192016465,181.11362597926887,251.16809997915078,190.16930727823234,270.57716241755463,199.22498857719577,291.61390651685826,208.2806698761592,314.27833227706145,217.33635117512267,338.57043969816436,226.39203247408608,364.4902287801668,235.44771377304954,392.037699523069,244.50339507201298,421.2128519268708,253.55907637097644,452.0156859915724,262.6147576699399,484.4462017171735,271.67043896890334,518.5043991036741,280.7261202678668,554.1902781510746,289.7818015668302,591.5038388593749,298.8374828657937,630.4450812285747,307.89316416475714,671.014005258674
