future_x1,future_y1,future_x2,future_y2,future_x3,future_y3,future_x4,future_y4,future_x5,future_y5,future_x6,future_y6,future_x7,future_y7,future_x8,future_y8,future_x9,future_y9,future_x10,future_y10,future_x11,future_y11,future_x12,future_y12,future_x13,future_y13,future_x14,future_y14,future_x15,future_y15,future_x16,future_y16,future_x17,future_y17,future_x18,future_y18,future_x19,future_y19,future_x20,future_y20
180.59813296796509,154.7210191336299,192.63800849916277,164.4038736964025,204.67788403036045,175.7144099200747,216.71775956155813,188.65262780464656,228.7576350927558,203.21852735011808,240.79751062395343,219.41210855648924,252.83738615515114,237.23337142376008,264.8772616863488,256.68231595193055,276.9171372175465,277.7589421410007,288.9570127487442,300.4632499909705,300.9968882799418,324.79523950183983,313.03676381113945,350.75491067360906,325.07663934233716,378.3422635062778,337.1165148735348,407.5572979998463,349.1563904047325,438.40001415431425,361.19626593593017,470.87041196968187,373.2361414671278,504.96849144594927,385.27601699832553,540.6942525831165,397.31589252952324,578.0476953811832,409.3557680607209,617.0288198401494
