future_x1,future_y1,future_x2,future_y2,future_x3,future_y3,future_x4,future_y4,future_x5,future_y5,future_x6,future_y6,future_x7,future_y7,future_x8,future_y8,future_x9,future_y9,future_x10,future_y10,future_x11,future_y11,future_x12,future_y12,future_x13,future_y13,future_x14,future_y14,future_x15,future_y15,future_x16,future_y16,future_x17,future_y17,future_x18,future_y18,future_x19,future_y19,future_x20,future_y20
129.5499160498799,182.62307922808486,138.1865771198719,194.1660711304878,146.8232381898639,207.33674469379034,155.4598992598559,222.13509991799256,164.0965603298479,238.56113680309437,172.7332213998399,256.6148553490959,181.36988246983188,276.29625555599705,190.0065435398239,297.6053374237979,198.64320460981588,320.54210095249834,207.27986567980787,345.10654614209847,215.91652674979983,371.29867299259814,224.55318781979184,399.11848150399766,233.18984888978383,428.5659716762967,241.82650995977582,459.6411435094956,250.46317102976786,492.3439970035939,259.0998320997598,526.6745321585918,267.7364931697518,562.6327489744896,276.3731542397438,600.2186474512871,285.0098153097358,639.4322275889841,293.6464763797278,680.2734893875806
