future_x1,future_y1,future_x2,future_y2,future_x3,future_y3,future_x4,future_y4,future_x5,future_y5,future_x6,future_y6,future_x7,future_y7,future_x8,future_y8,future_x9,future_y9,future_x10,future_y10,future_x11,future_y11,future_x12,future_y12,future_x13,future_y13,future_x14,future_y14,future_x15,future_y15,future_x16,future_y16,future_x17,future_y17,future_x18,future_y18,future_x19,future_y19,future_x20,future_y20
134.15864621984838,179.607668851767,143.10255596783827,190.94963339574875,152.0464657158282,203.9192796006301,160.99037546381805,218.5166074664111,169.93428521180795,234.74161699309175,178.87819495979784,252.59430818067204,187.82210470778773,272.074681029152,196.76601445577765,293.18273553853163,205.7099242037675,315.9184717088109,214.65383395175746,340.2818895399899,223.5977436997473,366.2729890320683,232.5416534477372,393.89177018504665,241.48556319572708,423.13823299892454,250.42947294371697,454.0123774737022,259.3733826917069,486.5142036093793,268.31729243969676,520.6437114059561,277.26120218768665,556.4009008634326,286.20511193567654,593.7857719818089,295.14902168366643,632.7983247610848,304.0929314316564,673.4385592012602
