future_x1,future_y1,future_x2,future_y2,future_x3,future_y3,future_x4,future_y4,future_x5,future_y5,future_x6,future_y6,future_x7,future_y7,future_x8,future_y8,future_x9,future_y9,future_x10,future_y10,future_x11,future_y11,future_x12,future_y12,future_x13,future_y13,future_x14,future_y14,future_x15,future_y15,future_x16,future_y16,future_x17,future_y17,future_x18,future_y18,future_x19,future_y19,future_x20,future_y20
144.9493534350821,172.967359817052,154.61264366408759,183.8666370920527,164.27593389309305,196.39359602795307,173.93922412209855,210.54823662475306,183.60251435110402,226.33055888245272,193.26580458010946,243.74056280105202,202.92909480911496,262.77824838055096,212.59238503812043,283.44361562094963,222.25567526712592,305.7366645222479,231.9189654961314,329.65739508444585,241.58225572513683,355.2058073075433,251.24554595414233,382.38190119154063,260.9088361831478,411.18567673643753,270.5721264121533,441.61713394223415,280.2354166411588,473.6762728089303,289.8987068701642,507.36309333652605,299.5619970991697,542.6775955250216,309.22528732817517,579.6197793744169,318.8885775571806,618.1896448847117,328.5518677861861,658.3871920559061
