future_x1,future_y1,future_x2,future_y2,future_x3,future_y3,future_x4,future_y4,future_x5,future_y5,future_x6,future_y6,future_x7,future_y7,future_x8,future_y8,future_x9,future_y9,future_x10,future_y10,future_x11,future_y11,future_x12,future_y12,future_x13,future_y13,future_x14,future_y14,future_x15,future_y15,future_x16,future_y16,future_x17,future_y17,future_x18,future_y18,future_x19,future_y19,future_x20,future_y20
131.0575989178988,181.62435242007376,139.79477217909204,193.10076253527595,148.5319454402853,206.20485431137772,157.26911870147856,220.93662774837918,166.0062919626718,237.29608284628029,174.74346522386503,255.28321960508106,183.4806384850583,274.89803802478144,192.21781174625158,296.14053810538155,200.95498500744483,319.0107198468813,209.6921582686381,343.50858324928066,218.42933152983133,369.6341283125796,227.16650479102458,397.38735503677833,235.90367805221786,426.76826342187667,244.64085131341108,457.7768534678748,253.37802457460435,490.4131251747724,262.1151978357976,524.6770785425696,270.85237109699085,560.5687135712666,279.58954435818407,598.0880302608633,288.32671761937735,637.2350286113597,297.0638908805706,678.0097086227554
