future_x1,future_y1,future_x2,future_y2,future_x3,future_y3,future_x4,future_y4,future_x5,future_y5,future_x6,future_y6,future_x7,future_y7,future_x8,future_y8,future_x9,future_y9,future_x10,future_y10,future_x11,future_y11,future_x12,future_y12,future_x13,future_y13,future_x14,future_y14,future_x15,future_y15,future_x16,future_y16,future_x17,future_y17,future_x18,future_y18,future_x19,future_y19,future_x20,future_y20
131.0938001165424,181.60051989963944,139.83338679097858,193.075341180146,148.57297346541475,206.17784412155214,157.3125601398509,220.90802872385802,166.05214681428706,237.2658949870635,174.7917334887232,255.25144291116862,183.53132016315936,274.8646724961734,192.27090683759553,296.1055837420779,201.01049351203173,318.974176648882,209.7500801864679,343.4704512165858,218.48966686090404,369.59440744518906,227.2292535353402,397.34604533469223,235.96884020977637,426.7253648850949,244.70842688421254,457.7323660963974,253.4480135586487,490.36704896859936,262.1876002330848,524.6294135017009,270.927186907521,560.5194596957024,279.66677358195716,598.0371875506034,288.4063602563933,637.1825970664041,297.1459469308295,677.9556882431043
