future_x1,future_y1,future_x2,future_y2,future_x3,future_y3,future_x4,future_y4,future_x5,future_y5,future_x6,future_y6,future_x7,future_y7,future_x8,future_y8,future_x9,future_y9,future_x10,future_y10,future_x11,future_y11,future_x12,future_y12,future_x13,future_y13,future_x14,future_y14,future_x15,future_y15,future_x16,future_y16,future_x17,future_y17,future_x18,future_y18,future_x19,future_y19,future_x20,future_y20
130.17196995401736,182.20955184681839,138.85010128428516,193.7249752571369,147.528232614553,206.86808032835498,156.2063639448208,221.63886706047273,164.88449527508863,238.03733545349013,173.56262660535646,256.0634855074072,182.24075793562426,275.7173172222239,190.91888926589212,296.99883059794035,199.59702059615992,319.9080256345564,208.27515192642778,344.4449023320721,216.95328325669556,370.6094606904873,225.63141458696336,398.4017007098024,234.30954591723122,427.82162239001707,242.98767724749905,458.86922573113145,251.66580857776688,491.54451073314533,260.3439399080347,525.8474773960588,269.0220712383025,561.7781257198722,277.7002025685703,599.3364557045852,286.37833389883815,638.5224673501978,295.056465229106,679.3361606567099
