future_x1,future_y1,future_x2,future_y2,future_x3,future_y3,future_x4,future_y4,future_x5,future_y5,future_x6,future_y6,future_x7,future_y7,future_x8,future_y8,future_x9,future_y9,future_x10,future_y10,future_x11,future_y11,future_x12,future_y12,future_x13,future_y13,future_x14,future_y14,future_x15,future_y15,future_x16,future_y16,future_x17,future_y17,future_x18,future_y18,future_x19,future_y19,future_x20,future_y20
134.14950829420474,179.61353824317888,143.09280884715173,190.95589407992142,152.03610940009872,203.92593157756355,160.9794099530457,218.52365073610537,169.92271050599268,234.7490515555468,178.86601105893962,252.6021340358879,187.8093116118866,272.08289817712864,196.7526121648336,293.1913439792691,205.69591271778057,315.9274714423092,214.63921327072757,340.29128056624893,223.58251382367453,366.2827713510882,232.52581437662153,393.9019437968273,241.46911492956852,423.14879790346595,250.4124154825155,454.0233336710044,259.3557160354625,486.52555109944234,268.2990165884095,520.6554501887798,277.24231714135647,556.4130309390173,286.18561769430346,593.7982933501543,295.12891824725045,632.811237422191,304.07221880019745,673.4518631551271
