future_x1,future_y1,future_x2,future_y2,future_x3,future_y3,future_x4,future_y4,future_x5,future_y5,future_x6,future_y6,future_x7,future_y7,future_x8,future_y8,future_x9,future_y9,future_x10,future_y10,future_x11,future_y11,future_x12,future_y12,future_x13,future_y13,future_x14,future_y14,future_x15,future_y15,future_x16,future_y16,future_x17,future_y17,future_x18,future_y18,future_x19,future_y19,future_x20,future_y20
106.30470310266116,199.6700653061759,113.39168330950524,212.34952294711826,120.47866351634934,226.65666224896017,127.5656437231934,242.59148321170179,134.65262393003746,260.153985835343,141.73960413688155,279.34417011988387,148.82658434372564,300.1620360653245,155.9135645505697,322.6075836716647,163.00054475741382,346.6808129389046,170.08752496425788,372.3817238670441,177.17450517110194,399.7103164560832,184.26148537794603,428.6665907060221,191.3484655847901,459.25054661686056,198.4354457916342,491.4621841885988,205.52242599847827,525.3015034212365,212.60940620532233,560.7685043147738,219.69638641216642,597.8631868692111,226.78336661901048,636.5855510845479,233.8703468258546,676.9355969607843,240.9573270326987,718.9133244979204
