future_x1,future_y1,future_x2,future_y2,future_x3,future_y3,future_x4,future_y4,future_x5,future_y5,future_x6,future_y6,future_x7,future_y7,future_x8,future_y8,future_x9,future_y9,future_x10,future_y10,future_x11,future_y11,future_x12,future_y12,future_x13,future_y13,future_x14,future_y14,future_x15,future_y15,future_x16,future_y16,future_x17,future_y17,future_x18,future_y18,future_x19,future_y19,future_x20,future_y20
155.36876931377233,167.07729761972564,165.72668726802382,177.5839040815713,176.08460522227534,189.71819220431652,186.4425231765268,203.48016198796145,196.80044113077832,218.869813432506,207.15835908502976,235.88714653795017,217.5162770392813,254.5321613042941,227.87419499353277,274.80485773153765,238.23211294778426,296.7052358196808,248.59003090203578,320.2332955687237,258.9479488562872,345.389036978666,269.30586681053876,372.17246004950823,279.6637847647902,400.58356478125,290.0217027190417,430.6223511738916,300.37962067329323,462.28881922743267,310.73753862754467,495.58296894187333,321.09545658179616,530.5048003172138,331.45337453604765,567.0543133534541,341.81129249029914,605.2315080505938,352.1692104445507,645.036384408633
