future_x1,future_y1,future_x2,future_y2,future_x3,future_y3,future_x4,future_y4,future_x5,future_y5,future_x6,future_y6,future_x7,future_y7,future_x8,future_y8,future_x9,future_y9,future_x10,future_y10,future_x11,future_y11,future_x12,future_y12,future_x13,future_y13,future_x14,future_y14,future_x15,future_y15,future_x16,future_y16,future_x17,future_y17,future_x18,future_y18,future_x19,future_y19,future_x20,future_y20
131.9638757127951,181.0297928494549,140.76146742698148,192.46656565994917,149.5590591411678,205.53102013134304,158.35665085535413,220.22315626363655,167.1542425695405,236.54297405682973,175.9518342837268,254.49047351092258,184.7494259979132,274.06565462591504,193.54701771209952,295.26851740180723,202.34460942628587,318.099061838599,211.1422011404722,342.5572879362905,219.93979285465852,368.6431956948815,228.7373845688449,396.35678511437237,237.5349762830312,425.6980561947627,246.33256799721758,456.6670089360529,255.13015971140393,489.26364333824256,263.9277514255902,523.4879594013319,272.72534313977656,559.339957125321,281.52293485396297,596.8196365102098,290.32052656814926,635.9269975559981,299.1181182823356,676.6620402626861
