future_x1,future_y1,future_x2,future_y2,future_x3,future_y3,future_x4,future_y4,future_x5,future_y5,future_x6,future_y6,future_x7,future_y7,future_x8,future_y8,future_x9,future_y9,future_x10,future_y10,future_x11,future_y11,future_x12,future_y12,future_x13,future_y13,future_x14,future_y14,future_x15,future_y15,future_x16,future_y16,future_x17,future_y17,future_x18,future_y18,future_x19,future_y19,future_x20,future_y20
64.2042693914299,181.53097402433644,59.951220684191895,185.0997056259589,55.69817197695389,188.6684372275813,51.44512326971588,192.23716882920377,47.19207456247787,195.8059004308262,42.939025855239876,199.3746320324486,38.685977148001854,202.94336363407103,34.432928440763845,206.5120952356935,30.179879733525837,210.0808268373159,25.92683102628783,213.64955843893836,21.673782319049835,217.21829004056076,17.420733611811826,220.7870216421832,13.167684904573818,224.35575324380562,8.914636197335795,227.92448484542808,4.661587490097801,231.49321644705051,0.40853878285979306,235.06194804867292,-3.844509924378201,238.63067965029535,-8.09755863161621,242.19941125191778,-12.350607338854218,245.7681428535402,-16.603656046092226,249.33687445516264
