future_x1,future_y1,future_x2,future_y2,future_x3,future_y3,future_x4,future_y4,future_x5,future_y5,future_x6,future_y6,future_x7,future_y7,future_x8,future_y8,future_x9,future_y9,future_x10,future_y10,future_x11,future_y11,future_x12,future_y12,future_x13,future_y13,future_x14,future_y14,future_x15,future_y15,future_x16,future_y16,future_x17,future_y17,future_x18,future_y18,future_x19,future_y19,future_x20,future_y20
234.4968207614012,109.22173714009246,241.5966088121613,107.96985294943195,248.6963968629214,106.71796875877143,255.79618491368146,105.46608456811094,262.8959729644415,104.21420037745044,269.9957610152016,102.96231618678993,277.0955490659617,101.71043199612943,284.19533711672176,100.45854780546892,291.29512516748184,99.20666361480843,298.394913218242,97.95477942414792,305.494701269002,96.70289523348742,312.5944893197621,95.45101104282692,319.6942773705222,94.19912685216642,326.79406542128226,92.94724266150591,333.89385347204234,91.6953584708454,340.9936415228024,90.44347428018492,348.0934295735625,89.1915900895244,355.1932176243226,87.9397058988639,362.29300567508267,86.68782170820339,369.3927937258428,85.43593751754288
