future_x1,future_y1,future_x2,future_y2,future_x3,future_y3,future_x4,future_y4,future_x5,future_y5,future_x6,future_y6,future_x7,future_y7,future_x8,future_y8,future_x9,future_y9,future_x10,future_y10,future_x11,future_y11,future_x12,future_y12,future_x13,future_y13,future_x14,future_y14,future_x15,future_y15,future_x16,future_y16,future_x17,future_y17,future_x18,future_y18,future_x19,future_y19,future_x20,future_y20
134.31229355771092,248.4457361877408,134.73311312822497,256.4754519335902,135.15393269873903,264.5051676794396,135.57475226925308,272.53488342528897,135.99557183976714,280.5645991711383,136.4163914102812,288.59431491698774,136.83721098079528,296.6240306628371,137.25803055130933,304.6537464086865,137.6788501218234,312.6834621545359,138.09966969233744,320.7131779003853,138.5204892628515,328.7428936462347,138.94130883336555,336.77260939208406,139.36212840387964,344.80232513793345,139.7829479743937,352.83204088378284,140.20376754490775,360.8617566296322,140.6245871154218,368.8914723754816,141.04540668593586,376.92118812133094,141.46622625644994,384.95090386718033,141.887045826964,392.9806196130298,142.30786539747805,401.01033535887916
