future_x1,future_y1,future_x2,future_y2,future_x3,future_y3,future_x4,future_y4,future_x5,future_y5,future_x6,future_y6,future_x7,future_y7,future_x8,future_y8,future_x9,future_y9,future_x10,future_y10,future_x11,future_y11,future_x12,future_y12,future_x13,future_y13,future_x14,future_y14,future_x15,future_y15,future_x16,future_y16,future_x17,future_y17,future_x18,future_y18,future_x19,future_y19,future_x20,future_y20
194.57585416457528,108.90968101535742,199.01424444221362,107.63699308304791,203.45263471985197,106.3643051507384,207.89102499749032,105.0916172184289,212.32941527512867,103.81892928611938,216.76780555276702,102.54624135380988,221.2061958304054,101.27355342150037,225.64458610804374,100.00086548919086,230.0829763856821,98.72817755688136,234.52136666332044,97.45548962457185,238.95975694095878,96.18280169226236,243.39814721859713,94.91011375995285,247.8365374962355,93.63742582764334,252.27492777387386,92.36473789533383,256.7133180515122,91.09204996302432,261.15170832915055,89.81936203071483,265.5900986067889,88.54667409840532,270.02848888442725,87.27398616609581,274.4668791620656,86.0012982337863,278.90526943970394,84.72861030147679
