future_x1,future_y1,future_x2,future_y2,future_x3,future_y3,future_x4,future_y4,future_x5,future_y5,future_x6,future_y6,future_x7,future_y7,future_x8,future_y8,future_x9,future_y9,future_x10,future_y10,future_x11,future_y11,future_x12,future_y12,future_x13,future_y13,future_x14,future_y14,future_x15,future_y15,future_x16,future_y16,future_x17,future_y17,future_x18,future_y18,future_x19,future_y19,future_x20,future_y20
177.76503655196427,225.66938354373377,181.08270565542855,232.1806757799827,184.40037475889284,238.69196801623164,187.71804386235712,245.20326025248053,191.0357129658214,251.71455248872945,194.3533820692857,258.22584472497834,197.67105117274997,264.7371369612273,200.98872027621425,271.2484291974762,204.30638937967854,277.75972143372513,207.62405848314285,284.2710136699741,210.9417275866071,290.782305906223,214.25939669007138,297.29359814247186,217.57706579353567,303.8048903787208,220.89473489699995,310.3161826149697,224.21240400046423,316.82747485121865,227.53007310392854,323.33876708746755,230.84774220739283,329.8500593237165,234.1654113108571,336.3613515599654,237.4830804143214,342.87264379621433,240.80074951778568,349.3839360324633
