future_x1,future_y1,future_x2,future_y2,future_x3,future_y3,future_x4,future_y4,future_x5,future_y5,future_x6,future_y6,future_x7,future_y7,future_x8,future_y8,future_x9,future_y9,future_x10,future_y10,future_x11,future_y11,future_x12,future_y12,future_x13,future_y13,future_x14,future_y14,future_x15,future_y15,future_x16,future_y16,future_x17,future_y17,future_x18,future_y18,future_x19,future_y19,future_x20,future_y20
219.27106804445503,132.78331398900016,225.35580591408535,133.10220158826684,231.44054378371573,133.4210891875335,237.525281653346,133.73997678680018,243.6100195229764,134.0588643860669,249.69475739260673,134.37775198533356,255.77949526223705,134.69663958460023,261.8642331318674,135.0155271838669,267.94897100149774,135.33441478313358,274.03370887112806,135.65330238240026,280.1184467407584,135.97218998166693,286.2031846103887,136.2910775809336,292.28792248001906,136.6099651802003,298.37266034964944,136.92885277946698,304.45739821927975,137.24774037873365,310.54213608891007,137.56662797800033,316.6268739585404,137.885515577267,322.7116118281707,138.20440317653367,328.7963496978011,138.52329077580035,334.88108756743145,138.84217837506702
