future_x1,future_y1,future_x2,future_y2,future_x3,future_y3,future_x4,future_y4,future_x5,future_y5,future_x6,future_y6,future_x7,future_y7,future_x8,future_y8,future_x9,future_y9,future_x10,future_y10,future_x11,future_y11,future_x12,future_y12,future_x13,future_y13,future_x14,future_y14,future_x15,future_y15,future_x16,future_y16,future_x17,future_y17,future_x18,future_y18,future_x19,future_y19,future_x20,future_y20
192.10768223080726,172.88868235516543,196.38152771286107,175.88126117884312,200.6553731949149,178.8738400025208,204.9292186769687,181.8664188261985,209.20306415902252,184.8589976498762,213.47690964107633,187.85157647355388,217.75075512313015,190.8441552972316,222.024600605184,193.83673412090928,226.29844608723778,196.82931294458697,230.57229156929162,199.82189176826466,234.8461370513454,202.81447059194235,239.11998253339922,205.80704941562004,243.39382801545307,208.79962823929776,247.66767349750688,211.79220706297545,251.94151897956073,214.78478588665314,256.2153644616145,217.77736471033083,260.4892099436683,220.76994353400852,264.76305542572214,223.76252235768624,269.03690090777593,226.7551011813639,273.3107463898298,229.74768000504162
