future_x1,future_y1,future_x2,future_y2,future_x3,future_y3,future_x4,future_y4,future_x5,future_y5,future_x6,future_y6,future_x7,future_y7,future_x8,future_y8,future_x9,future_y9,future_x10,future_y10,future_x11,future_y11,future_x12,future_y12,future_x13,future_y13,future_x14,future_y14,future_x15,future_y15,future_x16,future_y16,future_x17,future_y17,future_x18,future_y18,future_x19,future_y19,future_x20,future_y20
56.129498231089585,104.6478583971392,51.33813144649555,103.09104895694848,46.54676466190152,101.53423951675776,41.7553978773075,99.97743007656705,36.96403109271347,98.42062063637633,32.17266430811945,96.86381119618561,27.38129752352542,95.30700175599489,22.589930738931372,93.75019231580416,17.798563954337354,92.19338287561345,13.007197169743307,90.63657343542272,8.215830385149303,89.079763995232,3.424463600555285,87.52295455504128,-1.3669031840387618,85.96614511485056,-6.158269968632794,84.40933567465984,-10.949636753226827,82.85252623446912,-15.74100353782083,81.2957167942784,-20.532370322414863,79.73890735408769,-25.323737107008895,78.18209791389697,-30.115103891602928,76.62528847370625,-34.90647067619696,75.06847903351552
