future_x1,future_y1,future_x2,future_y2,future_x3,future_y3,future_x4,future_y4,future_x5,future_y5,future_x6,future_y6,future_x7,future_y7,future_x8,future_y8,future_x9,future_y9,future_x10,future_y10,future_x11,future_y11,future_x12,future_y12,future_x13,future_y13,future_x14,future_y14,future_x15,future_y15,future_x16,future_y16,future_x17,future_y17,future_x18,future_y18,future_x19,future_y19,future_x20,future_y20
19.576133514382263,165.33333117063037,12.34787574867444,167.82221991533908,5.11961798296656,170.31110866004775,-2.108639782741278,172.79999740475645,-9.336897548449144,175.28888614946516,-16.565155314156954,177.77777489417383,-23.79341307986482,180.26666363888253,-31.021670845572686,182.75555238359124,-38.249928611280524,185.2444411282999,-45.47818637698839,187.7333298730086,-52.7064441426962,190.2222186177173,-59.934701908404065,192.711107362426,-67.16295967411193,195.1999961071347,-74.39121743981977,197.6888848518434,-81.61947520552764,200.17777359655207,-88.84773297123547,202.66666234126075,-96.07599073694331,205.15555108596945,-103.30424850265112,207.64443983067815,-110.53250626835901,210.13332857538686,-117.76076403406688,212.62221732009553
