future_x1,future_y1,future_x2,future_y2,future_x3,future_y3,future_x4,future_y4,future_x5,future_y5,future_x6,future_y6,future_x7,future_y7,future_x8,future_y8,future_x9,future_y9,future_x10,future_y10,future_x11,future_y11,future_x12,future_y12,future_x13,future_y13,future_x14,future_y14,future_x15,future_y15,future_x16,future_y16,future_x17,future_y17,future_x18,future_y18,future_x19,future_y19,future_x20,future_y20
81.51223727420293,64.01508386106079,78.41305309248312,59.749422785131486,75.3138689107633,55.4837617092022,72.21468472904351,51.218100633272925,69.1155005473237,46.95243955734364,66.0163163656039,42.686778481414365,62.91713218388409,38.42111740548509,59.817948002164286,34.155456329555804,56.71876382044448,29.889795253626517,53.61957963872467,25.624134177697243,50.52039545700487,21.358473101767956,47.42121127528506,17.092812025838683,44.322027093565254,12.827150949909381,41.22284291184545,8.561489873980094,38.12365873012564,4.29582879805082,35.02447454840585,0.03016772212156127,31.925290366686042,-4.235493353807726,28.826106184966235,-8.501154429737028,25.72692200324643,-12.766815505666301,22.62773782152661,-17.032476581595603
