future_x1,future_y1,future_x2,future_y2,future_x3,future_y3,future_x4,future_y4,future_x5,future_y5,future_x6,future_y6,future_x7,future_y7,future_x8,future_y8,future_x9,future_y9,future_x10,future_y10,future_x11,future_y11,future_x12,future_y12,future_x13,future_y13,future_x14,future_y14,future_x15,future_y15,future_x16,future_y16,future_x17,future_y17,future_x18,future_y18,future_x19,future_y19,future_x20,future_y20
40.16587035912008,94.28363658222862,34.31026171639475,92.03587902104385,28.454653073669405,89.7881214598591,22.599044430944076,87.54036389867434,16.743435788218747,85.29260633748957,10.887827145493432,83.04484877630482,5.032218502768089,80.79709121512006,-0.8233901399572403,78.5493336539353,-6.678998782682584,76.30157609275054,-12.534607425407899,74.05381853156578,-18.390216068133213,71.80606097038103,-24.245824710858557,69.55830340919627,-30.1014333535839,67.31054584801151,-35.957041996309215,65.06278828682676,-41.81265063903456,62.81503072564199,-47.668259281759845,60.56727316445725,-53.52386792448519,58.31951560327248,-59.3794765672105,56.07175804208772,-65.23508520993585,53.82400048090297,-71.09069385266119,51.5762429197182
