future_x1,future_y1,future_x2,future_y2,future_x3,future_y3,future_x4,future_y4,future_x5,future_y5,future_x6,future_y6,future_x7,future_y7,future_x8,future_y8,future_x9,future_y9,future_x10,future_y10,future_x11,future_y11,future_x12,future_y12,future_x13,future_y13,future_x14,future_y14,future_x15,future_y15,future_x16,future_y16,future_x17,future_y17,future_x18,future_y18,future_x19,future_y19,future_x20,future_y20
37.651318313260774,160.88423083916507,31.628072867478153,163.0765128951094,25.604827421695546,165.26879495105374,19.581581975912925,167.46107700699807,13.558336530130305,169.6533590629424,7.535091084347684,171.84564111888676,1.5118456385650632,174.0379231748311,-4.511399807217543,176.23020523077543,-10.534645253000178,178.42248728671976,-16.557890698782785,180.6147693426641,-22.58113614456539,182.80705139860842,-28.604381590347998,184.99933345455275,-34.627627036130605,187.19161551049712,-40.65087248191324,189.38389756644145,-46.674117927695875,191.57617962238578,-52.69736337347845,193.7684616783301,-58.72060881926109,195.96074373427444,-64.7438542650437,198.1530257902188,-70.76709971082633,200.34530784616314,-76.79034515660891,202.53758990210747
