future_x1,future_y1,future_x2,future_y2,future_x3,future_y3,future_x4,future_y4,future_x5,future_y5,future_x6,future_y6,future_x7,future_y7,future_x8,future_y8,future_x9,future_y9,future_x10,future_y10,future_x11,future_y11,future_x12,future_y12,future_x13,future_y13,future_x14,future_y14,future_x15,future_y15,future_x16,future_y16,future_x17,future_y17,future_x18,future_y18,future_x19,future_y19,future_x20,future_y20
181.03818814097198,182.9226516085032,184.57406735037011,186.58416171573674,188.10994655976825,190.24567182297028,191.64582576916638,193.90718193020382,195.1817049785645,197.5686920374374,198.71758418796264,201.23020214467093,202.25346339736078,204.89171225190447,205.7893426067589,208.553222359138,209.32522181615704,212.21473246637157,212.86110102555517,215.8762425736051,216.39698023495328,219.53775268083865,219.93285944435144,223.19926278807222,223.46873865374954,226.86077289530573,227.0046178631477,230.5222830025393,230.54049707254583,234.18379310977284,234.07637628194396,237.84530321700638,237.61225549134207,241.50681332423994,241.1481347007402,245.16832343147348,244.68401391013836,248.82983353870702,248.2198931195365,252.4913436459406
