future_x1,future_y1,future_x2,future_y2,future_x3,future_y3,future_x4,future_y4,future_x5,future_y5,future_x6,future_y6,future_x7,future_y7,future_x8,future_y8,future_x9,future_y9,future_x10,future_y10,future_x11,future_y11,future_x12,future_y12,future_x13,future_y13,future_x14,future_y14,future_x15,future_y15,future_x16,future_y16,future_x17,future_y17,future_x18,future_y18,future_x19,future_y19,future_x20,future_y20
79.20588235294043,43.4861091248014,75.95294117646979,37.85184973312147,72.69999999999915,32.21759034144158,69.44705882352852,26.583330949761674,66.19411764705788,20.949071558081755,62.94117647058724,15.314812166401865,59.688235294116595,9.680552774721946,56.43529411764597,4.046293383042027,53.182352941175324,-1.5879660086378635,49.92941176470468,-7.222225400317768,46.676470588234054,-12.856484791997673,43.42352941176341,-18.490744183677577,40.17058823529278,-24.12500357535751,36.917647058822126,-29.759262967037415,33.6647058823515,-35.39352235871732,30.41176470588087,-41.027781750397196,27.158823529410228,-46.66204114207713,23.905882352939585,-52.29630053375706,20.652941176468943,-57.93055992543697,17.3999999999983,-63.56481931711684
