future_x1,future_y1,future_x2,future_y2,future_x3,future_y3,future_x4,future_y4,future_x5,future_y5,future_x6,future_y6,future_x7,future_y7,future_x8,future_y8,future_x9,future_y9,future_x10,future_y10,future_x11,future_y11,future_x12,future_y12,future_x13,future_y13,future_x14,future_y14,future_x15,future_y15,future_x16,future_y16,future_x17,future_y17,future_x18,future_y18,future_x19,future_y19,future_x20,future_y20
11.001114314792488,87.7140529344621,3.2011886024453418,85.02832313009291,-4.598737109901833,82.34259332572373,-12.398662822249008,79.65686352135452,-20.198588534596183,76.97113371698534,-27.99851424694333,74.28540391261615,-35.79843995929053,71.59967410824694,-43.59836567163768,68.91394430387776,-51.398291383984855,66.22821449950855,-59.19821709633203,63.542484695139365,-66.99814280867918,60.85675489077019,-74.79806852102632,58.17102508640099,-82.59799423337353,55.485295282031785,-90.3979199457207,52.79956547766258,-98.1978456580679,50.11383567329338,-105.99777137041502,47.428105868924206,-113.79769708276217,44.74237606455503,-121.59762279510932,42.05664626018583,-129.39754850745652,39.37091645581663,-137.19747421980367,36.68518665144744
