future_x1,future_y1,future_x2,future_y2,future_x3,future_y3,future_x4,future_y4,future_x5,future_y5,future_x6,future_y6,future_x7,future_y7,future_x8,future_y8,future_x9,future_y9,future_x10,future_y10,future_x11,future_y11,future_x12,future_y12,future_x13,future_y13,future_x14,future_y14,future_x15,future_y15,future_x16,future_y16,future_x17,future_y17,future_x18,future_y18,future_x19,future_y19,future_x20,future_y20
38.56361311383293,208.5288844596908,32.601187321421804,213.89747675700355,26.638761529010637,219.2660690543163,20.676335736599526,224.63466135162898,14.713909944188387,230.00325364894172,8.751484151777234,235.37184594625444,2.789058359366095,240.74043824356716,-3.17336743304503,246.10903054087987,-9.135793225456183,251.4776228381926,-15.098219017867308,256.8462151355053,-21.06064481027846,262.214807432818,-27.023070602689614,267.58339973013074,-32.98549639510074,272.9519920274435,-38.94792218751189,278.3205843247562,-44.91034797992302,283.68917662206894,-50.87277377233414,289.0577689193816,-56.83519956474527,294.4263612166943,-62.79762535715639,299.7949535140071,-68.76005114956757,305.1635458113198,-74.72247694197873,310.5321381086326
