future_x1,future_y1,future_x2,future_y2,future_x3,future_y3,future_x4,future_y4,future_x5,future_y5,future_x6,future_y6,future_x7,future_y7,future_x8,future_y8,future_x9,future_y9,future_x10,future_y10,future_x11,future_y11,future_x12,future_y12,future_x13,future_y13,future_x14,future_y14,future_x15,future_y15,future_x16,future_y16,future_x17,future_y17,future_x18,future_y18,future_x19,future_y19,future_x20,future_y20
36.64960398642144,59.162539105473655,30.55957758551618,54.57337504583856,24.469551184610935,49.984210986203465,18.379524783705705,45.39504692656837,12.28949838280046,40.805882866933274,6.199471981895229,36.21671880729819,0.10944558098999835,31.627554747663112,-5.980580819915247,27.038390688028016,-12.070607220820477,22.44922662839292,-18.160633621725736,17.860062568757826,-24.25066002263094,13.270898509122759,-30.340686423536198,8.681734449487664,-36.43071282444143,4.092570389852568,-42.52073922534666,-0.49659366978252706,-48.61076562625192,-5.085757729417622,-54.70079202715712,-9.67492178905269,-60.79081842806238,-14.264085848687785,-66.88084482896764,-18.85324990832288,-72.97087122987287,-23.442413967957975,-79.06089763077813,-28.03157802759307
