future_x1,future_y1,future_x2,future_y2,future_x3,future_y3,future_x4,future_y4,future_x5,future_y5,future_x6,future_y6,future_x7,future_y7,future_x8,future_y8,future_x9,future_y9,future_x10,future_y10,future_x11,future_y11,future_x12,future_y12,future_x13,future_y13,future_x14,future_y14,future_x15,future_y15,future_x16,future_y16,future_x17,future_y17,future_x18,future_y18,future_x19,future_y19,future_x20,future_y20
166.69066310869823,240.36584466477072,169.27004064927812,247.85690097575542,171.849418189858,255.34795728674015,174.42879573043788,262.8390135977249,177.00817327101777,270.33006990870956,179.58755081159765,277.8211262196943,182.16692835217754,285.312182530679,184.74630589275742,292.80323884166376,187.3256834333373,300.29429515264843,189.9050609739172,307.78535146363316,192.48443851449704,315.27640777461784,195.06381605507693,322.76746408560257,197.6431935956568,330.2585203965873,200.22257113623672,337.74957670757203,202.8019486768166,345.24063301855676,205.38132621739646,352.73168932954144,207.96070375797635,360.2227456405261,210.54008129855623,367.71380195151085,213.11945883913612,375.2048582624956,215.698836379716,382.6959145734803
