future_x1,future_y1,future_x2,future_y2,future_x3,future_y3,future_x4,future_y4,future_x5,future_y5,future_x6,future_y6,future_x7,future_y7,future_x8,future_y8,future_x9,future_y9,future_x10,future_y10,future_x11,future_y11,future_x12,future_y12,future_x13,future_y13,future_x14,future_y14,future_x15,future_y15,future_x16,future_y16,future_x17,future_y17,future_x18,future_y18,future_x19,future_y19,future_x20,future_y20
163.81136699645674,47.56635280217583,166.1987914628872,42.20410965565421,168.58621592931763,36.84186650913257,170.97364039574808,31.479623362610965,173.36106486217855,26.11738021608936,175.748489328609,20.755137069567738,178.13591379503944,15.392893923046131,180.5233382614699,10.030650776524496,182.91076272790036,4.668407630002889,185.2981871943308,-0.6938355165187318,187.68561166076125,-6.056078663040324,190.0730361271917,-11.418321809561945,192.46046059362214,-16.780564956083538,194.8478850600526,-22.142808102605187,197.23530952648304,-27.50505124912678,199.62273399291348,-32.867294395648344,202.01015845934393,-38.22953754216999,204.39758292577437,-43.591780688691586,206.78500739220485,-48.954023835213206,209.1724318586353,-54.316266981734856
