future_x1,future_y1,future_x2,future_y2,future_x3,future_y3,future_x4,future_y4,future_x5,future_y5,future_x6,future_y6,future_x7,future_y7,future_x8,future_y8,future_x9,future_y9,future_x10,future_y10,future_x11,future_y11,future_x12,future_y12,future_x13,future_y13,future_x14,future_y14,future_x15,future_y15,future_x16,future_y16,future_x17,future_y17,future_x18,future_y18,future_x19,future_y19,future_x20,future_y20
140.08387024588262,59.46896636391543,140.8894615956081,54.90023078817646,141.69505294533363,50.33149521243749,142.50064429505915,45.76275963669852,143.30623564478464,41.19402406095955,144.11182699451015,36.62528848522058,144.91741834423567,32.05655290948161,145.72300969396116,27.48781733374264,146.52860104368668,22.91908175800367,147.3341923934122,18.350346182264687,148.13978374313768,13.781610606525732,148.9453750928632,9.212875030786748,149.75096644258872,4.644139455047792,150.5565577923142,0.07540387930880854,151.36214914203973,-4.493331696430175,152.16774049176524,-9.062067272169145,152.97333184149073,-13.630802847908086,153.77892319121625,-18.199538423647084,154.58451454094177,-22.768273999386054,155.39010589066726,-27.337009575125023
