future_x1,future_y1,future_x2,future_y2,future_x3,future_y3,future_x4,future_y4,future_x5,future_y5,future_x6,future_y6,future_x7,future_y7,future_x8,future_y8,future_x9,future_y9,future_x10,future_y10,future_x11,future_y11,future_x12,future_y12,future_x13,future_y13,future_x14,future_y14,future_x15,future_y15,future_x16,future_y16,future_x17,future_y17,future_x18,future_y18,future_x19,future_y19,future_x20,future_y20
25.86358444391297,111.82318098539477,19.054490073507168,110.74472638442109,12.245395703101352,109.66627178344741,5.43630133269555,108.58781718247373,-1.3727930377102382,107.50936258150006,-8.18188740811604,106.43090798052637,-14.990981778521842,105.35245337955268,-21.800076148927644,104.273998778579,-28.609170519333475,103.19554417760531,-35.41826488973928,102.11708957663164,-42.22735926014505,101.03863497565796,-49.03645363055085,99.96018037468428,-55.845548000956654,98.8817257737106,-62.654642371362485,97.80327117273691,-69.46373674176829,96.72481657176323,-76.27283111217406,95.64636197078956,-83.08192548257983,94.56790736981587,-89.89101985298566,93.48945276884218,-96.70011422339144,92.41099816786851,-103.5092085937973,91.33254356689483
