future_x1,future_y1,future_x2,future_y2,future_x3,future_y3,future_x4,future_y4,future_x5,future_y5,future_x6,future_y6,future_x7,future_y7,future_x8,future_y8,future_x9,future_y9,future_x10,future_y10,future_x11,future_y11,future_x12,future_y12,future_x13,future_y13,future_x14,future_y14,future_x15,future_y15,future_x16,future_y16,future_x17,future_y17,future_x18,future_y18,future_x19,future_y19,future_x20,future_y20
164.1495351007918,239.25682905624535,166.55950410751126,246.67395099332836,168.9694731142307,254.09107293041137,171.37944212095016,261.5081948674944,173.78941112766964,268.92531680457745,176.1993801343891,276.3424387416605,178.60934914110854,283.75956067874347,181.019318147828,291.1766826158265,183.42928715454747,298.59380455290955,185.83925616126692,306.0109264899926,188.24922516798637,313.42804842707557,190.65919417470582,320.8451703641586,193.06916318142527,328.2622923012416,195.47913218814472,335.6794142383246,197.8891011948642,343.0965361754077,200.29907020158362,350.5136581124907,202.70903920830307,357.9307800495737,205.11900821502255,365.3479019866567,207.528977221742,372.76502392373976,209.93894622846145,380.18214586082274
