future_x1,future_y1,future_x2,future_y2,future_x3,future_y3,future_x4,future_y4,future_x5,future_y5,future_x6,future_y6,future_x7,future_y7,future_x8,future_y8,future_x9,future_y9,future_x10,future_y10,future_x11,future_y11,future_x12,future_y12,future_x13,future_y13,future_x14,future_y14,future_x15,future_y15,future_x16,future_y16,future_x17,future_y17,future_x18,future_y18,future_x19,future_y19,future_x20,future_y20
52.58859199334536,158.46818656184445,47.56116479290172,160.49939899930072,42.53373759245807,162.53061143675703,37.50631039201443,164.56182387421333,32.47888319157077,166.5930363116696,27.451455991127162,168.6242487491259,22.424028790683494,170.65546118658222,17.39660159023984,172.68667362403852,12.3691743897962,174.71788606149482,7.34174718935256,176.7490984989511,2.3143199889089345,178.78031093640737,-2.7131072115347195,180.81152337386368,-7.740534411978359,182.84273581131998,-12.767961612421999,184.8739482487763,-17.79538881286564,186.9051606862326,-22.82281601330928,188.93637312368887,-27.85024321375292,190.96758556114517,-32.87767041419656,192.99879799860145,-37.9050976146402,195.03001043605775,-42.932524815083866,197.06122287351405
