future_x1,future_y1,future_x2,future_y2,future_x3,future_y3,future_x4,future_y4,future_x5,future_y5,future_x6,future_y6,future_x7,future_y7,future_x8,future_y8,future_x9,future_y9,future_x10,future_y10,future_x11,future_y11,future_x12,future_y12,future_x13,future_y13,future_x14,future_y14,future_x15,future_y15,future_x16,future_y16,future_x17,future_y17,future_x18,future_y18,future_x19,future_y19,future_x20,future_y20
12.522393473054507,74.15190773107568,4.823886371258112,70.5620349131474,-2.8746207305382256,66.9721620952191,-10.573127832334592,63.38228927729082,-18.271634934130986,59.79241645936253,-25.970142035927324,56.20254364143426,-33.66864913772372,52.612670823505965,-41.36715623952006,49.022798005577684,-49.06566334131645,45.432925187649374,-56.764170443112846,41.84305236972109,-64.46267754490918,38.25317955179281,-72.16118464670552,34.663306733864516,-79.85969174850189,31.07343391593625,-87.55819885029831,27.483561098007925,-95.25670595209468,23.893688280079644,-102.95521305389099,20.303815462151377,-110.65372015568738,16.71394264422308,-118.35222725748378,13.1240698262948,-126.05073435928011,9.534197008366505,-133.74924146107645,5.944324190438209
