future_x1,future_y1,future_x2,future_y2,future_x3,future_y3,future_x4,future_y4,future_x5,future_y5,future_x6,future_y6,future_x7,future_y7,future_x8,future_y8,future_x9,future_y9,future_x10,future_y10,future_x11,future_y11,future_x12,future_y12,future_x13,future_y13,future_x14,future_y14,future_x15,future_y15,future_x16,future_y16,future_x17,future_y17,future_x18,future_y18,future_x19,future_y19,future_x20,future_y20
100.84398261698229,26.65236339535396,99.03358145811444,19.895854288377564,97.22318029924658,13.139345181401154,95.41277914037873,6.382836074424745,93.60237798151088,-0.3736730325516362,91.79197682264305,-7.130182139528017,89.98157566377519,-13.886691246504455,88.17117450490734,-20.643200353480836,86.3607733460395,-27.399709460457274,84.55037218717165,-34.156218567433655,82.7399710283038,-40.912727674410064,80.92956986943595,-47.66923678138647,79.1191687105681,-54.42574588836288,77.30876755170026,-61.18225499533929,75.49836639283241,-67.9387641023157,73.68796523396456,-74.69527320929208,71.87756407509671,-81.45178231626852,70.06716291622887,-88.20829142324487,68.25676175736102,-94.96480053022128,66.44636059849316,-101.72130963719769
