future_x1,future_y1,future_x2,future_y2,future_x3,future_y3,future_x4,future_y4,future_x5,future_y5,future_x6,future_y6,future_x7,future_y7,future_x8,future_y8,future_x9,future_y9,future_x10,future_y10,future_x11,future_y11,future_x12,future_y12,future_x13,future_y13,future_x14,future_y14,future_x15,future_y15,future_x16,future_y16,future_x17,future_y17,future_x18,future_y18,future_x19,future_y19,future_x20,future_y20
55.3553183689547,191.14905831475093,50.51233959355167,195.35899553573432,45.66936081814866,199.56893275671774,40.82638204274565,203.77886997770113,35.98340326734264,207.98880719868453,31.140424491939626,212.19874441966792,26.297445716536586,216.4086816406513,21.454466941133575,220.61861886163473,16.61148816573055,224.8285560826181,11.768509390327523,229.0384933036015,6.9255306149245115,233.24843052458488,2.0825518395214857,237.4583677455683,-2.760426935881526,241.66830496655172,-7.603405711284552,245.87824218753508,-12.446384486687577,250.08817940851847,-17.289363262090603,254.29811662950186,-22.1323420374936,258.5080538504853,-26.975320812896655,262.71799107146865,-31.818299588299652,266.92792829245207,-36.66127836370268,271.1378655134355
