future_x1,future_y1,future_x2,future_y2,future_x3,future_y3,future_x4,future_y4,future_x5,future_y5,future_x6,future_y6,future_x7,future_y7,future_x8,future_y8,future_x9,future_y9,future_x10,future_y10,future_x11,future_y11,future_x12,future_y12,future_x13,future_y13,future_x14,future_y14,future_x15,future_y15,future_x16,future_y16,future_x17,future_y17,future_x18,future_y18,future_x19,future_y19,future_x20,future_y20
151.20899402458377,56.570061176137955,152.75626029288938,51.808065254547145,154.30352656119496,47.046069332956336,155.85079282950053,42.28407341136554,157.39805909780614,37.52207748977473,158.94532536611172,32.760081568183935,160.4925916344173,27.998085646593125,162.03985790272287,23.23608972500233,163.58712417102848,18.474093803411506,165.13439043933406,13.71209788182071,166.68165670763963,8.95010196022993,168.22892297594524,4.18810603863912,169.77618924425082,-0.5738898829517041,171.3234555125564,-5.3358858045424995,172.87072178086197,-10.097881726133323,174.41798804916755,-14.85987764772409,175.96525431747315,-19.621873569314914,177.51252058577873,-24.38386949090571,179.05978685408434,-29.145865412496534,180.6070531223899,-33.90786133408733
