future_x1,future_y1,future_x2,future_y2,future_x3,future_y3,future_x4,future_y4,future_x5,future_y5,future_x6,future_y6,future_x7,future_y7,future_x8,future_y8,future_x9,future_y9,future_x10,future_y10,future_x11,future_y11,future_x12,future_y12,future_x13,future_y13,future_x14,future_y14,future_x15,future_y15,future_x16,future_y16,future_x17,future_y17,future_x18,future_y18,future_x19,future_y19,future_x20,future_y20
220.16221579892988,113.40293903161684,226.30636351885855,112.42980163372462,232.45051123878721,111.4566642358324,238.59465895871585,110.48352683794019,244.73880667864452,109.51038944004799,250.8829543985732,108.53725204215577,257.02710211850183,107.56411464426357,263.1712498384305,106.59097724637135,269.31539755835917,105.61783984847915,275.4595452782878,104.64470245058692,281.60369299821645,103.67156505269472,287.74784071814514,102.69842765480252,293.8919884380738,101.7252902569103,300.0361361580025,100.75215285901808,306.1802838779311,99.77901546112588,312.32443159785976,98.80587806323366,318.46857931778845,97.83274066534145,324.6127270377171,96.85960326744924,330.75687475764573,95.88646586955703,336.90102247757443,94.91332847166481
