future_x1,future_y1,future_x2,future_y2,future_x3,future_y3,future_x4,future_y4,future_x5,future_y5,future_x6,future_y6,future_x7,future_y7,future_x8,future_y8,future_x9,future_y9,future_x10,future_y10,future_x11,future_y11,future_x12,future_y12,future_x13,future_y13,future_x14,future_y14,future_x15,future_y15,future_x16,future_y16,future_x17,future_y17,future_x18,future_y18,future_x19,future_y19,future_x20,future_y20
163.500585430748,215.8670322882246,165.8672911261312,221.72483444077292,168.23399682151438,227.58263659332124,170.6007025168976,233.44043874586953,172.9674082122808,239.29824089841787,175.334113907664,245.15604305096616,177.7008196030472,251.01384520351445,180.06752529843038,256.8716473560628,182.4342309938136,262.7294495086111,184.8009366891968,268.58725166115937,187.16764238457998,274.44505381370766,189.5343480799632,280.302855966256,191.90105377534638,286.1606581188043,194.26775947072957,292.01846027135264,196.6344651661128,297.8762624239009,199.00117086149598,303.7340645764492,201.3678765568792,309.5918667289975,203.73458225226238,315.44966888154585,206.10128794764557,321.30747103409414,208.4679936430288,327.1652731866425
