future_x1,future_y1,future_x2,future_y2,future_x3,future_y3,future_x4,future_y4,future_x5,future_y5,future_x6,future_y6,future_x7,future_y7,future_x8,future_y8,future_x9,future_y9,future_x10,future_y10,future_x11,future_y11,future_x12,future_y12,future_x13,future_y13,future_x14,future_y14,future_x15,future_y15,future_x16,future_y16,future_x17,future_y17,future_x18,future_y18,future_x19,future_y19,future_x20,future_y20
107.80806013727286,208.98544741253016,106.46193081309104,214.3844772400322,105.11580148890924,219.7835070675342,103.76967216472744,225.1825368950362,102.42354284054562,230.5815667225382,101.0774135163638,235.98059655004025,99.731284192182,241.37962637754225,98.3851548680002,246.77865620504426,97.03902554381838,252.1776860325463,95.69289621963657,257.5767158600483,94.34676689545478,262.9757456875503,93.00063757127296,268.3747755150523,91.65450824709114,273.77380534255434,90.30837892290933,279.1728351700564,88.96224959872752,284.57186499755835,87.61612027454572,289.9708948250603,86.2699909503639,295.36992465256236,84.9238616261821,300.7689544800644,83.5777323020003,306.16798430756637,82.23160297781848,311.5670141350684
