future_x1,future_y1,future_x2,future_y2,future_x3,future_y3,future_x4,future_y4,future_x5,future_y5,future_x6,future_y6,future_x7,future_y7,future_x8,future_y8,future_x9,future_y9,future_x10,future_y10,future_x11,future_y11,future_x12,future_y12,future_x13,future_y13,future_x14,future_y14,future_x15,future_y15,future_x16,future_y16,future_x17,future_y17,future_x18,future_y18,future_x19,future_y19,future_x20,future_y20
224.21202332134357,139.81335103709037,230.62615820943313,140.60090777289642,237.0402930975227,141.38846450870244,243.45442798561226,142.17602124450846,249.86856287370185,142.96357798031448,256.2826977617914,143.7511347161205,262.696832649881,144.53869145192652,269.11096753797057,145.32624818773257,275.52510242606013,146.1138049235386,281.9392373141497,146.90136165934462,288.35337220223926,147.68891839515064,294.7675070903288,148.47647513095666,301.1816419784184,149.26403186676268,307.595776866508,150.05158860256873,314.00991175459757,150.83914533837475,320.42404664268713,151.62670207418077,326.8381815307767,152.4142588099868,333.25231641886626,153.2018155457928,339.6664513069558,153.98937228159883,346.0805861950454,154.77692901740488
