future_x1,future_y1,future_x2,future_y2,future_x3,future_y3,future_x4,future_y4,future_x5,future_y5,future_x6,future_y6,future_x7,future_y7,future_x8,future_y8,future_x9,future_y9,future_x10,future_y10,future_x11,future_y11,future_x12,future_y12,future_x13,future_y13,future_x14,future_y14,future_x15,future_y15,future_x16,future_y16,future_x17,future_y17,future_x18,future_y18,future_x19,future_y19,future_x20,future_y20
147.16258713547998,19.323567961711618,148.440092944512,12.078472492492367,149.717598753544,4.833377023273144,150.995104562576,-2.4117184459460645,152.27261037160798,-9.656813915165316,153.55011618063998,-16.90190938438454,154.827621989672,-24.147004853603732,156.105127798704,-31.392100322822984,157.38263360773598,-38.637195792042206,158.660139416768,-45.88229126126146,159.9376452258,-53.12738673048065,161.215151034832,-60.372482199699874,162.49265684386398,-67.61757766891913,163.77016265289598,-74.86267313813835,165.047668461928,-82.1077686073576,166.32517427095996,-89.35286407657676,167.60268007999198,-96.59795954579599,168.88018588902398,-103.84305501501527,170.157691698056,-111.08815048423449,171.435197507088,-118.33324595345371
