future_x1,future_y1,future_x2,future_y2,future_x3,future_y3,future_x4,future_y4,future_x5,future_y5,future_x6,future_y6,future_x7,future_y7,future_x8,future_y8,future_x9,future_y9,future_x10,future_y10,future_x11,future_y11,future_x12,future_y12,future_x13,future_y13,future_x14,future_y14,future_x15,future_y15,future_x16,future_y16,future_x17,future_y17,future_x18,future_y18,future_x19,future_y19,future_x20,future_y20
104.39982251114984,25.77640057821887,102.8264773452265,18.961493950100134,101.25313217930315,12.146587321981386,99.67978701337981,5.331680693862651,98.10644184745647,-1.483225934256069,96.53309668153312,-8.298132562374832,94.95975151560978,-15.113039190493566,93.38640634968644,-21.9279458186123,91.81306118376308,-28.742852446731092,90.23971601783974,-35.5577590748498,88.6663708519164,-42.37266570296853,87.09302568599306,-49.18757233108727,85.51968052006971,-56.00247895920603,83.94633535414637,-62.817385587324765,82.37299018822301,-69.63229221544353,80.79964502229969,-76.44719884356226,79.22629985637634,-83.26210547168097,77.652954690453,-90.07701209979973,76.07960952452964,-96.8919187279185,74.5062643586063,-103.70682535603723
