future_x1,future_y1,future_x2,future_y2,future_x3,future_y3,future_x4,future_y4,future_x5,future_y5,future_x6,future_y6,future_x7,future_y7,future_x8,future_y8,future_x9,future_y9,future_x10,future_y10,future_x11,future_y11,future_x12,future_y12,future_x13,future_y13,future_x14,future_y14,future_x15,future_y15,future_x16,future_y16,future_x17,future_y17,future_x18,future_y18,future_x19,future_y19,future_x20,future_y20
212.0621122728504,198.53648740413144,217.66625309104046,203.2389198977402,223.27039390923048,207.94135239134894,228.87453472742052,212.6437848849577,234.47867554561054,217.34621737856648,240.08281636380056,222.04864987217525,245.6869571819906,226.751082365784,251.29109800018063,231.45351485939278,256.8952388183707,236.15594735300152,262.4993796365607,240.8583798466103,268.1035204547507,245.56081234021903,273.70766127294075,250.2632448338278,279.31180209113074,254.96567732743657,284.91594290932085,259.66810982104533,290.52008372751084,264.37054231465413,296.1242245457008,269.07297480826287,301.7283653638909,273.7754073018716,307.3325061820809,278.4778397954804,312.93664700027097,283.18027228908915,318.54078781846096,287.8827047826979
