future_x1,future_y1,future_x2,future_y2,future_x3,future_y3,future_x4,future_y4,future_x5,future_y5,future_x6,future_y6,future_x7,future_y7,future_x8,future_y8,future_x9,future_y9,future_x10,future_y10,future_x11,future_y11,future_x12,future_y12,future_x13,future_y13,future_x14,future_y14,future_x15,future_y15,future_x16,future_y16,future_x17,future_y17,future_x18,future_y18,future_x19,future_y19,future_x20,future_y20
197.03677114121945,83.1669966110538,201.6392225506341,80.17812971845738,206.24167396004873,77.18926282586096,210.84412536946334,74.20039593326456,215.44657677887798,71.21152904066814,220.0490281882926,68.22266214807173,224.65147959770724,65.23379525547531,229.25393100712188,62.24492836287891,233.85638241653652,59.256061470282475,238.45883382595116,56.26719457768607,243.06128523536577,53.278327685089664,247.66373664478039,50.28946079249326,252.26618805419503,47.30059389989684,256.86863946360967,44.311727007300405,261.4710908730243,41.322860114704,266.0735422824389,38.333993222107594,270.67599369185353,35.34512632951119,275.2784451012682,32.35625943691477,279.8808965106828,29.367392544318335,284.48334792009746,26.37852565172193
