future_x1,future_y1,future_x2,future_y2,future_x3,future_y3,future_x4,future_y4,future_x5,future_y5,future_x6,future_y6,future_x7,future_y7,future_x8,future_y8,future_x9,future_y9,future_x10,future_y10,future_x11,future_y11,future_x12,future_y12,future_x13,future_y13,future_x14,future_y14,future_x15,future_y15,future_x16,future_y16,future_x17,future_y17,future_x18,future_y18,future_x19,future_y19,future_x20,future_y20
240.13879669284748,173.30701479750712,247.61471647237065,176.32748245067427,255.09063625189384,179.3479501038414,262.566556031417,182.36841775700856,270.0424758109402,185.3888854101757,277.51839559046334,188.40935306334285,284.99431536998645,191.42982071651,292.4702351495097,194.45028836967714,299.94615492903284,197.47075602284428,307.422074708556,200.49122367601143,314.8979944880791,203.51169132917855,322.3739142676023,206.5321589823457,329.84983404712546,209.55262663551284,337.3257538266486,212.57309428867998,344.80167360617185,215.59356194184713,352.27759338569496,218.61402959501424,359.7535131652181,221.6344972481814,367.2294329447413,224.65496490134854,374.7053527242645,227.67543255451568,382.1812725037877,230.69590020768285
