future_x1,future_y1,future_x2,future_y2,future_x3,future_y3,future_x4,future_y4,future_x5,future_y5,future_x6,future_y6,future_x7,future_y7,future_x8,future_y8,future_x9,future_y9,future_x10,future_y10,future_x11,future_y11,future_x12,future_y12,future_x13,future_y13,future_x14,future_y14,future_x15,future_y15,future_x16,future_y16,future_x17,future_y17,future_x18,future_y18,future_x19,future_y19,future_x20,future_y20
85.38531381893308,44.363969212233286,82.54433474019528,38.78823382638217,79.70335566145748,33.21249844053105,76.86237658271969,27.636763054679946,74.0213975039819,22.061027668828814,71.18041842524411,16.485292282977724,68.33943934650631,10.90955689712662,65.49846026776852,5.333821511275488,62.65748118903072,-0.24191387457565838,59.816502110292916,-5.817649260426776,56.97552303155513,-11.393384646277866,54.13454395281734,-16.969120032128956,51.29356487407955,-22.544855417980074,48.45258579534175,-28.120590803831192,45.61160671660396,-33.69632618968234,42.77062763786617,-39.27206157553343,39.92964855912837,-44.84779696138452,37.088669480390564,-50.423532347235664,34.24769040165276,-55.99926773308681,31.40671132291496,-61.5750031189379
