future_x1,future_y1,future_x2,future_y2,future_x3,future_y3,future_x4,future_y4,future_x5,future_y5,future_x6,future_y6,future_x7,future_y7,future_x8,future_y8,future_x9,future_y9,future_x10,future_y10,future_x11,future_y11,future_x12,future_y12,future_x13,future_y13,future_x14,future_y14,future_x15,future_y15,future_x16,future_y16,future_x17,future_y17,future_x18,future_y18,future_x19,future_y19,future_x20,future_y20
77.49751996798877,182.1572793649735,74.13068796585468,185.76776465597175,70.7638559637206,189.37824994697,67.39702396158651,192.98873523796823,64.03019195945242,196.59922052896644,60.66335995731835,200.20970581996468,57.29652795518426,203.82019111096292,53.929695953050185,207.43067640196116,50.562863950916096,211.0411616929594,47.19603194878201,214.65164698395762,43.82919994664793,218.26213227495586,40.462367944513844,221.8726175659541,37.09553594237977,225.48310285695234,33.72870394024568,229.09358814795058,30.36187193811159,232.7040734389488,26.99503993597753,236.314558729947,23.62820793384344,239.92504402094525,20.261375931709352,243.53552931194352,16.894543929575278,247.14601460294176,13.527711927441189,250.75649989393997
