future_x1,future_y1,future_x2,future_y2,future_x3,future_y3,future_x4,future_y4,future_x5,future_y5,future_x6,future_y6,future_x7,future_y7,future_x8,future_y8,future_x9,future_y9,future_x10,future_y10,future_x11,future_y11,future_x12,future_y12,future_x13,future_y13,future_x14,future_y14,future_x15,future_y15,future_x16,future_y16,future_x17,future_y17,future_x18,future_y18,future_x19,future_y19,future_x20,future_y20
180.33434246155772,226.42658291394858,183.82329862566158,232.9883551082118,187.3122547897654,239.55012730247506,190.80121095386926,246.1118994967383,194.2901671179731,252.67367169100152,197.77912328207697,259.2354438852648,201.26807944618082,265.797216079528,204.75703561028467,272.3589882737912,208.24599177438853,278.9207604680545,211.73494793849235,285.48253266231774,215.22390410259618,292.04430485658094,218.71286026670006,298.6060770508442,222.2018164308039,305.16784924510745,225.69077259490774,311.7296214393707,229.1797287590116,318.29139363363396,232.66868492311545,324.85316582789716,236.15764108721928,331.41493802216036,239.64659725132316,337.9767102164236,243.13555341542698,344.5384824106869,246.62450957953084,351.1002546049501
