future_x1,future_y1,future_x2,future_y2,future_x3,future_y3,future_x4,future_y4,future_x5,future_y5,future_x6,future_y6,future_x7,future_y7,future_x8,future_y8,future_x9,future_y9,future_x10,future_y10,future_x11,future_y11,future_x12,future_y12,future_x13,future_y13,future_x14,future_y14,future_x15,future_y15,future_x16,future_y16,future_x17,future_y17,future_x18,future_y18,future_x19,future_y19,future_x20,future_y20
77.5377121245655,71.95595155863046,74.17355959953653,68.21968166253916,70.80940707450756,64.48341176644786,67.4452545494786,60.74714187035656,64.08110202444963,57.01087197426526,60.71694949942068,53.274602078173956,57.35279697439171,49.538332182082655,53.98864444936274,45.802062285991326,50.62449192433377,42.065792389900025,47.2603393993048,38.329522493808724,43.896186874275855,34.59325259771745,40.53203434924687,30.856982701626123,37.167881824217915,27.120712805534822,33.803729299188944,23.384442909443536,30.43957677415996,19.648173013352192,27.075424249131004,15.911903117260934,23.711271724102033,12.175633221169619,20.347119199073063,8.439363325078304,16.982966674044107,4.703093428986989,13.618814149015137,0.9668235328957024
