future_x1,future_y1,future_x2,future_y2,future_x3,future_y3,future_x4,future_y4,future_x5,future_y5,future_x6,future_y6,future_x7,future_y7,future_x8,future_y8,future_x9,future_y9,future_x10,future_y10,future_x11,future_y11,future_x12,future_y12,future_x13,future_y13,future_x14,future_y14,future_x15,future_y15,future_x16,future_y16,future_x17,future_y17,future_x18,future_y18,future_x19,future_y19,future_x20,future_y20
143.75198407199136,46.963067082926415,144.80211634345744,41.56060488845483,145.85224861492355,36.15814269398325,146.90238088638964,30.755680499511683,147.95251315785572,25.3532183050401,149.0026454293218,19.95075611056855,150.05277770078789,14.548293916096966,151.102909972254,9.145831721625385,152.15304224372008,3.743369527153803,153.20317451518616,-1.6590926673177933,154.25330678665227,-7.061554861789318,155.30343905811836,-12.4640170562609,156.35357132958444,-17.866479250732453,157.40370360105052,-23.268941445204035,158.45383587251663,-28.671403639675617,159.50396814398272,-34.07386583414717,160.5541004154488,-39.47632802861875,161.60423268691488,-44.878790223090334,162.654364958381,-50.281252417561916,163.70449722984708,-55.6837146120335
