future_x1,future_y1,future_x2,future_y2,future_x3,future_y3,future_x4,future_y4,future_x5,future_y5,future_x6,future_y6,future_x7,future_y7,future_x8,future_y8,future_x9,future_y9,future_x10,future_y10,future_x11,future_y11,future_x12,future_y12,future_x13,future_y13,future_x14,future_y14,future_x15,future_y15,future_x16,future_y16,future_x17,future_y17,future_x18,future_y18,future_x19,future_y19,future_x20,future_y20
171.02877641081886,66.54853873633407,173.89736150487343,62.45177465208968,176.76594659892802,58.355010567845284,179.63453169298262,54.258246483600885,182.50311678703721,50.1614823993565,185.37170188109178,46.0647183151121,188.24028697514638,41.967954230867704,191.10887206920097,37.871190146623306,193.97745716325556,33.77442606237892,196.84604225731016,29.67766197813451,199.71462735136475,25.580897893890125,202.58321244541935,21.484133809645726,205.45179753947392,17.387369725401342,208.3203826335285,13.29060564115693,211.1889677275831,9.193841556912531,214.0575528216377,5.097077472668133,216.92613791569227,1.0003133884237485,219.79472300974686,-3.0964506958206357,222.66330810380146,-7.193214780065034,225.53189319785605,-11.289978864309433
