future_x1,future_y1,future_x2,future_y2,future_x3,future_y3,future_x4,future_y4,future_x5,future_y5,future_x6,future_y6,future_x7,future_y7,future_x8,future_y8,future_x9,future_y9,future_x10,future_y10,future_x11,future_y11,future_x12,future_y12,future_x13,future_y13,future_x14,future_y14,future_x15,future_y15,future_x16,future_y16,future_x17,future_y17,future_x18,future_y18,future_x19,future_y19,future_x20,future_y20
29.404431785389846,66.39065118860526,22.83139390441582,62.283361267845606,16.25835602344182,58.17607134708595,9.685318142467807,54.0687814263263,3.112280261493794,49.961491505566656,-3.460757619480205,45.854201584807015,-10.033795500454232,41.74691166404736,-16.60683338142823,37.639621743287705,-23.17987126240226,33.53233182252805,-29.752909143376257,29.425041901768395,-36.325947024350256,25.31775198100877,-42.89898490532428,21.210462060249114,-49.47202278629831,17.103172139489445,-56.04506066727231,12.995882218729804,-62.61809854824634,8.888592297970149,-69.19113642922031,4.7813023772105225,-75.76417431019436,0.6740124564508534,-82.33721219116836,-3.4332774643087873,-88.91025007214239,-7.540567385068442,-95.48328795311636,-11.647857305828097
