future_x1,future_y1,future_x2,future_y2,future_x3,future_y3,future_x4,future_y4,future_x5,future_y5,future_x6,future_y6,future_x7,future_y7,future_x8,future_y8,future_x9,future_y9,future_x10,future_y10,future_x11,future_y11,future_x12,future_y12,future_x13,future_y13,future_x14,future_y14,future_x15,future_y15,future_x16,future_y16,future_x17,future_y17,future_x18,future_y18,future_x19,future_y19,future_x20,future_y20
12.477115522458433,113.81557335518833,4.775589890622314,112.86994491220088,-2.9259357412137774,111.92431646921344,-10.627461373049897,110.978688026226,-18.328987004885988,110.03305958323855,-26.030512636722108,109.08743114025111,-33.7320382685582,108.14180269726367,-41.43356390039432,107.19617425427622,-49.13508953223044,106.25054581128877,-56.83661516406653,105.30491736830132,-64.53814079590262,104.35928892531388,-72.23966642773874,103.41366048232643,-79.9411920595748,102.468032039339,-87.64271769141095,101.52240359635155,-95.34424332324707,100.57677515336411,-103.04576895508313,99.63114671037667,-110.74729458691928,98.68551826738921,-118.44882021875537,97.73988982440177,-126.15034585059146,96.79426138141433,-133.85187148242755,95.84863293842687
