future_x1,future_y1,future_x2,future_y2,future_x3,future_y3,future_x4,future_y4,future_x5,future_y5,future_x6,future_y6,future_x7,future_y7,future_x8,future_y8,future_x9,future_y9,future_x10,future_y10,future_x11,future_y11,future_x12,future_y12,future_x13,future_y13,future_x14,future_y14,future_x15,future_y15,future_x16,future_y16,future_x17,future_y17,future_x18,future_y18,future_x19,future_y19,future_x20,future_y20
178.9006804344012,28.101789842083377,182.29405913002796,21.441909164888926,185.6874378256547,14.78202848769449,189.08081652128146,8.122147810500067,192.4741952169082,1.462267133305616,195.86757391253497,-5.197613543888821,199.26095260816172,-11.857494221083272,202.65433130378847,-18.517374898277723,206.0477099994152,-25.177255575472174,209.44108869504197,-31.837136252666625,212.8344673906687,-38.49701692986102,216.22784608629544,-45.15689760705547,219.6212247819222,-51.81677828424992,223.01460347754895,-58.47665896144437,226.4079821731757,-65.13653963863882,229.80136086880242,-71.79642031583325,233.1947395644292,-78.4563009930277,236.58811826005595,-85.11618167022215,239.9814969556827,-91.7760623474166,243.37487565130942,-98.43594302461102
