future_x1,future_y1,future_x2,future_y2,future_x3,future_y3,future_x4,future_y4,future_x5,future_y5,future_x6,future_y6,future_x7,future_y7,future_x8,future_y8,future_x9,future_y9,future_x10,future_y10,future_x11,future_y11,future_x12,future_y12,future_x13,future_y13,future_x14,future_y14,future_x15,future_y15,future_x16,future_y16,future_x17,future_y17,future_x18,future_y18,future_x19,future_y19,future_x20,future_y20
199.3501136641147,112.83406516478883,204.106787908389,111.82300284244141,208.86346215266332,110.811940520094,213.62013639693762,109.80087819774658,218.37681064121193,108.78981587539917,223.13348488548624,107.77875355305176,227.89015912976058,106.76769123070434,232.64683337403488,105.75662890835693,237.40350761830922,104.74556658600952,242.1601818625835,103.73450426366212,246.9168561068578,102.7234419413147,251.67353035113211,101.71237961896729,256.43020459540645,100.70131729661989,261.18687883968073,99.69025497427246,265.94355308395507,98.67919265192505,270.7002273282294,97.66813032957765,275.4569015725037,96.65706800723024,280.213575816778,95.64600568488282,284.9702500610523,94.63494336253541,289.72692430532663,93.623881040188
