future_x1,future_y1,future_x2,future_y2,future_x3,future_y3,future_x4,future_y4,future_x5,future_y5,future_x6,future_y6,future_x7,future_y7,future_x8,future_y8,future_x9,future_y9,future_x10,future_y10,future_x11,future_y11,future_x12,future_y12,future_x13,future_y13,future_x14,future_y14,future_x15,future_y15,future_x16,future_y16,future_x17,future_y17,future_x18,future_y18,future_x19,future_y19,future_x20,future_y20
140.09562194277265,29.489064636252067,140.9019967389575,22.92166894533554,141.70837153514236,16.354273254418985,142.5147463313272,9.786877563502458,143.32112112751204,3.219481872585945,144.12749592369687,-3.3479138183305963,144.93387071988172,-9.915309509247123,145.74024551606658,-16.48270520016365,146.5466203122514,-23.050100891080177,147.35299510843626,-29.617496581996704,148.1593699046211,-36.18489227291323,148.96574470080594,-42.75228796382976,149.7721194969908,-49.319683654746285,150.57849429317562,-55.88707934566281,151.38486908936048,-62.45447503657937,152.1912438855453,-69.02187072749587,152.99761868173016,-75.58926641841242,153.80399347791501,-82.15666210932892,154.61036827409984,-88.72405780024548,155.4167430702847,-95.29145349116203
