future_x1,future_y1,future_x2,future_y2,future_x3,future_y3,future_x4,future_y4,future_x5,future_y5,future_x6,future_y6,future_x7,future_y7,future_x8,future_y8,future_x9,future_y9,future_x10,future_y10,future_x11,future_y11,future_x12,future_y12,future_x13,future_y13,future_x14,future_y14,future_x15,future_y15,future_x16,future_y16,future_x17,future_y17,future_x18,future_y18,future_x19,future_y19,future_x20,future_y20
88.16582335742046,221.8434392840646,85.51021158124848,228.09966856966892,82.85459980507652,234.3558978552732,80.19898802890455,240.61212714087753,77.54337625273257,246.86835642648185,74.8877644765606,253.12458571208614,72.23215270038864,259.38081499769044,69.57654092421667,265.63704428329476,66.92092914804469,271.8932735688991,64.26531737187273,278.1495028545034,61.609705595700774,284.40573214010766,58.954093819528794,290.661961425712,56.29848204335681,296.9181907113163,53.64287026718486,303.1744199969206,50.98725849101288,309.43064928252494,48.331646714840915,315.6868785681292,45.67603493866895,321.9431078537335,43.02042316249697,328.19933713933784,40.364811386325,334.45556642494216,37.709199610153036,340.7117957105464
