future_x1,future_y1,future_x2,future_y2,future_x3,future_y3,future_x4,future_y4,future_x5,future_y5,future_x6,future_y6,future_x7,future_y7,future_x8,future_y8,future_x9,future_y9,future_x10,future_y10,future_x11,future_y11,future_x12,future_y12,future_x13,future_y13,future_x14,future_y14,future_x15,future_y15,future_x16,future_y16,future_x17,future_y17,future_x18,future_y18,future_x19,future_y19,future_x20,future_y20
68.49777093927405,212.97798982978856,64.530955668559,218.64318915177446,60.56414039784393,224.30838847376037,56.59732512712887,229.97358779574625,52.630509856413795,235.6387871177322,48.66369458569875,241.30398643971807,44.696879314983676,246.96918576170398,40.730064044268616,252.6343850836899,36.76324877355354,258.2995844056758,32.79643350283848,263.9647837276617,28.829618232123423,269.6299830496476,24.862802961408377,275.2951823716335,20.895987690693303,280.9603816936194,16.92917241997823,286.6255810156053,12.962357149263156,292.29078033759123,8.995541878548096,297.9559796595771,5.028726607833022,303.62117898156305,1.061911337118005,309.28637830354893,-2.904903933597069,314.9515776255348,-6.871719204312143,320.61677694752075
