future_x1,future_y1,future_x2,future_y2,future_x3,future_y3,future_x4,future_y4,future_x5,future_y5,future_x6,future_y6,future_x7,future_y7,future_x8,future_y8,future_x9,future_y9,future_x10,future_y10,future_x11,future_y11,future_x12,future_y12,future_x13,future_y13,future_x14,future_y14,future_x15,future_y15,future_x16,future_y16,future_x17,future_y17,future_x18,future_y18,future_x19,future_y19,future_x20,future_y20
217.75428978519008,67.45996711674498,223.73790910420277,63.423964924527965,229.72152842321543,59.38796273231097,235.70514774222812,55.35196054009397,241.68876706124078,51.31595834787696,247.67238638025344,47.27995615565996,253.65600569926613,43.24395396344296,259.6396250182788,39.20795177122595,265.62324433729145,35.17194957900895,271.60686365630414,31.13594738679194,277.59048297531683,27.099945194574943,283.57410229432946,23.063943002357945,289.5577216133422,19.027940810140947,295.54134093235484,14.991938617923935,301.52496025136753,10.955936425706938,307.50857957038016,6.919934233489954,313.49219888939285,2.883932041272942,319.47581820840554,-1.1520701509440698,325.45943752741823,-5.188072343161082,331.44305684643086,-9.224074535378065
