future_x1,future_y1,future_x2,future_y2,future_x3,future_y3,future_x4,future_y4,future_x5,future_y5,future_x6,future_y6,future_x7,future_y7,future_x8,future_y8,future_x9,future_y9,future_x10,future_y10,future_x11,future_y11,future_x12,future_y12,future_x13,future_y13,future_x14,future_y14,future_x15,future_y15,future_x16,future_y16,future_x17,future_y17,future_x18,future_y18,future_x19,future_y19,future_x20,future_y20
232.3390299688558,107.71854709952396,239.2949653001129,106.36645023949222,246.25090063136992,105.01435337946049,253.20683596262697,103.66225651942875,260.162771293884,102.310159659397,267.11870662514104,100.95806279936528,274.0746419563982,99.60596593933353,281.0305772876552,98.2538690793018,287.98651261891223,96.90177221927006,294.9424479501693,95.54967535923832,301.89838328142633,94.19757849920659,308.8543186126834,92.84548163917485,315.81025394394044,91.49338477914311,322.7661892751975,90.14128791911138,329.7221246064546,88.78919105907964,336.6780599377116,87.4370941990479,343.6339952689687,86.08499733901617,350.5899306002258,84.73290047898443,357.5458659314828,83.3808036189527,364.50180126273983,82.02870675892096
