future_x1,future_y1,future_x2,future_y2,future_x3,future_y3,future_x4,future_y4,future_x5,future_y5,future_x6,future_y6,future_x7,future_y7,future_x8,future_y8,future_x9,future_y9,future_x10,future_y10,future_x11,future_y11,future_x12,future_y12,future_x13,future_y13,future_x14,future_y14,future_x15,future_y15,future_x16,future_y16,future_x17,future_y17,future_x18,future_y18,future_x19,future_y19,future_x20,future_y20
189.2667349970183,88.21291708251513,193.35118399681951,85.56044488801614,197.4356329966207,82.90797269351714,201.52008199642194,80.25550049901815,205.60453099622316,77.60302830451917,209.6889799960244,74.95055611002017,213.7734289958256,72.29808391552118,217.85787799562684,69.64561172102219,221.94232699542803,66.99313952652321,226.02677599522926,64.3406673320242,230.11122499503045,61.68819513752523,234.19567399483168,59.03572294302623,238.2801229946329,56.38325074852723,242.36457199443413,53.730778554028234,246.44902099423535,51.07830635952925,250.53346999403658,48.42583416503027,254.61791899383778,45.77336197053128,258.70236799363903,43.12088977603227,262.7868169934402,40.46841758153329,266.8712659932414,37.81594538703429
