future_x1,future_y1,future_x2,future_y2,future_x3,future_y3,future_x4,future_y4,future_x5,future_y5,future_x6,future_y6,future_x7,future_y7,future_x8,future_y8,future_x9,future_y9,future_x10,future_y10,future_x11,future_y11,future_x12,future_y12,future_x13,future_y13,future_x14,future_y14,future_x15,future_y15,future_x16,future_y16,future_x17,future_y17,future_x18,future_y18,future_x19,future_y19,future_x20,future_y20
211.232823543243,148.75227366503506,216.78167844612585,150.1357585760374,222.33053334900873,151.51924348703974,227.87938825189158,152.9027283980421,233.42824315477446,154.2862133090444,238.97709805765732,155.66969822004674,244.5259529605402,157.05318313104908,250.07480786342305,158.43666804205142,255.62366276630593,159.82015295305376,261.1725176691888,161.2036378640561,266.7213725720717,162.58712277505845,272.27022747495454,163.97060768606076,277.8190823778374,165.35409259706313,283.3679372807203,166.73757750806544,288.9167921836031,168.12106241906778,294.465647086486,169.50454733007012,300.01450198936885,170.88803224107244,305.5633568922517,172.2715171520748,311.1122117951346,173.65500206307712,316.66106669801746,175.0384869740795
