future_x1,future_y1,future_x2,future_y2,future_x3,future_y3,future_x4,future_y4,future_x5,future_y5,future_x6,future_y6,future_x7,future_y7,future_x8,future_y8,future_x9,future_y9,future_x10,future_y10,future_x11,future_y11,future_x12,future_y12,future_x13,future_y13,future_x14,future_y14,future_x15,future_y15,future_x16,future_y16,future_x17,future_y17,future_x18,future_y18,future_x19,future_y19,future_x20,future_y20
197.78141740957082,106.66567970222235,202.43351190354218,105.24339168237051,207.0856063975136,103.82110366251867,211.73770089148496,102.39881564266682,216.38979538545635,100.97652762281498,221.04188987942774,99.55423960296314,225.69398437339913,98.13195158311129,230.34607886737052,96.70966356325945,234.9981733613419,95.2873755434076,239.6502678553133,93.86508752355576,244.3023623492847,92.44279950370392,248.95445684325608,91.02051148385208,253.60655133722747,89.59822346400023,258.25864583119886,88.1759354441484,262.91074032517025,86.75364742429655,267.56283481914164,85.3313594044447,272.21492931311303,83.90907138459286,276.86702380708437,82.48678336474102,281.5191183010558,81.06449534488917,286.1712127950272,79.64220732503733
