future_x1,future_y1,future_x2,future_y2,future_x3,future_y3,future_x4,future_y4,future_x5,future_y5,future_x6,future_y6,future_x7,future_y7,future_x8,future_y8,future_x9,future_y9,future_x10,future_y10,future_x11,future_y11,future_x12,future_y12,future_x13,future_y13,future_x14,future_y14,future_x15,future_y15,future_x16,future_y16,future_x17,future_y17,future_x18,future_y18,future_x19,future_y19,future_x20,future_y20
28.600876281563828,75.14854842002136,21.974268033668096,71.62511831468944,15.347659785772336,68.10168820935755,8.72105153787659,64.57825810402564,2.094443289980859,61.054827998693725,-4.532164957914887,57.53139789336181,-11.158773205810633,54.0079677880299,-17.785381453706407,50.48453768269799,-24.411989701602124,46.96110757736608,-31.0385979494979,43.43767747203417,-37.665206197393616,39.91424736670227,-44.29181444528936,36.39081726137036,-50.91842269318511,32.86738715603845,-57.54503094108085,29.343957050706535,-64.1716391889766,25.820526945374624,-70.79824743687234,22.297096840042713,-77.42485568476809,18.773666734710815,-84.05146393266381,15.250236629378904,-90.67807218055958,11.726806524046964,-97.30468042845533,8.20337641871508
