future_x1,future_y1,future_x2,future_y2,future_x3,future_y3,future_x4,future_y4,future_x5,future_y5,future_x6,future_y6,future_x7,future_y7,future_x8,future_y8,future_x9,future_y9,future_x10,future_y10,future_x11,future_y11,future_x12,future_y12,future_x13,future_y13,future_x14,future_y14,future_x15,future_y15,future_x16,future_y16,future_x17,future_y17,future_x18,future_y18,future_x19,future_y19,future_x20,future_y20
92.56546254051139,207.58727420030274,90.20316004321215,212.89309248032293,87.84085754591291,218.19891076034313,85.47855504861367,223.5047290403633,83.11625255131443,228.81054732038348,80.75395005401519,234.11636560040364,78.39164755671595,239.42218388042383,76.02934505941671,244.72800216044402,73.66704256211746,250.03382044046424,71.30474006481822,255.3396387204844,68.94243756751898,260.64545700050456,66.58013507021975,265.9512752805247,64.2178325729205,271.25709356054494,61.85553007562126,276.5629118405651,59.493227578322006,281.8687301205853,57.130925081022795,287.1745484006055,54.76862258372354,292.48036668062565,52.4063200864243,297.78618496064587,50.04401758912505,303.09200324066603,47.68171509182581,308.39782152068625
