future_x1,future_y1,future_x2,future_y2,future_x3,future_y3,future_x4,future_y4,future_x5,future_y5,future_x6,future_y6,future_x7,future_y7,future_x8,future_y8,future_x9,future_y9,future_x10,future_y10,future_x11,future_y11,future_x12,future_y12,future_x13,future_y13,future_x14,future_y14,future_x15,future_y15,future_x16,future_y16,future_x17,future_y17,future_x18,future_y18,future_x19,future_y19,future_x20,future_y20
173.33259329716543,229.81867160187466,176.35476618364316,236.60658304199964,179.37693907012084,243.3944944821246,182.39911195659855,250.1824059222496,185.42128484307625,256.97031736237454,188.44345772955393,263.7582288024995,191.46563061603163,270.5461402426245,194.48780350250934,277.33405168274953,197.509976388987,284.1219631228745,200.53214927546475,290.90987456299945,203.55432216194242,297.6977860031244,206.5764950484201,304.48569744324936,209.59866793489783,311.2736088833744,212.6208408213755,318.0615203234994,215.6430137078532,324.84943176362435,218.6651865943309,331.6373432037493,221.6873594808086,338.4252546438743,224.7095323672863,345.2131660839993,227.731705253764,352.00107752412424,230.7538781402417,358.7889889642492
