future_x1,future_y1,future_x2,future_y2,future_x3,future_y3,future_x4,future_y4,future_x5,future_y5,future_x6,future_y6,future_x7,future_y7,future_x8,future_y8,future_x9,future_y9,future_x10,future_y10,future_x11,future_y11,future_x12,future_y12,future_x13,future_y13,future_x14,future_y14,future_x15,future_y15,future_x16,future_y16,future_x17,future_y17,future_x18,future_y18,future_x19,future_y19,future_x20,future_y20
223.0990069121353,160.74521407627225,229.43894070627766,162.9282283480237,235.77887450042005,165.1112426197752,242.11880829456237,167.2942568915267,248.45874208870472,169.47727116327815,254.7986758828471,171.66028543502966,261.13860967698946,173.84329970678112,267.47854347113184,176.0263139785326,273.81847726527417,178.2093282502841,280.1584110594165,180.3923425220356,286.4983448535589,182.57535679378705,292.8382786477012,184.75837106553854,299.1782124418436,186.94138533729003,305.5181462359859,189.12439960904152,311.8580800301283,191.307413880793,318.1980138242706,193.49042815254447,324.537947618413,195.67344242429596,330.8778814125553,197.85645669604745,337.2178152066977,200.03947096779893,343.5577490008401,202.2224852395504
