future_x1,future_y1,future_x2,future_y2,future_x3,future_y3,future_x4,future_y4,future_x5,future_y5,future_x6,future_y6,future_x7,future_y7,future_x8,future_y8,future_x9,future_y9,future_x10,future_y10,future_x11,future_y11,future_x12,future_y12,future_x13,future_y13,future_x14,future_y14,future_x15,future_y15,future_x16,future_y16,future_x17,future_y17,future_x18,future_y18,future_x19,future_y19,future_x20,future_y20
97.6871864813617,6.421945497617642,95.66633224678581,-1.6832581358745244,93.64547801220994,-9.788461769366677,91.62462377763404,-17.893665402858858,89.60376954305815,-25.99886903635101,87.58291530848227,-34.104072669843134,85.56206107390638,-42.20927630333534,83.5412068393305,-50.31447993682747,81.5203526047546,-58.41968357031962,79.49949837017871,-66.52488720381183,77.47864413560285,-74.63009083730392,75.45778990102694,-82.73529447079613,73.43693566645106,-90.84049810428829,71.41608143187518,-98.94570173778044,69.39522719729929,-107.05090537127256,67.37437296272341,-115.15610900476472,65.35351872814752,-123.26131263825692,63.33266449357163,-131.36651627174905,61.31181025899575,-139.47171990524123,59.290956024419856,-147.57692353873335
