future_x1,future_y1,future_x2,future_y2,future_x3,future_y3,future_x4,future_y4,future_x5,future_y5,future_x6,future_y6,future_x7,future_y7,future_x8,future_y8,future_x9,future_y9,future_x10,future_y10,future_x11,future_y11,future_x12,future_y12,future_x13,future_y13,future_x14,future_y14,future_x15,future_y15,future_x16,future_y16,future_x17,future_y17,future_x18,future_y18,future_x19,future_y19,future_x20,future_y20
114.3166235134017,225.36228275272822,113.40439841429514,231.85310160291013,112.4921733151886,238.343920453092,111.57994821608204,244.83473930327386,110.66772311697548,251.32555815345575,109.75549801786893,257.8163770036376,108.84327291876238,264.3071958538195,107.93104781965582,270.7980147040014,107.01882272054928,277.28883355418327,106.10659762144272,283.7796524043652,105.19437252233617,290.27047125454703,104.28214742322962,296.7612901047289,103.36992232412305,303.2521089549108,102.4576972250165,309.7429278050927,101.54547212590995,316.2337466552746,100.6332470268034,322.72456550545644,99.72102192769685,329.2153843556383,98.80879682859029,335.70620320582026,97.89657172948374,342.19702205600214,96.98434663037719,348.687840906184
