future_x1,future_y1,future_x2,future_y2,future_x3,future_y3,future_x4,future_y4,future_x5,future_y5,future_x6,future_y6,future_x7,future_y7,future_x8,future_y8,future_x9,future_y9,future_x10,future_y10,future_x11,future_y11,future_x12,future_y12,future_x13,future_y13,future_x14,future_y14,future_x15,future_y15,future_x16,future_y16,future_x17,future_y17,future_x18,future_y18,future_x19,future_y19,future_x20,future_y20
66.83827245337719,166.21808905371284,62.760823950269,168.7659616572937,58.68337544716081,171.31383426087456,54.60592694405264,173.8617068644554,50.52847844094444,176.40957946803627,46.45102993783625,178.95745207161713,42.37358143472807,181.50532467519798,38.296132931619894,184.05319727877884,34.21868442851169,186.6010698823597,30.141235925403493,189.14894248594058,26.063787422295334,191.6968150895214,21.98633891918712,194.24468769310226,17.908890416078947,196.79256029668312,13.831441912970746,199.340432900264,9.753993409862574,201.88830550384483,5.676544906754387,204.4361781074257,1.5990964036462003,206.98405071100655,-2.4783520994620005,209.5319233145874,-6.555800602570173,212.07979591816826,-10.633249105678374,214.62766852174914
