future_x1,future_y1,future_x2,future_y2,future_x3,future_y3,future_x4,future_y4,future_x5,future_y5,future_x6,future_y6,future_x7,future_y7,future_x8,future_y8,future_x9,future_y9,future_x10,future_y10,future_x11,future_y11,future_x12,future_y12,future_x13,future_y13,future_x14,future_y14,future_x15,future_y15,future_x16,future_y16,future_x17,future_y17,future_x18,future_y18,future_x19,future_y19,future_x20,future_y20
223.40028534179223,210.9302028315037,229.7603043645784,216.4588830202706,236.12032338736452,221.98756320903755,242.48034241015068,227.51624339780443,248.84036143293685,233.04492358657134,255.20038045572295,238.57360377533826,261.5603994785091,244.1022839641052,267.9204185012953,249.63096415287208,274.28043752408144,255.159644341639,280.6404565468676,260.6883245304059,287.0004755696537,266.2170047191728,293.36049459243986,271.74568490793973,299.720513615226,277.2743650967067,306.0805326380122,282.80304528547356,312.44055166079835,288.3317254742405,318.80057068358445,293.8604056630074,325.1605897063706,299.3890858517743,331.5206087291568,304.9177660405412,337.88062775194294,310.44644622930815,344.24064677472904,315.9751264180751
