future_x1,future_y1,future_x2,future_y2,future_x3,future_y3,future_x4,future_y4,future_x5,future_y5,future_x6,future_y6,future_x7,future_y7,future_x8,future_y8,future_x9,future_y9,future_x10,future_y10,future_x11,future_y11,future_x12,future_y12,future_x13,future_y13,future_x14,future_y14,future_x15,future_y15,future_x16,future_y16,future_x17,future_y17,future_x18,future_y18,future_x19,future_y19,future_x20,future_y20
179.58854801566093,22.227801821993552,183.02778455003832,15.176321943459783,186.4670210844157,8.124842064926014,189.9062576187931,1.0733621863922735,193.3454941531705,-5.978117692141495,196.7847306875479,-13.029597570675264,200.2239672219253,-20.081077449209033,203.6632037563027,-27.132557327742802,207.10244029068008,-34.18403720627657,210.5416768250575,-41.23551708481034,213.98091335943485,-48.28699696334408,217.42014989381227,-55.33847684187785,220.85938642818965,-62.38995672041159,224.29862296256704,-69.44143659894536,227.73785949694445,-76.49291647747913,231.17709603132184,-83.5443963560129,234.61633256569922,-90.59587623454667,238.05556910007664,-97.64735611308043,241.49480563445405,-104.6988359916142,244.93404216883144,-111.75031587014797
