future_x1,future_y1,future_x2,future_y2,future_x3,future_y3,future_x4,future_y4,future_x5,future_y5,future_x6,future_y6,future_x7,future_y7,future_x8,future_y8,future_x9,future_y9,future_x10,future_y10,future_x11,future_y11,future_x12,future_y12,future_x13,future_y13,future_x14,future_y14,future_x15,future_y15,future_x16,future_y16,future_x17,future_y17,future_x18,future_y18,future_x19,future_y19,future_x20,future_y20
90.43261996309619,54.2698652752687,87.92812796063592,49.354522960286616,85.42363595817567,44.43918064530452,82.91914395571541,39.523838330322434,80.41465195325515,34.60849601534035,77.9101599507949,29.693153700358252,75.40566794833464,24.777811385376182,72.90117594587439,19.8624690703941,70.39668394341413,14.947126755412,67.89219194095388,10.031784440429917,65.38769993849363,5.1164421254478185,62.88320793603337,0.20109981046573466,60.37871593357312,-4.714242504516335,57.87422393111285,-9.629584819498461,55.36973192865261,-14.544927134480531,52.86523992619236,-19.4602694494626,50.36074792373209,-24.3756117644447,47.85625592127184,-29.29095407942677,45.351763918811585,-34.20629639440887,42.84727191635133,-39.121638709390965
