future_x1,future_y1,future_x2,future_y2,future_x3,future_y3,future_x4,future_y4,future_x5,future_y5,future_x6,future_y6,future_x7,future_y7,future_x8,future_y8,future_x9,future_y9,future_x10,future_y10,future_x11,future_y11,future_x12,future_y12,future_x13,future_y13,future_x14,future_y14,future_x15,future_y15,future_x16,future_y16,future_x17,future_y17,future_x18,future_y18,future_x19,future_y19,future_x20,future_y20
78.89413263397472,39.41067020766705,75.62040814290637,33.5047148881782,72.34668365183802,27.598759568689346,69.07295916076967,21.692804249200464,65.7992346697013,15.786848929711596,62.52551017863297,9.880893610222756,59.251785687564606,3.974938290733874,55.97806119649627,-1.9310170287549795,52.704336705427906,-7.836972348243847,49.430612214359556,-13.742927667732715,46.156887723291206,-19.648882987221555,42.883163232222856,-25.55483830671045,39.609438741154506,-31.46079362619929,36.335714250086156,-37.36674894568816,33.06198975901779,-43.272704265177026,29.788265267949456,-49.178659584665894,26.514540776881105,-55.08461490415473,23.240816285812755,-60.9905702236436,19.96709179474439,-66.89652554313247,16.69336730367604,-72.80248086262131
