future_x1,future_y1,future_x2,future_y2,future_x3,future_y3,future_x4,future_y4,future_x5,future_y5,future_x6,future_y6,future_x7,future_y7,future_x8,future_y8,future_x9,future_y9,future_x10,future_y10,future_x11,future_y11,future_x12,future_y12,future_x13,future_y13,future_x14,future_y14,future_x15,future_y15,future_x16,future_y16,future_x17,future_y17,future_x18,future_y18,future_x19,future_y19,future_x20,future_y20
163.35854331776994,203.82664084409151,165.71577953895462,208.8817502336976,168.0730157601393,213.9368596233037,170.43025198132395,218.9919690129098,172.78748820250863,224.04707840251592,175.14472442369328,229.102187792122,177.50196064487795,234.1572971817281,179.85919686606263,239.2124065713342,182.21643308724728,244.2675159609403,184.57366930843193,249.3226253505464,186.9309055296166,254.3777347401525,189.28814175080126,259.4328441297586,191.64537797198594,264.48795351936474,194.0026141931706,269.5430629089708,196.35985041435526,274.5981722985769,198.7170866355399,279.65328168818303,201.0743228567246,284.7083910777891,203.43155907790924,289.7635004673952,205.78879529909392,294.8186098570013,208.1460315202786,299.8737192466074
