future_x1,future_y1,future_x2,future_y2,future_x3,future_y3,future_x4,future_y4,future_x5,future_y5,future_x6,future_y6,future_x7,future_y7,future_x8,future_y8,future_x9,future_y9,future_x10,future_y10,future_x11,future_y11,future_x12,future_y12,future_x13,future_y13,future_x14,future_y14,future_x15,future_y15,future_x16,future_y16,future_x17,future_y17,future_x18,future_y18,future_x19,future_y19,future_x20,future_y20
138.8657337566728,231.38055102353198,139.59011600711764,238.2725877584341,140.3144982575625,245.16462449333625,141.03888050800734,252.0566612282384,141.7632627584522,258.9486979631405,142.48764500889706,265.84073469804264,143.2120272593419,272.7327714329448,143.93640950978676,279.62480816784694,144.6607917602316,286.5168449027491,145.38517401067648,293.40888163765123,146.10955626112133,300.3009183725533,146.83393851156617,307.1929551074554,147.55832076201102,314.08499184235757,148.28270301245587,320.9770285772597,149.00708526290072,327.86906531216187,149.7314675133456,334.76110204706396,150.45584976379044,341.6531387819661,151.1802320142353,348.5451755168682,151.90461426468013,355.43721225177035,152.62899651512498,362.3292489866725
