future_x1,future_y1,future_x2,future_y2,future_x3,future_y3,future_x4,future_y4,future_x5,future_y5,future_x6,future_y6,future_x7,future_y7,future_x8,future_y8,future_x9,future_y9,future_x10,future_y10,future_x11,future_y11,future_x12,future_y12,future_x13,future_y13,future_x14,future_y14,future_x15,future_y15,future_x16,future_y16,future_x17,future_y17,future_x18,future_y18,future_x19,future_y19,future_x20,future_y20
247.8523700418154,162.3671140817475,255.84252804460309,164.65825502053067,263.8326860473908,166.94939595931385,271.82284405017845,169.240536898097,279.81300205296617,171.5316778368802,287.80316005575384,173.82281877566334,295.79331805854156,176.1139597144465,303.7834760613292,178.40510065322968,311.77363406411695,180.69624159201285,319.7637920669046,182.98738253079603,327.75395006969234,185.27852346957917,335.74410807248,187.56966440836234,343.7342660752677,189.86080534714552,351.72442407805545,192.1519462859287,359.7145820808431,194.44308722471186,367.7047400836308,196.734228163495,375.69489808641845,199.02536910227818,383.68505608920617,201.31651004106135,391.67521409199384,203.60765097984452,399.66537209478156,205.8987919186277
