future_x1,future_y1,future_x2,future_y2,future_x3,future_y3,future_x4,future_y4,future_x5,future_y5,future_x6,future_y6,future_x7,future_y7,future_x8,future_y8,future_x9,future_y9,future_x10,future_y10,future_x11,future_y11,future_x12,future_y12,future_x13,future_y13,future_x14,future_y14,future_x15,future_y15,future_x16,future_y16,future_x17,future_y17,future_x18,future_y18,future_x19,future_y19,future_x20,future_y20
14.98099239758622,77.68069583030162,7.446391890758605,74.32607555232173,-0.08820861606898234,70.97145527434182,-7.622809122896541,67.61683499636193,-15.157409629724128,64.26221471838204,-22.692010136551716,60.90759444040215,-30.22661064337933,57.55297416242226,-37.76121115020692,54.198353884442355,-45.295811657034506,50.843733606462465,-52.83041216386212,47.48911332848256,-60.36501267068968,44.134493050502684,-67.89961317751727,40.77987277252279,-75.43421368434485,37.42525249454289,-82.96881419117244,34.070632216563,-90.50341469800006,30.716011938583108,-98.03801520482756,27.361391660603232,-105.57261571165517,24.006771382623327,-113.10721621848279,20.652151104643437,-120.6418167253104,17.297530826663547,-128.17641723213796,13.942910548683656
