future_x1,future_y1,future_x2,future_y2,future_x3,future_y3,future_x4,future_y4,future_x5,future_y5,future_x6,future_y6,future_x7,future_y7,future_x8,future_y8,future_x9,future_y9,future_x10,future_y10,future_x11,future_y11,future_x12,future_y12,future_x13,future_y13,future_x14,future_y14,future_x15,future_y15,future_x16,future_y16,future_x17,future_y17,future_x18,future_y18,future_x19,future_y19,future_x20,future_y20
40.88723406619002,79.7126053458035,35.079716337269346,76.49344570219039,29.27219860834866,73.27428605857729,23.464680879428016,70.05512641496419,17.65716315050736,66.8359667713511,11.849645421586686,63.616807127737985,6.042127692666028,60.39764748412489,0.23460996374532783,57.17848784051179,-5.57290776517533,53.95932819689868,-11.380425494095988,50.740168553285585,-17.187943223016617,47.52100890967249,-22.995460951937332,44.30184926605938,-28.80297868085796,41.08268962244628,-34.61049640977865,37.863529978833185,-40.418014138699334,34.644370335220074,-46.225531867619964,31.425210691606978,-52.03304959654062,28.20605104799388,-57.84056732546131,24.98689140438077,-63.648085054381966,21.767731760767674,-69.45560278330268,18.548572117154578
