future_x1,future_y1,future_x2,future_y2,future_x3,future_y3,future_x4,future_y4,future_x5,future_y5,future_x6,future_y6,future_x7,future_y7,future_x8,future_y8,future_x9,future_y9,future_x10,future_y10,future_x11,future_y11,future_x12,future_y12,future_x13,future_y13,future_x14,future_y14,future_x15,future_y15,future_x16,future_y16,future_x17,future_y17,future_x18,future_y18,future_x19,future_y19,future_x20,future_y20
192.42897339282925,45.534674635055865,196.72423828568455,40.03698627739293,201.01950317853982,34.53929791972999,205.31476807139512,29.041609562067052,209.6100329642504,23.543921204404114,213.90529785710567,18.046232846741162,218.20056274996097,12.548544489078225,222.49582764281624,7.050856131415273,226.79109253567154,1.5531677737523353,231.0863574285268,-3.9445205839106166,235.38162232138208,-9.44220894157354,239.67688721423738,-14.939897299236492,243.97215210709265,-20.437585656899444,248.26741699994795,-25.935274014562367,252.56268189280323,-31.43296237222532,256.8579467856585,-36.93065072988827,261.1532116785138,-42.428339087551194,265.4484765713691,-47.926027445214146,269.7437414642244,-53.4237158028771,274.03900635707964,-58.92140416054002
