future_x1,future_y1,future_x2,future_y2,future_x3,future_y3,future_x4,future_y4,future_x5,future_y5,future_x6,future_y6,future_x7,future_y7,future_x8,future_y8,future_x9,future_y9,future_x10,future_y10,future_x11,future_y11,future_x12,future_y12,future_x13,future_y13,future_x14,future_y14,future_x15,future_y15,future_x16,future_y16,future_x17,future_y17,future_x18,future_y18,future_x19,future_y19,future_x20,future_y20
107.83780607839303,203.24633210749676,106.49365981695257,208.26275424799655,105.1495135555121,213.27917638849635,103.80536729407163,218.29559852899612,102.46122103263116,223.31202066949592,101.1170747711907,228.3284428099957,99.77292850975024,233.3448649504955,98.42878224830977,238.3612870909953,97.08463598686932,243.37770923149506,95.74048972542884,248.39413137199486,94.39634346398839,253.41055351249463,93.05219720254792,258.42697565299443,91.70805094110744,263.4433977934942,90.36390467966697,268.459819933994,89.01975841822652,273.47624207449377,87.67561215678606,278.4926642149935,86.33146589534559,283.50908635549337,84.98731963390513,288.5255084959931,83.64317337246466,293.5419306364929,82.2990271110242,298.5583527769927
