future_x1,future_y1,future_x2,future_y2,future_x3,future_y3,future_x4,future_y4,future_x5,future_y5,future_x6,future_y6,future_x7,future_y7,future_x8,future_y8,future_x9,future_y9,future_x10,future_y10,future_x11,future_y11,future_x12,future_y12,future_x13,future_y13,future_x14,future_y14,future_x15,future_y15,future_x16,future_y16,future_x17,future_y17,future_x18,future_y18,future_x19,future_y19,future_x20,future_y20
221.03982476994221,84.61481719637588,227.24247975460503,81.72247167613428,233.44513473926784,78.83012615589266,239.64778972393066,75.93778063565107,245.85044470859344,73.04543511540945,252.05309969325626,70.15308959516784,258.2557546779191,67.26074407492624,264.4584096625819,64.36839855468462,270.6610646472447,61.47605303444303,276.86371963190754,58.58370751420141,283.06637461657033,55.691361993959816,289.26902960123317,52.79901647371818,295.47168458589596,49.90667095347659,301.6743395705588,47.01432543323497,307.8769945552216,44.12197991299337,314.07964953988443,41.22963439275176,320.2823045245472,38.33728887251017,326.48495950921006,35.44494335226855,332.68761449387284,32.55259783202693,338.8902694785357,29.660252311785328
