future_x1,future_y1,future_x2,future_y2,future_x3,future_y3,future_x4,future_y4,future_x5,future_y5,future_x6,future_y6,future_x7,future_y7,future_x8,future_y8,future_x9,future_y9,future_x10,future_y10,future_x11,future_y11,future_x12,future_y12,future_x13,future_y13,future_x14,future_y14,future_x15,future_y15,future_x16,future_y16,future_x17,future_y17,future_x18,future_y18,future_x19,future_y19,future_x20,future_y20
81.28669838516845,27.823001407143906,78.17247827751302,21.14453483428683,75.05825816985757,14.46606826142974,71.94403806220215,7.787601688572707,68.82981795454671,1.1091351157156168,65.71559784689127,-5.569331457141459,62.60137773923584,-12.247798029998506,59.4871576315804,-18.92626460285561,56.37293752392496,-25.604731175712686,53.25871741626952,-32.28319774856976,50.14449730861409,-38.96166432142681,47.030277200958665,-45.640130894283885,43.91605709330322,-52.31859746714096,40.80183698564778,-58.997064039998065,37.687616877992326,-65.67553061285514,34.57339677033691,-72.35399718571219,31.45917666268147,-79.03246375856924,28.34495655502603,-85.71093033142634,25.230736447370603,-92.38939690428342,22.116516339715147,-99.06786347714052
