future_x1,future_y1,future_x2,future_y2,future_x3,future_y3,future_x4,future_y4,future_x5,future_y5,future_x6,future_y6,future_x7,future_y7,future_x8,future_y8,future_x9,future_y9,future_x10,future_y10,future_x11,future_y11,future_x12,future_y12,future_x13,future_y13,future_x14,future_y14,future_x15,future_y15,future_x16,future_y16,future_x17,future_y17,future_x18,future_y18,future_x19,future_y19,future_x20,future_y20
202.97501359624607,112.06356889881815,207.9733478359958,111.00114015873936,212.97168207574555,109.93871141866057,217.97001631549526,108.87628267858177,222.96835055524502,107.81385393850299,227.96668479499476,106.75142519842419,232.96501903474447,105.6889964583454,237.9633532744942,104.62656771826661,242.96168751424398,103.56413897818783,247.96002175399371,102.50171023810903,252.95835599374342,101.43928149803024,257.9566902334932,100.37685275795145,262.95502447324293,99.31442401787267,267.95335871299267,98.25199527779387,272.9516929527424,97.18956653771508,277.95002719249214,96.1271377976363,282.9483614322419,95.06470905755751,287.9466956719916,94.00228031747871,292.94502991174136,92.93985157739992,297.9433641514911,91.87742283732113
