future_x1,future_y1,future_x2,future_y2,future_x3,future_y3,future_x4,future_y4,future_x5,future_y5,future_x6,future_y6,future_x7,future_y7,future_x8,future_y8,future_x9,future_y9,future_x10,future_y10,future_x11,future_y11,future_x12,future_y12,future_x13,future_y13,future_x14,future_y14,future_x15,future_y15,future_x16,future_y16,future_x17,future_y17,future_x18,future_y18,future_x19,future_y19,future_x20,future_y20
52.3549052222599,126.67960995915237,47.31189890374388,126.59158395642919,42.268892585227874,126.50355795370602,37.22588626671187,126.41553195098284,32.18287994819586,126.32750594825967,27.139873629679855,126.23947994553649,22.096867311163848,126.15145394281332,17.053860992647827,126.06342794009015,12.010854674131835,125.97540193736697,6.9678483556158,125.8873759346438,1.9248420370998218,125.79934993192062,-3.1181642814161705,125.71132392919745,-8.161170599932177,125.62329792647427,-13.204176918448212,125.5352719237511,-18.24718323696422,125.44724592102791,-23.290189555480197,125.35921991830475,-28.333195873996203,125.27119391558156,-33.37620219251224,125.1831679128584,-38.419208511028245,125.09514191013521,-43.46221482954425,125.00711590741204
