future_x1,future_y1,future_x2,future_y2,future_x3,future_y3,future_x4,future_y4,future_x5,future_y5,future_x6,future_y6,future_x7,future_y7,future_x8,future_y8,future_x9,future_y9,future_x10,future_y10,future_x11,future_y11,future_x12,future_y12,future_x13,future_y13,future_x14,future_y14,future_x15,future_y15,future_x16,future_y16,future_x17,future_y17,future_x18,future_y18,future_x19,future_y19,future_x20,future_y20
12.180612623369214,140.17310813915975,4.459320131593813,140.9846486817704,-3.2619723601815735,141.79618922438107,-10.98326485195696,142.60772976699172,-18.704557343732347,143.41927030960238,-26.425849835507734,144.230810852213,-34.14714232728312,145.04235139482367,-41.86843481905851,145.85389193743433,-49.589727310833894,146.66543248004496,-57.31101980260931,147.4769730226556,-65.03231229438467,148.28851356526627,-72.75360478616005,149.10005410787693,-80.47489727793544,149.9115946504876,-88.19618976971083,150.72313519309822,-95.91748226148624,151.53467573570887,-103.63877475326157,152.34621627831953,-111.36006724503699,153.15775682093016,-119.08135973681237,153.96929736354082,-126.80265222858779,154.78083790615148,-134.52394472036315,155.59237844876213
