future_x1,future_y1,future_x2,future_y2,future_x3,future_y3,future_x4,future_y4,future_x5,future_y5,future_x6,future_y6,future_x7,future_y7,future_x8,future_y8,future_x9,future_y9,future_x10,future_y10,future_x11,future_y11,future_x12,future_y12,future_x13,future_y13,future_x14,future_y14,future_x15,future_y15,future_x16,future_y16,future_x17,future_y17,future_x18,future_y18,future_x19,future_y19,future_x20,future_y20
196.25899993625328,193.9169500179953,200.8095999320035,198.31141335252832,205.3601999277537,202.70587668706136,209.91079992350393,207.10034002159438,214.46139991925415,211.4948033561274,219.01199991500437,215.8892666906604,223.56259991075459,220.28373002519342,228.1131999065048,224.67819335972646,232.66379990225502,229.07265669425948,237.21439989800524,233.46712002879252,241.76499989375546,237.8615833633255,246.31559988950568,242.25604669785852,250.8661998852559,246.65051003239157,255.4167998810061,251.04497336692458,259.9673998767563,255.43943670145762,264.51799987250655,259.8339000359906,269.06859986825674,264.22836337052365,273.619199864007,268.62282670505664,278.1697998597572,273.0172900395897,282.7203998555074,277.4117533741227
