future_x1,future_y1,future_x2,future_y2,future_x3,future_y3,future_x4,future_y4,future_x5,future_y5,future_x6,future_y6,future_x7,future_y7,future_x8,future_y8,future_x9,future_y9,future_x10,future_y10,future_x11,future_y11,future_x12,future_y12,future_x13,future_y13,future_x14,future_y14,future_x15,future_y15,future_x16,future_y16,future_x17,future_y17,future_x18,future_y18,future_x19,future_y19,future_x20,future_y20
122.80292409811278,28.833884339603003,122.45645237132031,22.22280996224319,122.10998064452782,15.611735584883405,121.76350891773535,9.000661207523606,121.41703719094286,2.389586830163779,121.07056546415039,-4.221487547195977,120.7240937373579,-10.83256192455579,120.37762201056542,-17.443636301915603,120.03115028377294,-24.054710679275388,119.68467855698046,-30.66578505663523,119.33820683018799,-37.276859433994986,118.9917351033955,-43.8879338113548,118.64526337660303,-50.49900818871461,118.29879164981054,-57.1100825660744,117.95231992301805,-63.72115694343421,117.60584819622558,-70.332231320794,117.25937646943309,-76.94330569815378,116.91290474264062,-83.55438007551362,116.56643301584813,-90.16545445287338,116.21996128905566,-96.77652883023319
