future_x1,future_y1,future_x2,future_y2,future_x3,future_y3,future_x4,future_y4,future_x5,future_y5,future_x6,future_y6,future_x7,future_y7,future_x8,future_y8,future_x9,future_y9,future_x10,future_y10,future_x11,future_y11,future_x12,future_y12,future_x13,future_y13,future_x14,future_y14,future_x15,future_y15,future_x16,future_y16,future_x17,future_y17,future_x18,future_y18,future_x19,future_y19,future_x20,future_y20
196.31627288975372,72.67857300648427,200.87069108240397,68.99047787358322,205.42510927505424,65.30238274068216,209.9795274677045,61.61428760778111,214.53394566035473,57.92619247488007,219.08836385300495,54.23809734197903,223.64278204565522,50.550002209077974,228.19720023830547,46.86190707617692,232.75161843095572,43.173811943275865,237.30603662360596,39.48571681037481,241.8604548162562,35.79762167747377,246.41487300890645,32.10952654457273,250.9692912015567,28.421431411671676,255.52370939420695,24.733336278770622,260.0781275868572,21.045241145869568,264.63254577950744,17.357146012968542,269.1869639721577,13.669050880067488,273.74138216480793,9.980955747166448,278.29580035745823,6.292860614265393,282.8502185501085,2.604765481364325
