future_x1,future_y1,future_x2,future_y2,future_x3,future_y3,future_x4,future_y4,future_x5,future_y5,future_x6,future_y6,future_x7,future_y7,future_x8,future_y8,future_x9,future_y9,future_x10,future_y10,future_x11,future_y11,future_x12,future_y12,future_x13,future_y13,future_x14,future_y14,future_x15,future_y15,future_x16,future_y16,future_x17,future_y17,future_x18,future_y18,future_x19,future_y19,future_x20,future_y20
34.352290045483116,149.62027740025044,28.109109381848654,151.0616292269338,21.865928718214192,152.50298105361716,15.622748054579759,153.94433288030052,9.379567390945297,155.38568470698388,3.1363867273108355,156.82703653366724,-3.1067939363236405,158.2683883603506,-9.349974599958102,159.70974018703396,-15.593155263592564,161.15109201371735,-21.836335927227026,162.5924438404007,-28.079516590861488,164.03379566708406,-34.32269725449595,165.47514749376742,-40.56587791813041,166.91649932045078,-46.80905858176487,168.35785114713414,-53.052239245399335,169.7992029738175,-59.29541990903377,171.2405548005009,-65.53860057266823,172.68190662718422,-71.78178123630269,174.1232584538676,-78.02496189993718,175.56461028055097,-84.26814256357162,177.00596210723432
