future_x1,future_y1,future_x2,future_y2,future_x3,future_y3,future_x4,future_y4,future_x5,future_y5,future_x6,future_y6,future_x7,future_y7,future_x8,future_y8,future_x9,future_y9,future_x10,future_y10,future_x11,future_y11,future_x12,future_y12,future_x13,future_y13,future_x14,future_y14,future_x15,future_y15,future_x16,future_y16,future_x17,future_y17,future_x18,future_y18,future_x19,future_y19,future_x20,future_y20
214.82862535238377,149.64880774872674,220.617200375876,151.09206159864183,226.40577539936825,152.53531544855696,232.1943504228605,153.97856929847208,237.98292544635277,155.4218231483872,243.771500469845,156.8650769983023,249.56007549333725,158.30833084821742,255.3486505168295,159.75158469813255,261.13722554032177,161.19483854804764,266.92580056381405,162.63809239796277,272.7143755873062,164.0813462478779,278.5029506107985,165.52460009779298,284.29152563429074,166.9678539477081,290.080100657783,168.41110779762323,295.86867568127525,169.85436164753835,301.65725070476753,171.29761549745348,307.44582572825976,172.74086934736857,313.234400751752,174.1841231972837,319.0229757752443,175.62737704719882,324.8115507987365,177.07063089711392
