future_x1,future_y1,future_x2,future_y2,future_x3,future_y3,future_x4,future_y4,future_x5,future_y5,future_x6,future_y6,future_x7,future_y7,future_x8,future_y8,future_x9,future_y9,future_x10,future_y10,future_x11,future_y11,future_x12,future_y12,future_x13,future_y13,future_x14,future_y14,future_x15,future_y15,future_x16,future_y16,future_x17,future_y17,future_x18,future_y18,future_x19,future_y19,future_x20,future_y20
146.71312780441195,9.849960980587412,147.96066965803942,1.973291712626562,149.2082115116669,-5.903377555334288,150.45575336529436,-13.780046823295095,151.70329521892182,-21.65671609125596,152.9508370725493,-29.533385359216794,154.19837892617676,-37.41005462717763,155.44592077980423,-45.286723895138465,156.6934626334317,-53.16339316309933,157.94100448705916,-61.040062431060164,159.18854634068663,-68.916731699021,160.4360881943141,-76.7934009669818,161.68363004794156,-84.67007023494267,162.93117190156903,-92.54673950290353,164.1787137551965,-100.4234087708644,165.42625560882394,-108.30007803882518,166.6737974624514,-116.17674730678604,167.92133931607887,-124.05341657474688,169.16888116970634,-131.93008584270768,170.4164230233338,-139.80675511066858
