future_x1,future_y1,future_x2,future_y2,future_x3,future_y3,future_x4,future_y4,future_x5,future_y5,future_x6,future_y6,future_x7,future_y7,future_x8,future_y8,future_x9,future_y9,future_x10,future_y10,future_x11,future_y11,future_x12,future_y12,future_x13,future_y13,future_x14,future_y14,future_x15,future_y15,future_x16,future_y16,future_x17,future_y17,future_x18,future_y18,future_x19,future_y19,future_x20,future_y20
231.14957023053765,102.28192366028821,238.02620824590684,100.56738523764076,244.902846261276,98.85284681499331,251.77948427664518,97.13830839234585,258.65612229201435,95.4237699696984,265.5327603073835,93.70923154705095,272.4093983227527,91.9946931244035,279.2860363381219,90.28015470175603,286.16267435349107,88.56561627910858,293.03931236886024,86.85107785646113,299.9159503842294,85.13653943381368,306.79258839959857,83.42200101116623,313.66922641496774,81.70746258851878,320.54586443033696,79.99292416587133,327.42250244570613,78.27838574322388,334.2991404610753,76.56384732057641,341.1757784764444,74.84930889792898,348.0524164918137,73.13477047528151,354.9290545071828,71.42023205263406,361.805692522552,69.70569362998661
