future_x1,future_y1,future_x2,future_y2,future_x3,future_y3,future_x4,future_y4,future_x5,future_y5,future_x6,future_y6,future_x7,future_y7,future_x8,future_y8,future_x9,future_y9,future_x10,future_y10,future_x11,future_y11,future_x12,future_y12,future_x13,future_y13,future_x14,future_y14,future_x15,future_y15,future_x16,future_y16,future_x17,future_y17,future_x18,future_y18,future_x19,future_y19,future_x20,future_y20
61.233001980830394,194.76699801916936,56.781868779552426,199.21813122044733,52.33073557827444,203.6692644217253,47.87960237699647,208.12039762300324,43.428469175718504,212.57153082428118,38.977335974440535,217.02266402555915,34.52620277316257,221.47379722683712,30.075069571884598,225.9249304281151,25.6239363706066,230.37606362939306,21.17280316932863,234.827196830671,16.721669968050676,239.27833003194897,12.270536766772693,243.7294632332269,7.81940356549471,248.18059643450488,3.368270364216727,252.63172963578285,-1.082862837061242,257.0828628370608,-5.533996038339211,261.5339960383387,-9.985129239617152,265.9851292396167,-14.436262440895149,270.43626244089467,-18.887395642173118,274.88739564217263,-23.338528843451115,279.3385288434506
