future_x1,future_y1,future_x2,future_y2,future_x3,future_y3,future_x4,future_y4,future_x5,future_y5,future_x6,future_y6,future_x7,future_y7,future_x8,future_y8,future_x9,future_y9,future_x10,future_y10,future_x11,future_y11,future_x12,future_y12,future_x13,future_y13,future_x14,future_y14,future_x15,future_y15,future_x16,future_y16,future_x17,future_y17,future_x18,future_y18,future_x19,future_y19,future_x20,future_y20
253.89330916383176,141.23191998472984,262.28619644142054,142.11404798371183,270.6790837190093,142.9961759826938,279.0719709965981,143.8783039816758,287.4648582741869,144.7604319806578,295.8577455517757,145.6425599796398,304.25063282936446,146.52468797862178,312.64352010695325,147.40681597760377,321.03640738454203,148.28894397658576,329.4292946621308,149.17107197556777,337.8221819397196,150.05319997454973,346.2150692173084,150.93532797353174,354.60795649489717,151.81745597251373,363.000843772486,152.6995839714957,371.39373105007473,153.5817119704777,379.7866183276635,154.46383996945968,388.1795056052523,155.34596796844167,396.5723928828411,156.22809596742368,404.96528016042987,157.11022396640567,413.35816743801865,157.99235196538766
