future_x1,future_y1,future_x2,future_y2,future_x3,future_y3,future_x4,future_y4,future_x5,future_y5,future_x6,future_y6,future_x7,future_y7,future_x8,future_y8,future_x9,future_y9,future_x10,future_y10,future_x11,future_y11,future_x12,future_y12,future_x13,future_y13,future_x14,future_y14,future_x15,future_y15,future_x16,future_y16,future_x17,future_y17,future_x18,future_y18,future_x19,future_y19,future_x20,future_y20
151.36587368721374,204.4263291329897,152.92359859969466,209.5214177418557,154.48132351217558,214.61650635072166,156.03904842465647,219.71159495958764,157.5967733371374,224.80668356845362,159.1544982496183,229.90177217731957,160.71222316209924,234.99686078618558,162.26994807458016,240.09194939505159,163.82767298706108,245.18703800391756,165.38539789954197,250.28212661278354,166.9431228120229,255.3772152216495,168.50084772450379,260.4723038305155,170.0585726369847,265.5673924393815,171.61629754946563,270.66248104824746,173.17402246194655,275.75756965711344,174.73174737442747,280.8526582659794,176.2894722869084,285.9477468748454,177.8471971993893,291.0428354837114,179.4049221118702,296.13792409257735,180.96264702435113,301.23301270144333
