future_x1,future_y1,future_x2,future_y2,future_x3,future_y3,future_x4,future_y4,future_x5,future_y5,future_x6,future_y6,future_x7,future_y7,future_x8,future_y8,future_x9,future_y9,future_x10,future_y10,future_x11,future_y11,future_x12,future_y12,future_x13,future_y13,future_x14,future_y14,future_x15,future_y15,future_x16,future_y16,future_x17,future_y17,future_x18,future_y18,future_x19,future_y19,future_x20,future_y20
136.73640193387973,227.8575310421743,137.3188287294717,234.51469977831923,137.9012555250637,241.1718685144642,138.48368232065567,247.82903725060913,139.06610911624767,254.4862059867541,139.64853591183964,261.143374722899,140.23096270743162,267.800543459044,140.81338950302361,274.45771219518895,141.39581629861559,281.1148809313339,141.97824309420758,287.7720496674789,142.56066988979956,294.4292184036238,143.14309668539153,301.08638713976876,143.72552348098353,307.7435558759137,144.3079502765755,314.4007246120587,144.8903770721675,321.0578933482036,145.47280386775947,327.7150620843486,146.05523066335144,334.3722308204935,146.63765745894344,341.02939955663845,147.2200842545354,347.6865682927834,147.8025110501274,354.3437370289284
