future_x1,future_y1,future_x2,future_y2,future_x3,future_y3,future_x4,future_y4,future_x5,future_y5,future_x6,future_y6,future_x7,future_y7,future_x8,future_y8,future_x9,future_y9,future_x10,future_y10,future_x11,future_y11,future_x12,future_y12,future_x13,future_y13,future_x14,future_y14,future_x15,future_y15,future_x16,future_y16,future_x17,future_y17,future_x18,future_y18,future_x19,future_y19,future_x20,future_y20
234.99292306072041,95.28898072139259,242.1257845981018,93.10824610281875,249.25864613548316,90.92751148424493,256.39150767286446,88.74677686567111,263.5243692102458,86.56604224709727,270.65723074762724,84.38530762852345,277.7900922850086,82.20457300994961,284.92295382238996,80.02383839137579,292.0558153597713,77.84310377280195,299.1886768971527,75.66236915422813,306.32153843453403,73.48163453565431,313.4543999719154,71.30089991708049,320.58726150929675,69.12016529850665,327.7201230466781,66.93943067993283,334.85298458405947,64.75869606135899,341.98584612144083,62.57796144278517,349.11870765882225,60.397226824211344,356.2515691962036,58.21649220563751,363.38443073358496,56.03575758706367,370.5172922709663,53.85502296848986
