future_x1,future_y1,future_x2,future_y2,future_x3,future_y3,future_x4,future_y4,future_x5,future_y5,future_x6,future_y6,future_x7,future_y7,future_x8,future_y8,future_x9,future_y9,future_x10,future_y10,future_x11,future_y11,future_x12,future_y12,future_x13,future_y13,future_x14,future_y14,future_x15,future_y15,future_x16,future_y16,future_x17,future_y17,future_x18,future_y18,future_x19,future_y19,future_x20,future_y20
163.82606780907327,245.18178770329692,166.21447232967816,252.9939068835167,168.60287685028305,260.8060260637365,170.99128137088792,268.6181452439563,173.3796858914928,276.4302644241761,175.7680904120977,284.24238360439585,178.15649493270257,292.0545027846157,180.54489945330747,299.8666219648355,182.93330397391236,307.67874114505526,185.32170849451722,315.4908603252751,187.71011301512212,323.3029795054948,190.09851753572698,331.11509868571466,192.48692205633188,338.92721786593444,194.87532657693677,346.7393370461542,197.26373109754167,354.55145622637406,199.65213561814653,362.36357540659384,202.04054013875142,370.1756945868136,204.42894465935632,377.9878137670334,206.81734917996118,385.79993294725324,209.20575370056608,393.612052127473
