future_x1,future_y1,future_x2,future_y2,future_x3,future_y3,future_x4,future_y4,future_x5,future_y5,future_x6,future_y6,future_x7,future_y7,future_x8,future_y8,future_x9,future_y9,future_x10,future_y10,future_x11,future_y11,future_x12,future_y12,future_x13,future_y13,future_x14,future_y14,future_x15,future_y15,future_x16,future_y16,future_x17,future_y17,future_x18,future_y18,future_x19,future_y19,future_x20,future_y20
48.90426593229449,153.699761886598,43.63121699444744,155.41307934570452,38.35816805660042,157.12639680481104,33.08511911875338,158.83971426391759,27.812070180906346,160.5530317230241,22.539021243059324,162.26634918213063,17.265972305212287,163.97966664123717,11.99292336736525,165.69298410034372,6.7198744295182,167.40630155945024,1.446825491671163,169.11961901855676,-3.8262234461758453,170.8329364776633,-9.099272384022868,172.54625393676983,-14.372321321869919,174.25957139587638,-19.64537025971697,175.9728888549829,-24.918419197563992,177.68620631408945,-30.191468135411014,179.39952377319597,-35.46451707325804,181.11284123230251,-40.737566011105116,182.82615869140903,-46.01061494895214,184.53947615051555,-51.28366388679916,186.2527936096221
