future_x1,future_y1,future_x2,future_y2,future_x3,future_y3,future_x4,future_y4,future_x5,future_y5,future_x6,future_y6,future_x7,future_y7,future_x8,future_y8,future_x9,future_y9,future_x10,future_y10,future_x11,future_y11,future_x12,future_y12,future_x13,future_y13,future_x14,future_y14,future_x15,future_y15,future_x16,future_y16,future_x17,future_y17,future_x18,future_y18,future_x19,future_y19,future_x20,future_y20
164.1416300968761,205.5059758612484,166.5510721033345,210.67304091866498,168.96051410979288,215.84010597608153,171.3699561162513,221.00717103349808,173.77939812270972,226.17423609091466,176.1888401291681,231.3413011483312,178.5982821356265,236.5083662057478,181.00772414208492,241.67543126316434,183.41716614854334,246.8424963205809,185.82660815500174,252.0095613779975,188.23605016146013,257.17662643541405,190.64549216791855,262.34369149283054,193.05493417437697,267.51075655024715,195.46437618083536,272.6778216076637,197.87381818729378,277.8448866650803,200.28326019375217,283.0119517224968,202.69270220021056,288.17901677991335,205.10214420666898,293.34608183732996,207.51158621312737,298.5131468947465,209.9210282195858,303.68021195216306
