future_x1,future_y1,future_x2,future_y2,future_x3,future_y3,future_x4,future_y4,future_x5,future_y5,future_x6,future_y6,future_x7,future_y7,future_x8,future_y8,future_x9,future_y9,future_x10,future_y10,future_x11,future_y11,future_x12,future_y12,future_x13,future_y13,future_x14,future_y14,future_x15,future_y15,future_x16,future_y16,future_x17,future_y17,future_x18,future_y18,future_x19,future_y19,future_x20,future_y20
208.0317837854571,223.3781658480416,213.36723603782093,229.73671023791104,218.70268829018474,236.0952546277805,224.03814054254852,242.45379901764994,229.37359279491233,248.81234340751936,234.70904504727613,255.17088779738881,240.04449729963994,261.52943218725824,245.37994955200378,267.8879765771277,250.71540180436756,274.24652096699714,256.0508540567314,280.6050653568666,261.3863063090952,286.963609746736,266.72175856145896,293.32215413660543,272.0572108138228,299.6806985264749,277.3926630661866,306.03924291634434,282.7281153185504,312.3977873062138,288.0635675709142,318.7563316960832,293.399019823278,325.1148760859527,298.73447207564186,331.4734204758221,304.06992432800564,337.83196486569153,309.4053765803695,344.190509255561
