future_x1,future_y1,future_x2,future_y2,future_x3,future_y3,future_x4,future_y4,future_x5,future_y5,future_x6,future_y6,future_x7,future_y7,future_x8,future_y8,future_x9,future_y9,future_x10,future_y10,future_x11,future_y11,future_x12,future_y12,future_x13,future_y13,future_x14,future_y14,future_x15,future_y15,future_x16,future_y16,future_x17,future_y17,future_x18,future_y18,future_x19,future_y19,future_x20,future_y20
130.04009648395615,244.87704928888058,130.1761029162199,252.66885257480595,130.31210934848366,260.4606558607313,130.4481157807474,268.2524591466567,130.58412221301114,276.04426243258206,130.72012864527488,283.8360657185074,130.85613507753862,291.6278690044328,130.99214150980237,299.41967229035816,131.1281479420661,307.21147557628353,131.26415437432985,315.00327886220896,131.4001608065936,322.79508214813427,131.53616723885733,330.5868854340597,131.67217367112107,338.37868871998506,131.8081801033848,346.17049200591043,131.94418653564858,353.9622952918358,132.08019296791232,361.75409857776117,132.21619940017607,369.5459018636865,132.3522058324398,377.3377051496119,132.48821226470355,385.1295084355373,132.6242186969673,392.9213117214627
