future_x1,future_y1,future_x2,future_y2,future_x3,future_y3,future_x4,future_y4,future_x5,future_y5,future_x6,future_y6,future_x7,future_y7,future_x8,future_y8,future_x9,future_y9,future_x10,future_y10,future_x11,future_y11,future_x12,future_y12,future_x13,future_y13,future_x14,future_y14,future_x15,future_y15,future_x16,future_y16,future_x17,future_y17,future_x18,future_y18,future_x19,future_y19,future_x20,future_y20
222.23637642775978,51.6888870226456,228.51880152294376,46.60147949082197,234.80122661812774,41.51407195899834,241.08365171331175,36.426664427174714,247.36607680849573,31.339256895351085,253.6485019036797,26.25184936352747,259.9309269988637,21.16444183170384,266.21335209404765,16.07703429988021,272.49577718923166,10.989626768056581,278.77820228441567,5.902219236232938,285.0606273795996,0.8148117044093368,291.34305247478363,-4.272595827414307,297.62547756996764,-9.360003359237936,303.9079026651516,-14.447410891061566,310.1903277603356,-19.534818422885195,316.47275285551956,-24.622225954708796,322.75517795070357,-29.709633486532425,329.0376030458875,-34.797041018356055,335.3200281410715,-39.884448550179684,341.6024532362555,-44.97185608200331
