future_x1,future_y1,future_x2,future_y2,future_x3,future_y3,future_x4,future_y4,future_x5,future_y5,future_x6,future_y6,future_x7,future_y7,future_x8,future_y8,future_x9,future_y9,future_x10,future_y10,future_x11,future_y11,future_x12,future_y12,future_x13,future_y13,future_x14,future_y14,future_x15,future_y15,future_x16,future_y16,future_x17,future_y17,future_x18,future_y18,future_x19,future_y19,future_x20,future_y20
159.5582505451409,45.787946603981496,161.66213391481696,40.30714304424693,163.76601728449305,34.826339484512346,165.8699006541691,29.345535924777792,167.97378402384516,23.86473236504321,170.0776673935212,18.383928805308642,172.18155076319727,12.903125245574074,174.28543413287332,7.422321685839506,176.3893175025494,1.9415181261049383,178.49320087222546,-3.539285433629658,180.5970842419015,-9.020088993364169,182.70096761157757,-14.500892553098765,184.80485098125365,-19.981696112833333,186.9087343509297,-25.4624996725679,189.01261772060576,-30.94330323230247,191.11650109028182,-36.42410679203701,193.22038445995787,-41.904910351771605,195.32426782963392,-47.385713911506144,197.42815119931,-52.86651747124074,199.53203456898606,-58.34732103097531
