future_x1,future_y1,future_x2,future_y2,future_x3,future_y3,future_x4,future_y4,future_x5,future_y5,future_x6,future_y6,future_x7,future_y7,future_x8,future_y8,future_x9,future_y9,future_x10,future_y10,future_x11,future_y11,future_x12,future_y12,future_x13,future_y13,future_x14,future_y14,future_x15,future_y15,future_x16,future_y16,future_x17,future_y17,future_x18,future_y18,future_x19,future_y19,future_x20,future_y20
55.390603251858266,71.27132197135327,50.549976801982154,67.48941010277682,45.70935035210604,63.70749823420037,40.86872390222992,59.925586365623914,36.028097452353805,56.14367449704747,31.187471002477707,52.36176262847103,26.34684455260158,48.57985075989458,21.506218102725455,44.797938891318125,16.665591652849344,41.01602702274167,11.824965202973232,37.23411515416521,6.984338753097134,33.452203285588794,2.143712303221008,29.670291417012336,-2.6969141466551037,25.888379548435893,-7.537540596531215,22.106467679859435,-12.378167046407327,18.324555811282977,-17.218793496283467,14.542643942706533,-22.05941994615958,10.760732074130075,-26.90004639603569,6.978820205553646,-31.740672845911803,3.196908336977188,-36.581299295787915,-0.5850035315992557
