future_x1,future_y1,future_x2,future_y2,future_x3,future_y3,future_x4,future_y4,future_x5,future_y5,future_x6,future_y6,future_x7,future_y7,future_x8,future_y8,future_x9,future_y9,future_x10,future_y10,future_x11,future_y11,future_x12,future_y12,future_x13,future_y13,future_x14,future_y14,future_x15,future_y15,future_x16,future_y16,future_x17,future_y17,future_x18,future_y18,future_x19,future_y19,future_x20,future_y20
176.2844598331718,37.1901385268018,179.50342382204994,31.136147761921933,182.72238781092807,25.082156997042034,185.9413517998062,19.02816623216215,189.16031578868433,12.974175467282265,192.37927977756243,6.920184702402409,195.59824376644056,0.8661939375225103,198.8172077553187,-5.187796827357374,202.0361717441968,-11.241787592237245,205.25513573307492,-17.295778357117143,208.47409972195305,-23.349769121996985,211.69306371083115,-29.403759886876884,214.91202769970928,-35.457750651756754,218.13099168858741,-41.51174141663665,221.34995567746554,-47.56573218151652,224.56891966634365,-53.619722946396394,227.78788365522178,-59.67371371127632,231.00684764409988,-65.72770447615613,234.22581163297804,-71.78169524103606,237.44477562185614,-77.83568600591593
