future_x1,future_y1,future_x2,future_y2,future_x3,future_y3,future_x4,future_y4,future_x5,future_y5,future_x6,future_y6,future_x7,future_y7,future_x8,future_y8,future_x9,future_y9,future_x10,future_y10,future_x11,future_y11,future_x12,future_y12,future_x13,future_y13,future_x14,future_y14,future_x15,future_y15,future_x16,future_y16,future_x17,future_y17,future_x18,future_y18,future_x19,future_y19,future_x20,future_y20
52.11876142072097,144.12905516767395,47.06001218210237,145.20432551218556,42.001262943483766,146.27959585669717,36.94251370486516,147.35486620120875,31.88376446624656,148.43013654572036,26.825015227627958,149.50540689023197,21.76626598900934,150.58067723474355,16.707516750390752,151.65594757925516,11.64876751177215,152.73121792376676,6.590018273153532,153.80648826827834,1.5312690345349438,154.88175861278995,-3.527480204083645,155.95702895730153,-8.586229442702262,157.03229930181314,-13.644978681320879,158.10756964632475,-18.703727919939467,159.18283999083633,-23.762477158558056,160.25811033534794,-28.821226397176645,161.33338067985954,-33.87997563579526,162.40865102437112,-38.93872487441388,163.48392136888273,-43.99747411303247,164.55919171339434
