future_x1,future_y1,future_x2,future_y2,future_x3,future_y3,future_x4,future_y4,future_x5,future_y5,future_x6,future_y6,future_x7,future_y7,future_x8,future_y8,future_x9,future_y9,future_x10,future_y10,future_x11,future_y11,future_x12,future_y12,future_x13,future_y13,future_x14,future_y14,future_x15,future_y15,future_x16,future_y16,future_x17,future_y17,future_x18,future_y18,future_x19,future_y19,future_x20,future_y20
42.10589524924208,115.92837082231478,36.37962159919155,115.12359554380242,30.653347949141022,114.31882026529007,24.927074299090506,113.51404498677772,19.200800649039962,112.70926970826537,13.474526998989433,111.90449442975302,7.748253348938917,111.09971915124068,2.021979698888373,110.29494387272833,-3.7042939511621285,109.49016859421599,-9.430567601212687,108.68539331570364,-15.156841251263188,107.88061803719128,-20.883114901313718,107.07584275867893,-26.609388551364248,106.27106748016658,-32.335662201414806,105.46629220165423,-38.06193585146531,104.66151692314187,-43.78820950151584,103.85674164462954,-49.51448315156637,103.05196636611718,-55.2407568016169,102.24719108760485,-60.967030451667426,101.4424158090925,-66.69330410171796,100.63764053058014
