future_x1,future_y1,future_x2,future_y2,future_x3,future_y3,future_x4,future_y4,future_x5,future_y5,future_x6,future_y6,future_x7,future_y7,future_x8,future_y8,future_x9,future_y9,future_x10,future_y10,future_x11,future_y11,future_x12,future_y12,future_x13,future_y13,future_x14,future_y14,future_x15,future_y15,future_x16,future_y16,future_x17,future_y17,future_x18,future_y18,future_x19,future_y19,future_x20,future_y20
49.261928718182645,108.36839393958078,44.012723966061486,107.0596202022195,38.76351921394033,105.75084646485823,33.51431446181917,104.44207272749694,28.26510970969801,103.13329899013567,23.015904957576865,101.82452525277438,17.76670020545569,100.5157515154131,12.517495453334547,99.20697777805182,7.268290701213374,97.89820404069053,2.0190859490922293,96.58943030332925,-3.2301188030289154,95.28065656596797,-8.479323555150103,93.9718828286067,-13.728528307271233,92.66310909124542,-18.97773305939242,91.35433535388412,-24.22693781151355,90.04556161652285,-29.47614256363471,88.73678787916157,-34.72534731575587,87.42801414180029,-39.97455206787703,86.11924040443901,-45.22375681999819,84.81046666707773,-50.472961572119345,83.50169292971644
