future_x1,future_y1,future_x2,future_y2,future_x3,future_y3,future_x4,future_y4,future_x5,future_y5,future_x6,future_y6,future_x7,future_y7,future_x8,future_y8,future_x9,future_y9,future_x10,future_y10,future_x11,future_y11,future_x12,future_y12,future_x13,future_y13,future_x14,future_y14,future_x15,future_y15,future_x16,future_y16,future_x17,future_y17,future_x18,future_y18,future_x19,future_y19,future_x20,future_y20
47.15064872096545,186.74049206586454,41.76069196902981,190.65652487025554,36.370735217094165,194.5725576746465,30.980778465158537,198.48859047903747,25.59082171322288,202.40462328342846,20.200864961287266,206.32065608781943,14.810908209351652,210.2366888922104,9.42095145741601,214.15272169660136,4.030994705480367,218.06875450099233,-1.3589620464553036,221.98478730538332,-6.748918798390889,225.90082010977426,-12.138875550326532,229.81685291416522,-17.528832302262174,233.73288571855622,-22.918789054197816,237.64891852294718,-28.30874580613346,241.56495132733818,-33.6987025580691,245.48098413172912,-39.08865931000474,249.3970169361201,-44.478616061940386,253.31304974051108,-49.868572813876,257.22908254490204,-55.25852956581167,261.145115349293
