future_x1,future_y1,future_x2,future_y2,future_x3,future_y3,future_x4,future_y4,future_x5,future_y5,future_x6,future_y6,future_x7,future_y7,future_x8,future_y8,future_x9,future_y9,future_x10,future_y10,future_x11,future_y11,future_x12,future_y12,future_x13,future_y13,future_x14,future_y14,future_x15,future_y15,future_x16,future_y16,future_x17,future_y17,future_x18,future_y18,future_x19,future_y19,future_x20,future_y20
215.5702644744822,132.58936309233513,221.40828210611434,132.89532063182415,227.24629973774648,133.20127817131316,233.08431736937865,133.50723571080215,238.9223350010108,133.81319325029116,244.7603526326429,134.11915078978018,250.59837026427508,134.4251083292692,256.4363878959072,134.7310658687582,262.2744055275394,135.03702340824722,268.1124231591715,135.3429809477362,273.95044079080367,135.64893848722522,279.78845842243584,135.95489602671424,285.62647605406795,136.26085356620325,291.4644936857001,136.56681110569227,297.3025113173323,136.87276864518125,303.1405289489644,137.17872618467027,308.97854658059657,137.48468372415928,314.8165642122287,137.7906412636483,320.65458184386085,138.0965988031373,326.49259947549297,138.4025563426263
