future_x1,future_y1,future_x2,future_y2,future_x3,future_y3,future_x4,future_y4,future_x5,future_y5,future_x6,future_y6,future_x7,future_y7,future_x8,future_y8,future_x9,future_y9,future_x10,future_y10,future_x11,future_y11,future_x12,future_y12,future_x13,future_y13,future_x14,future_y14,future_x15,future_y15,future_x16,future_y16,future_x17,future_y17,future_x18,future_y18,future_x19,future_y19,future_x20,future_y20
211.8396094152988,186.7051265131497,217.42891670965207,190.61880161402635,223.01822400400533,194.532476714903,228.6075312983586,198.44615181577964,234.19683859271183,202.3598269166563,239.7861458870651,206.27350201753293,245.37545318141835,210.18717711840958,250.9647604757716,214.10085221928622,256.55406777012485,218.01452732016287,262.1433750644781,221.92820242103954,267.73268235883137,225.84187752191616,273.32198965318463,229.7555526227928,278.9112969475379,233.66922772366948,284.50060424189115,237.58290282454612,290.0899115362444,241.49657792542274,295.6792188305976,245.4102530262994,301.2685261249509,249.32392812717606,306.85783341930414,253.2376032280527,312.4471407136574,257.1512783289293,318.03644800801067,261.064953429806
