future_x1,future_y1,future_x2,future_y2,future_x3,future_y3,future_x4,future_y4,future_x5,future_y5,future_x6,future_y6,future_x7,future_y7,future_x8,future_y8,future_x9,future_y9,future_x10,future_y10,future_x11,future_y11,future_x12,future_y12,future_x13,future_y13,future_x14,future_y14,future_x15,future_y15,future_x16,future_y16,future_x17,future_y17,future_x18,future_y18,future_x19,future_y19,future_x20,future_y20
75.74271158845285,175.05267382979716,72.25889236101636,178.18951875178365,68.77507313357988,181.32636367377012,65.29125390614341,184.4632085957566,61.807434678706926,187.60005351774308,58.323615451270456,190.73689843972954,54.839796223833986,193.87374336171604,51.35597699639749,197.01058828370253,47.87215776896103,200.14743320568897,44.38833854152453,203.28427812767546,40.90451931408806,206.42112304966193,37.42070008665161,209.5579679716484,33.93688085921511,212.6948128936349,30.45306163177864,215.83165781562138,26.969242404342154,218.96850273760788,23.485423176905698,222.10534765959432,20.0016039494692,225.2421925815808,16.51778472203273,228.3790375035673,13.03396549459626,231.51588242555377,9.55014626715976,234.65272734754024
