future_x1,future_y1,future_x2,future_y2,future_x3,future_y3,future_x4,future_y4,future_x5,future_y5,future_x6,future_y6,future_x7,future_y7,future_x8,future_y8,future_x9,future_y9,future_x10,future_y10,future_x11,future_y11,future_x12,future_y12,future_x13,future_y13,future_x14,future_y14,future_x15,future_y15,future_x16,future_y16,future_x17,future_y17,future_x18,future_y18,future_x19,future_y19,future_x20,future_y20
103.80469464825985,232.8013814019995,102.19167429147717,239.78814016213278,100.5786539346945,246.77489892226612,98.96563357791182,253.7616576823994,97.35261322112915,260.7484164425327,95.73959286434648,267.73517520266597,94.1265725075638,274.7219339627993,92.51355215078112,281.7086927229326,90.90053179399844,288.6954514830659,89.28751143721576,295.68221024319917,87.67449108043309,302.6689690033325,86.06147072365042,309.6557277634658,84.44845036686773,316.6424865235991,82.83543001008505,323.6292452837324,81.22240965330238,330.6160040438657,79.60938929651971,337.602762803999,77.99636893973702,344.58952156413227,76.38334858295435,351.57628032426555,74.77032822617167,358.5630390843989,73.15730786938899,365.54979784453224
