future_x1,future_y1,future_x2,future_y2,future_x3,future_y3,future_x4,future_y4,future_x5,future_y5,future_x6,future_y6,future_x7,future_y7,future_x8,future_y8,future_x9,future_y9,future_x10,future_y10,future_x11,future_y11,future_x12,future_y12,future_x13,future_y13,future_x14,future_y14,future_x15,future_y15,future_x16,future_y16,future_x17,future_y17,future_x18,future_y18,future_x19,future_y19,future_x20,future_y20
185.16125139536592,49.32428702791033,188.97200148839033,44.07923949643768,192.78275158141471,38.83419196496503,196.5935016744391,33.58914443349239,200.4042517674635,28.344096902019743,204.2150018604879,23.099049370547093,208.0257519535123,17.854001839074456,211.83650204653668,12.608954307601792,215.6472521395611,7.3639067761291415,219.4580022325855,2.1188592446565053,223.26875232560985,-3.1261882868161024,227.07950241863426,-8.371235818288767,230.89025251165864,-13.616283349761432,234.70100260468308,-18.861330881234096,238.51175269770744,-24.106378412706732,242.32250279073182,-29.35142594417934,246.13325288375626,-34.596473475652004,249.94400297678064,-39.84152100712464,253.75475306980502,-45.086568538597305,257.56550316282943,-50.33161607006994
