future_x1,future_y1,future_x2,future_y2,future_x3,future_y3,future_x4,future_y4,future_x5,future_y5,future_x6,future_y6,future_x7,future_y7,future_x8,future_y8,future_x9,future_y9,future_x10,future_y10,future_x11,future_y11,future_x12,future_y12,future_x13,future_y13,future_x14,future_y14,future_x15,future_y15,future_x16,future_y16,future_x17,future_y17,future_x18,future_y18,future_x19,future_y19,future_x20,future_y20
94.36857612060291,64.74849104274057,92.12648119530976,60.531723778923265,89.88438627001662,56.314956515105976,87.64229134472349,52.09818925128867,85.40019641943034,47.881421987471384,83.15810149413721,43.664654723654095,80.91600656884407,39.44788745983678,78.67391164355092,35.231120196019475,76.43181671825779,31.014352932202186,74.18972179296465,26.797585668384897,71.94762686767152,22.580818404567623,69.70553194237837,18.36405114075032,67.46343701708523,14.147283876933017,65.22134209179208,9.930516613115714,62.97924716649895,5.713749349298425,60.73715224120582,1.496982085481136,58.495057315912675,-2.719785178336167,56.25296239061953,-6.93655244215347,54.0108674653264,-11.153319705970773,51.768772540033254,-15.370086969788048
