future_x1,future_y1,future_x2,future_y2,future_x3,future_y3,future_x4,future_y4,future_x5,future_y5,future_x6,future_y6,future_x7,future_y7,future_x8,future_y8,future_x9,future_y9,future_x10,future_y10,future_x11,future_y11,future_x12,future_y12,future_x13,future_y13,future_x14,future_y14,future_x15,future_y15,future_x16,future_y16,future_x17,future_y17,future_x18,future_y18,future_x19,future_y19,future_x20,future_y20
109.65576806765587,41.69717411584419,108.43281927216626,35.943652390233794,107.20987047667666,30.19013066462341,105.98692168118704,24.43660893901304,104.76397288569743,18.68308721340263,103.54102409020783,12.929565487792246,102.31807529471821,7.176043762181877,101.0951264992286,1.4225220365714648,99.872177703739,-4.330999689038947,98.64922890824938,-10.084521414649316,97.42628011275978,-15.838043140259686,96.20333131727017,-21.591564865870083,94.98038252178056,-27.345086591480452,93.75743372629094,-33.09860831709085,92.53448493080134,-38.852130042701276,91.31153613531174,-44.60565176831162,90.08858733982213,-50.359173493922015,88.86563854433251,-56.11269521953241,87.64268974884291,-61.86621694514278,86.4197409533533,-67.61973867075318
