future_x1,future_y1,future_x2,future_y2,future_x3,future_y3,future_x4,future_y4,future_x5,future_y5,future_x6,future_y6,future_x7,future_y7,future_x8,future_y8,future_x9,future_y9,future_x10,future_y10,future_x11,future_y11,future_x12,future_y12,future_x13,future_y13,future_x14,future_y14,future_x15,future_y15,future_x16,future_y16,future_x17,future_y17,future_x18,future_y18,future_x19,future_y19,future_x20,future_y20
166.9928111931216,20.868131725841977,169.5923319393297,13.726007174231427,172.1918526855378,6.583882622620877,174.7913734317459,-0.5582419289896166,177.390894177954,-7.700366480600167,179.99041492416214,-14.842491032210717,182.58993567037024,-21.98461558382124,185.18945641657837,-29.126740135431817,187.78897716278647,-36.26886468704234,190.38849790899457,-43.41098923865286,192.98801865520267,-50.55311379026338,195.58753940141077,-57.6952383418739,198.1870601476189,-64.83736289348445,200.786580893827,-71.979487445095,203.3861016400351,-79.12161199670555,205.9856223862432,-86.26373654831605,208.58514313245132,-93.4058610999266,211.18466387865942,-100.54798565153715,213.78418462486752,-107.6901102031477,216.38370537107565,-114.83223475475825
