future_x1,future_y1,future_x2,future_y2,future_x3,future_y3,future_x4,future_y4,future_x5,future_y5,future_x6,future_y6,future_x7,future_y7,future_x8,future_y8,future_x9,future_y9,future_x10,future_y10,future_x11,future_y11,future_x12,future_y12,future_x13,future_y13,future_x14,future_y14,future_x15,future_y15,future_x16,future_y16,future_x17,future_y17,future_x18,future_y18,future_x19,future_y19,future_x20,future_y20
226.3137929827998,53.9152431168436,232.8680458483198,48.97625932463316,239.42229871383978,44.03727553242274,245.97655157935978,39.09829174021232,252.53080444487978,34.15930794800188,259.08505731039975,29.220324155791474,265.6393101759197,24.281340363581037,272.19356304143975,19.3423565713706,278.7478159069597,14.403372779160165,285.30206877247974,9.464388986949729,291.8563216379997,4.525405194739321,298.4105745035197,-0.41357859747111547,304.96482736903965,-5.3525623896815375,311.5190802345597,-10.29154618189196,318.07333310007965,-15.230529974102382,324.6275859655996,-20.169513766312804,331.1818388311196,-25.108497558523226,337.7360916966396,-30.047481350733676,344.2903445621596,-34.9864651429441,350.84459742767956,-39.92544893515452
