future_x1,future_y1,future_x2,future_y2,future_x3,future_y3,future_x4,future_y4,future_x5,future_y5,future_x6,future_y6,future_x7,future_y7,future_x8,future_y8,future_x9,future_y9,future_x10,future_y10,future_x11,future_y11,future_x12,future_y12,future_x13,future_y13,future_x14,future_y14,future_x15,future_y15,future_x16,future_y16,future_x17,future_y17,future_x18,future_y18,future_x19,future_y19,future_x20,future_y20
93.5033254935021,46.73092775081817,91.20354719306891,41.31298960087271,88.90376889263571,35.89505145092724,86.60399059220254,30.477113300981813,84.30421229176933,25.059175151036357,82.00443399133614,19.6412370010909,79.70465569090294,14.22329885114543,77.40487739046975,8.805360701199973,75.10509909003656,3.387422551254531,72.80532078960337,-2.0305155986909256,70.50554248917017,-7.448453748636382,68.20576418873698,-12.866391898581867,65.90598588830377,-18.284330048527323,63.606207587870585,-23.70226819847275,61.306429287437396,-29.120206348418208,59.00665098700421,-34.538144498363664,56.70687268657102,-39.95608264830912,54.407094386137814,-45.37402079825458,52.107316085704625,-50.79195894820003,49.80753778527142,-56.20989709814552
