future_x1,future_y1,future_x2,future_y2,future_x3,future_y3,future_x4,future_y4,future_x5,future_y5,future_x6,future_y6,future_x7,future_y7,future_x8,future_y8,future_x9,future_y9,future_x10,future_y10,future_x11,future_y11,future_x12,future_y12,future_x13,future_y13,future_x14,future_y14,future_x15,future_y15,future_x16,future_y16,future_x17,future_y17,future_x18,future_y18,future_x19,future_y19,future_x20,future_y20
220.31262241916036,98.00581076510356,226.46679724710438,96.0061981494438,232.62097207504843,94.00658553378403,238.77514690299245,92.00697291812428,244.92932173093646,90.0073603024645,251.08349655888046,88.00774768680475,257.2376713868245,86.00813507114499,263.3918462147685,84.00852245548522,269.5460210427126,82.00890983982545,275.7001958706566,80.00929722416569,281.8543706986006,78.00968460850594,288.0085455265446,76.01007199284618,294.16272035448867,74.01045937718641,300.3168951824327,72.01084676152664,306.4710700103767,70.01123414586688,312.6252448383207,68.01162153020712,318.77941966626474,66.01200891454735,324.93359449420876,64.0123962988876,331.0877693221528,62.01278368322784,337.24194415009686,60.01317106756807
