future_x1,future_y1,future_x2,future_y2,future_x3,future_y3,future_x4,future_y4,future_x5,future_y5,future_x6,future_y6,future_x7,future_y7,future_x8,future_y8,future_x9,future_y9,future_x10,future_y10,future_x11,future_y11,future_x12,future_y12,future_x13,future_y13,future_x14,future_y14,future_x15,future_y15,future_x16,future_y16,future_x17,future_y17,future_x18,future_y18,future_x19,future_y19,future_x20,future_y20
147.5827193894882,4.35957579316144,148.8882340154541,-3.883119153961104,150.19374864141997,-12.125814101083705,151.49926326738586,-20.368509048206278,152.80477789335174,-28.61120399532882,154.1102925193176,-36.853898942451394,155.41580714528348,-45.09659388957397,156.72132177124936,-53.33928883669654,158.02683639721525,-61.58198378381914,159.33235102318113,-69.82467873094168,160.63786564914702,-78.06737367806423,161.9433802751129,-86.31006862518683,163.24889490107876,-94.5527635723094,164.55440952704464,-102.79545851943197,165.85992415301052,-111.03815346655455,167.1654387789764,-119.28084841367712,168.4709534049423,-127.52354336079966,169.77646803090818,-135.7662383079222,171.08198265687406,-144.00893325504484,172.38749728283995,-152.2516282021674
