future_x1,future_y1,future_x2,future_y2,future_x3,future_y3,future_x4,future_y4,future_x5,future_y5,future_x6,future_y6,future_x7,future_y7,future_x8,future_y8,future_x9,future_y9,future_x10,future_y10,future_x11,future_y11,future_x12,future_y12,future_x13,future_y13,future_x14,future_y14,future_x15,future_y15,future_x16,future_y16,future_x17,future_y17,future_x18,future_y18,future_x19,future_y19,future_x20,future_y20
179.27798924826632,51.97725459670191,182.6965218648174,46.90907156981537,186.1150544813685,41.84088854292881,189.5335870979196,36.77270551604229,192.95211971447068,31.704522489155735,196.37065233102177,26.636339462269206,199.78918494757286,21.56815643538266,203.20771756412395,16.499973408496118,206.62625018067504,11.431790381609588,210.04478279722613,6.36360735472303,213.46331541377722,1.295424327836514,216.88184803032829,-3.77275869905003,220.30038064687938,-8.840941725936574,223.7189132634305,-13.909124752823118,227.13744587998158,-18.977307779709662,230.55597849653265,-24.045490806596177,233.97451111308374,-29.11367383348272,237.39304372963483,-34.181856860369265,240.81157634618594,-39.25003988725581,244.230108962737,-44.31822291414238
