future_x1,future_y1,future_x2,future_y2,future_x3,future_y3,future_x4,future_y4,future_x5,future_y5,future_x6,future_y6,future_x7,future_y7,future_x8,future_y8,future_x9,future_y9,future_x10,future_y10,future_x11,future_y11,future_x12,future_y12,future_x13,future_y13,future_x14,future_y14,future_x15,future_y15,future_x16,future_y16,future_x17,future_y17,future_x18,future_y18,future_x19,future_y19,future_x20,future_y20
217.91112792644597,41.17383303118817,223.9052031215424,35.38542189993403,229.8992783166388,29.597010768679922,235.89335351173517,23.8085996374258,241.8874287068316,18.020188506171664,247.88150390192797,12.231777374917556,253.87557909702437,6.443366243663448,259.8696542921208,0.6549551124093114,265.8637294872172,-5.133456018844811,271.8578046823136,-10.921867150098961,277.85187987740994,-16.710278281353055,283.8459550725064,-22.498689412607177,289.8400302676028,-28.2871005438613,295.8341054626992,-34.07551167511542,301.8281806577956,-39.863922806369544,307.82225585289194,-45.652333937623666,313.81633104798834,-51.44074506887779,319.8104062430848,-57.22915620013194,325.8044814381812,-63.01756733138606,331.7985566332776,-68.80597846264016
