future_x1,future_y1,future_x2,future_y2,future_x3,future_y3,future_x4,future_y4,future_x5,future_y5,future_x6,future_y6,future_x7,future_y7,future_x8,future_y8,future_x9,future_y9,future_x10,future_y10,future_x11,future_y11,future_x12,future_y12,future_x13,future_y13,future_x14,future_y14,future_x15,future_y15,future_x16,future_y16,future_x17,future_y17,future_x18,future_y18,future_x19,future_y19,future_x20,future_y20
26.70522422919032,57.07263442401674,19.952239177803023,52.344143385617855,13.199254126415696,47.615652347218955,6.446269075028411,42.88716130882008,-0.3067159763589302,38.1586702704212,-7.059701027746229,33.43017923202231,-13.812686079133528,28.701688193623426,-20.565671130520855,23.97319715522454,-27.31865618190818,19.244706116825654,-34.07164123329548,14.516215078426768,-40.82462628468278,9.78772404002791,-47.577611336070106,5.059233001629011,-54.33059638745743,0.3307419632301105,-61.08358143884476,-4.397749075168775,-67.83656649023209,-9.12624011356769,-74.58955154161936,-13.854731151966519,-81.34253659300666,-18.583222190365404,-88.09552164439395,-23.31171322876429,-94.84850669578131,-28.040204267163205,-101.60149174716861,-32.76869530556209
