future_x1,future_y1,future_x2,future_y2,future_x3,future_y3,future_x4,future_y4,future_x5,future_y5,future_x6,future_y6,future_x7,future_y7,future_x8,future_y8,future_x9,future_y9,future_x10,future_y10,future_x11,future_y11,future_x12,future_y12,future_x13,future_y13,future_x14,future_y14,future_x15,future_y15,future_x16,future_y16,future_x17,future_y17,future_x18,future_y18,future_x19,future_y19,future_x20,future_y20
231.63089638481125,190.2677245521588,238.53962281046535,194.41890618896937,245.44834923611944,198.57008782577998,252.35707566177354,202.72126946259056,259.2658020874276,206.87245109940113,266.17452851308167,211.02363273621174,273.08325493873576,215.17481437302231,279.99198136438986,219.32599600983292,286.90070779004395,223.4771776466435,293.80943421569805,227.62835928345407,300.7181606413521,231.77954092026465,307.62688706700624,235.93072255707526,314.53561349266033,240.08190419388583,321.44433991831437,244.23308583069644,328.35306634396846,248.38426746750702,335.2617927696225,252.5354491043176,342.1705191952766,256.68663074112817,349.0792456209307,260.83781237793875,355.9879720465848,264.9889940147493,362.8966984722389,269.14017565155996
