future_x1,future_y1,future_x2,future_y2,future_x3,future_y3,future_x4,future_y4,future_x5,future_y5,future_x6,future_y6,future_x7,future_y7,future_x8,future_y8,future_x9,future_y9,future_x10,future_y10,future_x11,future_y11,future_x12,future_y12,future_x13,future_y13,future_x14,future_y14,future_x15,future_y15,future_x16,future_y16,future_x17,future_y17,future_x18,future_y18,future_x19,future_y19,future_x20,future_y20
173.9026163764259,33.88568930487381,176.96279080152095,27.61140192519875,180.02296522661604,21.337114545523647,183.0831396517111,15.062827165848574,186.14331407680615,8.788539786173487,189.2034885019012,2.5142524064984144,192.26366292699626,-3.7600349731766585,195.32383735209135,-10.034322352851746,198.3840117771864,-16.308609732526804,201.44418620228146,-22.58289711220192,204.5043606273765,-28.85718449187698,207.56453505247157,-35.13147187155204,210.62470947756665,-41.40575925122715,213.6848839026617,-47.68004663090221,216.74505832775677,-53.9543340105773,219.80523275285182,-60.228621390252385,222.86540717794688,-66.50290876992747,225.92558160304193,-72.7771961496025,228.98575602813702,-79.05148352927762,232.04593045323207,-85.3257709089527
