future_x1,future_y1,future_x2,future_y2,future_x3,future_y3,future_x4,future_y4,future_x5,future_y5,future_x6,future_y6,future_x7,future_y7,future_x8,future_y8,future_x9,future_y9,future_x10,future_y10,future_x11,future_y11,future_x12,future_y12,future_x13,future_y13,future_x14,future_y14,future_x15,future_y15,future_x16,future_y16,future_x17,future_y17,future_x18,future_y18,future_x19,future_y19,future_x20,future_y20
159.59806615463194,49.7920418672914,161.70460389827406,44.578177991777494,163.8111416419162,39.36431411626357,165.91767938555833,34.15045024074968,168.02421712920045,28.93658636523577,170.13075487284257,23.72272248972186,172.2372926164847,18.508858614207952,174.34383036012684,13.294994738694044,176.45036810376897,8.08113086318015,178.5569058474111,2.867266987666227,180.66344359105324,-2.3465968878476815,182.76998133469536,-7.56046076336159,184.87651907833748,-12.774324638875498,186.98305682197963,-17.988188514389407,189.08959456562175,-23.202052389903315,191.19613230926387,-28.415916265417195,193.302670052906,-33.62978014093113,195.40920779654812,-38.84364401644501,197.51574554019027,-44.05750789195892,199.6222832838324,-49.27137176747286
