future_x1,future_y1,future_x2,future_y2,future_x3,future_y3,future_x4,future_y4,future_x5,future_y5,future_x6,future_y6,future_x7,future_y7,future_x8,future_y8,future_x9,future_y9,future_x10,future_y10,future_x11,future_y11,future_x12,future_y12,future_x13,future_y13,future_x14,future_y14,future_x15,future_y15,future_x16,future_y16,future_x17,future_y17,future_x18,future_y18,future_x19,future_y19,future_x20,future_y20
91.36131083515328,8.160247607335236,88.91873155749683,0.17093078115756555,86.47615227984038,-7.818386045020077,84.03357300218394,-15.807702871197705,81.5909937245275,-23.79701969737539,79.14841444687104,-31.786336523553018,76.7058351692146,-39.775653349730675,74.26325589155815,-47.76497017590833,71.82067661390168,-55.75428700208599,69.37809733624525,-63.743603828263645,66.9355180585888,-71.73292065444127,64.49293878093235,-79.72223748061896,62.0503595032759,-87.71155430679659,59.60778022561945,-95.70087113297427,57.165200947963,-103.6901879591519,54.72262167030655,-111.67950478532953,52.28004239265012,-119.66882161150716,49.83746311499365,-127.65813843768487,47.39488383733722,-135.64745526386253,44.952304559680755,-143.63677209004015
