future_x1,future_y1,future_x2,future_y2,future_x3,future_y3,future_x4,future_y4,future_x5,future_y5,future_x6,future_y6,future_x7,future_y7,future_x8,future_y8,future_x9,future_y9,future_x10,future_y10,future_x11,future_y11,future_x12,future_y12,future_x13,future_y13,future_x14,future_y14,future_x15,future_y15,future_x16,future_y16,future_x17,future_y17,future_x18,future_y18,future_x19,future_y19,future_x20,future_y20
65.95626138856241,168.29167496463225,61.8200121477999,170.9777866289411,57.68376290703739,173.6638982932499,53.547513666274895,176.3500099575587,49.41126442551237,179.03612162186755,45.275015184749876,181.72223328617633,41.13876594398738,184.40834495048517,37.00251670322487,187.09445661479398,32.866267462462346,189.7805682791028,28.73001822169985,192.46667994341163,24.593768980937355,195.15279160772042,20.457519740174845,197.83890327202926,16.32127049941232,200.52501493633807,12.185021258649812,203.21112660064688,8.048772017887316,205.89723826495572,3.9125227771248063,208.5833499292645,-0.22372646363768922,211.26946159357334,-4.359975704400199,213.95557325788215,-8.496224945162709,216.64168492219096,-12.632474185925219,219.3277965864998
