future_x1,future_y1,future_x2,future_y2,future_x3,future_y3,future_x4,future_y4,future_x5,future_y5,future_x6,future_y6,future_x7,future_y7,future_x8,future_y8,future_x9,future_y9,future_x10,future_y10,future_x11,future_y11,future_x12,future_y12,future_x13,future_y13,future_x14,future_y14,future_x15,future_y15,future_x16,future_y16,future_x17,future_y17,future_x18,future_y18,future_x19,future_y19,future_x20,future_y20
188.60335325614676,38.15183390144618,192.64357680655655,32.161956161542605,196.68380035696634,26.172078421639014,200.72402390737614,20.182200681735438,204.7642474577859,14.192322941831847,208.8044710081957,8.202445201928256,212.84469455860548,2.2125674620246656,216.88491810901525,-3.7773102778789394,220.92514165942504,-9.76718801778253,224.96536520983483,-15.75706575768612,229.0055887602446,-21.746943497589683,233.0458123106544,-27.736821237493274,237.0860358610642,-33.726698977396865,241.12625941147397,-39.716576717300455,245.1664829618838,-45.706454457204075,249.20670651229355,-51.69633219710764,253.2469300627033,-57.6862099370112,257.2871536131131,-63.67608767691479,261.3273771635229,-69.66596541681841,265.3676007139327,-75.65584315672197
