future_x1,future_y1,future_x2,future_y2,future_x3,future_y3,future_x4,future_y4,future_x5,future_y5,future_x6,future_y6,future_x7,future_y7,future_x8,future_y8,future_x9,future_y9,future_x10,future_y10,future_x11,future_y11,future_x12,future_y12,future_x13,future_y13,future_x14,future_y14,future_x15,future_y15,future_x16,future_y16,future_x17,future_y17,future_x18,future_y18,future_x19,future_y19,future_x20,future_y20
8.456025403055492,95.96828854674219,0.48642709659250727,93.832841116525,-7.483171209870477,91.6973936863078,-15.452769516333433,89.56194625609062,-23.422367822796417,87.42649882587344,-31.391966129259373,85.29105139565625,-39.36156443572236,83.15560396543906,-47.33116274218531,81.02015653522187,-55.3007610486483,78.88470910500469,-63.27035935511125,76.7492616747875,-71.23995766157424,74.6138142445703,-79.2095559680372,72.47836681435311,-87.17915427450015,70.34291938413594,-95.14875258096313,68.20747195391876,-103.11835088742609,66.07202452370156,-111.08794919388902,63.936577093484374,-119.05754750035203,61.80112966326719,-127.02714580681499,59.66568223304999,-134.99674411327794,57.53023480283281,-142.96634241974095,55.394787372615625
