future_x1,future_y1,future_x2,future_y2,future_x3,future_y3,future_x4,future_y4,future_x5,future_y5,future_x6,future_y6,future_x7,future_y7,future_x8,future_y8,future_x9,future_y9,future_x10,future_y10,future_x11,future_y11,future_x12,future_y12,future_x13,future_y13,future_x14,future_y14,future_x15,future_y15,future_x16,future_y16,future_x17,future_y17,future_x18,future_y18,future_x19,future_y19,future_x20,future_y20
192.76438925122469,227.72841391081005,197.08201520130632,234.37697483819738,201.39964115138798,241.02553576558472,205.71726710146962,247.67409669297206,210.03489305155125,254.3226576203594,214.3525190016329,260.97121854774673,218.67014495171455,267.61977947513407,222.9877709017962,274.2683404025214,227.30539685187784,280.91690132990874,231.6230228019595,287.5654622572961,235.9406487520411,294.2140231846834,240.2582747021228,300.86258411207075,244.57590065220444,307.51114503945814,248.89352660228607,314.1597059668454,253.21115255236774,320.80826689423276,257.52877850244937,327.4568278216201,261.84640445253103,334.10538874900743,266.16403040261264,340.75394967639477,270.4816563526943,347.4025106037821,274.79928230277596,354.05107153116944
