future_x1,future_y1,future_x2,future_y2,future_x3,future_y3,future_x4,future_y4,future_x5,future_y5,future_x6,future_y6,future_x7,future_y7,future_x8,future_y8,future_x9,future_y9,future_x10,future_y10,future_x11,future_y11,future_x12,future_y12,future_x13,future_y13,future_x14,future_y14,future_x15,future_y15,future_x16,future_y16,future_x17,future_y17,future_x18,future_y18,future_x19,future_y19,future_x20,future_y20
54.879139065711044,163.6634267816441,50.00441500342512,166.04098856708703,45.12969094113919,168.41855035252996,40.25496687885325,170.7961121379729,35.38024281656732,173.17367392341586,30.50551875428141,175.5512357088588,25.63079469199546,177.92879749430176,20.756070629709527,180.3063592797447,15.881346567423591,182.68392106518763,11.00662250513767,185.06148285063057,6.13189844285175,187.4390446360735,1.2571743805658144,189.81660642151644,-3.6175496817201065,192.19416820695938,-8.492273744006042,194.5717299924023,-13.366997806291977,196.94929177784527,-18.241721868577912,199.3268535632882,-23.116445930863847,201.70441534873115,-27.991169993149754,204.08197713417408,-32.86589405543572,206.45953891961702,-37.740618117721624,208.83710070505995
