future_x1,future_y1,future_x2,future_y2,future_x3,future_y3,future_x4,future_y4,future_x5,future_y5,future_x6,future_y6,future_x7,future_y7,future_x8,future_y8,future_x9,future_y9,future_x10,future_y10,future_x11,future_y11,future_x12,future_y12,future_x13,future_y13,future_x14,future_y14,future_x15,future_y15,future_x16,future_y16,future_x17,future_y17,future_x18,future_y18,future_x19,future_y19,future_x20,future_y20
145.5480524575031,45.44290404571231,146.71792262133664,39.939097648759784,147.88779278517018,34.43529125180727,149.0576629490037,28.931484854854773,150.22753311283725,23.42767845790226,151.3974032766708,17.923872060949748,152.56727344050432,12.420065663997235,153.73714360433786,6.916259267044694,154.90701376817142,1.4124528700921957,156.07688393200496,-4.091353526860331,157.2467540958385,-9.595159923812815,158.41662425967203,-15.098966320765328,159.58649442350557,-20.60277271771787,160.7563645873391,-26.10657911467038,161.92623475117264,-31.610385511622866,163.09610491500618,-37.11419190857538,164.26597507883974,-42.61799830552792,165.43584524267328,-48.12180470248043,166.60571540650682,-53.625611099432916,167.77558557034035,-59.12941749638546
