future_x1,future_y1,future_x2,future_y2,future_x3,future_y3,future_x4,future_y4,future_x5,future_y5,future_x6,future_y6,future_x7,future_y7,future_x8,future_y8,future_x9,future_y9,future_x10,future_y10,future_x11,future_y11,future_x12,future_y12,future_x13,future_y13,future_x14,future_y14,future_x15,future_y15,future_x16,future_y16,future_x17,future_y17,future_x18,future_y18,future_x19,future_y19,future_x20,future_y20
164.56502607039073,45.87360680713191,167.00269447508344,40.398513927607354,169.44036287977616,34.923421048082815,171.87803128446888,29.44832816855829,174.3156996891616,23.973235289033752,176.7533680938543,18.498142409509228,179.19103649854702,13.023049529984675,181.62870490323974,7.547956650460122,184.06637330793245,2.0728637709355837,186.50404171262517,-3.402229108588955,188.94171011731788,-8.877321988113465,191.3793785220106,-14.352414867638032,193.8170469267033,-19.82750774716257,196.25471533139603,-25.302600626687138,198.69238373608874,-30.777693506211648,201.13005214078146,-36.25278638573619,203.56772054547417,-41.727879265260725,206.0053889501669,-47.20297214478529,208.4430573548596,-52.67806502430983,210.88072575955232,-58.15315790383437
