future_x1,future_y1,future_x2,future_y2,future_x3,future_y3,future_x4,future_y4,future_x5,future_y5,future_x6,future_y6,future_x7,future_y7,future_x8,future_y8,future_x9,future_y9,future_x10,future_y10,future_x11,future_y11,future_x12,future_y12,future_x13,future_y13,future_x14,future_y14,future_x15,future_y15,future_x16,future_y16,future_x17,future_y17,future_x18,future_y18,future_x19,future_y19,future_x20,future_y20
153.8122223251044,37.98208303579983,155.533037146778,31.9808885715198,157.2538519684516,25.979694107239794,158.97466679012524,19.97849964295979,160.69548161179887,13.977305178679757,162.4162964334725,7.976110714399766,164.13711125514612,1.9749162501197617,165.85792607681975,-4.026278214160271,167.57874089849338,-10.02747267844029,169.299555720167,-16.02866714272031,171.02037054184063,-22.0298616070003,172.74118536351426,-28.031056071280318,174.4620001851879,-34.03225053556034,176.18281500686152,-40.033444999840356,177.90362982853514,-46.034639464120346,179.62444465020874,-52.035833928400336,181.34525947188237,-58.037028392680384,183.066074293556,-64.0382228569604,184.78688911522963,-70.03941732124039,186.50770393690325,-76.04061178552041
