future_x1,future_y1,future_x2,future_y2,future_x3,future_y3,future_x4,future_y4,future_x5,future_y5,future_x6,future_y6,future_x7,future_y7,future_x8,future_y8,future_x9,future_y9,future_x10,future_y10,future_x11,future_y11,future_x12,future_y12,future_x13,future_y13,future_x14,future_y14,future_x15,future_y15,future_x16,future_y16,future_x17,future_y17,future_x18,future_y18,future_x19,future_y19,future_x20,future_y20
87.10971728070695,204.9034368856706,84.38369843275407,210.03033267804864,81.6576795848012,215.1572284704267,78.93166073684833,220.28412426280474,76.20564188889546,225.41102005518277,73.47962304094258,230.5379158475608,70.75360419298971,235.66481163993885,68.02758534503684,240.79170743231688,65.30156649708398,245.91860322469492,62.575547649131096,251.04549901707298,59.84952880117825,256.172394809451,57.123509953225366,261.29929060182906,54.39749110527249,266.4261863942071,51.67147225731961,271.55308218658513,48.94545340936675,276.67997797896317,46.21943456141389,281.8068737713412,43.49341571346102,286.93376956371924,40.76739686550815,292.0606653560973,38.041378017555274,297.18756114847537,35.31535916960239,302.3144569408534
