future_x1,future_y1,future_x2,future_y2,future_x3,future_y3,future_x4,future_y4,future_x5,future_y5,future_x6,future_y6,future_x7,future_y7,future_x8,future_y8,future_x9,future_y9,future_x10,future_y10,future_x11,future_y11,future_x12,future_y12,future_x13,future_y13,future_x14,future_y14,future_x15,future_y15,future_x16,future_y16,future_x17,future_y17,future_x18,future_y18,future_x19,future_y19,future_x20,future_y20
249.63219137401038,99.91899599484383,257.74100413227774,98.04692906116675,265.8498168905451,96.17486212748967,273.95862964881246,94.30279519381259,282.06744240707985,92.43072826013551,290.1762551653472,90.55866132645843,298.2850679236145,88.68659439278136,306.3938806818819,86.81452745910428,314.5026934401493,84.94246052542721,322.61150619841663,83.07039359175012,330.72031895668397,81.19832665807304,338.82913171495136,79.32625972439597,346.9379444732187,77.45419279071888,355.0467572314861,75.5821258570418,363.1555699897534,73.71005892336473,371.26438274802075,71.83799198968765,379.37319550628814,69.96592505601058,387.4820082645555,68.0938581223335,395.59082102282287,66.22179118865641,403.69963378109026,64.34972425497935
