future_x1,future_y1,future_x2,future_y2,future_x3,future_y3,future_x4,future_y4,future_x5,future_y5,future_x6,future_y6,future_x7,future_y7,future_x8,future_y8,future_x9,future_y9,future_x10,future_y10,future_x11,future_y11,future_x12,future_y12,future_x13,future_y13,future_x14,future_y14,future_x15,future_y15,future_x16,future_y16,future_x17,future_y17,future_x18,future_y18,future_x19,future_y19,future_x20,future_y20
203.2192241221656,86.30530322582925,208.2338390636433,83.52565677421786,213.248454005121,80.74601032260648,218.2630689465987,77.96636387099511,223.2776838880764,75.18671741938371,228.29229882955414,72.40707096777234,233.30691377103184,69.62742451616094,238.32152871250955,66.84777806454956,243.33614365398725,64.06813161293817,248.35075859546495,61.288485161326804,253.36537353694266,58.50883870971542,258.3799884784204,55.729192258104035,263.3946034198981,52.94954580649265,268.4092183613758,50.16989935488127,273.4238333028535,47.39025290326988,278.4384482443312,44.61060645165851,283.4530631858089,41.830960000047114,288.4676781272866,39.05131354843573,293.4822930687643,36.27166709682436,298.496908010242,33.49202064521296
