future_x1,future_y1,future_x2,future_y2,future_x3,future_y3,future_x4,future_y4,future_x5,future_y5,future_x6,future_y6,future_x7,future_y7,future_x8,future_y8,future_x9,future_y9,future_x10,future_y10,future_x11,future_y11,future_x12,future_y12,future_x13,future_y13,future_x14,future_y14,future_x15,future_y15,future_x16,future_y16,future_x17,future_y17,future_x18,future_y18,future_x19,future_y19,future_x20,future_y20
182.319838944459,73.68016105554055,185.94116154075627,70.05883845924325,189.56248413705353,66.43751586294596,193.1838067333508,62.81619326664865,196.80512932964808,59.194870670351364,200.42645192594534,55.57354807405406,204.0477745222426,51.95222547775677,207.66909711853987,48.330902881459465,211.29041971483713,44.70958028516216,214.91174231113442,41.08825768886486,218.53306490743165,37.46693509256758,222.15438750372894,33.84561249627028,225.7757101000262,30.224289899972987,229.39703269632346,26.602967303675683,233.01835529262073,22.98164470737838,236.63967788891802,19.360322111081103,240.26100048521525,15.738999514783814,243.88232308151254,12.117676918486495,247.5036456778098,8.496354322189205,251.12496827410706,4.875031725891901
