future_x1,future_y1,future_x2,future_y2,future_x3,future_y3,future_x4,future_y4,future_x5,future_y5,future_x6,future_y6,future_x7,future_y7,future_x8,future_y8,future_x9,future_y9,future_x10,future_y10,future_x11,future_y11,future_x12,future_y12,future_x13,future_y13,future_x14,future_y14,future_x15,future_y15,future_x16,future_y16,future_x17,future_y17,future_x18,future_y18,future_x19,future_y19,future_x20,future_y20
156.1551055289399,6.0468396634720705,158.03211256420258,-2.0833710256297877,159.90911959946524,-10.213581714731674,161.7861266347279,-18.343792403833504,163.66313366999057,-26.474003092935362,165.54014070525324,-34.60421378203722,167.4171477405159,-42.73442447113911,169.29415477577857,-50.864635160240965,171.17116181104123,-58.99484584934285,173.0481688463039,-67.12505653844468,174.92517588156653,-75.25526722754654,176.8021829168292,-83.38547791664837,178.67918995209186,-91.51568860575026,180.55619698735453,-99.64589929485214,182.4332040226172,-107.77610998395403,184.31021105787985,-115.90632067305586,186.18721809314252,-124.03653136215772,188.06422512840518,-132.16674205125958,189.94123216366785,-140.29695274036146,191.8182391989305,-148.42716342946335
