future_x1,future_y1,future_x2,future_y2,future_x3,future_y3,future_x4,future_y4,future_x5,future_y5,future_x6,future_y6,future_x7,future_y7,future_x8,future_y8,future_x9,future_y9,future_x10,future_y10,future_x11,future_y11,future_x12,future_y12,future_x13,future_y13,future_x14,future_y14,future_x15,future_y15,future_x16,future_y16,future_x17,future_y17,future_x18,future_y18,future_x19,future_y19,future_x20,future_y20
182.54884258338916,239.8417015024269,186.18543208894843,247.29781493592202,189.8220215945077,254.75392836941714,193.45861110006697,262.21004180291226,197.09520060562627,269.6661552364074,200.73179011118555,277.1222686699025,204.36837961674482,284.57838210339764,208.0049691223041,292.0344955368928,211.6415586278634,299.49060897038794,215.27814813342266,306.94672240388303,218.91473763898193,314.4028358373781,222.5513271445412,321.85894927087327,226.1879166501005,329.3150627043684,229.82450615565978,336.77117613786356,233.46109566121908,344.2272895713587,237.09768516677832,351.6834030048538,240.7342746723376,359.1395164383489,244.37086417789686,366.59562987184404,248.00745368345616,374.0517433053392,251.64404318901543,381.5078567388343
