future_x1,future_y1,future_x2,future_y2,future_x3,future_y3,future_x4,future_y4,future_x5,future_y5,future_x6,future_y6,future_x7,future_y7,future_x8,future_y8,future_x9,future_y9,future_x10,future_y10,future_x11,future_y11,future_x12,future_y12,future_x13,future_y13,future_x14,future_y14,future_x15,future_y15,future_x16,future_y16,future_x17,future_y17,future_x18,future_y18,future_x19,future_y19,future_x20,future_y20
139.46653126210535,55.60317087580307,140.23096667957904,50.776715600856605,140.99540209705273,45.950260325910136,141.75983751452642,41.12380505096368,142.52427293200012,36.297349776017214,143.2887083494738,31.470894501070745,144.0531437669475,26.64443922612429,144.8175791844212,21.817983951177823,145.58201460189488,16.991528676231354,146.34645001936858,12.1650734012849,147.11088543684227,7.338618126338446,147.87532085431596,2.512162851391963,148.63975627178965,-2.314292423554491,149.40419168926334,-7.140747698500974,150.16862710673703,-11.967202973447428,150.93306252421073,-16.793658248393854,151.69749794168442,-21.620113523340308,152.4619333591581,-26.44656879828679,153.2263687766318,-31.273024073233273,153.9908041941055,-36.09947934817973
