future_x1,future_y1,future_x2,future_y2,future_x3,future_y3,future_x4,future_y4,future_x5,future_y5,future_x6,future_y6,future_x7,future_y7,future_x8,future_y8,future_x9,future_y9,future_x10,future_y10,future_x11,future_y11,future_x12,future_y12,future_x13,future_y13,future_x14,future_y14,future_x15,future_y15,future_x16,future_y16,future_x17,future_y17,future_x18,future_y18,future_x19,future_y19,future_x20,future_y20
191.25324120801454,66.91705499525781,195.4701239552155,62.84485866160834,199.68700670241648,58.772662327958855,203.90388944961745,54.70046599430938,208.12077219681842,50.62826966065991,212.3376549440194,46.55607332701044,216.55453769122036,42.48387699336095,220.77142043842133,38.411680659711465,224.9883031856223,34.33948432606198,229.20518593282327,30.267287992412506,233.4220686800242,26.195091658763033,237.6389514272252,22.122895325113547,241.85583417442618,18.05069899146409,246.07271692162715,13.978502657814573,250.28959966882812,9.9063063241651,254.5064824160291,5.834109990515643,258.72336516323,1.761913656866156,262.940247910431,-2.3102826767833164,267.15713065763197,-6.382479010432803,271.37401340483297,-10.45467534408229
