future_x1,future_y1,future_x2,future_y2,future_x3,future_y3,future_x4,future_y4,future_x5,future_y5,future_x6,future_y6,future_x7,future_y7,future_x8,future_y8,future_x9,future_y9,future_x10,future_y10,future_x11,future_y11,future_x12,future_y12,future_x13,future_y13,future_x14,future_y14,future_x15,future_y15,future_x16,future_y16,future_x17,future_y17,future_x18,future_y18,future_x19,future_y19,future_x20,future_y20
224.95027038689773,72.02573529411785,231.41362174602426,68.29411764705904,237.87697310515077,64.56250000000021,244.34032446427727,60.830882352941416,250.8036758234038,57.09926470588259,257.26702718253034,53.36764705882379,263.7303785416568,49.63602941176498,270.19372990078335,45.90441176470617,276.6570812599099,42.172794117647356,283.12043261903636,38.441176470588545,289.5837839781629,34.70955882352975,296.04713533728943,30.97794117647092,302.5104866964159,27.246323529412123,308.97383805554244,23.51470588235331,315.437189414669,19.783088235294485,321.90054077379546,16.051470588235702,328.363892132922,12.31985294117689,334.8272434920485,8.588235294118064,341.290594851175,4.856617647059267,347.75394621030154,1.1250000000004263
