future_x1,future_y1,future_x2,future_y2,future_x3,future_y3,future_x4,future_y4,future_x5,future_y5,future_x6,future_y6,future_x7,future_y7,future_x8,future_y8,future_x9,future_y9,future_x10,future_y10,future_x11,future_y11,future_x12,future_y12,future_x13,future_y13,future_x14,future_y14,future_x15,future_y15,future_x16,future_y16,future_x17,future_y17,future_x18,future_y18,future_x19,future_y19,future_x20,future_y20
112.50834542754527,1.8305984194116718,111.47556845604828,-6.580695019294183,110.4427914845513,-14.991988458000094,109.41001451305432,-23.403281896705977,108.37723754155734,-31.814575335411888,107.34446057006036,-40.22586877411774,106.31168359856338,-48.637162212823654,105.27890662706639,-57.04845565152954,104.2461296555694,-65.45974909023545,103.21335268407242,-73.87104252894133,102.18057571257545,-82.28233596764721,101.14779874107846,-90.6936294063531,100.11502176958149,-99.10492284505895,99.0822447980845,-107.51621628376489,98.04946782658752,-115.92750972247077,97.01669085509053,-124.33880316117666,95.98391388359354,-132.7500965998825,94.95113691209657,-141.16139003858837,93.91835994059959,-149.57268347729433,92.8855829691026,-157.9839769160002
