future_x1,future_y1,future_x2,future_y2,future_x3,future_y3,future_x4,future_y4,future_x5,future_y5,future_x6,future_y6,future_x7,future_y7,future_x8,future_y8,future_x9,future_y9,future_x10,future_y10,future_x11,future_y11,future_x12,future_y12,future_x13,future_y13,future_x14,future_y14,future_x15,future_y15,future_x16,future_y16,future_x17,future_y17,future_x18,future_y18,future_x19,future_y19,future_x20,future_y20
233.76140447547246,97.67340527528742,240.8121647738373,95.6516322936399,247.86292507220213,93.62985931199239,254.91368537056695,91.6080863303449,261.9644456689318,89.58631334869739,269.0152059672966,87.56454036704989,276.0659662656615,85.54276738540239,283.1167265640263,83.52099440375488,290.1674868623911,81.49922142210737,297.218247160756,79.47744844045985,304.26900745912076,77.45567545881237,311.3197677574856,75.43390247716486,318.37052805585046,73.41212949551735,325.4212883542153,71.39035651386985,332.4720486525801,69.36858353222233,339.5228089509449,67.34681055057483,346.5735692493098,65.32503756892733,353.6243295476746,63.30326458727981,360.67508984603944,61.28149160563231,367.72585014440426,59.259718623984796
