future_x1,future_y1,future_x2,future_y2,future_x3,future_y3,future_x4,future_y4,future_x5,future_y5,future_x6,future_y6,future_x7,future_y7,future_x8,future_y8,future_x9,future_y9,future_x10,future_y10,future_x11,future_y11,future_x12,future_y12,future_x13,future_y13,future_x14,future_y14,future_x15,future_y15,future_x16,future_y16,future_x17,future_y17,future_x18,future_y18,future_x19,future_y19,future_x20,future_y20
57.073942807671315,159.57831519785842,52.345538994849406,161.683536211049,47.617135182027496,163.78875722423953,42.88873136920559,165.89397823743008,38.16032755638368,167.99919925062065,33.43192374356177,170.10442026381122,28.70351993073983,172.20964127700177,23.97511611791792,174.31486229019234,19.246712305095997,176.4200833033829,14.518308492274102,178.52530431657345,9.789904679452206,180.630525329764,5.061500866630283,182.73574634295457,0.3330970538083591,184.84096735614514,-4.395306759013522,186.9461883693357,-9.12371057183546,189.05140938252626,-13.85211438465737,191.15663039571683,-18.58051819747928,193.26185140890738,-23.30892201030119,195.36707242209795,-28.037325823123098,197.47229343528852,-32.76572963594501,199.57751444847906
