future_x1,future_y1,future_x2,future_y2,future_x3,future_y3,future_x4,future_y4,future_x5,future_y5,future_x6,future_y6,future_x7,future_y7,future_x8,future_y8,future_x9,future_y9,future_x10,future_y10,future_x11,future_y11,future_x12,future_y12,future_x13,future_y13,future_x14,future_y14,future_x15,future_y15,future_x16,future_y16,future_x17,future_y17,future_x18,future_y18,future_x19,future_y19,future_x20,future_y20
173.50297987597864,9.460684714105625,176.53651186771054,1.5580636950460018,179.57004385944248,-6.344557324013607,182.60357585117438,-14.247178343073244,185.6371078429063,-22.149799362132853,188.6706398346382,-30.052420381192462,191.7041718263701,-37.9550414002521,194.737703818102,-45.85766241931171,197.7712358098339,-53.760283438371346,200.80476780156584,-61.66290445743101,203.83829979329772,-69.56552547649056,206.87183178502966,-77.46814649555023,209.90536377676156,-85.37076751460987,212.93889576849347,-93.2733885336695,215.97242776022537,-101.17600955272911,219.00595975195728,-109.07863057178875,222.0394917436892,-116.98125159084833,225.07302373542112,-124.883872609908,228.10655572715302,-132.7864936289676,231.14008771888493,-140.6891146480272
