future_x1,future_y1,future_x2,future_y2,future_x3,future_y3,future_x4,future_y4,future_x5,future_y5,future_x6,future_y6,future_x7,future_y7,future_x8,future_y8,future_x9,future_y9,future_x10,future_y10,future_x11,future_y11,future_x12,future_y12,future_x13,future_y13,future_x14,future_y14,future_x15,future_y15,future_x16,future_y16,future_x17,future_y17,future_x18,future_y18,future_x19,future_y19,future_x20,future_y20
42.4882738579326,143.0780244857997,36.78749211512812,144.08322611818636,31.08671037232361,145.088427750573,25.385928629519114,146.09362938295965,19.68514688671462,147.0988310153463,13.98436514391014,148.10403264773294,8.283583401105645,149.10923428011958,2.5828016583011504,150.11443591250622,-3.1179800845033583,151.11963754489287,-8.818761827307867,152.1248391772795,-14.519543570112319,153.13004080966616,-20.220325312916827,154.13524244205283,-25.921107055721336,155.14044407443947,-31.621888798525816,156.14564570682612,-37.3226705413303,157.15084733921276,-43.023452284134805,158.1560489715994,-48.724234026939286,159.16125060398605,-54.425015769743766,160.1664522363727,-60.1257975125483,161.17165386875934,-65.82657925535278,162.176855501146
