future_x1,future_y1,future_x2,future_y2,future_x3,future_y3,future_x4,future_y4,future_x5,future_y5,future_x6,future_y6,future_x7,future_y7,future_x8,future_y8,future_x9,future_y9,future_x10,future_y10,future_x11,future_y11,future_x12,future_y12,future_x13,future_y13,future_x14,future_y14,future_x15,future_y15,future_x16,future_y16,future_x17,future_y17,future_x18,future_y18,future_x19,future_y19,future_x20,future_y20
117.70213009207725,44.130579999654984,117.01560543154908,38.53928533296531,116.3290807710209,32.94799066627564,115.64255611049272,27.35669599958598,114.95603144996453,21.76540133289629,114.26950678943635,16.174106666206654,113.58298212890817,10.582811999516977,112.89645746837998,4.991517332827314,112.2099328078518,-0.5997773338623915,111.52340814732361,-6.1910720005520545,110.83688348679544,-11.78236666724169,110.15035882626725,-17.373661333931352,109.46383416573907,-22.964956000621044,108.7773095052109,-28.556250667310707,108.0907848446827,-34.14754533400037,107.40426018415452,-39.73884000069003,106.71773552362635,-45.330134667379696,106.03121086309815,-50.92142933406939,105.34468620256997,-56.51272400075905,104.6581615420418,-62.10401866744871
