future_x1,future_y1,future_x2,future_y2,future_x3,future_y3,future_x4,future_y4,future_x5,future_y5,future_x6,future_y6,future_x7,future_y7,future_x8,future_y8,future_x9,future_y9,future_x10,future_y10,future_x11,future_y11,future_x12,future_y12,future_x13,future_y13,future_x14,future_y14,future_x15,future_y15,future_x16,future_y16,future_x17,future_y17,future_x18,future_y18,future_x19,future_y19,future_x20,future_y20
87.74717683023982,192.4179828099535,85.06365528558915,196.71251499728373,82.38013374093848,201.00704718461395,79.69661219628779,205.3015793719442,77.01309065163711,209.59611155927445,74.32956910698644,213.89064374660467,71.64604756233575,218.18517593393491,68.96252601768508,222.47970812126513,66.2790044730344,226.77424030859538,63.59548292838372,231.0687724959256,60.91196138373306,235.36330468325582,58.22843983908237,239.65783687058607,55.544918294431696,243.95236905791631,52.861396749780994,248.24690124524653,50.177875205130334,252.54143343257675,47.49435366047966,256.835965619907,44.81083211582897,261.13049780723725,42.1273105711783,265.42502999456747,39.443789026527625,269.7195621818977,36.76026748187694,274.0140943692279
