future_x1,future_y1,future_x2,future_y2,future_x3,future_y3,future_x4,future_y4,future_x5,future_y5,future_x6,future_y6,future_x7,future_y7,future_x8,future_y8,future_x9,future_y9,future_x10,future_y10,future_x11,future_y11,future_x12,future_y12,future_x13,future_y13,future_x14,future_y14,future_x15,future_y15,future_x16,future_y16,future_x17,future_y17,future_x18,future_y18,future_x19,future_y19,future_x20,future_y20
166.28241507399406,52.86652999967227,168.834576078927,47.85763199965041,171.38673708385994,42.84873399962855,173.93889808879285,37.839835999606706,176.4910590937258,32.83093799958485,179.04322009865874,27.822039999563017,181.59538110359168,22.81314199954116,184.14754210852462,17.8042439995193,186.69970311345756,12.795345999497457,189.25186411839047,7.786447999475598,191.8040251233234,2.777549999453754,194.35618612825635,-2.2313480005680617,196.9083471331893,-7.240246000589934,199.46050813812224,-12.249144000611807,202.01266914305518,-17.25804200063365,204.5648301479881,-22.266940000655467,207.11699115292103,-27.27583800067734,209.66915215785397,-32.28473600069918,212.2213131627869,-37.293634000721056,214.77347416771985,-42.3025320007429
