future_x1,future_y1,future_x2,future_y2,future_x3,future_y3,future_x4,future_y4,future_x5,future_y5,future_x6,future_y6,future_x7,future_y7,future_x8,future_y8,future_x9,future_y9,future_x10,future_y10,future_x11,future_y11,future_x12,future_y12,future_x13,future_y13,future_x14,future_y14,future_x15,future_y15,future_x16,future_y16,future_x17,future_y17,future_x18,future_y18,future_x19,future_y19,future_x20,future_y20
116.84373860277488,21.855263120223796,116.09998784295986,14.7789473282387,115.35623708314486,7.7026315362536195,114.61248632332985,0.6263157442685525,113.86873556351485,-6.4500000477165145,113.12498480369983,-13.526315839701596,112.38123404388483,-20.602631631686705,111.63748328406982,-27.678947423671787,110.8937325242548,-34.75526321565687,110.1499817644398,-41.83157900764192,109.4062310046248,-48.907894799627,108.66248024480979,-55.98421059161208,107.91872948499477,-63.060526383597164,107.17497872517977,-70.13684217558227,106.43122796536477,-77.21315796756735,105.68747720554975,-84.28947375955241,104.94372644573474,-91.36578955153746,104.19997568591972,-98.4421053435226,103.45622492610472,-105.51842113550765,102.71247416628972,-112.59473692749276
