future_x1,future_y1,future_x2,future_y2,future_x3,future_y3,future_x4,future_y4,future_x5,future_y5,future_x6,future_y6,future_x7,future_y7,future_x8,future_y8,future_x9,future_y9,future_x10,future_y10,future_x11,future_y11,future_x12,future_y12,future_x13,future_y13,future_x14,future_y14,future_x15,future_y15,future_x16,future_y16,future_x17,future_y17,future_x18,future_y18,future_x19,future_y19,future_x20,future_y20
29.092379448387064,178.39594981998516,22.498538078279537,181.75567980798417,15.904696708171997,185.1154097959832,9.31085533806447,188.4751397839822,2.7170139679569445,191.8348697719812,-3.8768274021505817,195.1945997599802,-10.470668772258108,198.55432974797924,-17.064510142365663,201.91405973597824,-23.65835151247319,205.27378972397727,-30.252192882580744,208.63351971197628,-36.84603425268824,211.99324969997528,-43.43987562279577,215.35297968797428,-50.033716992903294,218.71270967597331,-56.62755836301082,222.07243966397232,-63.221399733118346,225.43216965197132,-69.81524110322587,228.79189963997032,-76.4090824733334,232.15162962796933,-83.00292384344093,235.51135961596836,-89.59676521354845,238.87108960396736,-96.190606583656,242.2308195919664
