future_x1,future_y1,future_x2,future_y2,future_x3,future_y3,future_x4,future_y4,future_x5,future_y5,future_x6,future_y6,future_x7,future_y7,future_x8,future_y8,future_x9,future_y9,future_x10,future_y10,future_x11,future_y11,future_x12,future_y12,future_x13,future_y13,future_x14,future_y14,future_x15,future_y15,future_x16,future_y16,future_x17,future_y17,future_x18,future_y18,future_x19,future_y19,future_x20,future_y20
44.9442693640419,126.55025682908997,39.40722065497802,126.45360728436265,33.87017194591415,126.3569577396353,28.333123236850284,126.26030819490798,22.796074527786416,126.16365865018064,17.259025818722534,126.06700910545331,11.721977109658681,125.97035956072597,6.184928400594771,125.87371001599864,0.6478796915309033,125.7770604712713,-4.889169017532993,125.68041092654397,-10.426217726596803,125.58376138181663,-15.9632664356607,125.4871118370893,-21.500315144724595,125.39046229236196,-27.037363853788463,125.29381274763463,-32.57441256285233,125.19716320290729,-38.1114612719162,125.10051365817996,-43.648509980980066,125.00386411345262,-49.18555869004396,124.9072145687253,-54.72260739910783,124.81056502399795,-60.2596561081717,124.71391547927063
