future_x1,future_y1,future_x2,future_y2,future_x3,future_y3,future_x4,future_y4,future_x5,future_y5,future_x6,future_y6,future_x7,future_y7,future_x8,future_y8,future_x9,future_y9,future_x10,future_y10,future_x11,future_y11,future_x12,future_y12,future_x13,future_y13,future_x14,future_y14,future_x15,future_y15,future_x16,future_y16,future_x17,future_y17,future_x18,future_y18,future_x19,future_y19,future_x20,future_y20
210.9718345691914,42.08015011278583,216.5032902071375,36.35216012030489,222.0347458450836,30.62417012782393,227.5662014830297,24.896180135342973,233.09765712097578,19.168190142862045,238.62911275892185,13.440200150381116,244.16056839686797,7.712210157900159,249.69202403481407,1.9842201654192024,255.22347967276016,-3.743769827061726,260.7549353107063,-9.471759819542683,266.28639094865235,-15.19974981202364,271.8178465865984,-20.92773980450457,277.34930222454454,-26.655729796985526,282.88075786249067,-32.383719789466454,288.41221350043674,-38.11170978194741,293.9436691383828,-43.83969977442834,299.4751247763289,-49.56768976690927,305.006580414275,-55.295679759390225,310.5380360522211,-61.02366975187118,316.0694916901672,-66.75165974435214
