future_x1,future_y1,future_x2,future_y2,future_x3,future_y3,future_x4,future_y4,future_x5,future_y5,future_x6,future_y6,future_x7,future_y7,future_x8,future_y8,future_x9,future_y9,future_x10,future_y10,future_x11,future_y11,future_x12,future_y12,future_x13,future_y13,future_x14,future_y14,future_x15,future_y15,future_x16,future_y16,future_x17,future_y17,future_x18,future_y18,future_x19,future_y19,future_x20,future_y20
110.65700562832396,217.22197134376202,109.50080600354555,223.1701027666795,108.34460637876714,229.11823418959696,107.18840675398874,235.0663656125144,106.03220712921033,241.0144970354319,104.87600750443193,246.96262845834934,103.71980787965353,252.91075988126684,102.56360825487513,258.8588913041843,101.40740863009673,264.80702272710175,100.25120900531832,270.7551541500193,99.09500938053992,276.7032855729367,97.93880975576151,282.65141699585416,96.78261013098312,288.59954841877163,95.6264105062047,294.5476798416891,94.4702108814263,300.4958112646066,93.3140112566479,306.44394268752404,92.15781163186949,312.3920741104415,91.0016120070911,318.340205533359,89.84541238231269,324.28833695627645,88.68921275753428,330.2364683791939
