future_x1,future_y1,future_x2,future_y2,future_x3,future_y3,future_x4,future_y4,future_x5,future_y5,future_x6,future_y6,future_x7,future_y7,future_x8,future_y8,future_x9,future_y9,future_x10,future_y10,future_x11,future_y11,future_x12,future_y12,future_x13,future_y13,future_x14,future_y14,future_x15,future_y15,future_x16,future_y16,future_x17,future_y17,future_x18,future_y18,future_x19,future_y19,future_x20,future_y20
159.94110000150474,16.608146502582755,162.07050666827172,9.18202293608826,164.1999133350387,1.7558993695937914,166.32932000180568,-5.670224196900705,168.45872666857267,-13.096347763395158,170.58813333533965,-20.52247132988967,172.71754000210663,-27.948594896384122,174.8469466688736,-35.37471846287863,176.9763533356406,-42.800842029373115,179.10576000240758,-50.226965595867625,181.23516666917456,-57.65308916236208,183.36457333594154,-65.07921272885656,185.49398000270853,-72.50533629535104,187.6233866694755,-79.93145986184555,189.7527933362425,-87.35758342834006,191.88220000300947,-94.78370699483449,194.01160666977646,-102.20983056132894,196.14101333654344,-109.63595412782348,198.27042000331042,-117.06207769431794,200.3998266700774,-124.48820126081242
