future_x1,future_y1,future_x2,future_y2,future_x3,future_y3,future_x4,future_y4,future_x5,future_y5,future_x6,future_y6,future_x7,future_y7,future_x8,future_y8,future_x9,future_y9,future_x10,future_y10,future_x11,future_y11,future_x12,future_y12,future_x13,future_y13,future_x14,future_y14,future_x15,future_y15,future_x16,future_y16,future_x17,future_y17,future_x18,future_y18,future_x19,future_y19,future_x20,future_y20
62.3287670482688,200.9352931804567,57.95068485148673,205.7976460591538,53.57260265470464,210.65999893785096,49.19452045792255,215.52235181654805,44.81643826114046,220.38470469524518,40.43835606435839,225.24705757394227,36.06027386757631,230.1094104526394,31.682191670794225,234.97176333133652,27.304109474012137,239.83411621003364,22.926027277230062,244.69646908873077,18.547945080447988,249.55882196742783,14.1698628836659,254.42117484612498,9.79178068688384,259.2835277248221,5.413698490101751,264.14588060351923,1.0356162933196629,269.0082334822163,-3.342465903462397,273.8705863609134,-7.720548100244486,278.7329392396106,-12.098630297026546,283.5952921183076,-16.476712493808634,288.45764499700476,-20.854794690590722,293.3199978757019
