future_x1,future_y1,future_x2,future_y2,future_x3,future_y3,future_x4,future_y4,future_x5,future_y5,future_x6,future_y6,future_x7,future_y7,future_x8,future_y8,future_x9,future_y9,future_x10,future_y10,future_x11,future_y11,future_x12,future_y12,future_x13,future_y13,future_x14,future_y14,future_x15,future_y15,future_x16,future_y16,future_x17,future_y17,future_x18,future_y18,future_x19,future_y19,future_x20,future_y20
119.65086817417532,8.601852225592921,119.094259385787,0.6419757072991104,118.53765059739868,-7.317900810994701,117.98104180901038,-15.277777329288512,117.42443302062206,-23.237653847582294,116.86782423223374,-31.197530365876105,116.31121544384544,-39.157406884169916,115.75460665545712,-47.117283402463755,115.1979978670688,-55.07715992075754,114.6413890786805,-63.03703643905135,114.08478029029219,-70.99691295734513,113.52817150190387,-78.95678947563897,112.97156271351557,-86.91666599393275,112.41495392512725,-94.87654251222656,111.85834513673893,-102.8364190305204,111.30173634835063,-110.79629554881416,110.74512755996231,-118.75617206710794,110.188518771574,-126.71604858540178,109.6319099831857,-134.6759251036956,109.07530119479738,-142.6358016219894
