future_x1,future_y1,future_x2,future_y2,future_x3,future_y3,future_x4,future_y4,future_x5,future_y5,future_x6,future_y6,future_x7,future_y7,future_x8,future_y8,future_x9,future_y9,future_x10,future_y10,future_x11,future_y11,future_x12,future_y12,future_x13,future_y13,future_x14,future_y14,future_x15,future_y15,future_x16,future_y16,future_x17,future_y17,future_x18,future_y18,future_x19,future_y19,future_x20,future_y20
54.665530843001974,78.53527597548768,49.776566232535444,75.23762770718686,44.8876016220689,71.93997943888603,39.99863701160237,68.64233117058521,35.10967240113584,65.34468290228439,30.22070779066931,62.04703463398357,25.33174318020278,58.74938636568274,20.442778569736248,55.451738097381934,15.553813959269675,52.15408982908109,10.664849348803159,48.85644156078027,5.775884738336643,45.558793292479464,0.8869201278700984,42.26114502417863,-4.002044482596432,38.9634967558778,-8.89100909306299,35.665848487576994,-13.779973703529521,32.36820021927616,-18.66893831399605,29.070551950975357,-23.557902924462553,25.772903682674524,-28.446867534929112,22.47525541437372,-33.33583214539564,19.177607146072887,-38.2247967558622,15.879958877772054
