future_x1,future_y1,future_x2,future_y2,future_x3,future_y3,future_x4,future_y4,future_x5,future_y5,future_x6,future_y6,future_x7,future_y7,future_x8,future_y8,future_x9,future_y9,future_x10,future_y10,future_x11,future_y11,future_x12,future_y12,future_x13,future_y13,future_x14,future_y14,future_x15,future_y15,future_x16,future_y16,future_x17,future_y17,future_x18,future_y18,future_x19,future_y19,future_x20,future_y20
40.54994699735198,186.98580554860746,34.719943463842114,190.91819258518132,28.889939930332233,194.85057962175514,23.05993639682238,198.78296665832897,17.2299328633125,202.7153536949028,11.399929329802646,206.64774073147663,5.56992579629275,210.58012776805046,-0.26007773721710237,214.5125148046243,-6.090081270726984,218.44490184119815,-11.920084804236865,222.37728887777197,-17.75008833774669,226.30967591434577,-23.58009187125657,230.24206295091963,-29.410095404766423,234.17444998749346,-35.240098938276304,238.1068370240673,-41.070102471786186,242.03922406064112,-46.90010600529604,245.97161109721495,-52.73010953880592,249.90399813378878,-58.56011307231577,253.8363851703626,-64.39011660582565,257.76877220693643,-70.22012013933553,261.7011592435103
