future_x1,future_y1,future_x2,future_y2,future_x3,future_y3,future_x4,future_y4,future_x5,future_y5,future_x6,future_y6,future_x7,future_y7,future_x8,future_y8,future_x9,future_y9,future_x10,future_y10,future_x11,future_y11,future_x12,future_y12,future_x13,future_y13,future_x14,future_y14,future_x15,future_y15,future_x16,future_y16,future_x17,future_y17,future_x18,future_y18,future_x19,future_y19,future_x20,future_y20
174.60656914143104,243.3553065647931,177.71367375085978,251.04566033577927,180.8207783602885,258.7360141067655,183.92788296971725,266.4263678777517,187.034987579146,274.1167216487379,190.14209218857474,281.80707541972413,193.24919679800345,289.4974291907103,196.3563014074322,297.18778296169654,199.46340601686094,304.8781367326827,202.57051062628966,312.56849050366895,205.6776152357184,320.25884427465513,208.78471984514715,327.94919804564137,211.8918244545759,335.6395518166276,214.9989290640046,343.3299055876138,218.10603367343336,351.02025935859996,221.21313828286208,358.7106131295862,224.32024289229082,366.40096690057237,227.42734750171957,374.09132067155855,230.53445211114828,381.7816744425448,233.64155672057703,389.47202821353096
