future_x1,future_y1,future_x2,future_y2,future_x3,future_y3,future_x4,future_y4,future_x5,future_y5,future_x6,future_y6,future_x7,future_y7,future_x8,future_y8,future_x9,future_y9,future_x10,future_y10,future_x11,future_y11,future_x12,future_y12,future_x13,future_y13,future_x14,future_y14,future_x15,future_y15,future_x16,future_y16,future_x17,future_y17,future_x18,future_y18,future_x19,future_y19,future_x20,future_y20
219.41176470588235,127.99999999999955,225.50588235294117,127.99999999999952,231.6,127.99999999999949,237.69411764705882,127.99999999999946,243.78823529411764,127.99999999999943,249.88235294117646,127.9999999999994,255.9764705882353,127.99999999999937,262.0705882352941,127.99999999999935,268.16470588235296,127.99999999999932,274.25882352941176,127.99999999999929,280.35294117647055,127.99999999999925,286.4470588235294,127.99999999999922,292.5411764705882,127.99999999999919,298.63529411764705,127.99999999999916,304.7294117647059,127.99999999999913,310.8235294117647,127.9999999999991,316.9176470588235,127.99999999999908,323.01176470588234,127.99999999999905,329.1058823529412,127.99999999999902,335.2,127.99999999999899
