future_x1,future_y1,future_x2,future_y2,future_x3,future_y3,future_x4,future_y4,future_x5,future_y5,future_x6,future_y6,future_x7,future_y7,future_x8,future_y8,future_x9,future_y9,future_x10,future_y10,future_x11,future_y11,future_x12,future_y12,future_x13,future_y13,future_x14,future_y14,future_x15,future_y15,future_x16,future_y16,future_x17,future_y17,future_x18,future_y18,future_x19,future_y19,future_x20,future_y20
57.626271832186646,37.92573550537787,52.93468995433243,31.92078453906973,48.243108076478194,25.915833572761585,43.55152619862399,19.91088260645347,38.859944320769756,13.905931640145312,34.16836244291555,7.900980673837196,29.47678056506132,1.8960297075290384,24.7851986872071,-4.108921258779134,20.093616809352852,-10.113872225087277,15.402034931498633,-16.118823191395393,10.710453053644443,-22.123774157703508,6.018871175790224,-28.128725124011652,1.3272892979359767,-34.13367609031985,-3.364292579918242,-40.13862705662797,-8.05587445777249,-46.14357802293611,-12.747456335626708,-52.148528989244255,-17.4390382134809,-58.15347995555237,-22.130620091335146,-64.15843092186054,-26.822201969189365,-70.16338188816866,-31.513783847043612,-76.16833285447683
