future_x1,future_y1,future_x2,future_y2,future_x3,future_y3,future_x4,future_y4,future_x5,future_y5,future_x6,future_y6,future_x7,future_y7,future_x8,future_y8,future_x9,future_y9,future_x10,future_y10,future_x11,future_y11,future_x12,future_y12,future_x13,future_y13,future_x14,future_y14,future_x15,future_y15,future_x16,future_y16,future_x17,future_y17,future_x18,future_y18,future_x19,future_y19,future_x20,future_y20
32.78413972063427,75.22098680528522,26.436415702009896,71.70238592563757,20.08869168338549,68.18378504598991,13.740967664761115,64.66518416634226,7.39324364613671,61.14658328669461,1.0455196275123626,57.62798240704697,-5.302204391112042,54.10938152739931,-11.649928409736418,50.59078064775166,-17.997652428360823,47.07217976810401,-24.3453764469852,43.55357888845636,-30.693100465609575,40.03497800880871,-37.04082448423395,36.51637712916104,-43.38854850285833,32.99777624951341,-49.736272521482704,29.479175369865743,-56.08399654010711,25.96057449021808,-62.431720558731456,22.441973610570443,-68.77944457735586,18.923372730922807,-75.12716859598021,15.404771851275157,-81.47489261460464,11.886170971627479,-87.82261663322902,8.367570091979815
