future_x1,future_y1,future_x2,future_y2,future_x3,future_y3,future_x4,future_y4,future_x5,future_y5,future_x6,future_y6,future_x7,future_y7,future_x8,future_y8,future_x9,future_y9,future_x10,future_y10,future_x11,future_y11,future_x12,future_y12,future_x13,future_y13,future_x14,future_y14,future_x15,future_y15,future_x16,future_y16,future_x17,future_y17,future_x18,future_y18,future_x19,future_y19,future_x20,future_y20
209.21234456398756,106.2392178586402,214.6265008682534,104.78849904921621,220.04065717251925,103.33778023979222,225.45481347678506,101.88706143036823,230.8689697810509,100.43634262094425,236.28312608531675,98.98562381152027,241.6972823895826,97.53490500209628,247.1114386938484,96.08418619267229,252.52559499811426,94.6334673832483,257.9397513023801,93.18274857382431,263.3539076066459,91.73202976440032,268.7680639109118,90.28131095497633,274.1822202151776,88.83059214555234,279.5963765194434,87.37987333612837,285.0105328237093,85.92915452670438,290.4246891279751,84.4784357172804,295.83884543224093,83.02771690785642,301.2530017365068,81.57699809843243,306.6671580407726,80.12627928900844,312.0813143450385,78.67556047958445
