future_x1,future_y1,future_x2,future_y2,future_x3,future_y3,future_x4,future_y4,future_x5,future_y5,future_x6,future_y6,future_x7,future_y7,future_x8,future_y8,future_x9,future_y9,future_x10,future_y10,future_x11,future_y11,future_x12,future_y12,future_x13,future_y13,future_x14,future_y14,future_x15,future_y15,future_x16,future_y16,future_x17,future_y17,future_x18,future_y18,future_x19,future_y19,future_x20,future_y20
10.337822052539764,140.36679323286157,2.4936768560423843,141.19124611505234,-5.350468340454967,142.0156989972431,-13.194613536952318,142.84015187943388,-21.03875873344967,143.66460476162464,-28.88290392994699,144.4890576438154,-36.72704912644434,145.31351052600618,-44.57119432294172,146.13796340819695,-52.41533951943907,146.96241629038772,-60.25948471593642,147.7868691725785,-68.10362991243375,148.61132205476926,-75.9477751089311,149.43577493696003,-83.7919203054285,150.2602278191508,-91.6360655019258,151.08468070134157,-99.4802106984232,151.90913358353237,-107.32435589492047,152.7335864657231,-115.16850109141788,153.5580393479139,-123.01264628791523,154.38249223010465,-130.85679148441255,155.20694511229541,-138.70093668090993,156.0313979944862
