future_x1,future_y1,future_x2,future_y2,future_x3,future_y3,future_x4,future_y4,future_x5,future_y5,future_x6,future_y6,future_x7,future_y7,future_x8,future_y8,future_x9,future_y9,future_x10,future_y10,future_x11,future_y11,future_x12,future_y12,future_x13,future_y13,future_x14,future_y14,future_x15,future_y15,future_x16,future_y16,future_x17,future_y17,future_x18,future_y18,future_x19,future_y19,future_x20,future_y20
152.2612084537108,225.3063922906844,153.87862235062485,231.7934851100634,155.49603624753888,238.28057792944233,157.11345014445294,244.7676707488213,158.730864041367,251.25476356820025,160.34827793828106,257.7418563875792,161.96569183519512,264.2289492069582,163.58310573210917,270.71604202633716,165.2005196290232,277.20313484571614,166.81793352593726,283.6902276650951,168.4353474228513,290.177320484474,170.05276131976535,296.664413303853,171.6701752166794,303.15150612323197,173.28758911359347,309.6385989426109,174.90500301050753,316.12569176198986,176.5224169074216,322.6127845813688,178.13983080433562,329.0998774007478,179.75724470124968,335.5869702201268,181.37465859816373,342.07406303950575,182.99207249507776,348.56115585888466
