future_x1,future_y1,future_x2,future_y2,future_x3,future_y3,future_x4,future_y4,future_x5,future_y5,future_x6,future_y6,future_x7,future_y7,future_x8,future_y8,future_x9,future_y9,future_x10,future_y10,future_x11,future_y11,future_x12,future_y12,future_x13,future_y13,future_x14,future_y14,future_x15,future_y15,future_x16,future_y16,future_x17,future_y17,future_x18,future_y18,future_x19,future_y19,future_x20,future_y20
33.04457378229509,164.44997305643537,26.714212034448096,166.87997126019772,20.38385028660109,169.3099694639601,14.053488538754124,171.73996766772245,7.723126790907116,174.1699658714848,1.3927650430601517,176.59996407524716,-4.93759670478687,179.0299622790095,-11.267958452633877,181.45996048277186,-17.598320200480856,183.88995868653421,-23.928681948327863,186.3199568902966,-30.259043696174842,188.74995509405895,-36.58940544402182,191.1799532978213,-42.91976719186886,193.60995150158365,-49.250128939715836,196.03994970534603,-55.58049068756284,198.46994790910838,-61.91085243540982,200.89994611287074,-68.24121418325677,203.3299443166331,-74.57157593110381,205.75994252039544,-80.90193767895079,208.1899407241578,-87.23229942679782,210.61993892792017
