future_x1,future_y1,future_x2,future_y2,future_x3,future_y3,future_x4,future_y4,future_x5,future_y5,future_x6,future_y6,future_x7,future_y7,future_x8,future_y8,future_x9,future_y9,future_x10,future_y10,future_x11,future_y11,future_x12,future_y12,future_x13,future_y13,future_x14,future_y14,future_x15,future_y15,future_x16,future_y16,future_x17,future_y17,future_x18,future_y18,future_x19,future_y19,future_x20,future_y20
229.49690375676624,186.59926470588178,236.26336400721735,190.50588235294055,243.02982425766842,194.41249999999934,249.79628450811953,198.31911764705814,256.5627447585706,202.22573529411693,263.3292050090217,206.1323529411757,270.09566525947275,210.0389705882345,276.8621255099238,213.94558823529326,283.62858576037496,217.85220588235205,290.39504601082604,221.75882352941085,297.1615062612771,225.6654411764696,303.9279665117282,229.5720588235284,310.69442676217926,233.4786764705872,317.46088701263034,237.38529411764597,324.22734726308147,241.29191176470476,330.9938075135325,245.19852941176356,337.7602677639836,249.10514705882233,344.5267280144347,253.01176470588112,351.29318826488577,256.91838235293994,358.05964851533685,260.8249999999987
