future_x1,future_y1,future_x2,future_y2,future_x3,future_y3,future_x4,future_y4,future_x5,future_y5,future_x6,future_y6,future_x7,future_y7,future_x8,future_y8,future_x9,future_y9,future_x10,future_y10,future_x11,future_y11,future_x12,future_y12,future_x13,future_y13,future_x14,future_y14,future_x15,future_y15,future_x16,future_y16,future_x17,future_y17,future_x18,future_y18,future_x19,future_y19,future_x20,future_y20
138.5149048709568,42.3629720737172,139.2158985290206,36.653836878631665,139.9168921870844,30.94470168354613,140.61788584514818,25.235566488460634,141.31887950321195,19.526431293375097,142.01987316127574,13.817296098289575,142.72086681933953,8.108160903204066,143.4218604774033,2.3990257081185575,144.1228541354671,-3.3101094869669794,144.8238477935309,-9.019244682052516,145.52484145159468,-14.728379877138025,146.22583510965845,-20.437515072223533,146.92682876772224,-26.14665026730907,147.62782242578604,-31.855785462394607,148.32881608384983,-37.564920657480116,149.0298097419136,-43.274055852565596,149.7308033999774,-48.98319104765113,150.43179705804118,-54.69232624273667,151.13279071610498,-60.401461437822206,151.83378437416877,-66.11059663290774
