future_x1,future_y1,future_x2,future_y2,future_x3,future_y3,future_x4,future_y4,future_x5,future_y5,future_x6,future_y6,future_x7,future_y7,future_x8,future_y8,future_x9,future_y9,future_x10,future_y10,future_x11,future_y11,future_x12,future_y12,future_x13,future_y13,future_x14,future_y14,future_x15,future_y15,future_x16,future_y16,future_x17,future_y17,future_x18,future_y18,future_x19,future_y19,future_x20,future_y20
207.3310941955234,155.3158863240008,212.6198338085583,157.1369454122675,217.9085734215932,158.95800450053423,223.19731303462808,160.77906358880094,228.48605264766297,162.60012267706765,233.77479226069786,164.42118176533438,239.06353187373276,166.2422408536011,244.35227148676765,168.0632999418678,249.64101109980257,169.88435903013453,254.92975071283746,171.70541811840127,260.2184903258723,173.52647720666795,265.50722993890724,175.34753629493468,270.7959695519421,177.16859538320142,276.084709164977,178.98965447146813,281.37344877801195,180.81071355973484,286.6621883910468,182.63177264800157,291.9509280040817,184.45283173626828,297.2396676171166,186.273890824535,302.5284072301515,188.09494991280172,307.8171468431864,189.91600900106843
