future_x1,future_y1,future_x2,future_y2,future_x3,future_y3,future_x4,future_y4,future_x5,future_y5,future_x6,future_y6,future_x7,future_y7,future_x8,future_y8,future_x9,future_y9,future_x10,future_y10,future_x11,future_y11,future_x12,future_y12,future_x13,future_y13,future_x14,future_y14,future_x15,future_y15,future_x16,future_y16,future_x17,future_y17,future_x18,future_y18,future_x19,future_y19,future_x20,future_y20
161.19647228446198,190.43348398152307,163.40957043675945,194.59571624695795,165.6226685890569,198.75794851239283,167.83576674135438,202.92018077782768,170.04886489365185,207.08241304326256,172.2619630459493,211.24464530869744,174.47506119824678,215.4068775741323,176.68815935054425,219.56910983956718,178.9012575028417,223.73134210500206,181.11435565513918,227.89357437043694,183.32745380743665,232.0558066358718,185.5405519597341,236.21803890130667,187.75365011203158,240.38027116674155,189.96674826432906,244.54250343217643,192.1798464166265,248.70473569761128,194.39294456892395,252.86696796304614,196.60604272122143,257.02920022848105,198.8191408735189,261.1914324939159,201.03223902581635,265.35366475935075,203.24533717811383,269.51589702478566
