future_x1,future_y1,future_x2,future_y2,future_x3,future_y3,future_x4,future_y4,future_x5,future_y5,future_x6,future_y6,future_x7,future_y7,future_x8,future_y8,future_x9,future_y9,future_x10,future_y10,future_x11,future_y11,future_x12,future_y12,future_x13,future_y13,future_x14,future_y14,future_x15,future_y15,future_x16,future_y16,future_x17,future_y17,future_x18,future_y18,future_x19,future_y19,future_x20,future_y20
63.75939387481759,216.41960883081163,59.47668679980542,222.31424941953242,55.19397972479325,228.20889000825318,50.91127264978111,234.10353059697394,46.62856557476894,239.99817118569473,42.34585849975679,245.8928117744155,38.06315142474462,251.78745236313628,33.78044434973245,257.68209295185704,29.497737274720293,263.57673354057783,25.215030199708124,269.4713741292986,20.93232312469597,275.36601471801936,16.6496160496838,281.26065530674015,12.366908974671645,287.15529589546094,8.084201899659476,293.04993648418167,3.8014948246473352,298.94457707290246,-0.48121225036481974,304.83921766162325,-4.763919325377003,310.733858250344,-9.046626400389158,316.62849883906483,-13.329333475401313,322.52313942778557,-17.612040550413496,328.41778001650636
