future_x1,future_y1,future_x2,future_y2,future_x3,future_y3,future_x4,future_y4,future_x5,future_y5,future_x6,future_y6,future_x7,future_y7,future_x8,future_y8,future_x9,future_y9,future_x10,future_y10,future_x11,future_y11,future_x12,future_y12,future_x13,future_y13,future_x14,future_y14,future_x15,future_y15,future_x16,future_y16,future_x17,future_y17,future_x18,future_y18,future_x19,future_y19,future_x20,future_y20
108.11292355573481,2.4379409775624055,106.78711845945045,-5.932862957266764,105.46131336316611,-14.303666892095919,104.13550826688177,-22.674470826925074,102.80970317059743,-31.045274761754285,101.48389807431307,-39.41607869658344,100.15809297802873,-47.786882631412624,98.83228788174438,-56.15768656624181,97.50648278546004,-64.52849050107096,96.1806776891757,-72.89929443590015,94.85487259289135,-81.27009837072927,93.529067496607,-89.64090230555848,92.20326240032266,-98.0117062403877,90.8774573040383,-106.38251017521685,89.55165220775396,-114.75331411004603,88.22584711146962,-123.12411804487519,86.90004201518526,-131.49492197970437,85.57423691890092,-139.86572591453353,84.24843182261658,-148.23652984936268,82.92262672633223,-156.60733378419184
