future_x1,future_y1,future_x2,future_y2,future_x3,future_y3,future_x4,future_y4,future_x5,future_y5,future_x6,future_y6,future_x7,future_y7,future_x8,future_y8,future_x9,future_y9,future_x10,future_y10,future_x11,future_y11,future_x12,future_y12,future_x13,future_y13,future_x14,future_y14,future_x15,future_y15,future_x16,future_y16,future_x17,future_y17,future_x18,future_y18,future_x19,future_y19,future_x20,future_y20
75.30083780156076,32.928194731222106,71.78756032166481,26.590074379970233,68.27428284176887,20.251954028718387,64.76100536187292,13.913833677466528,61.24772788197696,7.575713326214668,57.73445040208102,1.2375929749628085,54.22117292218505,-5.1005273762890795,50.707895442289114,-11.43864772754091,47.19461796239315,-17.7767680787928,43.681340482497205,-24.114888430044658,40.16806300260126,-30.45300878129649,36.654785522705325,-36.79112913254835,33.14150804280936,-43.12924948380024,29.6282305629134,-49.4673698350521,26.114953083017454,-55.805490186303985,22.60167560312152,-62.14361053755579,19.08839812322556,-68.48173088880768,15.575120643329612,-74.81985124005953,12.061843163433679,-81.1579715913114,8.548565683537731,-87.49609194256323
