future_x1,future_y1,future_x2,future_y2,future_x3,future_y3,future_x4,future_y4,future_x5,future_y5,future_x6,future_y6,future_x7,future_y7,future_x8,future_y8,future_x9,future_y9,future_x10,future_y10,future_x11,future_y11,future_x12,future_y12,future_x13,future_y13,future_x14,future_y14,future_x15,future_y15,future_x16,future_y16,future_x17,future_y17,future_x18,future_y18,future_x19,future_y19,future_x20,future_y20
15.015781359623773,169.12289252692165,7.483500116932035,171.8644186953831,-0.04878112575971727,174.60594486384454,-7.581062368451455,177.34747103230598,-15.113343611143222,180.08899720076744,-22.64562485383496,182.83052336922887,-30.177906096526726,185.5720495376903,-37.710187339218464,188.31357570615177,-45.24246858191023,191.0551018746132,-52.774749824602,193.79662804307466,-60.30703106729371,196.5381542115361,-67.83931230998547,199.27968037999753,-75.37159355267721,202.02120654845896,-82.90387479536895,204.76273271692042,-90.43615603806074,207.5042588853819,-97.96843728075245,210.24578505384332,-105.50071852344422,212.98731122230475,-113.03299976613593,215.7288373907662,-120.56528100882775,218.47036355922765,-128.09756225151943,221.21188972768908
