future_x1,future_y1,future_x2,future_y2,future_x3,future_y3,future_x4,future_y4,future_x5,future_y5,future_x6,future_y6,future_x7,future_y7,future_x8,future_y8,future_x9,future_y9,future_x10,future_y10,future_x11,future_y11,future_x12,future_y12,future_x13,future_y13,future_x14,future_y14,future_x15,future_y15,future_x16,future_y16,future_x17,future_y17,future_x18,future_y18,future_x19,future_y19,future_x20,future_y20
47.12083658563182,109.3275738427771,41.72889235800727,108.08274543229558,36.33694813038272,106.83791702181405,30.945003902758188,105.59308861133252,25.55305967513364,104.348260200851,20.16111544750909,103.10343179036947,14.76917121988454,101.85860337988794,9.377226992259992,100.61377496940642,3.9852827646354427,99.36894655892489,-1.4066614629891205,98.12411814844336,-6.798605690613641,96.87928973796184,-12.19054991823819,95.63446132748031,-17.58249414586274,94.38963291699878,-22.97443837348729,93.14480450651726,-28.366382601111837,91.89997609603573,-33.75832682873636,90.65514768555421,-39.15027105636091,89.41031927507268,-44.542215283985456,88.16549086459115,-49.934159511610005,86.92066245410962,-55.326103739234554,85.6758340436281
