future_x1,future_y1,future_x2,future_y2,future_x3,future_y3,future_x4,future_y4,future_x5,future_y5,future_x6,future_y6,future_x7,future_y7,future_x8,future_y8,future_x9,future_y9,future_x10,future_y10,future_x11,future_y11,future_x12,future_y12,future_x13,future_y13,future_x14,future_y14,future_x15,future_y15,future_x16,future_y16,future_x17,future_y17,future_x18,future_y18,future_x19,future_y19,future_x20,future_y20
15.881063507366846,75.71808128929112,8.406467741191278,72.23262004191052,0.9318719750157527,68.74715879452994,-6.542723791159801,65.26169754714935,-14.017319557335355,61.776236299768755,-21.49191532351091,58.29077505238817,-28.966511089686435,54.80531380500757,-36.44110685586199,51.31985255762697,-43.91570262203754,47.83439131024639,-51.3902983882131,44.34893006286579,-58.864894154388594,40.86346881548522,-66.33948992056418,37.37800756810461,-73.8140856867397,33.89254632072402,-81.28868145291526,30.40708507334344,-88.76327721909084,26.921623825962826,-96.2378729852663,23.436162578582255,-103.71246875144189,19.950701331201657,-111.18706451761744,16.465240083821044,-118.66166028379297,12.97977883644046,-126.1362560499685,9.494317589059875
