future_x1,future_y1,future_x2,future_y2,future_x3,future_y3,future_x4,future_y4,future_x5,future_y5,future_x6,future_y6,future_x7,future_y7,future_x8,future_y8,future_x9,future_y9,future_x10,future_y10,future_x11,future_y11,future_x12,future_y12,future_x13,future_y13,future_x14,future_y14,future_x15,future_y15,future_x16,future_y16,future_x17,future_y17,future_x18,future_y18,future_x19,future_y19,future_x20,future_y20
53.39471256913133,205.25603670372402,48.421026740406745,210.40643915063896,43.44734091168216,215.5568415975539,38.473655082957606,220.70724404446884,33.49996925423301,225.85764649138378,28.52628342550844,231.0080489382987,23.552597596783855,236.15845138521365,18.578911768059285,241.3088538321286,13.605225939334701,246.4592562790435,8.631540110610132,251.60965872595847,3.657854281885534,256.7600611728734,-1.3158315468390356,261.9104636197883,-6.2895173755636335,267.0608660667033,-11.263203204288203,272.21126851361817,-16.2368890330128,277.3616709605331,-21.210574861737342,282.51207340744804,-26.18426069046194,287.662475854363,-31.15794651918651,292.8128783012779,-36.13163234791108,297.96328074819286,-41.10531817663568,303.1136831951078
