future_x1,future_y1,future_x2,future_y2,future_x3,future_y3,future_x4,future_y4,future_x5,future_y5,future_x6,future_y6,future_x7,future_y7,future_x8,future_y8,future_x9,future_y9,future_x10,future_y10,future_x11,future_y11,future_x12,future_y12,future_x13,future_y13,future_x14,future_y14,future_x15,future_y15,future_x16,future_y16,future_x17,future_y17,future_x18,future_y18,future_x19,future_y19,future_x20,future_y20
19.976132363415743,60.499195839188644,12.77454118764345,55.99914222846789,5.572950011871143,51.49908861774712,-1.6286411639011362,46.99903500702638,-8.830232339673387,42.49898139630561,-16.031823515445666,37.99892778558487,-23.233414691217973,33.498874174864085,-30.435005866990252,28.99882056414333,-37.63659704276256,24.498766953422574,-44.83818821853487,19.998713342701805,-52.03977939430712,15.498659731981064,-59.2413705700794,10.998606121260309,-66.44296174585168,6.498552510539554,-73.64455292162398,1.9984988998187845,-80.84614409739629,-2.501554710901985,-88.04773527316851,-7.001608321622712,-95.24932644894079,-11.501661932343467,-102.4509176247131,-16.001715543064222,-109.65250880048538,-20.501769153785006,-116.85409997625771,-25.00182276450576
