future_x1,future_y1,future_x2,future_y2,future_x3,future_y3,future_x4,future_y4,future_x5,future_y5,future_x6,future_y6,future_x7,future_y7,future_x8,future_y8,future_x9,future_y9,future_x10,future_y10,future_x11,future_y11,future_x12,future_y12,future_x13,future_y13,future_x14,future_y14,future_x15,future_y15,future_x16,future_y16,future_x17,future_y17,future_x18,future_y18,future_x19,future_y19,future_x20,future_y20
77.37126448962974,19.42632632136312,73.99601545560506,12.188081409454,70.62076642158037,4.949836497544851,67.24551738755568,-2.2884084143642553,63.870268353531,-9.526653326273362,60.495019319506326,-16.764898238182496,57.119770285481636,-24.00314315009163,53.74452125145696,-31.241388062000766,50.369272217432254,-38.4796329739099,46.99402318340756,-45.717877885819036,43.6187741493829,-52.95612279772814,40.243525115358224,-60.19436770963722,36.86827608133352,-67.43261262154641,33.49302704730884,-74.67085753345552,30.117778013284152,-81.90910244536468,26.74252897925949,-89.14734735727376,23.3672799452348,-96.38559226918287,19.992030911210122,-103.623837181092,16.616781877185417,-110.86208209300116,13.24153284316074,-118.1003270049103
