future_x1,future_y1,future_x2,future_y2,future_x3,future_y3,future_x4,future_y4,future_x5,future_y5,future_x6,future_y6,future_x7,future_y7,future_x8,future_y8,future_x9,future_y9,future_x10,future_y10,future_x11,future_y11,future_x12,future_y12,future_x13,future_y13,future_x14,future_y14,future_x15,future_y15,future_x16,future_y16,future_x17,future_y17,future_x18,future_y18,future_x19,future_y19,future_x20,future_y20
63.59574273681528,75.84646079849004,59.302125585936295,72.36955818505605,55.00850843505731,68.89265557162204,50.714891284178336,65.41575295818805,46.42127413329935,61.93885034475406,42.127656982420376,58.461947731320066,37.83403983154139,54.98504511788606,33.5404226806624,51.50814250445207,29.246805529783416,48.03123989101806,24.95318837890443,44.554337277584054,20.65957122802547,41.07743466415009,16.365954077146483,37.60053205071608,12.072336926267482,34.12362943728208,7.778719775388524,30.646726823848084,3.4851026245095227,27.169824210414077,-0.8085145263694358,23.692921596980085,-5.102131677248423,20.216018983546107,-9.39574882812741,16.7391163701121,-13.689365979006396,13.262213756678108,-17.982983129885383,9.785311143244101
