future_x1,future_y1,future_x2,future_y2,future_x3,future_y3,future_x4,future_y4,future_x5,future_y5,future_x6,future_y6,future_x7,future_y7,future_x8,future_y8,future_x9,future_y9,future_x10,future_y10,future_x11,future_y11,future_x12,future_y12,future_x13,future_y13,future_x14,future_y14,future_x15,future_y15,future_x16,future_y16,future_x17,future_y17,future_x18,future_y18,future_x19,future_y19,future_x20,future_y20
45.22436554356143,190.3759145944775,39.705989913132186,194.534308900776,34.18761428270295,198.69270320707452,28.66923865227372,202.85109751337302,23.150863021844472,207.00949181967152,17.632487391415253,211.16788612597,12.11411176098602,215.3262804322685,6.595736130556745,219.48467473856704,1.0773605001275257,223.6430690448655,-4.441015130301736,227.80146335116402,-9.959390760730969,231.95985765746252,-15.477766391160173,236.118251963761,-20.996142021589435,240.27664627005953,-26.514517652018668,244.43504057635803,-32.0328932824479,248.5934348826565,-37.551268912877134,252.751829188955,-43.06964454330637,256.9102234952535,-48.58802017373563,261.068617801552,-54.10639580416483,265.2270121078505,-59.624771434594095,269.38540641414903
