future_x1,future_y1,future_x2,future_y2,future_x3,future_y3,future_x4,future_y4,future_x5,future_y5,future_x6,future_y6,future_x7,future_y7,future_x8,future_y8,future_x9,future_y9,future_x10,future_y10,future_x11,future_y11,future_x12,future_y12,future_x13,future_y13,future_x14,future_y14,future_x15,future_y15,future_x16,future_y16,future_x17,future_y17,future_x18,future_y18,future_x19,future_y19,future_x20,future_y20
32.98039904940843,210.59927893893942,26.645758986035645,216.10589753486875,20.31111892266287,221.612516130798,13.976478859290111,227.1191347267273,7.6418387959173515,232.6257533226566,1.3071987325445633,238.13237191858587,-5.027441330828225,243.6389905145152,-11.36208139420097,249.1456091104445,-17.696721457573773,254.65222770637382,-24.03136152094652,260.1588463023031,-30.366001584319264,265.66546489823236,-36.700641647692066,271.1720834941617,-43.03528171106484,276.678702090091,-49.369921774437614,282.18532068602025,-55.70456183781039,287.69193928194954,-62.039201901183134,293.19855787787884,-68.37384196455591,298.70517647380814,-74.70848202792871,304.2117950697375,-81.04312209130143,309.71841366566673,-87.37776215467426,315.225032261596
