future_x1,future_y1,future_x2,future_y2,future_x3,future_y3,future_x4,future_y4,future_x5,future_y5,future_x6,future_y6,future_x7,future_y7,future_x8,future_y8,future_x9,future_y9,future_x10,future_y10,future_x11,future_y11,future_x12,future_y12,future_x13,future_y13,future_x14,future_y14,future_x15,future_y15,future_x16,future_y16,future_x17,future_y17,future_x18,future_y18,future_x19,future_y19,future_x20,future_y20
58.43749636438082,217.03594444281117,53.799996122006206,222.97167407233195,49.16249587963159,228.90740370185267,44.52499563725698,234.8431333313734,39.887495394882365,240.77886296089417,35.24999515250775,246.71459259041492,30.61249491013315,252.65032221993565,25.974994667758523,258.5860518494564,21.337494425383923,264.5217814789771,16.699994183009295,270.4575111084979,12.06249394063471,276.3932407380186,7.424993698260096,282.32897036753934,2.7874934558854676,288.2646999970601,-1.850006786489132,294.2004296265809,-6.487507028863746,300.1361592561016,-11.12500727123836,306.07188888562234,-15.762507513612974,312.0076185151431,-20.400007755987588,317.9433481446639,-25.037507998362173,323.87907777418457,-29.675008240736815,329.81480740370534
