future_x1,future_y1,future_x2,future_y2,future_x3,future_y3,future_x4,future_y4,future_x5,future_y5,future_x6,future_y6,future_x7,future_y7,future_x8,future_y8,future_x9,future_y9,future_x10,future_y10,future_x11,future_y11,future_x12,future_y12,future_x13,future_y13,future_x14,future_y14,future_x15,future_y15,future_x16,future_y16,future_x17,future_y17,future_x18,future_y18,future_x19,future_y19,future_x20,future_y20
114.14645053171927,206.56738323663575,113.22288056716721,211.80520878574478,112.29931060261517,217.04303433485384,111.37574063806312,222.28085988396288,110.45217067351106,227.51868543307194,109.52860070895902,232.75651098218097,108.60503074440697,237.99433653129003,107.68146077985492,243.23216208039906,106.75789081530286,248.46998762950813,105.83432085075081,253.7078131786172,104.91075088619877,258.94563872772625,103.98718092164671,264.18346427683525,103.06361095709467,269.4212898259443,102.14004099254262,274.6591153750534,101.21647102799056,279.89694092416244,100.29290106343852,285.1347664732715,99.36933109888648,290.37259202238056,98.44576113433442,295.61041757148956,97.52219116978237,300.8482431205986,96.59862120523033,306.0860686697077
