future_x1,future_y1,future_x2,future_y2,future_x3,future_y3,future_x4,future_y4,future_x5,future_y5,future_x6,future_y6,future_x7,future_y7,future_x8,future_y8,future_x9,future_y9,future_x10,future_y10,future_x11,future_y11,future_x12,future_y12,future_x13,future_y13,future_x14,future_y14,future_x15,future_y15,future_x16,future_y16,future_x17,future_y17,future_x18,future_y18,future_x19,future_y19,future_x20,future_y20
113.64593519609178,46.594053239976034,112.6889975424979,41.166990122641096,111.73205988890402,35.73992700530616,110.77512223531014,30.312863887971233,109.81818458171625,24.885800770636294,108.86124692812237,19.458737653301384,107.90430927452849,14.031674535966431,106.9473716209346,8.604611418631492,105.99043396734072,3.177548301296568,105.03349631374684,-2.2495148160383565,104.07655866015295,-7.676577933373267,103.11962100655907,-13.103641050708205,102.1626833529652,-18.530704168043144,101.20574569937132,-23.95776728537811,100.24880804577742,-29.38483040271302,99.29187039218355,-34.81189352004793,98.33493273858967,-40.23895663738287,97.37799508499579,-45.66601975471781,96.4210574314019,-51.09308287205275,95.46411977780802,-56.520145989387686
