future_x1,future_y1,future_x2,future_y2,future_x3,future_y3,future_x4,future_y4,future_x5,future_y5,future_x6,future_y6,future_x7,future_y7,future_x8,future_y8,future_x9,future_y9,future_x10,future_y10,future_x11,future_y11,future_x12,future_y12,future_x13,future_y13,future_x14,future_y14,future_x15,future_y15,future_x16,future_y16,future_x17,future_y17,future_x18,future_y18,future_x19,future_y19,future_x20,future_y20
230.53802135821095,167.3606586231096,237.37388944875835,169.98470253131694,244.20975753930574,172.60874643952423,251.04562562985313,175.23279034773154,257.88149372040056,177.85683425593885,264.7173618109479,180.48087816414616,271.55322990149534,183.10492207235347,278.3890979920427,185.7289659805608,285.22496608259013,188.3530098887681,292.06083417313755,190.97705379697538,298.8967022636849,193.6010977051827,305.73257035423234,196.22514161339,312.56843844477976,198.84918552159732,319.4043065353271,201.47322942980463,326.24017462587454,204.09727333801195,333.0760427164219,206.72131724621923,339.91191080696933,209.34536115442654,346.7477788975167,211.96940506263388,353.58364698806406,214.59344897084117,360.4195150786115,217.21749287904848
