future_x1,future_y1,future_x2,future_y2,future_x3,future_y3,future_x4,future_y4,future_x5,future_y5,future_x6,future_y6,future_x7,future_y7,future_x8,future_y8,future_x9,future_y9,future_x10,future_y10,future_x11,future_y11,future_x12,future_y12,future_x13,future_y13,future_x14,future_y14,future_x15,future_y15,future_x16,future_y16,future_x17,future_y17,future_x18,future_y18,future_x19,future_y19,future_x20,future_y20
71.47119870551042,75.28603999161066,67.70261195254444,71.77177599105138,63.93402519957846,68.25751199049208,60.1654384466125,64.74324798993281,56.396851693646525,61.22898398937352,52.62826494068055,57.714719988814224,48.859678187714565,54.20045598825493,45.091091434748606,50.68619198769565,41.32250468178263,47.17192798713634,37.553917928816645,43.65766398657706,33.785331175850686,40.14339998601778,30.0167444228847,36.629135985458475,26.24815766991874,33.11487198489921,22.479570916952753,29.600607984339916,18.710984163986794,26.08634398378061,14.942397411020835,22.57207998322133,11.173810658054848,19.057815982662035,7.405223905088889,15.543551982102755,3.6366371521229013,12.029287981543462,-0.13194960084308605,8.515023980984168
