future_x1,future_y1,future_x2,future_y2,future_x3,future_y3,future_x4,future_y4,future_x5,future_y5,future_x6,future_y6,future_x7,future_y7,future_x8,future_y8,future_x9,future_y9,future_x10,future_y10,future_x11,future_y11,future_x12,future_y12,future_x13,future_y13,future_x14,future_y14,future_x15,future_y15,future_x16,future_y16,future_x17,future_y17,future_x18,future_y18,future_x19,future_y19,future_x20,future_y20
53.40891963546879,149.38864811329432,48.43618094450002,150.81455798751395,43.46344225353127,152.24046786173358,38.490703562562544,153.66637773595318,33.51796487159379,155.0922876101728,28.54522618062505,156.51819748439243,23.57248748965631,157.94410735861206,18.59974879868753,159.37001723283169,13.627010107718775,160.79592710705128,8.65427141675002,162.22183698127094,3.6815327257813095,163.64774685549054,-1.2912059651874301,165.07365672971017,-6.263944656156184,166.4995666039298,-11.236683347124938,167.9254764781494,-16.20942203809369,169.35138635236905,-21.182160729062417,170.77729622658865,-26.1548994200312,172.20320610080827,-31.127638110999953,173.6291159750279,-36.10037680196871,175.0550258492475,-41.07311549293746,176.48093572346716
