future_x1,future_y1,future_x2,future_y2,future_x3,future_y3,future_x4,future_y4,future_x5,future_y5,future_x6,future_y6,future_x7,future_y7,future_x8,future_y8,future_x9,future_y9,future_x10,future_y10,future_x11,future_y11,future_x12,future_y12,future_x13,future_y13,future_x14,future_y14,future_x15,future_y15,future_x16,future_y16,future_x17,future_y17,future_x18,future_y18,future_x19,future_y19,future_x20,future_y20
215.92796877976812,187.30816381060805,221.789833365086,191.26204139798193,227.6516979504039,195.21591898535578,233.51356253572175,199.16979657272967,239.37542712103965,203.12367416010352,245.2372917063575,207.0775517474774,251.09915629167537,211.03142933485125,256.96102087699325,214.98530692222513,262.82288546231115,218.93918450959902,268.684750047629,222.89306209697287,274.5466146329469,226.84693968434675,280.40847921826474,230.80081727172063,286.27034380358265,234.75469485909449,292.1322083889005,238.70857244646837,297.9940729742184,242.66245003384225,303.85593755953624,246.61632762121607,309.71780214485415,250.57020520858995,315.579666730172,254.52408279596384,321.4415313154899,258.4779603833377,327.3033959008078,262.43183797071157
