future_x1,future_y1,future_x2,future_y2,future_x3,future_y3,future_x4,future_y4,future_x5,future_y5,future_x6,future_y6,future_x7,future_y7,future_x8,future_y8,future_x9,future_y9,future_x10,future_y10,future_x11,future_y11,future_x12,future_y12,future_x13,future_y13,future_x14,future_y14,future_x15,future_y15,future_x16,future_y16,future_x17,future_y17,future_x18,future_y18,future_x19,future_y19,future_x20,future_y20
83.79789531373675,28.72044739069068,80.85108833465253,22.10181055007004,77.90428135556832,15.483173709449417,74.9574743764841,8.864536868828779,72.01066739739989,2.245900028208169,69.06386041831567,-4.372736812412455,66.11705343923146,-10.991373653033065,63.170246460147226,-17.610010493653704,60.22343948106301,-24.228647334274314,57.276632501978796,-30.847284174894952,54.32982552289458,-37.46592101551556,51.383018543810365,-44.0845578561362,48.43621156472615,-50.70319469675681,45.48940458564192,-57.32183153737745,42.54259760655772,-63.94046837799803,39.595790627473505,-70.55910521861864,36.648983648389276,-77.17774205923928,33.70217666930506,-83.79637889985992,30.75536969022083,-90.41501574048056,27.80856271113663,-97.03365258110117
