future_x1,future_y1,future_x2,future_y2,future_x3,future_y3,future_x4,future_y4,future_x5,future_y5,future_x6,future_y6,future_x7,future_y7,future_x8,future_y8,future_x9,future_y9,future_x10,future_y10,future_x11,future_y11,future_x12,future_y12,future_x13,future_y13,future_x14,future_y14,future_x15,future_y15,future_x16,future_y16,future_x17,future_y17,future_x18,future_y18,future_x19,future_y19,future_x20,future_y20
230.52013254070263,108.07210494389739,237.35480804341614,106.74357860682389,244.18948354612968,105.41505226975038,251.02415904884316,104.08652593267686,257.8588345515567,102.75799959560337,264.6935100542702,101.42947325852985,271.5281855569837,100.10094692145634,278.3628610596972,98.77242058438284,285.19753656241073,97.44389424730933,292.0322120651242,96.11536791023582,298.8668875678377,94.78684157316232,305.70156307055123,93.45831523608881,312.53623857326477,92.1297888990153,319.37091407597825,90.8012625619418,326.2055895786918,89.47273622486829,333.04026508140527,88.14420988779477,339.87494058411875,86.81568355072127,346.7096160868323,85.48715721364776,353.5442915895459,84.15863087657425,360.37896709225936,82.83010453950075
