future_x1,future_y1,future_x2,future_y2,future_x3,future_y3,future_x4,future_y4,future_x5,future_y5,future_x6,future_y6,future_x7,future_y7,future_x8,future_y8,future_x9,future_y9,future_x10,future_y10,future_x11,future_y11,future_x12,future_y12,future_x13,future_y13,future_x14,future_y14,future_x15,future_y15,future_x16,future_y16,future_x17,future_y17,future_x18,future_y18,future_x19,future_y19,future_x20,future_y20
127.99999999999989,50.948529411764724,127.99999999999989,45.811764705882354,127.99999999999987,40.675,127.99999999999986,35.538235294117655,127.99999999999986,30.4014705882353,127.99999999999984,25.264705882352956,127.99999999999984,20.127941176470586,127.99999999999983,14.991176470588243,127.99999999999983,9.854411764705873,127.99999999999982,4.717647058823516,127.99999999999982,-0.4191176470588118,127.9999999999998,-5.5558823529411825,127.9999999999998,-10.692647058823525,127.99999999999979,-15.829411764705867,127.99999999999979,-20.966176470588238,127.99999999999977,-26.10294117647055,127.99999999999977,-31.239705882352922,127.99999999999976,-36.37647058823529,127.99999999999974,-41.513235294117635,127.99999999999974,-46.650000000000006
