future_x1,future_y1,future_x2,future_y2,future_x3,future_y3,future_x4,future_y4,future_x5,future_y5,future_x6,future_y6,future_x7,future_y7,future_x8,future_y8,future_x9,future_y9,future_x10,future_y10,future_x11,future_y11,future_x12,future_y12,future_x13,future_y13,future_x14,future_y14,future_x15,future_y15,future_x16,future_y16,future_x17,future_y17,future_x18,future_y18,future_x19,future_y19,future_x20,future_y20
98.42189377921775,213.90105782744445,96.45002003116561,219.62779501594076,94.47814628311346,225.35453220443705,92.5062725350613,231.08126939293336,90.53439878700915,236.80800658142965,88.562525038957,242.53474376992594,86.59065129090486,248.26148095842225,84.6187775428527,253.98821814691854,82.64690379480055,259.71495533541486,80.6750300467484,265.4416925239111,78.70315629869626,271.16842971240743,76.73128255064411,276.89516690090375,74.75940880259195,282.6219040894,72.7875350545398,288.3486412778963,70.81566130648766,294.07537846639264,68.84378755843551,299.8021156548889,66.87191381038336,305.5288528433852,64.90004006233121,311.2555900318815,62.92816631427905,316.9823272203778,60.95629256622691,322.7090644088741
