future_x1,future_y1,future_x2,future_y2,future_x3,future_y3,future_x4,future_y4,future_x5,future_y5,future_x6,future_y6,future_x7,future_y7,future_x8,future_y8,future_x9,future_y9,future_x10,future_y10,future_x11,future_y11,future_x12,future_y12,future_x13,future_y13,future_x14,future_y14,future_x15,future_y15,future_x16,future_y16,future_x17,future_y17,future_x18,future_y18,future_x19,future_y19,future_x20,future_y20
197.02302756629896,213.2363404770635,201.62456273738556,218.91876317553442,206.22609790847218,224.6011858740053,210.82763307955878,230.28360857247623,215.42916825064538,235.9660312709471,220.03070342173194,241.648453969418,224.63223859281857,247.33087666788893,229.23377376390516,253.01329936635983,233.83530893499176,258.6957220648307,238.43684410607835,264.37814476330163,243.03837927716495,270.0605674617725,247.63991444825155,275.7429901602434,252.24144961933814,281.4254128587143,256.84298479042474,287.10783555718524,261.44451996151133,292.7902582556561,266.0460551325979,298.472680954127,270.6475903036845,304.1551036525979,275.2491254747711,309.83752635106885,279.8506606458577,315.5199490495397,284.45219581694437,321.2023717480106
