future_x1,future_y1,future_x2,future_y2,future_x3,future_y3,future_x4,future_y4,future_x5,future_y5,future_x6,future_y6,future_x7,future_y7,future_x8,future_y8,future_x9,future_y9,future_x10,future_y10,future_x11,future_y11,future_x12,future_y12,future_x13,future_y13,future_x14,future_y14,future_x15,future_y15,future_x16,future_y16,future_x17,future_y17,future_x18,future_y18,future_x19,future_y19,future_x20,future_y20
177.72463289195383,221.5184330595269,181.0396084180841,227.75299526349534,184.35458394421437,233.9875574674638,187.6695594703446,240.22211967143227,190.98453499647488,246.45668187540073,194.29951052260512,252.69124407936917,197.6144860487354,258.92580628333764,200.92946157486563,265.1603684873061,204.2444371009959,271.39493069127457,207.55941262712616,277.62949289524306,210.8743881532564,283.86405509921144,214.18936367938667,290.09861730317994,217.5043392055169,296.33317950714843,220.81931473164718,302.56774171111687,224.13429025777745,308.8023039150853,227.4492657839077,315.0368661190538,230.76424131003793,321.27142832302223,234.0792168361682,327.5059905269907,237.39419236229847,333.74055273095917,240.7091678884287,339.9751149349276
