future_x1,future_y1,future_x2,future_y2,future_x3,future_y3,future_x4,future_y4,future_x5,future_y5,future_x6,future_y6,future_x7,future_y7,future_x8,future_y8,future_x9,future_y9,future_x10,future_y10,future_x11,future_y11,future_x12,future_y12,future_x13,future_y13,future_x14,future_y14,future_x15,future_y15,future_x16,future_y16,future_x17,future_y17,future_x18,future_y18,future_x19,future_y19,future_x20,future_y20
199.4187589766902,164.3896752699314,204.18000957513624,166.81565362126014,208.94126017358226,169.2416319725889,213.70251077202826,171.66761032391767,218.4637613704743,174.09358867524642,223.22501196892028,176.51956702657517,227.9862625673663,178.94554537790395,232.74751316581234,181.3715237292327,237.50876376425836,183.79750208056146,242.27001436270436,186.2234804318902,247.03126496115038,188.64945878321896,251.79251555959638,191.07543713454774,256.55376615804244,193.5014154858765,261.31501675648843,195.92739383720524,266.07626735493443,198.35337218853402,270.8375179533804,200.77935053986278,275.5987685518264,203.20532889119153,280.3600191502725,205.63130724252028,285.1212697487185,208.05728559384903,289.88252034716453,210.4832639451778
