future_x1,future_y1,future_x2,future_y2,future_x3,future_y3,future_x4,future_y4,future_x5,future_y5,future_x6,future_y6,future_x7,future_y7,future_x8,future_y8,future_x9,future_y9,future_x10,future_y10,future_x11,future_y11,future_x12,future_y12,future_x13,future_y13,future_x14,future_y14,future_x15,future_y15,future_x16,future_y16,future_x17,future_y17,future_x18,future_y18,future_x19,future_y19,future_x20,future_y20
211.95911731635272,125.06808301746413,217.55639180410958,124.87262188529508,223.15366629186641,124.67716075312602,228.75094077962325,124.48169962095696,234.3482152673801,124.2862384887879,239.94548975513695,124.09077735661884,245.5427642428938,123.89531622444979,251.14003873065067,123.69985509228073,256.7373132184075,123.50439396011167,262.33458770616437,123.30893282794261,267.9318621939212,123.11347169577355,273.52913668167804,122.9180105636045,279.1264111694349,122.72254943143544,284.72368565719177,122.52708829926638,290.3209601449486,122.33162716709732,295.91823463270543,122.13616603492827,301.5155091204623,121.94070490275921,307.11278360821916,121.74524377059015,312.710058095976,121.54978263842109,318.30733258373283,121.35432150625203
