future_x1,future_y1,future_x2,future_y2,future_x3,future_y3,future_x4,future_y4,future_x5,future_y5,future_x6,future_y6,future_x7,future_y7,future_x8,future_y8,future_x9,future_y9,future_x10,future_y10,future_x11,future_y11,future_x12,future_y12,future_x13,future_y13,future_x14,future_y14,future_x15,future_y15,future_x16,future_y16,future_x17,future_y17,future_x18,future_y18,future_x19,future_y19,future_x20,future_y20
166.07234421826107,42.48811481704516,168.61050049947846,36.78732247151483,171.1486567806959,31.086530125984495,173.68681306191328,25.38573778045418,176.22496934313068,19.68494543492386,178.7631256243481,13.984153089393544,181.3012819055655,8.283360743863199,183.8394381867829,2.5825683983328815,186.37759446800032,-3.118223947197464,188.91575074921772,-8.819016292727753,191.45390703043512,-14.51980863825807,193.99206331165252,-20.220600983788415,196.5302195928699,-25.921393329318732,199.06837587408734,-31.62218567484905,201.60653215530473,-37.32297802037937,204.14468843652213,-43.023770365909684,206.68284471773956,-48.72456271144,209.22100099895695,-54.425355056970346,211.75915728017435,-60.126147402500635,214.29731356139177,-65.82693974803101
