future_x1,future_y1,future_x2,future_y2,future_x3,future_y3,future_x4,future_y4,future_x5,future_y5,future_x6,future_y6,future_x7,future_y7,future_x8,future_y8,future_x9,future_y9,future_x10,future_y10,future_x11,future_y11,future_x12,future_y12,future_x13,future_y13,future_x14,future_y14,future_x15,future_y15,future_x16,future_y16,future_x17,future_y17,future_x18,future_y18,future_x19,future_y19,future_x20,future_y20
173.9094664228583,57.305621148017835,176.97009751771552,52.59266255788569,180.03072861257274,47.87970396775354,183.09135970742994,43.16674537762141,186.15199080228717,38.45378678748925,189.2126218971444,33.74082819735712,192.2732529920016,29.02786960722497,195.33388408685883,24.314911017092825,198.39451518171606,19.60195242696065,201.45514627657326,14.888993836828519,204.5157773714305,10.176035246696415,207.57640846628772,5.463076656564255,210.63703956114492,0.7501180664321083,213.69767065600215,-3.962840523700038,216.75830175085937,-8.675799113832198,219.81893284571657,-13.38875770396433,222.8795639405738,-18.101716294096462,225.94019503543103,-22.814674884228623,229.00082613028823,-27.527633474360755,232.0614572251455,-32.240592064492915
