future_x1,future_y1,future_x2,future_y2,future_x3,future_y3,future_x4,future_y4,future_x5,future_y5,future_x6,future_y6,future_x7,future_y7,future_x8,future_y8,future_x9,future_y9,future_x10,future_y10,future_x11,future_y11,future_x12,future_y12,future_x13,future_y13,future_x14,future_y14,future_x15,future_y15,future_x16,future_y16,future_x17,future_y17,future_x18,future_y18,future_x19,future_y19,future_x20,future_y20
41.55215955672675,101.57024283064874,35.78897019384186,99.80825901935864,30.02578083095696,98.04627520806856,24.262591468072102,96.28429139677849,18.499402105187215,94.52230758548839,12.736212742302342,92.76032377419831,6.973023379417441,90.99833996290823,1.2098340165325396,89.23635615161814,-4.553355346352362,87.47437234032805,-10.316544709237235,85.71238852903797,-16.07973407212208,83.95040471774789,-21.84292343500698,82.18842090645781,-27.606112797891853,80.42643709516771,-33.369302160776726,78.66445328387763,-39.13249152366163,76.90246947258754,-44.8956808865465,75.14048566129746,-50.6588702494314,73.37850185000738,-56.422059612316275,71.6165180387173,-62.185248975201176,69.85453422742721,-67.94843833808608,68.09255041613713
