future_x1,future_y1,future_x2,future_y2,future_x3,future_y3,future_x4,future_y4,future_x5,future_y5,future_x6,future_y6,future_x7,future_y7,future_x8,future_y8,future_x9,future_y9,future_x10,future_y10,future_x11,future_y11,future_x12,future_y12,future_x13,future_y13,future_x14,future_y14,future_x15,future_y15,future_x16,future_y16,future_x17,future_y17,future_x18,future_y18,future_x19,future_y19,future_x20,future_y20
201.17148439972067,228.7119082218143,206.04958335970204,235.42603543660192,210.92768231968344,242.14016265138957,215.8057812796648,248.85428986617717,220.6838802396462,255.5684170809648,225.56197919962756,262.2825442957524,230.44007815960896,268.99667151054,235.3181771195903,275.71079872532766,240.1962760795717,282.4249259401153,245.0743750395531,289.1390531549029,249.95247399953445,295.8531803696905,254.83057295951582,302.5673075844781,259.7086719194972,309.28143479926575,264.5867708794786,315.9955620140534,269.46486983946,322.709689228841,274.34296879944134,329.4238164436286,279.22106775942274,336.13794365841625,284.0991667194041,342.85207087320384,288.9772656793855,349.5661980879915,293.8553646393669,356.28032530277915
