future_x1,future_y1,future_x2,future_y2,future_x3,future_y3,future_x4,future_y4,future_x5,future_y5,future_x6,future_y6,future_x7,future_y7,future_x8,future_y8,future_x9,future_y9,future_x10,future_y10,future_x11,future_y11,future_x12,future_y12,future_x13,future_y13,future_x14,future_y14,future_x15,future_y15,future_x16,future_y16,future_x17,future_y17,future_x18,future_y18,future_x19,future_y19,future_x20,future_y20
89.149156981396,54.93219133389671,86.55910078015573,50.06100408948981,83.96904457891546,45.189816845082916,81.3789883776752,40.31862960067603,78.78893217643493,35.44744235626915,76.19887597519467,30.576255111862253,73.6088197739544,25.70506786745537,71.01876357271414,20.8338806230485,68.42870737147386,15.962693378641603,65.83865117023359,11.09150613423472,63.24859496899333,6.220318889827837,60.65853876775307,1.3491316454209539,58.0684825665128,-3.5220555989859577,55.478426365272526,-8.39324284339284,52.88837016403225,-13.264430087799724,50.298313962791994,-18.13561733220658,47.70825776155172,-23.00680457661349,45.11820156031146,-27.877991821020373,42.52814535907119,-32.749179065427256,39.938089157830916,-37.62036630983417
