future_x1,future_y1,future_x2,future_y2,future_x3,future_y3,future_x4,future_y4,future_x5,future_y5,future_x6,future_y6,future_x7,future_y7,future_x8,future_y8,future_x9,future_y9,future_x10,future_y10,future_x11,future_y11,future_x12,future_y12,future_x13,future_y13,future_x14,future_y14,future_x15,future_y15,future_x16,future_y16,future_x17,future_y17,future_x18,future_y18,future_x19,future_y19,future_x20,future_y20
234.0467725541772,148.61340443213862,241.11655739112237,149.9876313942812,248.18634222806753,151.3618583564238,255.25612706501266,152.73608531856635,262.32591190195785,154.11031228070894,269.395696738903,155.48453924285153,276.4654815758481,156.85876620499408,283.53526641279325,158.23299316713667,290.6050512497384,159.60722012927923,297.67483608668357,160.9814470914218,304.7446209236287,162.35567405356437,311.8144057605739,163.72990101570696,318.884190597519,165.10412797784954,325.95397543446416,166.47835493999213,333.0237602714093,167.85258190213472,340.0935451083544,169.22680886427725,347.16332994529955,170.60103582641983,354.23311478224474,171.97526278856242,361.3028996191899,173.349489750705,368.37268445613506,174.7237167128476
