future_x1,future_y1,future_x2,future_y2,future_x3,future_y3,future_x4,future_y4,future_x5,future_y5,future_x6,future_y6,future_x7,future_y7,future_x8,future_y8,future_x9,future_y9,future_x10,future_y10,future_x11,future_y11,future_x12,future_y12,future_x13,future_y13,future_x14,future_y14,future_x15,future_y15,future_x16,future_y16,future_x17,future_y17,future_x18,future_y18,future_x19,future_y19,future_x20,future_y20
13.506553533428516,124.00180074762515,5.873657102323733,123.73525413080016,-1.7592393287810353,123.46870751397518,-9.392135759885775,123.20216089715018,-17.025032190990572,122.93561428032518,-24.657928622095312,122.6690676635002,-32.29082505320011,122.4025210466752,-39.92372148430485,122.13597442985022,-47.55661791540962,121.86942781302523,-55.189514346514414,121.60288119620024,-62.822410777619154,121.33633457937525,-70.45530720872392,121.06978796255027,-78.08820363982869,120.80324134572527,-85.72110007093346,120.53669472890029,-93.35399650203826,120.27014811207529,-100.98689293314297,120.00360149525031,-108.61978936424777,119.73705487842531,-116.25268579535253,119.47050826160032,-123.88558222645733,119.20396164477533,-131.51847865756207,118.93741502795034
