future_x1,future_y1,future_x2,future_y2,future_x3,future_y3,future_x4,future_y4,future_x5,future_y5,future_x6,future_y6,future_x7,future_y7,future_x8,future_y8,future_x9,future_y9,future_x10,future_y10,future_x11,future_y11,future_x12,future_y12,future_x13,future_y13,future_x14,future_y14,future_x15,future_y15,future_x16,future_y16,future_x17,future_y17,future_x18,future_y18,future_x19,future_y19,future_x20,future_y20
21.811448697604504,76.20838299722449,14.73221194411147,72.75560853037278,7.6529751906184345,69.30283406352109,0.5737384371254137,65.8500595966694,-6.505498316367635,62.397285129817675,-13.584735069860642,58.944510662965996,-20.663971823353705,55.491736196114275,-27.743208576846712,52.03896172926258,-34.822445330339775,48.586187262410874,-41.90168208383281,45.13341279555917,-48.98091883732582,41.68063832870749,-56.06015559081885,38.22786386185578,-63.139392344311915,34.77508939500407,-70.21862909780495,31.322314928152366,-77.29786585129796,27.86954046130066,-84.37710260479099,24.41676599444898,-91.456339358284,20.9639915275973,-98.53557611177706,17.511217060745565,-105.6148128652701,14.058442593893872,-112.69404961876313,10.605668127042165
