future_x1,future_y1,future_x2,future_y2,future_x3,future_y3,future_x4,future_y4,future_x5,future_y5,future_x6,future_y6,future_x7,future_y7,future_x8,future_y8,future_x9,future_y9,future_x10,future_y10,future_x11,future_y11,future_x12,future_y12,future_x13,future_y13,future_x14,future_y14,future_x15,future_y15,future_x16,future_y16,future_x17,future_y17,future_x18,future_y18,future_x19,future_y19,future_x20,future_y20
92.76684480976908,243.24245791142488,90.41796779708702,250.92528843885322,88.06909078440495,258.60811896628155,85.7202137717229,266.29094949370983,83.37133675904083,273.97378002113817,81.02245974635878,281.6566105485665,78.67358273367671,289.33944107599484,76.32470572099464,297.0222716034232,73.97582870831259,304.7051021308515,71.62695169563052,312.38793265827985,69.27807468294847,320.07076318570813,66.9291976702664,327.75359371313647,64.58032065758434,335.4364242405648,62.23144364490227,343.1192547679931,59.882566632220204,350.8020852954215,57.53368961953815,358.48491582284976,55.1848126068561,366.1677463502781,52.83593559417403,373.85057687770643,50.48705858149198,381.5334074051347,48.13818156880991,389.2162379325631
