future_x1,future_y1,future_x2,future_y2,future_x3,future_y3,future_x4,future_y4,future_x5,future_y5,future_x6,future_y6,future_x7,future_y7,future_x8,future_y8,future_x9,future_y9,future_x10,future_y10,future_x11,future_y11,future_x12,future_y12,future_x13,future_y13,future_x14,future_y14,future_x15,future_y15,future_x16,future_y16,future_x17,future_y17,future_x18,future_y18,future_x19,future_y19,future_x20,future_y20
159.731129192221,238.6595982643347,161.84653780503572,246.03690481529037,163.96194641785047,253.414211366246,166.0773550306652,260.79151791720165,168.1927636434799,268.1688244681573,170.30817225629465,275.546131019113,172.4235808691094,282.9234375700686,174.53898948192412,290.30074412102425,176.65439809473884,297.6780506719799,178.76980670755358,305.0553572229356,180.88521532036833,312.43266377389114,183.00062393318305,319.80997032484686,185.11603254599777,327.18727687580247,187.23144115881252,334.56458342675813,189.34684977162726,341.9418899777138,191.46225838444198,349.3191965286694,193.5776669972567,356.6965030796251,195.69307561007145,364.07380963058074,197.8084842228862,371.45111618153635,199.92389283570094,378.828422732492
