future_x1,future_y1,future_x2,future_y2,future_x3,future_y3,future_x4,future_y4,future_x5,future_y5,future_x6,future_y6,future_x7,future_y7,future_x8,future_y8,future_x9,future_y9,future_x10,future_y10,future_x11,future_y11,future_x12,future_y12,future_x13,future_y13,future_x14,future_y14,future_x15,future_y15,future_x16,future_y16,future_x17,future_y17,future_x18,future_y18,future_x19,future_y19,future_x20,future_y20
171.68950545692084,58.08217586056219,174.6021391540489,53.42098758459966,177.51477285117696,48.75979930863714,180.42740654830502,44.098611032674626,183.34004024543307,39.437422756712095,186.25267394256113,34.776234480749594,189.1653076396892,30.115046204787077,192.07794133681725,25.453857928824547,194.9905750339453,20.792669652862017,197.90320873107336,16.1314813768995,200.8158424282014,11.470293100936985,203.72847612532948,6.809104824974455,206.64110982245754,2.1479165490119385,209.5537435195856,-2.5132717269505918,212.46637721671365,-7.174460002913122,215.37901091384168,-11.835648278875624,218.29164461096974,-16.496836554838126,221.2042783080978,-21.158024830800684,224.11691200522586,-25.819213106763186,227.02954570235391,-30.480401382725717
