future_x1,future_y1,future_x2,future_y2,future_x3,future_y3,future_x4,future_y4,future_x5,future_y5,future_x6,future_y6,future_x7,future_y7,future_x8,future_y8,future_x9,future_y9,future_x10,future_y10,future_x11,future_y11,future_x12,future_y12,future_x13,future_y13,future_x14,future_y14,future_x15,future_y15,future_x16,future_y16,future_x17,future_y17,future_x18,future_y18,future_x19,future_y19,future_x20,future_y20
217.70923010140785,57.91146795678684,223.68984544150172,53.23889915390596,229.67046078159558,48.56633035102507,235.6510761216894,43.89376154814421,241.6316914617833,39.22119274526332,247.61230680187714,34.54862394238245,253.592922141971,29.876055139501574,259.57353748206486,25.2034863366207,265.5541528221587,20.53091753373981,271.5347681622526,15.858348730858935,277.5153835023464,11.185779927978075,283.49599884244026,6.5132111250972,289.47661418253415,1.8406423222162829,295.45722952262804,-2.8319264806645776,301.4378448627219,-7.504495283545452,307.4184602028157,-12.177064086426327,313.3990755429096,-16.849632889307202,319.37969088300343,-21.522201692188077,325.36030622309727,-26.19477049506895,331.34092156319116,-30.867339297949854
