future_x1,future_y1,future_x2,future_y2,future_x3,future_y3,future_x4,future_y4,future_x5,future_y5,future_x6,future_y6,future_x7,future_y7,future_x8,future_y8,future_x9,future_y9,future_x10,future_y10,future_x11,future_y11,future_x12,future_y12,future_x13,future_y13,future_x14,future_y14,future_x15,future_y15,future_x16,future_y16,future_x17,future_y17,future_x18,future_y18,future_x19,future_y19,future_x20,future_y20
206.3182555495501,132.10448585067314,211.53947258618678,132.378118240718,216.76068962282343,132.6517506307629,221.98190665946012,132.92538302080777,227.20312369609678,133.19901541085264,232.42434073273347,133.47264780089753,237.6455577693701,133.7462801909424,242.86677480600682,134.01991258098727,248.08799184264348,134.29354497103216,253.30920887928016,134.56717736107703,258.5304259159168,134.8408097511219,263.75164295255354,135.1144421411668,268.97285998919017,135.38807453121166,274.19407702582686,135.66170692125652,279.41529406246354,135.93533931130142,284.6365110991002,136.2089717013463,289.85772813573686,136.48260409139115,295.07894517237355,136.75623648143605,300.3001622090102,137.02986887148091,305.52137924564687,137.30350126152578
