future_x1,future_y1,future_x2,future_y2,future_x3,future_y3,future_x4,future_y4,future_x5,future_y5,future_x6,future_y6,future_x7,future_y7,future_x8,future_y8,future_x9,future_y9,future_x10,future_y10,future_x11,future_y11,future_x12,future_y12,future_x13,future_y13,future_x14,future_y14,future_x15,future_y15,future_x16,future_y16,future_x17,future_y17,future_x18,future_y18,future_x19,future_y19,future_x20,future_y20
104.41119210905849,33.39045906617102,102.83860491632906,27.083156337249093,101.26601772359962,20.775853608327154,99.69343053087019,14.468550879405228,98.12084333814076,8.161248150483289,96.54825614541133,1.853945421561363,94.97566895268189,-4.453357307360562,93.40308175995244,-10.76066003628253,91.83049456722301,-17.06796276520444,90.25790737449358,-23.37526549412638,88.68532018176415,-29.682568223048293,87.11273298903473,-35.989870951970204,85.54014579630528,-42.29717368089217,83.96755860357585,-48.60447640981411,82.39497141084641,-54.91177913873605,80.82238421811698,-61.21908186765796,79.24979702538755,-67.52638459657987,77.67720983265812,-73.83368732550181,76.10462263992869,-80.14099005442375,74.53203544719925,-86.44829278334569
