future_x1,future_y1,future_x2,future_y2,future_x3,future_y3,future_x4,future_y4,future_x5,future_y5,future_x6,future_y6,future_x7,future_y7,future_x8,future_y8,future_x9,future_y9,future_x10,future_y10,future_x11,future_y11,future_x12,future_y12,future_x13,future_y13,future_x14,future_y14,future_x15,future_y15,future_x16,future_y16,future_x17,future_y17,future_x18,future_y18,future_x19,future_y19,future_x20,future_y20
99.025850311017,196.25881909251783,97.09424033175145,200.809407032019,95.16263035248592,205.35999497152022,93.23102037322039,209.91058291102138,91.29941039395486,214.4611708505226,89.36780041468933,219.01175879002375,87.4361904354238,223.56234672952493,85.50458045615825,228.11293466902615,83.57297047689272,232.66352260852733,81.64136049762718,237.21411054802854,79.70975051836166,241.7646984875297,77.77814053909611,246.31528642703088,75.84653055983058,250.86587436653207,73.91492058056505,255.41646230603328,71.98331060129951,259.9670502455345,70.05170062203399,264.51763818503565,68.12009064276846,269.0682261245368,66.18848066350292,273.618814064038,64.25687068423738,278.16940200353923,62.32526070497184,282.71998994304045
