future_x1,future_y1,future_x2,future_y2,future_x3,future_y3,future_x4,future_y4,future_x5,future_y5,future_x6,future_y6,future_x7,future_y7,future_x8,future_y8,future_x9,future_y9,future_x10,future_y10,future_x11,future_y11,future_x12,future_y12,future_x13,future_y13,future_x14,future_y14,future_x15,future_y15,future_x16,future_y16,future_x17,future_y17,future_x18,future_y18,future_x19,future_y19,future_x20,future_y20
124.98724962436627,41.726117165183936,124.78639959932403,35.97452497619619,124.58554957428179,30.222932787208464,124.38469954923953,24.47134059822072,124.18384952419729,18.71974840923299,123.98299949915503,12.968156220245262,123.78214947411279,7.216564031257533,123.58129944907054,1.4649718422697617,123.38044942402828,-4.286620346717967,123.17959939898604,-10.038212535705696,122.9787493739438,-15.789804724693425,122.77789934890154,-21.541396913681183,122.5770493238593,-27.29298910266894,122.37619929881706,-33.04458129165667,122.1753492737748,-38.7961734806444,121.97449924873256,-44.54776566963213,121.7736492236903,-50.299357858619885,121.57279919864806,-56.050950047607614,121.37194917360581,-61.80254223659534,121.17109914856356,-67.55413442558307
