future_x1,future_y1,future_x2,future_y2,future_x3,future_y3,future_x4,future_y4,future_x5,future_y5,future_x6,future_y6,future_x7,future_y7,future_x8,future_y8,future_x9,future_y9,future_x10,future_y10,future_x11,future_y11,future_x12,future_y12,future_x13,future_y13,future_x14,future_y14,future_x15,future_y15,future_x16,future_y16,future_x17,future_y17,future_x18,future_y18,future_x19,future_y19,future_x20,future_y20
24.544117647058826,128.0000000000007,17.64705882352942,128.00000000000077,10.75,128.0000000000008,3.8529411764706083,128.00000000000085,-3.0441176470588402,128.0000000000009,-9.941176470588232,128.00000000000094,-16.838235294117624,128.000000000001,-23.735294117647044,128.00000000000105,-30.632352941176464,128.00000000000108,-37.529411764705884,128.00000000000114,-44.426470588235276,128.0000000000012,-51.323529411764696,128.00000000000122,-58.220588235294116,128.00000000000128,-65.11764705882354,128.00000000000134,-72.01470588235296,128.00000000000136,-78.91176470588235,128.00000000000142,-85.80882352941177,128.00000000000148,-92.70588235294116,128.0000000000015,-99.60294117647058,128.00000000000156,-106.5,128.00000000000162
