future_x1,future_y1,future_x2,future_y2,future_x3,future_y3,future_x4,future_y4,future_x5,future_y5,future_x6,future_y6,future_x7,future_y7,future_x8,future_y8,future_x9,future_y9,future_x10,future_y10,future_x11,future_y11,future_x12,future_y12,future_x13,future_y13,future_x14,future_y14,future_x15,future_y15,future_x16,future_y16,future_x17,future_y17,future_x18,future_y18,future_x19,future_y19,future_x20,future_y20
69.47573239848498,218.11946921248287,65.57411455838397,224.1274338266484,61.67249671828296,230.13539844081393,57.770878878181975,236.14336305497943,53.869261038080964,242.15132766914496,49.96764319797997,248.1592922833105,46.06602535787897,254.167256897476,42.16440751777796,260.17522151164155,38.26278967767695,266.1831861258071,34.36117183757595,272.1911507399726,30.459553997474956,278.1991153541381,26.55793615737396,284.2070799683036,22.656318317272934,290.2150445824692,18.75470047717195,296.2230091966347,14.853082637070926,302.23097381080026,10.951464796969958,308.23893842496574,7.0498469568689615,314.24690303913127,3.1482291167679506,320.2548676532968,-0.7533887233330461,326.2628322674623,-4.655006563434085,332.27079688162786
