future_x1,future_y1,future_x2,future_y2,future_x3,future_y3,future_x4,future_y4,future_x5,future_y5,future_x6,future_y6,future_x7,future_y7,future_x8,future_y8,future_x9,future_y9,future_x10,future_y10,future_x11,future_y11,future_x12,future_y12,future_x13,future_y13,future_x14,future_y14,future_x15,future_y15,future_x16,future_y16,future_x17,future_y17,future_x18,future_y18,future_x19,future_y19,future_x20,future_y20
33.1840980271475,112.98263643216364,26.863037895624004,111.98147886097456,20.541977764100494,110.98032128978546,14.220917632577013,109.97916371859637,7.8998575010535035,108.97800614740729,1.5787973695300082,107.9768485762182,-4.742262761993459,106.9756910050291,-11.063322893516983,105.97453343384001,-17.384383025040506,104.97337586265093,-23.705443156564,103.97221829146183,-30.02650328808747,102.97106072027275,-36.34756341961099,101.96990314908365,-42.66862355113449,100.96874557789457,-48.98968368265798,99.96758800670547,-55.31074381418151,98.96643043551639,-61.631803945705,97.96527286432729,-67.95286407722847,96.9641152931382,-74.27392420875199,95.96295772194911,-80.59498434027546,94.96180015076003,-86.91604447179901,93.96064257957093
