future_x1,future_y1,future_x2,future_y2,future_x3,future_y3,future_x4,future_y4,future_x5,future_y5,future_x6,future_y6,future_x7,future_y7,future_x8,future_y8,future_x9,future_y9,future_x10,future_y10,future_x11,future_y11,future_x12,future_y12,future_x13,future_y13,future_x14,future_y14,future_x15,future_y15,future_x16,future_y16,future_x17,future_y17,future_x18,future_y18,future_x19,future_y19,future_x20,future_y20
140.11823069594408,12.702736618437555,140.92611274234034,5.0162523930000305,141.73399478873662,-2.6702318324374517,142.54187683513288,-10.356716057874962,143.34975888152917,-18.043200283312444,144.15764092792543,-25.729684508749926,144.9655229743217,-33.41616873418744,145.77340502071797,-41.10265295962495,146.58128706711426,-48.78913718506243,147.38916911351052,-56.47562141049997,148.19705115990678,-64.16210563593742,149.00493320630306,-71.84858986137493,149.81281525269932,-79.53507408681244,150.6206972990956,-87.22155831224995,151.42857934549187,-94.90804253768746,152.23646139188816,-102.59452676312489,153.04434343828441,-110.2810109885624,153.8522254846807,-117.96749521399994,154.66010753107696,-125.65397943943745,155.46798957747322,-133.3404636648749
