future_x1,future_y1,future_x2,future_y2,future_x3,future_y3,future_x4,future_y4,future_x5,future_y5,future_x6,future_y6,future_x7,future_y7,future_x8,future_y8,future_x9,future_y9,future_x10,future_y10,future_x11,future_y11,future_x12,future_y12,future_x13,future_y13,future_x14,future_y14,future_x15,future_y15,future_x16,future_y16,future_x17,future_y17,future_x18,future_y18,future_x19,future_y19,future_x20,future_y20
178.46386594456436,180.25686293666067,181.828123674202,183.7406537991047,185.19238140383962,187.22444466154877,188.55663913347723,190.7082355239928,191.92089686311488,194.19202638643685,195.2851545927525,197.6758172488809,198.6494123223901,201.15960811132493,202.01367005202775,204.64339897376897,205.37792778166536,208.12718983621303,208.742185511303,211.61098069865707,212.10644324094062,215.0947715611011,215.47070097057824,218.57856242354518,218.83495870021588,222.06235328598922,222.1992164298535,225.54614414843326,225.5634741594911,229.0299350108773,228.92773188912872,232.51372587332133,232.29198961876634,235.99751673576537,235.65624734840398,239.4813075982094,239.0205050780416,242.96509846065348,242.38476280767924,246.44888932309752
