future_x1,future_y1,future_x2,future_y2,future_x3,future_y3,future_x4,future_y4,future_x5,future_y5,future_x6,future_y6,future_x7,future_y7,future_x8,future_y8,future_x9,future_y9,future_x10,future_y10,future_x11,future_y11,future_x12,future_y12,future_x13,future_y13,future_x14,future_y14,future_x15,future_y15,future_x16,future_y16,future_x17,future_y17,future_x18,future_y18,future_x19,future_y19,future_x20,future_y20
71.9237760031941,173.4096308344815,68.18536107007372,176.43693955678026,64.44694613695333,179.46424827907902,60.70853120383293,182.49155700137777,56.97011627071254,185.51886572367656,53.231701337592156,188.5461744459753,49.49328640447176,191.5734831682741,45.754871471351365,194.60079189057285,42.01645653823097,197.6281006128716,38.27804160511059,200.6554093351704,34.53962667199019,203.68271805746915,30.801211738869796,206.71002677976793,27.0627968057494,209.73733550206668,23.324381872629004,212.76464422436544,19.58596693950861,215.79195294666422,15.847552006388213,218.81926166896298,12.109137073267831,221.84657039126174,8.37072214014745,224.87387911356052,4.63230720702704,227.90118783585928,0.8938922739066584,230.92849655815803
