future_x1,future_y1,future_x2,future_y2,future_x3,future_y3,future_x4,future_y4,future_x5,future_y5,future_x6,future_y6,future_x7,future_y7,future_x8,future_y8,future_x9,future_y9,future_x10,future_y10,future_x11,future_y11,future_x12,future_y12,future_x13,future_y13,future_x14,future_y14,future_x15,future_y15,future_x16,future_y16,future_x17,future_y17,future_x18,future_y18,future_x19,future_y19,future_x20,future_y20
215.9408412631667,196.70691526182085,221.80356401404447,201.28737627927558,227.66628676492223,205.8678372967303,233.52900951580003,210.44829831418502,239.39173226667782,215.02875933163975,245.25445501755559,219.60922034909447,251.11717776843335,224.1896813665492,256.9799005193112,228.77014238400392,262.84262327018894,233.35060340145864,268.7053460210667,237.93106441891337,274.56806877194447,242.5115254363681,280.43079152282223,247.0919864538228,286.29351427370005,251.67244747127754,292.1562370245778,256.25290848873226,298.01895977545564,260.833369506187,303.8816825263334,265.4138305236417,309.7444052772112,269.9942915410964,315.60712802808894,274.57475255855115,321.4698507789667,279.15521357600585,327.33257352984447,283.7356745934606
