future_x1,future_y1,future_x2,future_y2,future_x3,future_y3,future_x4,future_y4,future_x5,future_y5,future_x6,future_y6,future_x7,future_y7,future_x8,future_y8,future_x9,future_y9,future_x10,future_y10,future_x11,future_y11,future_x12,future_y12,future_x13,future_y13,future_x14,future_y14,future_x15,future_y15,future_x16,future_y16,future_x17,future_y17,future_x18,future_y18,future_x19,future_y19,future_x20,future_y20
248.5086509022637,88.8443657553991,256.5425609624146,86.23399013909237,264.5764710225655,83.62361452278564,272.61038108271646,81.01323890647892,280.64429114286736,78.40286329017218,288.67820120301826,75.79248767386547,296.71211126316916,73.18211205755873,304.74602132332006,70.571736441252,312.779931383471,67.96136082494527,320.8138414436219,65.35098520863855,328.8477515037728,62.74060959233182,336.8816615639237,60.130233976025096,344.9155716240747,57.51985835971837,352.9494816842256,54.909482743411644,360.9833917443765,52.29910712710492,369.0173018045274,49.68873151079819,377.0512118646783,47.078355894491466,385.0851219248292,44.46798027818474,393.11903198498015,41.857604661878,401.152942045131,39.24722904557129
