future_x1,future_y1,future_x2,future_y2,future_x3,future_y3,future_x4,future_y4,future_x5,future_y5,future_x6,future_y6,future_x7,future_y7,future_x8,future_y8,future_x9,future_y9,future_x10,future_y10,future_x11,future_y11,future_x12,future_y12,future_x13,future_y13,future_x14,future_y14,future_x15,future_y15,future_x16,future_y16,future_x17,future_y17,future_x18,future_y18,future_x19,future_y19,future_x20,future_y20
225.55023063840997,90.55397484850391,232.0535793476373,88.05757317173752,238.55692805686468,85.56117149497109,245.06027676609196,83.0647698182047,251.56362547531933,80.56836814143828,258.06697418454667,78.07196646467187,264.570322893774,75.57556478790548,271.0736716030013,73.07916311113908,277.5770203122287,70.58276143437266,284.080369021456,68.08635975760625,290.5837177306833,65.58995808083986,297.08706643991064,63.09355640407344,303.590415149138,60.59715472730704,310.0937638583653,58.100753050540646,316.59711256759266,55.60435137377422,323.10046127681994,53.107949697007825,329.6038099860473,50.61154802024143,336.1071586952746,48.11514634347502,342.610507404502,45.618744666708594,349.11385611372936,43.1223429899422
