future_x1,future_y1,future_x2,future_y2,future_x3,future_y3,future_x4,future_y4,future_x5,future_y5,future_x6,future_y6,future_x7,future_y7,future_x8,future_y8,future_x9,future_y9,future_x10,future_y10,future_x11,future_y11,future_x12,future_y12,future_x13,future_y13,future_x14,future_y14,future_x15,future_y15,future_x16,future_y16,future_x17,future_y17,future_x18,future_y18,future_x19,future_y19,future_x20,future_y20
52.2749576557453,98.93187969250796,47.22662149946164,96.99400500534182,42.178285343178004,95.05613031817569,37.12994918689438,93.11825563100956,32.08161303061071,91.18038094384342,27.033276874327072,89.24250625667729,21.984940718043433,87.30463156951114,16.93660456175978,85.36675688234502,11.888268405476126,83.42888219517887,6.839932249192472,81.49100750801273,1.791596092908847,79.5531328208466,-3.2567400633748207,77.61525813368047,-8.305076219658474,75.67738344651433,-13.353412375942128,73.73950875934818,-18.40174853222578,71.80163407218205,-23.450084688509406,69.86375938501592,-28.49842084479306,67.9258846978498,-33.54675700107671,65.98801001068365,-38.59509315736037,64.05013532351751,-43.64342931364399,62.11226063635138
