future_x1,future_y1,future_x2,future_y2,future_x3,future_y3,future_x4,future_y4,future_x5,future_y5,future_x6,future_y6,future_x7,future_y7,future_x8,future_y8,future_x9,future_y9,future_x10,future_y10,future_x11,future_y11,future_x12,future_y12,future_x13,future_y13,future_x14,future_y14,future_x15,future_y15,future_x16,future_y16,future_x17,future_y17,future_x18,future_y18,future_x19,future_y19,future_x20,future_y20
222.90648333457216,121.36349218764346,229.23358222354364,120.92105833348636,235.5606811125151,120.47862447932926,241.88778000148656,120.03619062517215,248.21487889045807,119.59375677101505,254.54197777942952,119.15132291685795,260.869076668401,118.70888906270085,267.1961755573725,118.26645520854375,273.523274446344,117.82402135438664,279.85037333531545,117.38158750022954,286.17747222428693,116.93915364607244,292.5045711132584,116.49671979191534,298.8316700022299,116.05428593775824,305.15876889120136,115.61185208360114,311.48586778017284,115.16941822944403,317.8129666691443,114.72698437528693,324.1400655581158,114.28455052112982,330.46716444708727,113.84211666697271,336.79426333605875,113.39968281281561,343.1213622250302,112.95724895865851
