future_x1,future_y1,future_x2,future_y2,future_x3,future_y3,future_x4,future_y4,future_x5,future_y5,future_x6,future_y6,future_x7,future_y7,future_x8,future_y8,future_x9,future_y9,future_x10,future_y10,future_x11,future_y11,future_x12,future_y12,future_x13,future_y13,future_x14,future_y14,future_x15,future_y15,future_x16,future_y16,future_x17,future_y17,future_x18,future_y18,future_x19,future_y19,future_x20,future_y20
214.8931104789293,115.7879697234032,220.6859845108579,114.97383437163008,226.47885854278655,114.15969901985696,232.27173257471514,113.34556366808384,238.0646066066438,112.53142831631071,243.85748063857238,111.71729296453759,249.65035467050103,110.90315761276447,255.44322870242965,110.08902226099136,261.23610273435827,109.27488690921822,267.02897676628686,108.4607515574451,272.8218507982155,107.64661620567199,278.6147248301441,106.83248085389887,284.40759886207275,106.01834550212575,290.2004728940014,105.20421015035262,295.99334692593,104.3900747985795,301.7862209578586,103.57593944680639,307.5790949897872,102.76180409503327,313.3719690217158,101.94766874326015,319.16484305364446,101.13353339148702,324.9577170855731,100.3193980397139
