future_x1,future_y1,future_x2,future_y2,future_x3,future_y3,future_x4,future_y4,future_x5,future_y5,future_x6,future_y6,future_x7,future_y7,future_x8,future_y8,future_x9,future_y9,future_x10,future_y10,future_x11,future_y11,future_x12,future_y12,future_x13,future_y13,future_x14,future_y14,future_x15,future_y15,future_x16,future_y16,future_x17,future_y17,future_x18,future_y18,future_x19,future_y19,future_x20,future_y20
223.82247259054694,112.82321130823111,230.21063742991674,111.81142539544652,236.59880226928652,110.79963948266193,242.9869671086563,109.78785356987734,249.3751319480261,108.77606765709274,255.76329678739592,107.76428174430815,262.1514616267657,106.75249583152356,268.53962646613553,105.74070991873896,274.9277913055053,104.72892400595437,281.31595614487514,103.71713809316978,287.70412098424487,102.70535218038519,294.0922858236147,101.6935662676006,300.4804506629845,100.681780354816,306.86861550235426,99.66999444203141,313.2567803417241,98.65820852924682,319.6449451810939,97.64642261646222,326.03311002046365,96.63463670367763,332.4212748598335,95.62285079089304,338.80943969920327,94.61106487810845,345.19760453857305,93.59927896532386
