future_x1,future_y1,future_x2,future_y2,future_x3,future_y3,future_x4,future_y4,future_x5,future_y5,future_x6,future_y6,future_x7,future_y7,future_x8,future_y8,future_x9,future_y9,future_x10,future_y10,future_x11,future_y11,future_x12,future_y12,future_x13,future_y13,future_x14,future_y14,future_x15,future_y15,future_x16,future_y16,future_x17,future_y17,future_x18,future_y18,future_x19,future_y19,future_x20,future_y20
247.1435531969956,123.83941544238004,255.08645674346204,123.56204313853871,263.0293602899284,123.28467083469738,270.97226383639475,123.00729853085605,278.91516738286117,122.72992622701473,286.85807092932754,122.4525539231734,294.8009744757939,122.17518161933206,302.7438780222603,121.89780931549073,310.6867815687267,121.6204370116494,318.62968511519307,121.34306470780807,326.5725886616594,121.06569240396674,334.5154922081258,120.78832010012542,342.4583957545921,120.51094779628409,350.40129930105854,120.23357549244275,358.34420284752497,119.95620318860142,366.2871063939912,119.67883088476009,374.23000994045765,119.40145858091876,382.1729134869241,119.12408627707742,390.11581703339044,118.84671397323609,398.0587205798568,118.56934166939476
