future_x1,future_y1,future_x2,future_y2,future_x3,future_y3,future_x4,future_y4,future_x5,future_y5,future_x6,future_y6,future_x7,future_y7,future_x8,future_y8,future_x9,future_y9,future_x10,future_y10,future_x11,future_y11,future_x12,future_y12,future_x13,future_y13,future_x14,future_y14,future_x15,future_y15,future_x16,future_y16,future_x17,future_y17,future_x18,future_y18,future_x19,future_y19,future_x20,future_y20
62.38303985077569,179.26558781965568,58.00857584082739,182.6832936742994,53.63411183087911,186.1009995289431,49.25964782093082,189.51870538358682,44.88518381098251,192.93641123823053,40.51071980103424,196.35411709287425,36.136255791085944,199.77182294751796,31.76179178113766,203.18952880216168,27.387327771189376,206.6072346568054,23.01286376124108,210.0249405114491,18.63839975129281,213.4426463660928,14.263935741344511,216.86035222073653,9.889471731396227,220.27805807538024,5.51500772144793,223.69576393002396,1.140543711499646,227.11346978466764,-3.2339202984486235,230.53117563931136,-7.608384308396921,233.94888149395507,-11.98284831834522,237.36658734859878,-16.357312328293517,240.7842932032425,-20.731776338241787,244.2019990578862
