future_x1,future_y1,future_x2,future_y2,future_x3,future_y3,future_x4,future_y4,future_x5,future_y5,future_x6,future_y6,future_x7,future_y7,future_x8,future_y8,future_x9,future_y9,future_x10,future_y10,future_x11,future_y11,future_x12,future_y12,future_x13,future_y13,future_x14,future_y14,future_x15,future_y15,future_x16,future_y16,future_x17,future_y17,future_x18,future_y18,future_x19,future_y19,future_x20,future_y20
115.89825420641604,59.36758909522308,115.09147115351044,54.79209503490462,114.28468810060484,50.21660097458614,113.47790504769925,45.64110691426768,112.67112199479365,41.06561285394922,111.86433894188805,36.49011879363076,111.05755588898245,31.914624733312294,110.25077283607686,27.339130672993832,109.44398978317126,22.76363661267537,108.63720673026566,18.188142552356908,107.83042367736007,13.61264849203846,107.02364062445446,9.037154431719998,106.21685757154887,4.4616603714015355,105.41007451864327,-0.1138336889169409,104.60329146573767,-4.689327749235389,103.79650841283208,-9.264821809553837,102.98972535992648,-13.840315869872313,102.18294230702088,-18.41580993019076,101.37615925411528,-22.991303990509238,100.56937620120968,-27.566798050827714
