future_x1,future_y1,future_x2,future_y2,future_x3,future_y3,future_x4,future_y4,future_x5,future_y5,future_x6,future_y6,future_x7,future_y7,future_x8,future_y8,future_x9,future_y9,future_x10,future_y10,future_x11,future_y11,future_x12,future_y12,future_x13,future_y13,future_x14,future_y14,future_x15,future_y15,future_x16,future_y16,future_x17,future_y17,future_x18,future_y18,future_x19,future_y19,future_x20,future_y20
62.72790705859089,208.6043219744385,58.376434195830285,213.97794343940106,54.02496133306967,219.35156490436364,49.67348847030907,224.7251863693262,45.32201560754845,230.09880783428878,40.97054274478786,235.47242929925133,36.61906988202723,240.8460507642139,32.26759701926663,246.21967222917647,27.916124156506015,251.59329369413905,23.5646512937454,256.96691515910163,19.21317843098481,262.34053662406416,14.861705568224195,267.71415808902674,10.510232705463594,273.0877795539893,6.158759842702963,278.4614010189519,1.8072869799423614,283.8350224839145,-2.544185882818226,289.208643948877,-6.895658745578828,294.5822654138396,-11.24713160833943,299.9558868788021,-15.59860447110006,305.3295083437647,-19.950077333860662,310.7031298087273
