future_x1,future_y1,future_x2,future_y2,future_x3,future_y3,future_x4,future_y4,future_x5,future_y5,future_x6,future_y6,future_x7,future_y7,future_x8,future_y8,future_x9,future_y9,future_x10,future_y10,future_x11,future_y11,future_x12,future_y12,future_x13,future_y13,future_x14,future_y14,future_x15,future_y15,future_x16,future_y16,future_x17,future_y17,future_x18,future_y18,future_x19,future_y19,future_x20,future_y20
155.83200760415684,208.83001923154637,157.68747477776728,214.21868718031612,159.54294195137774,219.60735512908587,161.3984091249882,224.99602307785563,163.25387629859867,230.3846910266254,165.1093434722091,235.77335897539515,166.96481064581957,241.1620269241649,168.82027781943003,246.55069487293468,170.6757449930405,251.93936282170444,172.53121216665093,257.3280307704742,174.3866793402614,262.71669871924394,176.24214651387186,268.1053666680137,178.0976136874823,273.49403461678344,179.95308086109276,278.88270256555325,181.80854803470322,284.271370514323,183.66401520831369,289.66003846309275,185.51948238192412,295.0487064118625,187.37494955553458,300.43737436063225,189.23041672914505,305.826042309402,191.0858839027555,311.21471025817175
