future_x1,future_y1,future_x2,future_y2,future_x3,future_y3,future_x4,future_y4,future_x5,future_y5,future_x6,future_y6,future_x7,future_y7,future_x8,future_y8,future_x9,future_y9,future_x10,future_y10,future_x11,future_y11,future_x12,future_y12,future_x13,future_y13,future_x14,future_y14,future_x15,future_y15,future_x16,future_y16,future_x17,future_y17,future_x18,future_y18,future_x19,future_y19,future_x20,future_y20
195.06716208260232,151.09307585001386,199.5383062214425,152.6326142400148,204.00945036028264,154.17215263001572,208.4805944991228,155.71169102001664,212.95173863796296,157.25122941001757,217.4228827768031,158.7907678000185,221.89402691564328,160.33030619001943,226.36517105448343,161.86984458002036,230.8363151933236,163.40938297002128,235.30745933216375,164.9489213600222,239.7786034710039,166.48845975002314,244.24974760984406,168.02799814002407,248.7208917486842,169.56753653002497,253.19203588752436,171.1070749200259,257.66318002636456,172.64661331002682,262.13432416520465,174.18615170002775,266.60546830404485,175.72569009002868,271.076612442885,177.2652284800296,275.54775658172514,178.80476687003053,280.0189007205653,180.34430526003146
