future_x1,future_y1,future_x2,future_y2,future_x3,future_y3,future_x4,future_y4,future_x5,future_y5,future_x6,future_y6,future_x7,future_y7,future_x8,future_y8,future_x9,future_y9,future_x10,future_y10,future_x11,future_y11,future_x12,future_y12,future_x13,future_y13,future_x14,future_y14,future_x15,future_y15,future_x16,future_y16,future_x17,future_y17,future_x18,future_y18,future_x19,future_y19,future_x20,future_y20
238.66909524802236,153.5499738334138,246.04703493122386,155.25330542230802,253.42497461442537,156.95663701120228,260.80291429762684,158.65996860009653,268.1808539808283,160.36330018899076,275.5587936640298,162.06663177788502,282.9367333472313,163.76996336677928,290.3146730304328,165.47329495567354,297.6926127136343,167.1766265445678,305.0705523968358,168.87995813346203,312.4484920800373,170.58328972235628,319.82643176323876,172.28662131125054,327.20437144644023,173.98995290014477,334.58231112964177,175.69328448903906,341.96025081284324,177.3966160779333,349.3381904960447,179.09994766682755,356.71613017924625,180.8032792557218,364.0940698624477,182.50661084461603,371.4720095456492,184.2099424335103,378.84994922885073,185.91327402240455
