future_x1,future_y1,future_x2,future_y2,future_x3,future_y3,future_x4,future_y4,future_x5,future_y5,future_x6,future_y6,future_x7,future_y7,future_x8,future_y8,future_x9,future_y9,future_x10,future_y10,future_x11,future_y11,future_x12,future_y12,future_x13,future_y13,future_x14,future_y14,future_x15,future_y15,future_x16,future_y16,future_x17,future_y17,future_x18,future_y18,future_x19,future_y19,future_x20,future_y20
117.56790618884034,8.76062211112881,116.87243326809637,0.8113302518707286,116.17696034735239,-7.1379616073873535,115.48148742660841,-15.08725346664545,114.78601450586444,-23.03654532590349,114.09054158512046,-30.985837185161586,113.39506866437648,-38.93512904441968,112.6995957436325,-46.88442090367775,112.00412282288853,-54.83371276293582,111.30864990214455,-62.783004622193914,110.61317698140058,-70.73229648145198,109.9177040606566,-78.68158834071005,109.22223113991262,-86.63088019996812,108.52675821916864,-94.58017205922619,107.83128529842466,-102.52946391848431,107.13581237768068,-110.47875577774238,106.44033945693671,-118.42804763700042,105.74486653619275,-126.37733949625854,105.04939361544876,-134.3266313555166,104.35392069470478,-142.2759232147747
