future_x1,future_y1,future_x2,future_y2,future_x3,future_y3,future_x4,future_y4,future_x5,future_y5,future_x6,future_y6,future_x7,future_y7,future_x8,future_y8,future_x9,future_y9,future_x10,future_y10,future_x11,future_y11,future_x12,future_y12,future_x13,future_y13,future_x14,future_y14,future_x15,future_y15,future_x16,future_y16,future_x17,future_y17,future_x18,future_y18,future_x19,future_y19,future_x20,future_y20
126.768540236074,198.5502826252153,126.68644291847895,203.25363480022963,126.60434560088387,207.956986975244,126.52224828328882,212.66033915025835,126.44015096569375,217.3636913252727,126.35805364809868,222.06704350028704,126.27595633050362,226.77039567530142,126.19385901290855,231.47374785031576,126.11176169531348,236.17710002533013,126.02966437771842,240.88045220034445,125.94756706012335,245.5838043753588,125.86546974252829,250.28715655037317,125.78337242493322,254.99050872538754,125.70127510733815,259.6938609004019,125.61917778974309,264.39721307541623,125.53708047214802,269.1005652504306,125.45498315455295,273.8039174254449,125.37288583695789,278.50726960045927,125.29078851936282,283.21062177547367,125.20869120176775,287.913973950488
