future_x1,future_y1,future_x2,future_y2,future_x3,future_y3,future_x4,future_y4,future_x5,future_y5,future_x6,future_y6,future_x7,future_y7,future_x8,future_y8,future_x9,future_y9,future_x10,future_y10,future_x11,future_y11,future_x12,future_y12,future_x13,future_y13,future_x14,future_y14,future_x15,future_y15,future_x16,future_y16,future_x17,future_y17,future_x18,future_y18,future_x19,future_y19,future_x20,future_y20
107.03980583538066,201.09688387540373,105.64245955773937,205.97000946709733,104.24511328009808,210.8431350587909,102.84776700245679,215.7162606504845,101.4504207248155,220.58938624217808,100.05307444717421,225.46251183387164,98.65572816953292,230.33563742556524,97.25838189189163,235.20876301725883,95.86103561425034,240.0818886089524,94.46368933660905,244.955014200646,93.06634305896776,249.82813979233956,91.66899678132648,254.70126538403315,90.27165050368518,259.5743909757267,88.8743042260439,264.4475165674203,87.47695794840261,269.3206421591139,86.07961167076132,274.19376775080747,84.68226539312003,279.06689334250103,83.28491911547874,283.94001893419465,81.88757283783745,288.8131445258882,80.49022656019616,293.6862701175818
