future_x1,future_y1,future_x2,future_y2,future_x3,future_y3,future_x4,future_y4,future_x5,future_y5,future_x6,future_y6,future_x7,future_y7,future_x8,future_y8,future_x9,future_y9,future_x10,future_y10,future_x11,future_y11,future_x12,future_y12,future_x13,future_y13,future_x14,future_y14,future_x15,future_y15,future_x16,future_y16,future_x17,future_y17,future_x18,future_y18,future_x19,future_y19,future_x20,future_y20
231.40728680176676,113.46705359856995,238.30110592188456,112.49819050514127,245.19492504200235,111.5293274117126,252.08874416212012,110.56046431828393,258.9825632822379,109.59160122485525,265.8763824023557,108.62273813142659,272.7702015224735,107.65387503799792,279.66402064259125,106.68501194456925,286.5578397627091,105.71614885114057,293.45165888282685,104.74728575771191,300.3454780029446,103.77842266428324,307.2392971230624,102.80955957085457,314.1331162431802,101.8406964774259,321.026935363298,100.87183338399723,327.92075448341575,99.90297029056856,334.8145736035335,98.9341071971399,341.70839272365134,97.96524410371121,348.6022118437691,96.99638101028255,355.49603096388694,96.02751791685388,362.3898500840047,95.0586548234252
