future_x1,future_y1,future_x2,future_y2,future_x3,future_y3,future_x4,future_y4,future_x5,future_y5,future_x6,future_y6,future_x7,future_y7,future_x8,future_y8,future_x9,future_y9,future_x10,future_y10,future_x11,future_y11,future_x12,future_y12,future_x13,future_y13,future_x14,future_y14,future_x15,future_y15,future_x16,future_y16,future_x17,future_y17,future_x18,future_y18,future_x19,future_y19,future_x20,future_y20
20.932623888914875,148.81178966703843,13.794798814842508,150.19924231150767,6.6569737407701695,151.5866949559769,-0.4808513333021551,152.97414760044612,-7.618676407374494,154.36160024491534,-14.756501481446833,155.7490528893846,-21.89432655551917,157.1365055338538,-29.03215162959154,158.52395817832303,-36.16997670366385,159.91141082279225,-43.307801777736216,161.2988634672615,-50.44562685180853,162.68631611173072,-57.583451925880894,164.07376875619997,-64.72127699995323,165.46122140066916,-71.85910207402557,166.8486740451384,-78.99692714809794,168.23612668960766,-86.13475222217025,169.62357933407685,-93.27257729624262,171.0110319785461,-100.41040237031498,172.39848462301532,-107.5482274443873,173.78593726748454,-114.68605251845966,175.1733899119538
