future_x1,future_y1,future_x2,future_y2,future_x3,future_y3,future_x4,future_y4,future_x5,future_y5,future_x6,future_y6,future_x7,future_y7,future_x8,future_y8,future_x9,future_y9,future_x10,future_y10,future_x11,future_y11,future_x12,future_y12,future_x13,future_y13,future_x14,future_y14,future_x15,future_y15,future_x16,future_y16,future_x17,future_y17,future_x18,future_y18,future_x19,future_y19,future_x20,future_y20
56.552862162783114,103.39877755213331,51.789719640301996,101.75869605560887,47.026577117820864,100.11861455908442,42.263434595339746,98.47853306255998,37.50029207285863,96.83845156603553,32.737149550377495,95.19837006951109,27.974007027896363,93.55828857298664,23.210864505415245,91.9182070764622,18.447721982934127,90.27812557993775,13.68457946045298,88.63804408341329,8.921436937971862,86.99796258688886,4.158294415490744,85.3578810903644,-0.6048481069903744,83.71779959383996,-5.367990629471507,82.07771809731551,-10.131133151952639,80.43763660079107,-14.894275674433771,78.79755510426662,-19.657418196914875,77.15747360774218,-24.420560719396008,75.51739211121773,-29.18370324187714,73.87731061469329,-33.94684576435827,72.23722911816884
