future_x1,future_y1,future_x2,future_y2,future_x3,future_y3,future_x4,future_y4,future_x5,future_y5,future_x6,future_y6,future_x7,future_y7,future_x8,future_y8,future_x9,future_y9,future_x10,future_y10,future_x11,future_y11,future_x12,future_y12,future_x13,future_y13,future_x14,future_y14,future_x15,future_y15,future_x16,future_y16,future_x17,future_y17,future_x18,future_y18,future_x19,future_y19,future_x20,future_y20
104.96034728284269,213.98515452918144,103.42437043503219,219.7174981644602,101.88839358722171,225.44984179973898,100.35241673941121,231.18218543501774,98.81643989160074,236.9145290702965,97.28046304379025,242.64687270557528,95.74448619597976,248.37921634085404,94.20850934816927,254.1115599761328,92.67253250035878,259.8439036114116,91.1365556525483,265.57624724669034,89.60057880473781,271.30859088196905,88.06460195692732,277.0409345172478,86.52862510911683,282.77327815252664,84.99264826130634,288.5056217878054,83.45667141349585,294.2379654230842,81.92069456568537,299.9703090583629,80.38471771787488,305.70265269364165,78.84874087006439,311.4349963289204,77.3127640222539,317.1673399641992,75.77678717444341,322.89968359947795
