future_x1,future_y1,future_x2,future_y2,future_x3,future_y3,future_x4,future_y4,future_x5,future_y5,future_x6,future_y6,future_x7,future_y7,future_x8,future_y8,future_x9,future_y9,future_x10,future_y10,future_x11,future_y11,future_x12,future_y12,future_x13,future_y13,future_x14,future_y14,future_x15,future_y15,future_x16,future_y16,future_x17,future_y17,future_x18,future_y18,future_x19,future_y19,future_x20,future_y20
71.34553545336198,44.00630217116637,67.56857115025278,38.406722315910784,63.79160684714357,32.807142460655186,60.01464254403437,27.207562605399616,56.23767824092516,21.607982750144032,52.46071393781597,16.008402894888462,48.68374963470677,10.408823039632892,44.90678533159755,4.8092431843773085,41.12982102848835,-0.7903366708782755,37.352856725379155,-6.389916526133845,33.57589242226996,-11.989496381389415,29.798928119160763,-17.589076236644985,26.021963816051567,-23.188656091900555,22.244999512942357,-28.788235947156153,18.468035209833147,-34.38781580241172,14.691070906723965,-39.987395657667264,10.914106603614755,-45.58697551292286,7.137142300505573,-51.18655536817843,3.3601779973963346,-56.78613522343406,-0.41678630571286135,-62.38571507868963
