future_x1,future_y1,future_x2,future_y2,future_x3,future_y3,future_x4,future_y4,future_x5,future_y5,future_x6,future_y6,future_x7,future_y7,future_x8,future_y8,future_x9,future_y9,future_x10,future_y10,future_x11,future_y11,future_x12,future_y12,future_x13,future_y13,future_x14,future_y14,future_x15,future_y15,future_x16,future_y16,future_x17,future_y17,future_x18,future_y18,future_x19,future_y19,future_x20,future_y20
213.0205661174477,194.42534626502572,218.68860385861086,198.8537026826941,224.35664159977404,203.2820591003625,230.02467934093724,207.71041551803086,235.6927170821004,212.13877193569925,241.3607548232636,216.56712835336762,247.02879256442677,220.99548477103602,252.69683030558994,225.4238411887044,258.36486804675314,229.85219760637278,264.0329057879163,234.28055402404115,269.7009435290795,238.70891044170952,275.36898127024267,243.13726685937792,281.03701901140585,247.5656232770463,286.705056752569,251.99397969471468,292.3730944937322,256.42233611238305,298.0411322348954,260.85069253005145,303.70916997605855,265.27904894771984,309.3772077172217,269.7074053653882,315.04524545838495,274.1357617830566,320.7132831995481,278.564118200725
