future_x1,future_y1,future_x2,future_y2,future_x3,future_y3,future_x4,future_y4,future_x5,future_y5,future_x6,future_y6,future_x7,future_y7,future_x8,future_y8,future_x9,future_y9,future_x10,future_y10,future_x11,future_y11,future_x12,future_y12,future_x13,future_y13,future_x14,future_y14,future_x15,future_y15,future_x16,future_y16,future_x17,future_y17,future_x18,future_y18,future_x19,future_y19,future_x20,future_y20
119.17872056312855,199.8435556718555,118.59063526733712,204.6331260499792,118.00254997154569,209.4226964281029,117.41446467575426,214.2122668062266,116.82637937996283,219.0018371843503,116.2382940841714,223.791407562474,115.65020878837997,228.5809779405977,115.06212349258854,233.3705483187214,114.47403819679711,238.16011869684513,113.88595290100567,242.94968907496883,113.29786760521425,247.7392594530925,112.70978230942282,252.52882983121623,112.12169701363138,257.3184002093399,111.53361171783996,262.1079705874636,110.94552642204852,266.8975409655873,110.3574411262571,271.687111343711,109.76935583046566,276.4766817218347,109.18127053467424,281.2662520999584,108.5931852388828,286.0558224780821,108.00509994309137,290.8453928562058
