future_x1,future_y1,future_x2,future_y2,future_x3,future_y3,future_x4,future_y4,future_x5,future_y5,future_x6,future_y6,future_x7,future_y7,future_x8,future_y8,future_x9,future_y9,future_x10,future_y10,future_x11,future_y11,future_x12,future_y12,future_x13,future_y13,future_x14,future_y14,future_x15,future_y15,future_x16,future_y16,future_x17,future_y17,future_x18,future_y18,future_x19,future_y19,future_x20,future_y20
184.45874703042355,44.29646532156082,188.22266349911845,38.71622967633152,191.98657996781336,33.13599403110224,195.75049643650826,27.555758385872963,199.51441290520316,21.975522740643697,203.27832937389806,16.395287095414417,207.042245842593,10.81505145018511,210.8061623112879,5.2348158049558435,214.5700787799828,-0.3454198402734505,218.3339952486777,-5.925655485502716,222.0979117173726,-11.505891130731982,225.8618281860675,-17.086126775961276,229.6257446547624,-22.66636242119054,233.3896611234573,-28.246598066419836,237.1535775921522,-33.82683371164913,240.9174940608471,-39.40706935687837,244.681410529542,-44.98730500210769,248.4453269982369,-50.567540647336955,252.2092434669318,-56.14777629256622,255.9731599356267,-61.728011937795515
