future_x1,future_y1,future_x2,future_y2,future_x3,future_y3,future_x4,future_y4,future_x5,future_y5,future_x6,future_y6,future_x7,future_y7,future_x8,future_y8,future_x9,future_y9,future_x10,future_y10,future_x11,future_y11,future_x12,future_y12,future_x13,future_y13,future_x14,future_y14,future_x15,future_y15,future_x16,future_y16,future_x17,future_y17,future_x18,future_y18,future_x19,future_y19,future_x20,future_y20
82.16500275900135,247.40425009279613,79.10933627626811,255.36453343231588,76.05366979353487,263.32481677183563,72.99800331080164,271.28510011135535,69.94233682806838,279.2453834508751,66.88667034533515,287.20566679039484,63.83100386260189,295.16595012991456,60.77533737986866,303.12623346943434,57.7196708971354,311.0865168089541,54.66400441440217,319.04680014847384,51.60833793166894,327.00708348799355,48.55267144893568,334.9673668275133,45.49700496620244,342.92765016703305,42.441338483469195,350.8879335065528,39.38567200073594,358.84821684607255,36.33000551800271,366.80850018559227,33.27433903526946,374.76878352511204,30.21867255253622,382.72906686463176,27.163006069802975,390.68935020415154,24.10733958706973,398.64963354367126
