future_x1,future_y1,future_x2,future_y2,future_x3,future_y3,future_x4,future_y4,future_x5,future_y5,future_x6,future_y6,future_x7,future_y7,future_x8,future_y8,future_x9,future_y9,future_x10,future_y10,future_x11,future_y11,future_x12,future_y12,future_x13,future_y13,future_x14,future_y14,future_x15,future_y15,future_x16,future_y16,future_x17,future_y17,future_x18,future_y18,future_x19,future_y19,future_x20,future_y20
161.26334861132167,244.0030823976388,163.48090518540977,251.73662122414805,165.6984617594979,259.47016005065734,167.916018333586,267.2036988771666,170.13357490767413,274.9372377036758,172.35113148176222,282.6707765301851,174.56868805585034,290.4043153566943,176.78624462993844,298.13785418320356,179.00380120402656,305.87139300971285,181.22135777811468,313.6049318362221,183.4389143522028,321.3384706627313,185.6564709262909,329.0720094892406,187.87402750037901,336.8055483157499,190.09158407446714,344.5390871422591,192.30914064855526,352.2726259687684,194.52669722264335,360.0061647952776,196.74425379673147,367.7397036217869,198.96181037081956,375.4732424482961,201.17936694490768,383.2067812748054,203.3969235189958,390.9403201013147
