future_x1,future_y1,future_x2,future_y2,future_x3,future_y3,future_x4,future_y4,future_x5,future_y5,future_x6,future_y6,future_x7,future_y7,future_x8,future_y8,future_x9,future_y9,future_x10,future_y10,future_x11,future_y11,future_x12,future_y12,future_x13,future_y13,future_x14,future_y14,future_x15,future_y15,future_x16,future_y16,future_x17,future_y17,future_x18,future_y18,future_x19,future_y19,future_x20,future_y20
226.60333834435846,121.10498290259035,233.17689423398238,120.64531509609637,239.75045012360627,120.1856472896024,246.32400601323016,119.72597948310842,252.89756190285408,119.26631167661444,259.47111779247797,118.80664387012047,266.04467368210186,118.34697606362649,272.61822957172575,117.88730825713252,279.19178546134964,117.42764045063853,285.7653413509736,116.96797264414457,292.3388972405975,116.50830483765058,298.91245313022137,116.0486370311566,305.48600901984526,115.58896922466263,312.05956490946915,115.12930141816865,318.63312079909304,114.66963361167467,325.2066766887169,114.2099658051807,331.7802325783408,113.75029799868672,338.35378846796476,113.29063019219275,344.92734435758865,112.83096238569877,351.50090024721254,112.37129457920479
