future_x1,future_y1,future_x2,future_y2,future_x3,future_y3,future_x4,future_y4,future_x5,future_y5,future_x6,future_y6,future_x7,future_y7,future_x8,future_y8,future_x9,future_y9,future_x10,future_y10,future_x11,future_y11,future_x12,future_y12,future_x13,future_y13,future_x14,future_y14,future_x15,future_y15,future_x16,future_y16,future_x17,future_y17,future_x18,future_y18,future_x19,future_y19,future_x20,future_y20
13.291620474511888,148.2261822236902,5.644395172812665,149.5745943719362,-2.0028301288865293,150.9230065201822,-9.650055430585724,152.27141866842823,-17.297280732284946,153.61983081667424,-24.94450603398417,154.96824296492025,-32.59173133568336,156.31665511316626,-40.238956637382586,157.66506726141228,-47.88618193908178,159.0134794096583,-55.533407240781,160.3618915579043,-63.18063254248017,161.7103037061503,-70.82785784417939,163.05871585439633,-78.47508314587861,164.40712800264234,-86.12230844757784,165.75554015088835,-93.76953374927706,167.10395229913436,-101.41675905097622,168.45236444738038,-109.06398435267542,169.8007765956264,-116.71120965437467,171.1491887438724,-124.35843495607386,172.4976008921184,-132.00566025777306,173.84601304036443
