future_x1,future_y1,future_x2,future_y2,future_x3,future_y3,future_x4,future_y4,future_x5,future_y5,future_x6,future_y6,future_x7,future_y7,future_x8,future_y8,future_x9,future_y9,future_x10,future_y10,future_x11,future_y11,future_x12,future_y12,future_x13,future_y13,future_x14,future_y14,future_x15,future_y15,future_x16,future_y16,future_x17,future_y17,future_x18,future_y18,future_x19,future_y19,future_x20,future_y20
159.4920872449478,231.00597602666846,161.59155972794434,237.87304109511302,163.69103221094085,244.74010616355758,165.79050469393735,251.60717123200214,167.88997717693388,258.4742363004467,169.98944965993041,265.34130136889127,172.08892214292695,272.2083664373358,174.18839462592345,279.07543150578044,176.28786710891995,285.94249657422495,178.3873395919165,292.80956164266956,180.48681207491302,299.67662671111407,182.58628455790955,306.5436917795587,184.68575704090605,313.4107568480032,186.7852295239026,320.2778219164478,188.88470200689912,327.14488698489237,190.98417448989562,334.0119520533369,193.08364697289215,340.8790171217815,195.18311945588866,347.74608219022605,197.2825919388852,354.6131472586706,199.3820644218817,361.48021232711517
