future_x1,future_y1,future_x2,future_y2,future_x3,future_y3,future_x4,future_y4,future_x5,future_y5,future_x6,future_y6,future_x7,future_y7,future_x8,future_y8,future_x9,future_y9,future_x10,future_y10,future_x11,future_y11,future_x12,future_y12,future_x13,future_y13,future_x14,future_y14,future_x15,future_y15,future_x16,future_y16,future_x17,future_y17,future_x18,future_y18,future_x19,future_y19,future_x20,future_y20
64.97916245296278,193.25998768043,60.7777732831603,197.61065352579197,56.576384113357804,201.961319371154,52.374994943555336,206.31198521651598,48.173605773752854,210.66265106187797,43.97221660395037,215.01331690723998,39.77082743414789,219.36398275260197,35.56943826434541,223.71464859796396,31.368049094542926,228.06531444332597,27.166659924740443,232.415980288688,22.965270754937976,236.76664613404995,18.76388158513548,241.11731197941194,14.562492415333011,245.46797782477395,10.361103245530515,249.81864367013594,6.159714075728019,254.16930951549799,1.958324905925565,258.51997536086,-2.2430642638769314,262.87064120622193,-6.444453433679399,267.22130705158395,-10.645842603481896,271.57197289694597,-14.847231773284392,275.922638742308
