future_x1,future_y1,future_x2,future_y2,future_x3,future_y3,future_x4,future_y4,future_x5,future_y5,future_x6,future_y6,future_x7,future_y7,future_x8,future_y8,future_x9,future_y9,future_x10,future_y10,future_x11,future_y11,future_x12,future_y12,future_x13,future_y13,future_x14,future_y14,future_x15,future_y15,future_x16,future_y16,future_x17,future_y17,future_x18,future_y18,future_x19,future_y19,future_x20,future_y20
3.2814673528403375,112.68648973246404,-5.033101490303665,111.66558904796165,-13.347670333447638,110.64468836345924,-21.662239176591612,109.62378767895684,-29.976808019735614,108.60288699445445,-38.29137686287956,107.58198630995204,-46.60594570602356,106.56108562544965,-54.920514549167535,105.54018494094726,-63.23508339231151,104.51928425644485,-71.54965223545551,103.49838357194245,-79.86422107859948,102.47748288744006,-88.17878992174343,101.45658220293767,-96.49335876488743,100.43568151843526,-104.80792760803143,99.41478083393287,-113.12249645117535,98.39388014943047,-121.43706529431932,97.37297946492808,-129.75163413746333,96.35207878042569,-138.06620298060733,95.33117809592328,-146.38077182375127,94.31027741142088,-154.69534066689528,93.28937672691848
