future_x1,future_y1,future_x2,future_y2,future_x3,future_y3,future_x4,future_y4,future_x5,future_y5,future_x6,future_y6,future_x7,future_y7,future_x8,future_y8,future_x9,future_y9,future_x10,future_y10,future_x11,future_y11,future_x12,future_y12,future_x13,future_y13,future_x14,future_y14,future_x15,future_y15,future_x16,future_y16,future_x17,future_y17,future_x18,future_y18,future_x19,future_y19,future_x20,future_y20
165.12927168703573,6.55562448005017,167.60455646617143,-1.540667221279847,170.07984124530714,-9.636958922609836,172.55512602444287,-17.733250623939824,175.03041080357858,-25.829542325269813,177.50569558271428,-33.9258340265998,179.98098036185002,-42.02212572792979,182.45626514098572,-50.11841742925978,184.93154992012143,-58.214709130589796,187.40683469925716,-66.31100083191978,189.88211947839287,-74.40729253324974,192.35740425752857,-82.50358423457973,194.83268903666428,-90.59987593590972,197.3079738158,-98.69616763723974,199.78325859493572,-106.79245933856973,202.25854337407142,-114.88875103989966,204.73382815320716,-122.9850427412297,207.20911293234286,-131.0813344425597,209.6843977114786,-139.17762614388965,212.1596824906143,-147.27391784521967
