future_x1,future_y1,future_x2,future_y2,future_x3,future_y3,future_x4,future_y4,future_x5,future_y5,future_x6,future_y6,future_x7,future_y7,future_x8,future_y8,future_x9,future_y9,future_x10,future_y10,future_x11,future_y11,future_x12,future_y12,future_x13,future_y13,future_x14,future_y14,future_x15,future_y15,future_x16,future_y16,future_x17,future_y17,future_x18,future_y18,future_x19,future_y19,future_x20,future_y20
155.4667009837865,48.2309082290153,157.2978143827056,42.912968777616314,159.1289277816247,37.59502932621733,160.9600411805438,32.27708987481836,162.7911545794629,26.959150423419374,164.622267978382,21.64121097202039,166.45338137730113,16.323271520621418,168.2844947762202,11.005332069222433,170.1156081751393,5.687392617823463,171.94672157405842,0.36945316642444936,173.7778349729775,-4.948486284974507,175.60894837189662,-10.266425736373492,177.4400617708157,-15.584365187772477,179.27117516973482,-20.902304639171433,181.1022885686539,-26.220244090570446,182.93340196757302,-31.538183541969403,184.7645153664921,-36.85612299336839,186.59562876541122,-42.17406244476737,188.4267421643303,-47.49200189616636,190.25785556324942,-52.80994134756534
