future_x1,future_y1,future_x2,future_y2,future_x3,future_y3,future_x4,future_y4,future_x5,future_y5,future_x6,future_y6,future_x7,future_y7,future_x8,future_y8,future_x9,future_y9,future_x10,future_y10,future_x11,future_y11,future_x12,future_y12,future_x13,future_y13,future_x14,future_y14,future_x15,future_y15,future_x16,future_y16,future_x17,future_y17,future_x18,future_y18,future_x19,future_y19,future_x20,future_y20
174.47794117647106,208.50215554884437,177.5764705882358,213.86896591876734,180.67500000000052,219.23577628869032,183.77352941176528,224.60258665861326,186.87205882353,229.96939702853624,189.97058823529474,235.33620739845918,193.06911764705947,240.70301776838213,196.16764705882423,246.0698281383051,199.26617647058896,251.43663850822804,202.3647058823537,256.803448878151,205.46323529411842,262.17025924807393,208.56176470588315,267.5370696179969,211.6602941176479,272.9038799879199,214.75882352941267,278.27069035784285,217.8573529411774,283.6375007277658,220.95588235294213,289.00431109768874,224.05441176470686,294.3711214676117,227.1529411764716,299.7379318375347,230.25147058823634,305.10474220745766,233.35000000000107,310.47155257738063
