future_x1,future_y1,future_x2,future_y2,future_x3,future_y3,future_x4,future_y4,future_x5,future_y5,future_x6,future_y6,future_x7,future_y7,future_x8,future_y8,future_x9,future_y9,future_x10,future_y10,future_x11,future_y11,future_x12,future_y12,future_x13,future_y13,future_x14,future_y14,future_x15,future_y15,future_x16,future_y16,future_x17,future_y17,future_x18,future_y18,future_x19,future_y19,future_x20,future_y20
25.13746836784783,82.20265027390957,18.27996625903768,79.14949362550355,11.422464150227526,76.09633697709751,4.564962041417374,73.04318032869148,-2.292540067392764,69.99002368028546,-9.150042176202902,66.93686703187943,-16.00754428501304,63.883710383473414,-22.865046393823206,60.83055373506737,-29.722548502633373,57.77739708666134,-36.58005061144348,54.72424043825531,-43.43755272025362,51.67108378984929,-50.29505482906376,48.61792714144326,-57.152556937873925,45.56477049303723,-64.01005904668406,42.5116138446312,-70.86756115549423,39.45845719622517,-77.72506326430434,36.40530054781915,-84.5825653731145,33.35214389941312,-91.44006748192464,30.298987251007105,-98.29756959073478,27.245830602601075,-105.15507169954495,24.192673954195016
