future_x1,future_y1,future_x2,future_y2,future_x3,future_y3,future_x4,future_y4,future_x5,future_y5,future_x6,future_y6,future_x7,future_y7,future_x8,future_y8,future_x9,future_y9,future_x10,future_y10,future_x11,future_y11,future_x12,future_y12,future_x13,future_y13,future_x14,future_y14,future_x15,future_y15,future_x16,future_y16,future_x17,future_y17,future_x18,future_y18,future_x19,future_y19,future_x20,future_y20
215.94979069779177,102.78080333895511,221.81311007764458,101.09952356155212,227.67642945749736,99.41824378414913,233.53974883735015,97.73696400674613,239.40306821720293,96.05568422934314,245.2663875970557,94.37440445194015,251.1297069769085,92.69312467453716,256.9930263567613,91.01184489713417,262.85634573661406,89.33056511973118,268.71966511646684,87.64928534232817,274.5829844963196,85.96800556492519,280.4463038761724,84.2867257875222,286.3096232560252,82.60544601011921,292.172942635878,80.92416623271622,298.03626201573076,79.24288645531323,303.89958139558354,77.56160667791023,309.7629007754363,75.88032690050724,315.62622015528916,74.19904712310424,321.48953953514194,72.51776734570124,327.3528589149947,70.83648756829825
