future_x1,future_y1,future_x2,future_y2,future_x3,future_y3,future_x4,future_y4,future_x5,future_y5,future_x6,future_y6,future_x7,future_y7,future_x8,future_y8,future_x9,future_y9,future_x10,future_y10,future_x11,future_y11,future_x12,future_y12,future_x13,future_y13,future_x14,future_y14,future_x15,future_y15,future_x16,future_y16,future_x17,future_y17,future_x18,future_y18,future_x19,future_y19,future_x20,future_y20
205.66125153507792,79.47186408480874,210.83866830408311,76.23665502379599,216.01608507308833,73.00144596278324,221.19350184209353,69.7662369017705,226.37091861109872,66.53102784075774,231.5483353801039,63.29581877974499,236.7257521491091,60.06060971873225,241.90316891811432,56.825400657719484,247.0805856871195,53.59019159670673,252.25800245612473,50.35498253569398,257.43541922512986,47.11977347468124,262.6128359941351,43.884564413668485,267.7902527631403,40.649355352655746,272.96766953214546,37.41414629164299,278.1450863011507,34.178937230630225,283.32250307015585,30.9437281696175,288.49991983916107,27.708519108604747,293.67733660816623,24.47331004759198,298.8547533771715,21.238100986579227,304.03217014617667,18.002891925566473
