future_x1,future_y1,future_x2,future_y2,future_x3,future_y3,future_x4,future_y4,future_x5,future_y5,future_x6,future_y6,future_x7,future_y7,future_x8,future_y8,future_x9,future_y9,future_x10,future_y10,future_x11,future_y11,future_x12,future_y12,future_x13,future_y13,future_x14,future_y14,future_x15,future_y15,future_x16,future_y16,future_x17,future_y17,future_x18,future_y18,future_x19,future_y19,future_x20,future_y20
68.55837538743555,201.40429321388174,64.59560041326458,206.29791276147387,60.63282543909361,211.191532309066,56.67005046492264,216.0851518566581,52.7072754907517,220.9787714042502,48.74450051658073,225.8723909518423,44.78172554240976,230.76601049943446,40.818950568238776,235.65963004702658,36.85617559406782,240.55324959461868,32.89340061989685,245.4468691422108,28.93062564572591,250.3404886898029,24.967850671554928,255.23410823739502,21.005075697383973,260.12772778498714,17.042300723213003,265.02134733257924,13.07952574904202,269.9149668801714,9.116750774871093,274.8085864277635,5.153975800700124,279.7022059753556,1.191200826529169,284.59582552294773,-2.7715741476418145,289.48944507053983,-6.734349121812784,294.383064618132
