future_x1,future_y1,future_x2,future_y2,future_x3,future_y3,future_x4,future_y4,future_x5,future_y5,future_x6,future_y6,future_x7,future_y7,future_x8,future_y8,future_x9,future_y9,future_x10,future_y10,future_x11,future_y11,future_x12,future_y12,future_x13,future_y13,future_x14,future_y14,future_x15,future_y15,future_x16,future_y16,future_x17,future_y17,future_x18,future_y18,future_x19,future_y19,future_x20,future_y20
68.40481324723825,70.44959712032599,64.43180079705414,66.61290359501439,60.45878834687002,62.77621006970277,56.48577589668591,58.93951654439118,52.51276344650179,55.10282301907958,48.53975099631768,51.26612949376798,44.566738546133564,47.429435968456374,40.593726095949435,43.59274244314477,36.62071364576532,39.75604891783317,32.647701195581206,35.91935539252157,28.674688745397106,32.082661867209964,24.701676295212977,28.24596834189836,20.728663845028862,24.409274816586773,16.755651394844747,20.57258129127517,12.782638944660604,16.735887765963554,8.809626494476518,12.899194240651966,4.8366140442924035,9.062500715340363,0.8636015941082604,5.22580719002876,-3.10941085607584,1.3891136647171578,-7.082423306259955,-2.447579860594459
