future_x1,future_y1,future_x2,future_y2,future_x3,future_y3,future_x4,future_y4,future_x5,future_y5,future_x6,future_y6,future_x7,future_y7,future_x8,future_y8,future_x9,future_y9,future_x10,future_y10,future_x11,future_y11,future_x12,future_y12,future_x13,future_y13,future_x14,future_y14,future_x15,future_y15,future_x16,future_y16,future_x17,future_y17,future_x18,future_y18,future_x19,future_y19,future_x20,future_y20
131.88575102108769,239.27335043422028,132.1448010891602,246.69157379650161,132.4038511572327,254.10979715878298,132.66290122530523,261.5280205210643,132.92195129337773,268.9462438833457,133.18100136145026,276.364467245627,133.44005142952275,283.78269060790836,133.69910149759528,291.20091397018973,133.95815156566778,298.6191373324711,134.2172016337403,306.03736069475246,134.4762517018128,313.4555840570338,134.73530176988533,320.87380741931514,134.99435183795782,328.2920307815965,135.25340190603035,335.7102541438778,135.51245197410287,343.1284775061592,135.77150204217537,350.54670086844055,136.0305521102479,357.96492423072186,136.2896021783204,365.38314759300323,136.54865224639292,372.8013709552846,136.80770231446542,380.21959431756596
