future_x1,future_y1,future_x2,future_y2,future_x3,future_y3,future_x4,future_y4,future_x5,future_y5,future_x6,future_y6,future_x7,future_y7,future_x8,future_y8,future_x9,future_y9,future_x10,future_y10,future_x11,future_y11,future_x12,future_y12,future_x13,future_y13,future_x14,future_y14,future_x15,future_y15,future_x16,future_y16,future_x17,future_y17,future_x18,future_y18,future_x19,future_y19,future_x20,future_y20
74.38884371627914,194.20426445332413,70.81476663069775,198.61788208354574,67.24068954511635,203.03149971376735,63.666612459534974,207.44511734398895,60.09253537395358,211.85873497421056,56.5184582883722,216.27235260443217,52.944381202790794,220.68597023465378,49.3703041172094,225.0995878648754,45.79622703162801,229.513205495097,42.22214994604661,233.9268231253186,38.648072860465234,238.34044075554021,35.07399577488384,242.75405838576182,31.49991868930246,247.16767601598343,27.925841603721068,251.58129364620504,24.35176451813966,255.99491127642665,20.77768743255828,260.40852890664826,17.203610346976888,264.82214653686987,13.629533261395494,269.2357641670915,10.0554561758141,273.6493817973131,6.481379090232707,278.0629994275347
