future_x1,future_y1,future_x2,future_y2,future_x3,future_y3,future_x4,future_y4,future_x5,future_y5,future_x6,future_y6,future_x7,future_y7,future_x8,future_y8,future_x9,future_y9,future_x10,future_y10,future_x11,future_y11,future_x12,future_y12,future_x13,future_y13,future_x14,future_y14,future_x15,future_y15,future_x16,future_y16,future_x17,future_y17,future_x18,future_y18,future_x19,future_y19,future_x20,future_y20
122.17419994142426,239.16288723305894,121.78581327085256,246.57374638192954,121.39742660028084,253.98460553080014,121.00903992970912,261.39546467967074,120.62065325913741,268.80632382854134,120.2322665885657,276.21718297741194,119.84387991799397,283.62804212628254,119.45549324742225,291.03890127515314,119.06710657685055,298.44976042402374,118.67871990627883,305.86061957289434,118.29033323570712,313.2714787217649,117.9019465651354,320.6823378706355,117.51355989456368,328.09319701950614,117.12517322399196,335.50405616837674,116.73678655342026,342.9149153172473,116.34839988284854,350.3257744661179,115.96001321227682,357.7366336149885,115.57162654170511,365.1474927638591,115.1832398711334,372.5583519127297,114.79485320056168,379.9692110616003
