future_x1,future_y1,future_x2,future_y2,future_x3,future_y3,future_x4,future_y4,future_x5,future_y5,future_x6,future_y6,future_x7,future_y7,future_x8,future_y8,future_x9,future_y9,future_x10,future_y10,future_x11,future_y11,future_x12,future_y12,future_x13,future_y13,future_x14,future_y14,future_x15,future_y15,future_x16,future_y16,future_x17,future_y17,future_x18,future_y18,future_x19,future_y19,future_x20,future_y20
131.43308401974073,226.3106635308255,131.66195628772346,232.86470776621385,131.89082855570615,239.41875200160226,132.11970082368887,245.9727962369906,132.3485730916716,252.52684047237898,132.57744535965432,259.0808847077673,132.80631762763701,265.6349289431557,133.03518989561974,272.1889731785441,133.26406216360246,278.7430174139325,133.49293443158518,285.2970616493208,133.72180669956788,291.85110588470917,133.9506789675506,298.4051501200975,134.17955123553332,304.9591943554859,134.40842350351602,311.51323859087427,134.63729577149874,318.06728282626267,134.86616803948147,324.621327061651,135.0950403074642,331.17537129703936,135.32391257544688,337.7294155324277,135.5527848434296,344.2834597678161,135.78165711141233,350.8375040032045
