future_x1,future_y1,future_x2,future_y2,future_x3,future_y3,future_x4,future_y4,future_x5,future_y5,future_x6,future_y6,future_x7,future_y7,future_x8,future_y8,future_x9,future_y9,future_x10,future_y10,future_x11,future_y11,future_x12,future_y12,future_x13,future_y13,future_x14,future_y14,future_x15,future_y15,future_x16,future_y16,future_x17,future_y17,future_x18,future_y18,future_x19,future_y19,future_x20,future_y20
180.96323529411868,219.73501446263634,184.4941176470599,225.85068209347875,188.02500000000117,231.9663497243212,191.5558823529424,238.0820173551636,195.08676470588367,244.19768498600604,198.6176470588249,250.31335261684845,202.14852941176613,256.42902024769086,205.6794117647074,262.5446878785333,209.21029411764866,268.66035550937573,212.7411764705899,274.7760231402182,216.27205882353113,280.89169077106055,219.8029411764724,287.007358401903,223.33382352941362,293.12302603274543,226.86470588235488,299.2386936635878,230.39558823529612,305.35436129443025,233.92647058823735,311.4700289252727,237.4573529411786,317.58569655611507,240.98823529411985,323.7013641869575,244.5191176470611,329.81703181779994,248.05000000000234,335.9326994486424
