future_x1,future_y1,future_x2,future_y2,future_x3,future_y3,future_x4,future_y4,future_x5,future_y5,future_x6,future_y6,future_x7,future_y7,future_x8,future_y8,future_x9,future_y9,future_x10,future_y10,future_x11,future_y11,future_x12,future_y12,future_x13,future_y13,future_x14,future_y14,future_x15,future_y15,future_x16,future_y16,future_x17,future_y17,future_x18,future_y18,future_x19,future_y19,future_x20,future_y20
205.1748637945686,180.05510291559088,210.3198547142065,183.5254431099636,215.46484563384442,186.99578330433633,220.60983655348232,190.46612349870907,225.75482747312023,193.93646369308178,230.89981839275814,197.4068038874545,236.04480931239604,200.87714408182723,241.18980023203397,204.34748427619996,246.33479115167188,207.8178244705727,251.47978207130978,211.2881646649454,256.6247729909477,214.75850485931812,261.7697639105856,218.22884505369086,266.9147548302235,221.69918524806357,272.0597457498614,225.1695254424363,277.2047366694993,228.63986563680905,282.3497275891372,232.11020583118176,287.4947185087751,235.5805460255545,292.639709428413,239.0508862199272,297.78470034805093,242.52122641429995,302.92969126768884,245.99156660867266
