future_x1,future_y1,future_x2,future_y2,future_x3,future_y3,future_x4,future_y4,future_x5,future_y5,future_x6,future_y6,future_x7,future_y7,future_x8,future_y8,future_x9,future_y9,future_x10,future_y10,future_x11,future_y11,future_x12,future_y12,future_x13,future_y13,future_x14,future_y14,future_x15,future_y15,future_x16,future_y16,future_x17,future_y17,future_x18,future_y18,future_x19,future_y19,future_x20,future_y20
100.91092815898024,222.4708204086208,99.1049900362456,228.76887510252885,97.29905191351094,235.0669297964369,95.49311379077629,241.36498449034497,93.68717566804165,247.66303918425302,91.88123754530699,253.96109387816105,90.07529942257234,260.2591485720691,88.26936129983768,266.5572032659772,86.46342317710304,272.85525795988525,84.65748505436838,279.15331265379325,82.85154693163375,285.4513673477013,81.04560880889909,291.74942204160936,79.23967068616443,298.0474767355174,77.43373256342979,304.3455314294255,75.62779444069513,310.64358612333353,73.82185631796048,316.9416408172416,72.01591819522584,323.23969551114965,70.20998007249118,329.5377502050577,68.40404194975653,335.83580489896576,66.59810382702189,342.1338595928738
