future_x1,future_y1,future_x2,future_y2,future_x3,future_y3,future_x4,future_y4,future_x5,future_y5,future_x6,future_y6,future_x7,future_y7,future_x8,future_y8,future_x9,future_y9,future_x10,future_y10,future_x11,future_y11,future_x12,future_y12,future_x13,future_y13,future_x14,future_y14,future_x15,future_y15,future_x16,future_y16,future_x17,future_y17,future_x18,future_y18,future_x19,future_y19,future_x20,future_y20
77.24008652994787,203.25466647578295,73.85609229861106,208.27164424083517,70.47209806727426,213.28862200588736,67.08810383593745,218.30559977093955,63.70410960460063,223.32257753599174,60.32011537326383,228.33955530104396,56.93612114192703,233.35653306609615,53.55212691059022,238.37351083114834,50.16813267925339,243.39048859620056,46.78413844791659,248.40746636125274,43.40014421657979,253.42444412630493,40.01614998524299,258.44142189135715,36.632155753906176,263.45839965640937,33.24816152256935,268.47537742146153,29.864167291232548,273.49235518651375,26.480173059895748,278.5093329515659,23.096178828558962,283.5263107166181,19.712184597222134,288.54328848167034,16.32819036588532,293.5602662467225,12.94419613454852,298.5772440117747
