future_x1,future_y1,future_x2,future_y2,future_x3,future_y3,future_x4,future_y4,future_x5,future_y5,future_x6,future_y6,future_x7,future_y7,future_x8,future_y8,future_x9,future_y9,future_x10,future_y10,future_x11,future_y11,future_x12,future_y12,future_x13,future_y13,future_x14,future_y14,future_x15,future_y15,future_x16,future_y16,future_x17,future_y17,future_x18,future_y18,future_x19,future_y19,future_x20,future_y20
226.1840598629981,92.26392473045743,232.72966385386468,89.88151971248793,239.2752678447312,87.49911469451843,245.82087183559776,85.11670967654892,252.36647582646427,82.73430465857942,258.91207981733083,80.35189964060991,265.4576838081973,77.96949462264041,272.0032877990639,75.58708960467091,278.54889178993045,73.2046845867014,285.094495780797,70.82227956873189,291.6400997716635,68.4398745507624,298.18570376253007,66.0574695327929,304.7313077533966,63.67506451482339,311.27691174426315,61.29265949685387,317.8225157351297,58.91025447888437,324.3681197259962,56.527849460914865,330.91372371686276,54.145444442945376,337.45932770772936,51.76303942497586,344.0049316985959,49.380634407006355,350.5505356894624,46.99822938903685
