future_x1,future_y1,future_x2,future_y2,future_x3,future_y3,future_x4,future_y4,future_x5,future_y5,future_x6,future_y6,future_x7,future_y7,future_x8,future_y8,future_x9,future_y9,future_x10,future_y10,future_x11,future_y11,future_x12,future_y12,future_x13,future_y13,future_x14,future_y14,future_x15,future_y15,future_x16,future_y16,future_x17,future_y17,future_x18,future_y18,future_x19,future_y19,future_x20,future_y20
20.239366810463252,167.2216629066706,13.055324597827465,169.83644043378197,5.871282385191677,172.45121796089336,-1.3127598274441254,175.06599548800472,-8.4968020400799,177.6807730151161,-15.680844252715644,180.29555054222746,-22.864886465351447,182.91032806933885,-30.04892867798725,185.52510559645023,-37.23297089062302,188.1398831235616,-44.417013103258824,190.75466065067297,-51.6010553158946,193.36943817778433,-58.78509752853037,195.98421570489572,-65.96913974116617,198.5989932320071,-73.15318195380195,201.21377075911846,-80.33722416643772,203.82854828622985,-87.5212663790735,206.4433258133412,-94.70530859170927,209.0581033404526,-101.88935080434507,211.67288086756395,-109.07339301698084,214.28765839467533,-116.25743522961665,216.90243592178672
