future_x1,future_y1,future_x2,future_y2,future_x3,future_y3,future_x4,future_y4,future_x5,future_y5,future_x6,future_y6,future_x7,future_y7,future_x8,future_y8,future_x9,future_y9,future_x10,future_y10,future_x11,future_y11,future_x12,future_y12,future_x13,future_y13,future_x14,future_y14,future_x15,future_y15,future_x16,future_y16,future_x17,future_y17,future_x18,future_y18,future_x19,future_y19,future_x20,future_y20
114.81650128869562,253.4326115211244,113.93760137460866,261.7947856225327,113.0587014605217,270.156959723941,112.17980154643475,278.5191338253493,111.30090163234777,286.8813079267576,110.42200171826082,295.24348202816583,109.54310180417386,303.6056561295742,108.6642018900869,311.9678302309825,107.78530197599994,320.33000433239073,106.90640206191298,328.6921784337991,106.02750214782603,337.05435253520733,105.14860223373907,345.41652663661563,104.26970231965211,353.77870073802393,103.39080240556515,362.14087483943223,102.5119024914782,370.50304894084053,101.63300257739124,378.8652230422488,100.75410266330428,387.2273971436571,99.87520274921732,395.58957124506543,98.99630283513036,403.9517453464737,98.1174029210434,412.313919447882
