future_x1,future_y1,future_x2,future_y2,future_x3,future_y3,future_x4,future_y4,future_x5,future_y5,future_x6,future_y6,future_x7,future_y7,future_x8,future_y8,future_x9,future_y9,future_x10,future_y10,future_x11,future_y11,future_x12,future_y12,future_x13,future_y13,future_x14,future_y14,future_x15,future_y15,future_x16,future_y16,future_x17,future_y17,future_x18,future_y18,future_x19,future_y19,future_x20,future_y20
46.181644769972905,30.49268121446599,40.727087754637765,23.992193295430383,35.27253073930261,17.491705376394776,29.817973723967484,10.99121745735917,24.363416708632343,4.490729538323578,18.908859693297217,-2.0097583807120145,13.454302677962076,-8.510246299747621,7.999745662626921,-15.010734218783227,2.545188647291795,-21.511222137818834,-2.9093683680433458,-28.01171005685444,-8.363925383378472,-34.51219797589002,-13.818482398713599,-41.012685894925596,-19.27303941404878,-47.51317381396126,-24.727596429383908,-54.01366173299684,-30.182153444719063,-60.51414965203247,-35.63671046005419,-67.01463757106802,-41.091267475389316,-73.51512549010366,-46.54582449072447,-80.01561340913923,-52.0003815060596,-86.51610132817481,-57.45493852139478,-93.01658924721045
