future_x1,future_y1,future_x2,future_y2,future_x3,future_y3,future_x4,future_y4,future_x5,future_y5,future_x6,future_y6,future_x7,future_y7,future_x8,future_y8,future_x9,future_y9,future_x10,future_y10,future_x11,future_y11,future_x12,future_y12,future_x13,future_y13,future_x14,future_y14,future_x15,future_y15,future_x16,future_y16,future_x17,future_y17,future_x18,future_y18,future_x19,future_y19,future_x20,future_y20
82.43461683144571,15.221719148635131,79.39692462020875,7.703167091877461,76.35923240897179,0.18461503511980482,73.32154019773483,-7.333937021637837,70.28384798649788,-14.852489078395507,67.24615577526093,-22.37104113515315,64.20846356402399,-29.88959319191082,61.17077135278703,-37.40814524866849,58.13307914155007,-44.92669730542616,55.095386930313126,-52.4452493621838,52.05769471907618,-59.963801418941415,49.02000250783922,-67.48235347569909,45.982310296602265,-75.00090553245678,42.944618085365306,-82.51945758921443,39.90692587412835,-90.03800964597207,36.8692336628914,-97.55656170272974,33.83154145165446,-105.07511375948738,30.793849240417487,-112.59366581624508,27.756157029180542,-120.11221787300275,24.718464817943598,-127.63076992976039
