future_x1,future_y1,future_x2,future_y2,future_x3,future_y3,future_x4,future_y4,future_x5,future_y5,future_x6,future_y6,future_x7,future_y7,future_x8,future_y8,future_x9,future_y9,future_x10,future_y10,future_x11,future_y11,future_x12,future_y12,future_x13,future_y13,future_x14,future_y14,future_x15,future_y15,future_x16,future_y16,future_x17,future_y17,future_x18,future_y18,future_x19,future_y19,future_x20,future_y20
207.91482174309954,76.10270795100557,213.24247652597288,72.6428884810726,218.57013130884616,69.18306901113964,223.89778609171947,65.72324954120668,229.22544087459278,62.26343007127372,234.5530956574661,58.80361060134075,239.88075044033937,55.3437911314078,245.20840522321268,51.88397166147483,250.536060006086,48.424152191541864,255.8637147889593,44.9643327216089,261.19136957183264,41.504513251675945,266.5190243547059,38.04469378174299,271.8466791375792,34.58487431181001,277.1743339204525,31.12505484187706,282.5019887033258,27.66523537194408,287.8296434861991,24.20541590201114,293.1572982690724,20.745596432078173,298.48495305194575,17.285776962145206,303.812607834819,13.825957492212254,309.1402626176923,10.366138022279273
