future_x1,future_y1,future_x2,future_y2,future_x3,future_y3,future_x4,future_y4,future_x5,future_y5,future_x6,future_y6,future_x7,future_y7,future_x8,future_y8,future_x9,future_y9,future_x10,future_y10,future_x11,future_y11,future_x12,future_y12,future_x13,future_y13,future_x14,future_y14,future_x15,future_y15,future_x16,future_y16,future_x17,future_y17,future_x18,future_y18,future_x19,future_y19,future_x20,future_y20
9.249124012946709,87.11079429532087,1.3323989471431616,84.38484724834227,-6.584326118660414,81.65890020136365,-14.501051184463961,78.93295315438505,-22.417776250267536,76.20700610740644,-30.334501316071055,73.48105906042784,-38.2512263818746,70.75511201344924,-46.16795144767818,68.02916496647062,-54.084676513481725,65.303217919492,-62.0014015792853,62.577270872513395,-69.91812664508885,59.85132382553479,-77.83485171089237,57.12537677855619,-85.75157677669591,54.399429731577584,-93.66830184249952,51.67348268459895,-101.58502690830306,48.94753563762035,-109.50175197410658,46.221588590641744,-117.41847703991016,43.49564154366314,-125.33520210571368,40.76969449668454,-133.25192717151725,38.04374744970592,-141.16865223732083,35.317800402727315
