future_x1,future_y1,future_x2,future_y2,future_x3,future_y3,future_x4,future_y4,future_x5,future_y5,future_x6,future_y6,future_x7,future_y7,future_x8,future_y8,future_x9,future_y9,future_x10,future_y10,future_x11,future_y11,future_x12,future_y12,future_x13,future_y13,future_x14,future_y14,future_x15,future_y15,future_x16,future_y16,future_x17,future_y17,future_x18,future_y18,future_x19,future_y19,future_x20,future_y20
53.446704506600184,73.83386022109516,48.476484807040194,70.22278423583484,43.50626510748022,66.61170825057452,38.53604540792023,63.000632265314195,33.56582570836022,59.38955628005387,28.595606008800246,55.77848029479355,23.625386309240255,52.167404309533225,18.655166609680265,48.5563283242729,13.68494691012026,44.94525233901257,8.71472721056027,41.334176353752255,3.7445075110003216,37.723100368491956,-1.225712188559669,34.11202438323161,-6.195931888119674,30.5009483979713,-11.16615158767965,26.88987241271097,-16.136371287239655,23.278796427450658,-21.10659098679963,19.66772044219033,-26.076810686359607,16.05664445693,-31.047030385919612,12.445568471669688,-36.01725008547959,8.83449248640936,-40.987469785039565,5.223416501149046
