future_x1,future_y1,future_x2,future_y2,future_x3,future_y3,future_x4,future_y4,future_x5,future_y5,future_x6,future_y6,future_x7,future_y7,future_x8,future_y8,future_x9,future_y9,future_x10,future_y10,future_x11,future_y11,future_x12,future_y12,future_x13,future_y13,future_x14,future_y14,future_x15,future_y15,future_x16,future_y16,future_x17,future_y17,future_x18,future_y18,future_x19,future_y19,future_x20,future_y20
108.33308281107324,220.52557076764808,107.02195499847812,226.69394215215794,105.71082718588302,232.86231353666784,104.3996993732879,239.03068492117768,103.08857156069277,245.19905630568758,101.77744374809767,251.36742769019745,100.46631593550255,257.5357990747073,99.15518812290743,263.7041704592172,97.84406031031232,269.87254184372705,96.5329324977172,276.04091322823695,95.22180468512208,282.2092846127468,93.91067687252696,288.3776559972567,92.59954905993185,294.5460273817666,91.28842124733673,300.7143987662764,89.97729343474161,306.8827701507863,88.6661656221465,313.05114153529615,87.35503780955138,319.219512919806,86.04390999695626,325.3878843043159,84.73278218436114,331.5562556888258,83.42165437176604,337.7246270733357
