future_x1,future_y1,future_x2,future_y2,future_x3,future_y3,future_x4,future_y4,future_x5,future_y5,future_x6,future_y6,future_x7,future_y7,future_x8,future_y8,future_x9,future_y9,future_x10,future_y10,future_x11,future_y11,future_x12,future_y12,future_x13,future_y13,future_x14,future_y14,future_x15,future_y15,future_x16,future_y16,future_x17,future_y17,future_x18,future_y18,future_x19,future_y19,future_x20,future_y20
83.81953993062905,198.70351575793646,80.87417592600433,203.41708347513222,77.92881192137959,208.13065119232797,74.98344791675487,212.84421890952373,72.03808391213013,217.55778662671952,69.0927199075054,222.27135434391528,66.14735590288068,226.98492206111104,63.20199189825594,231.69848977830682,60.256627893631205,236.41205749550255,57.31126388900648,241.12562521269834,54.36589988438176,245.83919292989407,51.420535879757026,250.55276064708985,48.475171875132304,255.2663283642856,45.529807870507554,259.9798960814814,42.58444386588283,264.69346379867716,39.63907986125811,269.4070315158729,36.693715856633375,274.1205992330687,33.74835185200865,278.83416695026443,30.802987847383918,283.5477346674602,27.857623842759182,288.26130238465595
