future_x1,future_y1,future_x2,future_y2,future_x3,future_y3,future_x4,future_y4,future_x5,future_y5,future_x6,future_y6,future_x7,future_y7,future_x8,future_y8,future_x9,future_y9,future_x10,future_y10,future_x11,future_y11,future_x12,future_y12,future_x13,future_y13,future_x14,future_y14,future_x15,future_y15,future_x16,future_y16,future_x17,future_y17,future_x18,future_y18,future_x19,future_y19,future_x20,future_y20
161.41821348499428,210.7129808613683,163.6460943839939,216.2271795854595,165.8739752829935,221.74137830955073,168.10185618199313,227.25557703364194,170.32973708099274,232.76977575773316,172.55761797999236,238.28397448182437,174.78549887899197,243.79817320591562,177.0133797779916,249.31237193000683,179.24126067699123,254.82657065409805,181.46914157599085,260.3407693781893,183.69702247499046,265.8549681022805,185.92490337399008,271.3691668263717,188.1527842729897,276.88336555046294,190.3806651719893,282.39756427455416,192.60854607098892,287.9117629986454,194.83642696998854,293.4259617227366,197.06430786898815,298.9401604468278,199.29218876798777,304.454359170919,201.5200696669874,309.96855789501024,203.74795056598703,315.48275661910145
