future_x1,future_y1,future_x2,future_y2,future_x3,future_y3,future_x4,future_y4,future_x5,future_y5,future_x6,future_y6,future_x7,future_y7,future_x8,future_y8,future_x9,future_y9,future_x10,future_y10,future_x11,future_y11,future_x12,future_y12,future_x13,future_y13,future_x14,future_y14,future_x15,future_y15,future_x16,future_y16,future_x17,future_y17,future_x18,future_y18,future_x19,future_y19,future_x20,future_y20
81.64980718526022,237.19421139899168,78.55979433094424,244.47382549225782,75.46978147662824,251.75343958552395,72.37976862231226,259.03305367879005,69.28975576799628,266.31266777205616,66.1997429136803,273.59228186532226,63.10973005936431,280.87189595858837,60.01971720504832,288.1515100518545,56.92970435073234,295.43112414512063,53.83969149641635,302.71073823838674,50.74967864210038,309.99035233165284,47.65966578778438,317.26996642491895,44.569652933468404,324.54958051818505,41.479640079152404,331.8291946114512,38.38962722483642,339.10880870471726,35.299614370520445,346.38842279798337,32.20960151620446,353.6680368912495,29.11958866188847,360.94765098451563,26.02957580757247,368.22726507778174,22.939562953256498,375.5068791710479
