future_x1,future_y1,future_x2,future_y2,future_x3,future_y3,future_x4,future_y4,future_x5,future_y5,future_x6,future_y6,future_x7,future_y7,future_x8,future_y8,future_x9,future_y9,future_x10,future_y10,future_x11,future_y11,future_x12,future_y12,future_x13,future_y13,future_x14,future_y14,future_x15,future_y15,future_x16,future_y16,future_x17,future_y17,future_x18,future_y18,future_x19,future_y19,future_x20,future_y20
108.27125625739885,59.197694113214666,106.95600667455875,54.610873720762314,105.64075709171868,50.02405332830995,104.3255075088786,45.43723293585761,103.01025792603852,40.85041254340524,101.69500834319845,36.2635921509529,100.37975876035837,31.676771758500536,99.06450917751829,27.089951366048183,97.74925959467822,22.50313097359583,96.43401001183814,17.916310581143463,95.11876042899806,13.329490188691125,93.80351084615799,8.742669796238758,92.4882612633179,4.155849403786391,91.17301168047783,-0.43097098866596184,89.85776209763775,-5.017791381118343,88.54251251479768,-9.604611773570667,87.2272629319576,-14.191432166023048,85.91201334911752,-18.778252558475373,84.59676376627743,-23.365072950927754,83.28151418343737,-27.951893343380107
