future_x1,future_y1,future_x2,future_y2,future_x3,future_y3,future_x4,future_y4,future_x5,future_y5,future_x6,future_y6,future_x7,future_y7,future_x8,future_y8,future_x9,future_y9,future_x10,future_y10,future_x11,future_y11,future_x12,future_y12,future_x13,future_y13,future_x14,future_y14,future_x15,future_y15,future_x16,future_y16,future_x17,future_y17,future_x18,future_y18,future_x19,future_y19,future_x20,future_y20
212.38746794225565,103.80228295168867,218.013299138406,102.18910181513458,223.6391303345564,100.57592067858049,229.26496153070676,98.9627395420264,234.89079272685717,97.3495584054723,240.51662392300753,95.73637726891822,246.14245511915792,94.12319613236413,251.7682863153083,92.51001499581004,257.39411751145866,90.89683385925595,263.01994870760905,89.28365272270186,268.64577990375943,87.67047158614777,274.2716110999098,86.05729044959368,279.89744229606015,84.44410931303959,285.52327349221054,82.8309281764855,291.1491046883609,81.21774703993141,296.7749358845113,79.60456590337733,302.4007670806617,77.99138476682324,308.026598276812,76.37820363026916,313.6524294729624,74.76502249371505,319.2782606691128,73.15184135716098
