future_x1,future_y1,future_x2,future_y2,future_x3,future_y3,future_x4,future_y4,future_x5,future_y5,future_x6,future_y6,future_x7,future_y7,future_x8,future_y8,future_x9,future_y9,future_x10,future_y10,future_x11,future_y11,future_x12,future_y12,future_x13,future_y13,future_x14,future_y14,future_x15,future_y15,future_x16,future_y16,future_x17,future_y17,future_x18,future_y18,future_x19,future_y19,future_x20,future_y20
120.23705081048881,216.7309152598116,119.7195208645214,222.64630961046572,119.20199091855399,228.56170396111983,118.68446097258658,234.47709831177391,118.16693102661915,240.39249266242808,117.64940108065174,246.30788701308217,117.13187113468433,252.22328136373625,116.61434118871692,258.1386757143904,116.09681124274951,264.05407006504447,115.5792812967821,269.9694644156986,115.06175135081469,275.8848587663527,114.54422140484728,281.8002531170068,114.02669145887985,287.7156474676609,113.50916151291244,293.631041818315,112.99163156694503,299.54643616896914,112.47410162097762,305.4618305196232,111.95657167501021,311.37722487027736,111.4390417290428,317.29261922093144,110.92151178307537,323.2080135715856,110.40398183710798,329.12340792223966
