future_x1,future_y1,future_x2,future_y2,future_x3,future_y3,future_x4,future_y4,future_x5,future_y5,future_x6,future_y6,future_x7,future_y7,future_x8,future_y8,future_x9,future_y9,future_x10,future_y10,future_x11,future_y11,future_x12,future_y12,future_x13,future_y13,future_x14,future_y14,future_x15,future_y15,future_x16,future_y16,future_x17,future_y17,future_x18,future_y18,future_x19,future_y19,future_x20,future_y20
169.92825957926456,237.22685053158466,172.72347688454886,244.50864056702363,175.51869418983318,251.79043060246264,178.31391149511748,259.0722206379016,181.1091288004018,266.3540106733406,183.9043461056861,273.6358007087796,186.6995634109704,280.9175907442185,189.4947807162547,288.19938077965753,192.28999802153902,295.4811708150965,195.08521532682332,302.7629608505355,197.8804326321076,310.04475088597445,200.67564993739194,317.3265409214134,203.47086724267623,324.6083309568524,206.26608454796053,331.8901209922914,209.06130185324486,339.1719110277304,211.85651915852912,346.4537010631693,214.65173646381345,353.73549109860835,217.44695376909775,361.01728113404727,220.24217107438204,368.29907116948624,223.03738837966637,375.58086120492527
