future_x1,future_y1,future_x2,future_y2,future_x3,future_y3,future_x4,future_y4,future_x5,future_y5,future_x6,future_y6,future_x7,future_y7,future_x8,future_y8,future_x9,future_y9,future_x10,future_y10,future_x11,future_y11,future_x12,future_y12,future_x13,future_y13,future_x14,future_y14,future_x15,future_y15,future_x16,future_y16,future_x17,future_y17,future_x18,future_y18,future_x19,future_y19,future_x20,future_y20
52.20613692880305,166.61890215027128,47.15321272405659,169.19349562695604,42.10028851931011,171.7680891036408,37.047364314563666,174.34268258032552,31.99444010981719,176.91727605701027,26.941515905070744,179.49186953369502,21.88859170032427,182.06646301037978,16.83566749557781,184.64105648706453,11.782743290831334,187.21564996374929,6.7298190860848734,189.79024344043404,1.676894881338427,192.3648369171188,-3.3760293234080336,194.93943039380355,-8.428953528154523,197.5140238704883,-13.481877732900983,200.08861734717306,-18.534801937647444,202.6632108238578,-23.587726142393905,205.23780430054256,-28.640650347140365,207.81239777722732,-33.693574551886826,210.38699125391207,-38.74649875663329,212.9615847305968,-43.799422961379776,215.53617820728158
