future_x1,future_y1,future_x2,future_y2,future_x3,future_y3,future_x4,future_y4,future_x5,future_y5,future_x6,future_y6,future_x7,future_y7,future_x8,future_y8,future_x9,future_y9,future_x10,future_y10,future_x11,future_y11,future_x12,future_y12,future_x13,future_y13,future_x14,future_y14,future_x15,future_y15,future_x16,future_y16,future_x17,future_y17,future_x18,future_y18,future_x19,future_y19,future_x20,future_y20
16.720211878295117,83.04004719345214,9.301559336848115,80.04271700634895,1.8829067954011123,77.04538681924575,-5.535745746045848,74.04805663214256,-12.954398287492893,71.05072644503937,-20.373050828939824,68.05339625793619,-27.79170337038684,65.056066070833,-35.21035591183386,62.058735883729796,-42.629008453280846,59.06140569662661,-50.047660994727835,56.064075509523406,-57.46631353617482,53.06674532242023,-64.88496607762178,50.06941513531703,-72.3036186190688,47.07208494821384,-79.72227116051582,44.07475476111064,-87.1409237019628,41.07742457400745,-94.55957624340977,38.08009438690428,-101.97822878485675,35.082764199801076,-109.39688132630377,32.0854340126979,-116.81553386775076,29.088103825594686,-124.23418640919778,26.0907736384915
