future_x1,future_y1,future_x2,future_y2,future_x3,future_y3,future_x4,future_y4,future_x5,future_y5,future_x6,future_y6,future_x7,future_y7,future_x8,future_y8,future_x9,future_y9,future_x10,future_y10,future_x11,future_y11,future_x12,future_y12,future_x13,future_y13,future_x14,future_y14,future_x15,future_y15,future_x16,future_y16,future_x17,future_y17,future_x18,future_y18,future_x19,future_y19,future_x20,future_y20
210.40432916457792,194.72971002362002,215.8979511088831,199.17835735852802,221.39157305318832,203.62700469343602,226.8851949974935,208.07565202834402,232.37881694179868,212.524299363252,237.87243888610388,216.97294669816,243.36606083040908,221.421594033068,248.85968277471426,225.870241367976,254.3533047190195,230.31888870288404,259.84692666332467,234.767536037792,265.34054860762984,239.21618337270002,270.8341705519351,243.66483070760802,276.32779249624025,248.11347804251602,281.8214144405455,252.56212537742402,287.31503638485066,257.010772712332,292.80865832915583,261.45942004724003,298.302280273461,265.90806738214803,303.7959022177662,270.35671471705604,309.2895241620714,274.80536205196404,314.78314610637665,279.25400938687204
