future_x1,future_y1,future_x2,future_y2,future_x3,future_y3,future_x4,future_y4,future_x5,future_y5,future_x6,future_y6,future_x7,future_y7,future_x8,future_y8,future_x9,future_y9,future_x10,future_y10,future_x11,future_y11,future_x12,future_y12,future_x13,future_y13,future_x14,future_y14,future_x15,future_y15,future_x16,future_y16,future_x17,future_y17,future_x18,future_y18,future_x19,future_y19,future_x20,future_y20
77.49228106181818,241.4421941011748,74.12509979927272,249.00500704125312,70.75791853672726,256.56781998133147,67.39073727418182,264.13063292140976,64.02355601163634,271.6934458614881,60.6563747490909,279.2562588015664,57.28919348654543,286.81907174164473,53.922012223999985,294.381884681723,50.55483096145451,301.94469762180137,47.18764969890907,309.5075105618797,43.82046843636361,317.070323501958,40.453287173818154,324.6331364420363,37.08610591127271,332.19594938211463,33.71892464872725,339.7587623221929,30.351743386181795,347.32157526227127,26.984562123636337,354.8843882023496,23.617380861090894,362.4472011424279,20.250199598545436,370.01001408250625,16.883018335999964,377.5728270225846,13.515837073454506,385.1356399626629
