future_x1,future_y1,future_x2,future_y2,future_x3,future_y3,future_x4,future_y4,future_x5,future_y5,future_x6,future_y6,future_x7,future_y7,future_x8,future_y8,future_x9,future_y9,future_x10,future_y10,future_x11,future_y11,future_x12,future_y12,future_x13,future_y13,future_x14,future_y14,future_x15,future_y15,future_x16,future_y16,future_x17,future_y17,future_x18,future_y18,future_x19,future_y19,future_x20,future_y20
4.174569366904876,158.87314732094643,-4.080459341968151,160.93135714234285,-12.33548805084115,162.98956696373926,-20.59051675971415,165.04777678513568,-28.845545468587204,167.10598660653213,-37.100574177460174,169.16419642792857,-45.3556028863332,171.222406249325,-53.61063159520623,173.2806160707214,-61.86566030407923,175.33882589211785,-70.12068901295225,177.39703571351427,-78.37571772182523,179.4552455349107,-86.63074643069825,181.51345535630713,-94.88577513957125,183.57166517770355,-103.14080384844425,185.62987499909997,-111.39583255731728,187.6880848204964,-119.65086126619025,189.74629464189283,-127.9058899750633,191.80450446328928,-136.1609186839363,193.8627142846857,-144.4159473928093,195.92092410608214,-152.6709761016823,197.97913392747856
