future_x1,future_y1,future_x2,future_y2,future_x3,future_y3,future_x4,future_y4,future_x5,future_y5,future_x6,future_y6,future_x7,future_y7,future_x8,future_y8,future_x9,future_y9,future_x10,future_y10,future_x11,future_y11,future_x12,future_y12,future_x13,future_y13,future_x14,future_y14,future_x15,future_y15,future_x16,future_y16,future_x17,future_y17,future_x18,future_y18,future_x19,future_y19,future_x20,future_y20
89.29053841162045,48.6338421998835,86.7099076390618,43.342765013209075,84.12927686650316,38.05168782653463,81.54864609394453,32.76061063986022,78.96801532138589,27.469533453185775,76.38738454882726,22.178456266511347,73.80675377626861,16.887379079836904,71.22612300370999,11.59630189316249,68.64549223115134,6.305224706488048,66.06486145859269,1.014147519813605,63.48423068603407,-4.276929666860809,60.90359991347543,-9.568006853535252,58.3229691409168,-14.859084040209694,55.74233836835815,-20.15016122688411,53.16170759579951,-25.44123841355855,50.58107682324088,-30.732315600232994,48.00044605068226,-36.02339278690741,45.41981527812359,-41.31446997358185,42.83918450556496,-46.60554716025629,40.25855373300632,-51.896624346930736
