future_x1,future_y1,future_x2,future_y2,future_x3,future_y3,future_x4,future_y4,future_x5,future_y5,future_x6,future_y6,future_x7,future_y7,future_x8,future_y8,future_x9,future_y9,future_x10,future_y10,future_x11,future_y11,future_x12,future_y12,future_x13,future_y13,future_x14,future_y14,future_x15,future_y15,future_x16,future_y16,future_x17,future_y17,future_x18,future_y18,future_x19,future_y19,future_x20,future_y20
44.15806807673738,224.4491096848959,38.568605948519874,230.8790503305556,32.979143820302355,237.30899097621534,27.38968169208485,243.73893162187505,21.80021956386733,250.1688722675348,16.21075743564984,256.5988129131945,10.62129530743232,263.02875355885425,5.0318331792148285,269.45869420451396,-0.5576289490026909,275.88863485017373,-6.14709107722021,282.31857549583344,-11.736553205437701,288.74851614149316,-17.32601533365522,295.17845678715287,-22.91547746187274,301.6083974328126,-28.50493959009026,308.0383380784723,-34.09440171830775,314.46827872413206,-39.68386384652524,320.8982193697918,-45.27332597474276,327.3281600154515,-50.86278810296025,333.7581006611112,-56.4522502311778,340.18804130677097,-62.04171235939529,346.6179819524307
