future_x1,future_y1,future_x2,future_y2,future_x3,future_y3,future_x4,future_y4,future_x5,future_y5,future_x6,future_y6,future_x7,future_y7,future_x8,future_y8,future_x9,future_y9,future_x10,future_y10,future_x11,future_y11,future_x12,future_y12,future_x13,future_y13,future_x14,future_y14,future_x15,future_y15,future_x16,future_y16,future_x17,future_y17,future_x18,future_y18,future_x19,future_y19,future_x20,future_y20
92.3689882555277,63.71995324433536,89.99358747256288,59.434616793957716,87.61818668959805,55.149280343580074,85.24278590663323,50.863943893202446,82.86738512366841,46.57860744282479,80.4919843407036,42.29327099244716,78.11658355773878,38.007934542069506,75.74118277477396,33.72259809169188,73.36578199180913,29.437261641314223,70.9903812088443,25.151925190936566,68.61498042587951,20.866588740558953,66.23957964291466,16.58125229018131,63.864178859949845,12.29591583980364,61.48877807698503,8.010579389426013,59.11337729402021,3.7252429390483712,56.73797651105539,-0.5600935113292849,54.362575728090576,-4.845429961706884,51.98717494512576,-9.130766412084569,49.61177416216093,-13.416102862462196,47.23637337919611,-17.701439312839852
