future_x1,future_y1,future_x2,future_y2,future_x3,future_y3,future_x4,future_y4,future_x5,future_y5,future_x6,future_y6,future_x7,future_y7,future_x8,future_y8,future_x9,future_y9,future_x10,future_y10,future_x11,future_y11,future_x12,future_y12,future_x13,future_y13,future_x14,future_y14,future_x15,future_y15,future_x16,future_y16,future_x17,future_y17,future_x18,future_y18,future_x19,future_y19,future_x20,future_y20
206.44117647058823,127.99999999999892,211.6705882352941,127.99999999999885,216.9,127.99999999999878,222.12941176470588,127.9999999999987,227.35882352941175,127.99999999999864,232.58823529411762,127.99999999999856,237.81764705882352,127.9999999999985,243.04705882352943,127.99999999999842,248.2764705882353,127.99999999999835,253.50588235294117,127.99999999999828,258.7352941176471,127.99999999999821,263.9647058823529,127.99999999999814,269.1941176470588,127.99999999999807,274.4235294117647,127.999999999998,279.65294117647056,127.99999999999793,284.88235294117646,127.99999999999785,290.11176470588236,127.99999999999778,295.3411764705882,127.9999999999977,300.5705882352941,127.99999999999763,305.8,127.99999999999756
