future_x1,future_y1,future_x2,future_y2,future_x3,future_y3,future_x4,future_y4,future_x5,future_y5,future_x6,future_y6,future_x7,future_y7,future_x8,future_y8,future_x9,future_y9,future_x10,future_y10,future_x11,future_y11,future_x12,future_y12,future_x13,future_y13,future_x14,future_y14,future_x15,future_y15,future_x16,future_y16,future_x17,future_y17,future_x18,future_y18,future_x19,future_y19,future_x20,future_y20
53.88317838883248,213.2616500251235,48.942056948087966,218.94576002679838,44.00093550734347,224.62987002847328,39.059814066598975,230.31398003014817,34.118692625854464,235.9980900318231,29.177571185109983,241.68220003349796,24.236449744365473,247.36631003517286,19.29532830362095,253.05042003684778,14.354206862876438,258.7345300385227,9.413085422131942,264.4186400401976,4.471963981387461,270.10275004187247,-0.46915745935706354,275.78686004354734,-5.410278900101559,281.47097004522226,-10.351400340846055,287.1550800468972,-15.292521781590551,292.83919004857205,-20.233643222335047,298.523300050247,-25.174764663079543,304.20741005192184,-30.115886103824067,309.89152005359676,-35.057007544568535,315.57563005527163,-39.99812898531306,321.25974005694655
