future_x1,future_y1,future_x2,future_y2,future_x3,future_y3,future_x4,future_y4,future_x5,future_y5,future_x6,future_y6,future_x7,future_y7,future_x8,future_y8,future_x9,future_y9,future_x10,future_y10,future_x11,future_y11,future_x12,future_y12,future_x13,future_y13,future_x14,future_y14,future_x15,future_y15,future_x16,future_y16,future_x17,future_y17,future_x18,future_y18,future_x19,future_y19,future_x20,future_y20
31.0964443673507,114.38109340575734,24.636207325174084,113.4731662994745,18.17597028299747,112.56523919319166,11.715733240820853,111.6573120869088,5.255496198644238,110.74938498062596,-1.20474084353242,109.84145787434312,-7.664977885709021,108.93353076806028,-14.12521492788565,108.02560366177744,-20.585451970062252,107.1176765554946,-27.04568901223888,106.20974944921176,-33.50592605441548,105.30182234292892,-39.96616309659208,104.39389523664606,-46.42640013876874,103.48596813036322,-52.88663718094537,102.57804102408036,-59.346874223122,101.67011391779752,-65.8071112652986,100.76218681151468,-72.2673483074752,99.85425970523184,-78.72758534965183,98.946332598949,-85.18782239182846,98.03840549266616,-91.64805943400506,97.13047838638332
