future_x1,future_y1,future_x2,future_y2,future_x3,future_y3,future_x4,future_y4,future_x5,future_y5,future_x6,future_y6,future_x7,future_y7,future_x8,future_y8,future_x9,future_y9,future_x10,future_y10,future_x11,future_y11,future_x12,future_y12,future_x13,future_y13,future_x14,future_y14,future_x15,future_y15,future_x16,future_y16,future_x17,future_y17,future_x18,future_y18,future_x19,future_y19,future_x20,future_y20
195.14336333611413,175.01428914870075,199.61958755852174,178.14857509194746,204.09581178092935,181.2828610351942,208.57203600333696,184.4171469784409,213.04826022574457,187.55143292168765,217.52448444815215,190.68571886493433,222.0007086705598,193.82000480818107,226.4769328929674,196.95429075142778,230.95315711537498,200.0885766946745,235.4293813377826,203.22286263792122,239.90560556019017,206.3571485811679,244.3818297825978,209.49143452441464,248.8580540050054,212.62572046766138,253.33427822741302,215.7600064109081,257.81050244982066,218.8942923541548,262.28672667222827,222.0285782974015,266.7629508946359,225.16286424064822,271.2391751170435,228.29715018389496,275.7153993394511,231.43143612714167,280.1916235618587,234.5657220703884
