future_x1,future_y1,future_x2,future_y2,future_x3,future_y3,future_x4,future_y4,future_x5,future_y5,future_x6,future_y6,future_x7,future_y7,future_x8,future_y8,future_x9,future_y9,future_x10,future_y10,future_x11,future_y11,future_x12,future_y12,future_x13,future_y13,future_x14,future_y14,future_x15,future_y15,future_x16,future_y16,future_x17,future_y17,future_x18,future_y18,future_x19,future_y19,future_x20,future_y20
154.0710001725189,15.074091734276521,155.8090668506868,7.545697849894935,157.54713352885474,0.01730396551336355,159.28520020702265,-7.511089918868208,161.0232668851906,-15.039483803249766,162.7613335633585,-22.567877687631324,164.49940024152644,-30.09627157201288,166.23746691969436,-37.62466545639444,167.9755335978623,-45.153059340776025,169.7136002760302,-52.68145322515761,171.45166695419815,-60.20984710953914,173.18973363236609,-67.73824099392073,174.927800310534,-75.26663487830231,176.6658669887019,-82.79502876268384,178.40393366686985,-90.32342264706546,180.14200034503776,-97.85181653144696,181.8800670232057,-105.38021041582857,183.6181337013736,-112.90860430021013,185.35620037954155,-120.43699818459172,187.0942670577095,-127.96539206897327
