future_x1,future_y1,future_x2,future_y2,future_x3,future_y3,future_x4,future_y4,future_x5,future_y5,future_x6,future_y6,future_x7,future_y7,future_x8,future_y8,future_x9,future_y9,future_x10,future_y10,future_x11,future_y11,future_x12,future_y12,future_x13,future_y13,future_x14,future_y14,future_x15,future_y15,future_x16,future_y16,future_x17,future_y17,future_x18,future_y18,future_x19,future_y19,future_x20,future_y20
250.6328959079702,119.42467254975529,258.80842230183487,118.8529840530723,266.98394869569955,118.28129555638932,275.15947508956424,117.70960705970634,283.3350014834289,117.13791856302336,291.5105278772936,116.56623006634038,299.6860542711583,115.9945415696574,307.861580665023,115.42285307297442,316.03710705888767,114.85116457629144,324.21263345275236,114.27947607960846,332.388159846617,113.70778758292548,340.5636862404817,113.1360990862425,348.73921263434636,112.56441058955951,356.91473902821105,111.99272209287653,365.09026542207573,111.42103359619355,373.2657918159404,110.84934509951057,381.4413182098051,110.27765660282759,389.6168446036698,109.70596810614461,397.7923709975345,109.13427960946163,405.9678973913991,108.56259111277865
