future_x1,future_y1,future_x2,future_y2,future_x3,future_y3,future_x4,future_y4,future_x5,future_y5,future_x6,future_y6,future_x7,future_y7,future_x8,future_y8,future_x9,future_y9,future_x10,future_y10,future_x11,future_y11,future_x12,future_y12,future_x13,future_y13,future_x14,future_y14,future_x15,future_y15,future_x16,future_y16,future_x17,future_y17,future_x18,future_y18,future_x19,future_y19,future_x20,future_y20
44.62417519801207,186.3803810308042,39.06578687787953,190.2724064328578,33.507398557746995,194.1644318349114,27.949010237614473,198.056457236965,22.390621917481937,201.9484826390186,16.832233597349415,205.84050804107224,11.273845277216878,209.73253344312585,5.715456957084342,213.62455884517945,0.15706863695181994,217.51658424723308,-5.401319683180702,221.4086096492867,-10.95970800331321,225.3006350513403,-16.518096323445747,229.1926604533939,-22.07648464357831,233.0846858554475,-27.634872963710848,236.97671125750114,-33.193261283843356,240.86873665955474,-38.751649603975864,244.76076206160835,-44.3100379241084,248.65278746366195,-49.868426244240936,252.54481286571556,-55.42681456437347,256.4368382677692,-60.98520288450601,260.3288636698228
