future_x1,future_y1,future_x2,future_y2,future_x3,future_y3,future_x4,future_y4,future_x5,future_y5,future_x6,future_y6,future_x7,future_y7,future_x8,future_y8,future_x9,future_y9,future_x10,future_y10,future_x11,future_y11,future_x12,future_y12,future_x13,future_y13,future_x14,future_y14,future_x15,future_y15,future_x16,future_y16,future_x17,future_y17,future_x18,future_y18,future_x19,future_y19,future_x20,future_y20
155.6186574358854,193.06547946120278,157.45990126494442,197.40317809194966,159.30114509400346,201.7408767226965,161.14238892306247,206.07857535344334,162.9836327521215,210.41627398419018,164.82487658118055,214.75397261493706,166.66612041023956,219.0916712456839,168.50736423929857,223.42936987643077,170.3486080683576,227.7670685071776,172.18985189741664,232.10476713792445,174.03109572647566,236.4424657686713,175.8723395555347,240.78016439941817,177.71358338459373,245.117863030165,179.55482721365274,249.45556166091188,181.39607104271178,253.79326029165873,183.2373148717708,258.13095892240557,185.07855870082983,262.4686575531524,186.91980252988884,266.8063561838993,188.76104635894788,271.14405481464615,190.60229018800692,275.481753445393
