future_x1,future_y1,future_x2,future_y2,future_x3,future_y3,future_x4,future_y4,future_x5,future_y5,future_x6,future_y6,future_x7,future_y7,future_x8,future_y8,future_x9,future_y9,future_x10,future_y10,future_x11,future_y11,future_x12,future_y12,future_x13,future_y13,future_x14,future_y14,future_x15,future_y15,future_x16,future_y16,future_x17,future_y17,future_x18,future_y18,future_x19,future_y19,future_x20,future_y20
30.253821724483743,156.02826559606177,23.737409839449327,157.89681663579924,17.220997954414884,159.76536767553668,10.704586069380497,161.63391871527415,4.188174184346082,163.5024697550116,-2.3282377006883337,165.37102079474903,-8.844649585722749,167.2395718344865,-15.361061470757193,169.10812287422397,-21.87747335579158,170.9766739139614,-28.393885240826023,172.84522495369885,-34.91029712586041,174.7137759934363,-41.426709010894854,176.58232703317375,-47.94312089592927,178.45087807291122,-54.459532780963684,180.31942911264866,-60.9759446659981,182.1879801523861,-67.49235655103251,184.05653119212357,-74.0087684360669,185.925082231861,-80.52518032110135,187.79363327159848,-87.04159220613579,189.66218431133592,-93.55800409117023,191.5307353510734
