future_x1,future_y1,future_x2,future_y2,future_x3,future_y3,future_x4,future_y4,future_x5,future_y5,future_x6,future_y6,future_x7,future_y7,future_x8,future_y8,future_x9,future_y9,future_x10,future_y10,future_x11,future_y11,future_x12,future_y12,future_x13,future_y13,future_x14,future_y14,future_x15,future_y15,future_x16,future_y16,future_x17,future_y17,future_x18,future_y18,future_x19,future_y19,future_x20,future_y20
57.262748375546565,155.15348683587925,52.54693160058301,156.96371929160452,47.83111482561944,158.77395174732982,43.11529805065588,160.5841842030551,38.39948127569231,162.39441665878036,33.68366450072875,164.20464911450566,28.967847725765196,166.01488157023093,24.252030950801625,167.82511402595622,19.53621417583807,169.6353464816815,14.820397400874498,171.4455789374068,10.104580625910941,173.25581139313206,5.3887638509473845,175.06604384885736,0.6729470759837994,176.87627630458263,-4.042869698979729,178.6865087603079,-8.758686473943328,180.4967412160332,-13.47450324890687,182.30697367175847,-18.190320023870413,184.11720612748377,-22.906136798833984,185.92743858320904,-27.621953573797555,187.73767103893434,-32.337770348761126,189.5479034946596
