future_x1,future_y1,future_x2,future_y2,future_x3,future_y3,future_x4,future_y4,future_x5,future_y5,future_x6,future_y6,future_x7,future_y7,future_x8,future_y8,future_x9,future_y9,future_x10,future_y10,future_x11,future_y11,future_x12,future_y12,future_x13,future_y13,future_x14,future_y14,future_x15,future_y15,future_x16,future_y16,future_x17,future_y17,future_x18,future_y18,future_x19,future_y19,future_x20,future_y20
73.01853845669876,215.98873136488913,69.35310768714535,221.85464678921508,65.68767691759192,227.72056221354103,62.02224614803852,233.58647763786695,58.356815378485095,239.45239306219293,54.69138460893167,245.31830848651884,51.025953839378275,251.18422391084476,47.360523069824836,257.05013933517074,43.695092300271426,262.91605475949666,40.029661530718016,268.78197018382264,36.36423076116459,274.64788560814856,32.69879999161118,280.5138010324745,29.033369222057757,286.37971645680045,25.367938452504333,292.2456318811264,21.70250768295091,298.11154730545235,18.037076913397527,303.97746272977827,14.371646143844103,309.8433781541042,10.706215374290693,315.70929357843016,7.040784604737269,321.5752090027561,3.3753538351838444,327.44112442708206
