future_x1,future_y1,future_x2,future_y2,future_x3,future_y3,future_x4,future_y4,future_x5,future_y5,future_x6,future_y6,future_x7,future_y7,future_x8,future_y8,future_x9,future_y9,future_x10,future_y10,future_x11,future_y11,future_x12,future_y12,future_x13,future_y13,future_x14,future_y14,future_x15,future_y15,future_x16,future_y16,future_x17,future_y17,future_x18,future_y18,future_x19,future_y19,future_x20,future_y20
143.3014688320609,41.22105799927692,144.32156675419827,35.43579519922871,145.34166467633568,29.650532399180506,146.36176259847306,23.865269599132304,147.38186052061047,18.08000679908409,148.40195844274785,12.294743999035887,149.42205636488524,6.509481198987686,150.44215428702265,0.7242183989394846,151.46225220916003,-5.061044401108745,152.48235013129744,-10.846307201156947,153.50244805343482,-16.631570001205148,154.5225459755722,-22.41683280125335,155.5426438977096,-28.20209560130155,156.562741819847,-33.98735840134975,157.5828397419844,-39.77262120139798,158.60293766412178,-45.557884001446155,159.62303558625916,-51.343146801494356,160.64313350839657,-57.128409601542586,161.66323143053395,-62.91367240159076,162.68332935267136,-68.69893520163899
