future_x1,future_y1,future_x2,future_y2,future_x3,future_y3,future_x4,future_y4,future_x5,future_y5,future_x6,future_y6,future_x7,future_y7,future_x8,future_y8,future_x9,future_y9,future_x10,future_y10,future_x11,future_y11,future_x12,future_y12,future_x13,future_y13,future_x14,future_y14,future_x15,future_y15,future_x16,future_y16,future_x17,future_y17,future_x18,future_y18,future_x19,future_y19,future_x20,future_y20
136.16668535076968,34.65435930049877,136.711131040821,28.43131658719868,137.25557673087232,22.20827387389859,137.80002242092363,15.985231160598502,138.34446811097493,9.762188447298442,138.88891380102623,3.5391457339983674,139.43335949107757,-2.6838969793017213,139.97780518112887,-8.90693969260181,140.52225087118018,-15.129982405901899,141.0666965612315,-21.353025119201988,141.6111422512828,-27.576067832502048,142.15558794133412,-33.79911054580214,142.70003363138542,-40.022153259102225,143.24447932143676,-46.245195972402314,143.78892501148806,-52.468238685702374,144.33337070153937,-58.69128139900246,144.87781639159067,-64.91432411230252,145.422262081642,-71.13736682560264,145.9667077716933,-77.36040953890273,146.5111534617446,-83.58345225220282
