future_x1,future_y1,future_x2,future_y2,future_x3,future_y3,future_x4,future_y4,future_x5,future_y5,future_x6,future_y6,future_x7,future_y7,future_x8,future_y8,future_x9,future_y9,future_x10,future_y10,future_x11,future_y11,future_x12,future_y12,future_x13,future_y13,future_x14,future_y14,future_x15,future_y15,future_x16,future_y16,future_x17,future_y17,future_x18,future_y18,future_x19,future_y19,future_x20,future_y20
241.28341860346842,164.8080139608642,248.83564651036633,167.26188155825514,256.38787441726424,169.7157491556461,263.9401023241621,172.16961675303705,271.49233023106,174.623484350428,279.0445581379579,177.07735194781895,286.59678604485583,179.5312195452099,294.1490139517537,181.98508714260083,301.7012418586516,184.43895473999177,309.2534697655495,186.8928223373827,316.80569767244737,189.34668993477368,324.3579255793453,191.80055753216462,331.9101534862432,194.25442512955556,339.4623813931411,196.70829272694652,347.014609300039,199.16216032433746,354.56683720693684,201.6160279217284,362.1190651138348,204.06989551911934,369.67129302073266,206.5237631165103,377.22352092763055,208.97763071390125,384.7757488345285,211.43149831129222
