future_x1,future_y1,future_x2,future_y2,future_x3,future_y3,future_x4,future_y4,future_x5,future_y5,future_x6,future_y6,future_x7,future_y7,future_x8,future_y8,future_x9,future_y9,future_x10,future_y10,future_x11,future_y11,future_x12,future_y12,future_x13,future_y13,future_x14,future_y14,future_x15,future_y15,future_x16,future_y16,future_x17,future_y17,future_x18,future_y18,future_x19,future_y19,future_x20,future_y20
25.10031771677697,169.57417027252774,18.240338897895455,172.3457816240296,11.380360079013911,175.11739297553143,4.520381260132382,177.8890043270333,-2.339597558749176,180.66061567853512,-9.199576377630677,183.43222703003698,-16.059555196512235,186.20383838153884,-22.919534015393765,188.97544973304068,-29.779512834275295,191.74706108454254,-36.63949165315685,194.51867243604437,-43.499470472038354,197.29028378754623,-50.35944929091988,200.0618951390481,-57.21942810980141,202.83350649054992,-64.07940692868297,205.60511784205178,-70.9393857475645,208.37672919355364,-77.79936456644606,211.14834054505548,-84.65934338532756,213.9199518965573,-91.51932220420909,216.69156324805917,-98.37930102309065,219.46317459956103,-105.23927984197218,222.23478595106286
