future_x1,future_y1,future_x2,future_y2,future_x3,future_y3,future_x4,future_y4,future_x5,future_y5,future_x6,future_y6,future_x7,future_y7,future_x8,future_y8,future_x9,future_y9,future_x10,future_y10,future_x11,future_y11,future_x12,future_y12,future_x13,future_y13,future_x14,future_y14,future_x15,future_y15,future_x16,future_y16,future_x17,future_y17,future_x18,future_y18,future_x19,future_y19,future_x20,future_y20
22.203327652295485,111.24345326201184,15.150216162448515,110.12635014614597,8.097104672601517,109.00924703028008,1.0439931827545763,107.8921439144142,-6.009118307092422,106.77504079854833,-13.062229796939363,105.65793768268244,-20.115341286786332,104.54083456681657,-27.168452776633302,103.4237314509507,-34.2215642664803,102.30662833508481,-41.27467575632727,101.18952521921894,-48.32778724617418,100.07242210335306,-55.38089873602118,98.95531898748719,-62.43401022586815,97.83821587162132,-69.48712171571512,96.72111275575543,-76.54023320556209,95.60400963988955,-83.59334469540903,94.48690652402368,-90.646456185256,93.3698034081578,-97.69956767510297,92.25270029229192,-104.75267916495,91.13559717642605,-111.80579065479697,90.01849406056016
