future_x1,future_y1,future_x2,future_y2,future_x3,future_y3,future_x4,future_y4,future_x5,future_y5,future_x6,future_y6,future_x7,future_y7,future_x8,future_y8,future_x9,future_y9,future_x10,future_y10,future_x11,future_y11,future_x12,future_y12,future_x13,future_y13,future_x14,future_y14,future_x15,future_y15,future_x16,future_y16,future_x17,future_y17,future_x18,future_y18,future_x19,future_y19,future_x20,future_y20
43.22125158283143,169.34935842088044,37.56933502168684,172.1059823156058,31.91741846054228,174.86260621033114,26.26550189939772,177.6192301050565,20.613585338253117,180.37585399978187,14.96166877710857,183.13247789450725,9.309752215963982,185.8891017892326,3.657835654819408,188.64572568395795,-1.9940809063251663,191.40234957868333,-7.645997467469726,194.15897347340868,-13.297914028614315,196.91559736813406,-18.949830589758847,199.6722212628594,-24.601747150903464,202.42884515758476,-30.253663712048024,205.18546905231014,-35.90558027319261,207.9420929470355,-41.557496834337144,210.69871684176084,-47.20941339548173,213.45534073648622,-52.86132995662632,216.21196463121157,-58.51324651777091,218.96858852593695,-64.16516307891544,221.7252124206623
