future_x1,future_y1,future_x2,future_y2,future_x3,future_y3,future_x4,future_y4,future_x5,future_y5,future_x6,future_y6,future_x7,future_y7,future_x8,future_y8,future_x9,future_y9,future_x10,future_y10,future_x11,future_y11,future_x12,future_y12,future_x13,future_y13,future_x14,future_y14,future_x15,future_y15,future_x16,future_y16,future_x17,future_y17,future_x18,future_y18,future_x19,future_y19,future_x20,future_y20
154.95169026486263,53.95083958115784,156.74846961585348,49.01422888656836,158.54524896684433,44.07761819197887,160.34202831783517,39.141007497389396,162.13880766882602,34.20439680279992,163.93558701981686,29.267786108210444,165.73236637080768,24.33117541362097,167.52914572179853,19.394564719031493,169.32592507278937,14.457954024442003,171.12270442378022,9.521343329852513,172.91948377477104,4.584732635263066,174.71626312576188,-0.3518780593264239,176.51304247675273,-5.288488753915914,178.30982182774358,-10.225099448505375,180.10660117873442,-15.161710143094865,181.90338052972527,-20.098320837684327,183.70015988071611,-25.034931532273788,185.49693923170696,-29.971542226863278,187.2937185826978,-34.90815292145277,189.09049793368865,-39.84476361604226
