future_x1,future_y1,future_x2,future_y2,future_x3,future_y3,future_x4,future_y4,future_x5,future_y5,future_x6,future_y6,future_x7,future_y7,future_x8,future_y8,future_x9,future_y9,future_x10,future_y10,future_x11,future_y11,future_x12,future_y12,future_x13,future_y13,future_x14,future_y14,future_x15,future_y15,future_x16,future_y16,future_x17,future_y17,future_x18,future_y18,future_x19,future_y19,future_x20,future_y20
143.24325361814564,206.41974161767487,144.25947052602203,211.64772439218655,145.2756874338984,216.8757071666982,146.2919043417748,222.10368994120984,147.30812124965118,227.3316727157215,148.32433815752754,232.55965549023315,149.34055506540392,237.78763826474483,150.3567719732803,243.01562103925647,151.3729888811567,248.24360381376815,152.38920578903304,253.4715865882798,153.40542269690943,258.69956936279146,154.4216396047858,263.9275521373031,155.4378565126622,269.15553491181475,156.45407342053858,274.38351768632646,157.47029032841493,279.6115004608381,158.48650723629132,284.83948323534975,159.5027241441677,290.0674660098614,160.51894105204406,295.2954487843731,161.53515795992047,300.52343155888474,162.55137486779682,305.7514143333964
