future_x1,future_y1,future_x2,future_y2,future_x3,future_y3,future_x4,future_y4,future_x5,future_y5,future_x6,future_y6,future_x7,future_y7,future_x8,future_y8,future_x9,future_y9,future_x10,future_y10,future_x11,future_y11,future_x12,future_y12,future_x13,future_y13,future_x14,future_y14,future_x15,future_y15,future_x16,future_y16,future_x17,future_y17,future_x18,future_y18,future_x19,future_y19,future_x20,future_y20
86.9662349038761,196.29165333307083,84.23065056413449,200.84443022194222,81.4950662243929,205.3972071108136,78.75948188465132,209.949983999685,76.02389754490972,214.5027608885564,73.28831320516812,219.05553777742776,70.55272886542653,223.60831466629915,67.81714452568494,228.16109155517054,65.08156018594335,232.71386844404194,62.34597584620175,237.26664533291336,59.61039150646016,241.81942222178472,56.87480716671857,246.3721991106561,54.139222826976976,250.92497599952748,51.40363848723538,255.4777528883989,48.66805414749379,260.03052977727026,45.9324698077522,264.58330666614165,43.196885468010606,269.13608355501304,40.461301128269,273.68886044388444,37.72571678852741,278.24163733275583,34.990132448785815,282.7944142216272
