future_x1,future_y1,future_x2,future_y2,future_x3,future_y3,future_x4,future_y4,future_x5,future_y5,future_x6,future_y6,future_x7,future_y7,future_x8,future_y8,future_x9,future_y9,future_x10,future_y10,future_x11,future_y11,future_x12,future_y12,future_x13,future_y13,future_x14,future_y14,future_x15,future_y15,future_x16,future_y16,future_x17,future_y17,future_x18,future_y18,future_x19,future_y19,future_x20,future_y20
206.27033708695595,88.11927131368822,211.48835955941968,85.4605560679341,216.7063820318834,82.80184082217998,221.92440450434714,80.14312557642586,227.14242697681087,77.48441033067175,232.36044944927457,74.82569508491763,237.5784719217383,72.16697983916352,242.79649439420206,69.5082645934094,248.0145168666658,66.84954934765527,253.23253933912952,64.19083410190115,258.4505618115932,61.53211885614704,263.668584284057,58.87340361039291,268.8866067565207,56.21468836463879,274.10462922898444,53.55597311888468,279.3226517014482,50.89725787313054,284.5406741739119,48.23854262737645,289.7586966463756,45.57982738162232,294.97671911883936,42.9211121358682,300.1947415913031,40.262396890114076,305.4127640637668,37.603681644359966
