future_x1,future_y1,future_x2,future_y2,future_x3,future_y3,future_x4,future_y4,future_x5,future_y5,future_x6,future_y6,future_x7,future_y7,future_x8,future_y8,future_x9,future_y9,future_x10,future_y10,future_x11,future_y11,future_x12,future_y12,future_x13,future_y13,future_x14,future_y14,future_x15,future_y15,future_x16,future_y16,future_x17,future_y17,future_x18,future_y18,future_x19,future_y19,future_x20,future_y20
169.52778402012294,13.903351124722647,172.2963029547978,6.296907866370788,175.06482188947268,-1.3095353919810293,177.8333408241475,-8.915978650332846,180.6018597588224,-16.522421908684663,183.37037869349726,-24.12886516703648,186.13889762817212,-31.735308425388297,188.90741656284698,-39.34175168374014,191.67593549752183,-46.94819494209199,194.44445443219672,-54.554638200443804,197.21297336687155,-62.16108145879562,199.98149230154644,-69.76752471714744,202.7500112362213,-77.37396797549928,205.51853017089616,-84.9804112338511,208.28704910557104,-92.58685449220292,211.05556804024587,-100.1932977505547,213.82408697492073,-107.79974100890655,216.59260590959562,-115.40618426725842,219.36112484427048,-123.01262752561018,222.12964377894534,-130.61907078396206
