future_x1,future_y1,future_x2,future_y2,future_x3,future_y3,future_x4,future_y4,future_x5,future_y5,future_x6,future_y6,future_x7,future_y7,future_x8,future_y8,future_x9,future_y9,future_x10,future_y10,future_x11,future_y11,future_x12,future_y12,future_x13,future_y13,future_x14,future_y14,future_x15,future_y15,future_x16,future_y16,future_x17,future_y17,future_x18,future_y18,future_x19,future_y19,future_x20,future_y20
144.1055419163673,45.14416965477372,145.17924471079178,39.62044763175864,146.25294750521627,34.096725608743526,147.32665029964073,28.573003585728458,148.40035309406522,23.049281562713375,149.47405588848972,17.525559539698293,150.5477586829142,12.00183751668321,151.6214614773387,6.478115493668113,152.6951642717632,0.9543934706530024,153.76886706618765,-4.5693285523620375,154.84256986061214,-10.093050575377134,155.91627265503664,-15.616772598392231,156.98997544946113,-21.1404946214073,158.06367824388562,-26.664216644422424,159.13738103831008,-32.18793866743749,160.21108383273457,-37.71166069045256,161.28478662715906,-43.23538271346766,162.35848942158356,-48.759104736482726,163.43219221600805,-54.28282675949782,164.50589501043254,-59.80654878251295
