future_x1,future_y1,future_x2,future_y2,future_x3,future_y3,future_x4,future_y4,future_x5,future_y5,future_x6,future_y6,future_x7,future_y7,future_x8,future_y8,future_x9,future_y9,future_x10,future_y10,future_x11,future_y11,future_x12,future_y12,future_x13,future_y13,future_x14,future_y14,future_x15,future_y15,future_x16,future_y16,future_x17,future_y17,future_x18,future_y18,future_x19,future_y19,future_x20,future_y20
147.17260484233623,61.13718094678467,148.45077849849199,56.67965967657031,149.72895215464771,52.22213840635595,151.00712581080347,47.764617136141595,152.28529946695923,43.30709586592725,153.56347312311496,38.849574595712895,154.84164677927072,34.39205332549855,156.11982043542648,29.934532055284166,157.3979940915822,25.477010785069822,158.67616774773796,21.01948951485545,159.9543414038937,16.561968244641136,161.23251506004945,12.104446974426764,162.5106887162052,7.646925704212393,163.78886237236094,3.1894044339980354,165.06703602851672,-1.2681168362163078,166.34520968467245,-5.725638106430665,167.62338334082818,-10.183159376645023,168.90155699698394,-14.64068064685938,170.1797306531397,-19.09820191707371,171.45790430929543,-23.555723187288095
