future_x1,future_y1,future_x2,future_y2,future_x3,future_y3,future_x4,future_y4,future_x5,future_y5,future_x6,future_y6,future_x7,future_y7,future_x8,future_y8,future_x9,future_y9,future_x10,future_y10,future_x11,future_y11,future_x12,future_y12,future_x13,future_y13,future_x14,future_y14,future_x15,future_y15,future_x16,future_y16,future_x17,future_y17,future_x18,future_y18,future_x19,future_y19,future_x20,future_y20
17.579875173646926,118.33949085257674,10.218533518556725,117.69545690941519,2.857191863466511,117.05142296625364,-4.504149791623661,116.4073890230921,-11.865491446713918,115.76335507993053,-19.22683310180409,115.11932113676899,-26.58817475689432,114.47528719360743,-33.94951641198452,113.83125325044588,-41.31085806707472,113.18721930728434,-48.67219972216495,112.54318536412278,-56.03354137725512,111.89915142096123,-63.39488303234532,111.25511747779969,-70.75622468743555,110.61108353463814,-78.11756634252575,109.96704959147658,-85.47890799761595,109.32301564831502,-92.84024965270615,108.67898170515349,-100.20159130779635,108.03494776199193,-107.56293296288655,107.39091381883037,-114.92427461797675,106.74687987566882,-122.28561627306698,106.10284593250728
