future_x1,future_y1,future_x2,future_y2,future_x3,future_y3,future_x4,future_y4,future_x5,future_y5,future_x6,future_y6,future_x7,future_y7,future_x8,future_y8,future_x9,future_y9,future_x10,future_y10,future_x11,future_y11,future_x12,future_y12,future_x13,future_y13,future_x14,future_y14,future_x15,future_y15,future_x16,future_y16,future_x17,future_y17,future_x18,future_y18,future_x19,future_y19,future_x20,future_y20
32.10292749307898,122.97424739016753,25.709789325950908,122.6391972161787,19.316651158822836,122.30414704218987,12.923512991694764,121.96909686820104,6.530374824566678,121.6340466942122,0.137236657438649,121.29899652022337,-6.255901509689437,120.96394634623454,-12.649039676817495,120.6288961722457,-19.04217784394558,120.29384599825687,-25.435316011073667,119.95879582426804,-31.828454178201696,119.62374565027922,-38.22159234532975,119.28869547629039,-44.61473051245784,118.95364530230155,-51.007868679585926,118.61859512831272,-57.40100684671398,118.28354495432389,-63.79414501384204,117.94849478033505,-70.18728318097013,117.61344460634622,-76.58042134809818,117.27839443235739,-82.97355951522627,116.94334425836855,-89.36669768235433,116.60829408437972
