future_x1,future_y1,future_x2,future_y2,future_x3,future_y3,future_x4,future_y4,future_x5,future_y5,future_x6,future_y6,future_x7,future_y7,future_x8,future_y8,future_x9,future_y9,future_x10,future_y10,future_x11,future_y11,future_x12,future_y12,future_x13,future_y13,future_x14,future_y14,future_x15,future_y15,future_x16,future_y16,future_x17,future_y17,future_x18,future_y18,future_x19,future_y19,future_x20,future_y20
71.38331435308126,205.92618252141858,67.60886864328667,211.12126135617982,63.83442293349208,216.31634019094105,60.05997722369749,221.5114190257023,56.28553151390291,226.70649786046354,52.51108580410833,231.90157669522475,48.73664009431374,237.096655529986,44.962194384519165,242.29173436474724,41.18774867472459,247.4868131995085,37.41330296493,252.68189203426974,33.63885725513542,257.87697086903097,29.864411545340843,263.0720497037922,26.089965835546252,268.26712853855344,22.31552012575166,273.4622073733147,18.541074415957084,278.6572862080759,14.766628706162507,283.85236504283716,10.992182996367916,289.04744387759837,7.217737286573339,294.24252271235963,3.443291576778762,299.43760154712083,-0.3311541330158434,304.6326803818821
