future_x1,future_y1,future_x2,future_y2,future_x3,future_y3,future_x4,future_y4,future_x5,future_y5,future_x6,future_y6,future_x7,future_y7,future_x8,future_y8,future_x9,future_y9,future_x10,future_y10,future_x11,future_y11,future_x12,future_y12,future_x13,future_y13,future_x14,future_y14,future_x15,future_y15,future_x16,future_y16,future_x17,future_y17,future_x18,future_y18,future_x19,future_y19,future_x20,future_y20
154.6554607883485,197.43984941410105,156.43249150757174,202.06917270837445,158.20952222679497,206.69849600264786,159.9865529460182,211.32781929692126,161.76358366524144,215.95714259119467,163.54061438446467,220.58646588546804,165.3176451036879,225.21578917974145,167.09467582291114,229.84511247401485,168.87170654213438,234.47443576828826,170.6487372613576,239.10375906256166,172.42576798058084,243.73308235683504,174.20279869980408,248.36240565110847,175.9798294190273,252.9917289453819,177.75686013825054,257.6210522396553,179.53389085747378,262.2503755339287,181.310921576697,266.8796988282021,183.08795229592025,271.50902212247547,184.86498301514348,276.1383454167489,186.6420137343667,280.76766871102234,188.41904445358995,285.3969920052957
