future_x1,future_y1,future_x2,future_y2,future_x3,future_y3,future_x4,future_y4,future_x5,future_y5,future_x6,future_y6,future_x7,future_y7,future_x8,future_y8,future_x9,future_y9,future_x10,future_y10,future_x11,future_y11,future_x12,future_y12,future_x13,future_y13,future_x14,future_y14,future_x15,future_y15,future_x16,future_y16,future_x17,future_y17,future_x18,future_y18,future_x19,future_y19,future_x20,future_y20
146.002961343266,241.66622444968144,147.2031587661504,249.24397274632685,148.4033561890348,256.8217210429723,149.6035536119192,264.3994693396177,150.8037510348036,271.97721763626316,152.003948457688,279.55496593290854,153.2041458805724,287.132714229554,154.40434330345684,294.7104625261994,155.60454072634124,302.28821082284486,156.80473814922564,309.8659591194903,158.00493557211004,317.4437074161357,159.20513299499444,325.0214557127812,160.40533041787882,332.59920400942656,161.60552784076324,340.176952306072,162.80572526364764,347.75470060271743,164.00592268653202,355.3324488993629,165.20612010941645,362.9101971960083,166.40631753230085,370.4879454926537,167.60651495518525,378.06569378929913,168.80671237806965,385.64344208594457
