future_x1,future_y1,future_x2,future_y2,future_x3,future_y3,future_x4,future_y4,future_x5,future_y5,future_x6,future_y6,future_x7,future_y7,future_x8,future_y8,future_x9,future_y9,future_x10,future_y10,future_x11,future_y11,future_x12,future_y12,future_x13,future_y13,future_x14,future_y14,future_x15,future_y15,future_x16,future_y16,future_x17,future_y17,future_x18,future_y18,future_x19,future_y19,future_x20,future_y20
68.52806531306462,194.0502749444166,64.56326966726893,198.4536266073777,60.59847402147322,202.85697827033883,56.63367837567753,207.26032993329994,52.668882729881844,211.66368159626103,48.704087084086154,216.06703325922214,44.73929143829045,220.47038492218326,40.774495792494776,224.87373658514437,36.80970014669906,229.27708824810549,32.84490450090337,233.68043991106657,28.880108855107693,238.08379157402769,24.91531320931199,242.4871432369888,20.950517563516314,246.8904948999499,16.985721917720596,251.29384656291103,13.020926271924921,255.6971982258721,9.056130626129217,260.1005498888332,5.091334980333542,264.50390155179434,1.1265393345378527,268.9072532147554,-2.838256311257851,273.31060487771657,-6.803051957053555,277.71395654067766
