future_x1,future_y1,future_x2,future_y2,future_x3,future_y3,future_x4,future_y4,future_x5,future_y5,future_x6,future_y6,future_x7,future_y7,future_x8,future_y8,future_x9,future_y9,future_x10,future_y10,future_x11,future_y11,future_x12,future_y12,future_x13,future_y13,future_x14,future_y14,future_x15,future_y15,future_x16,future_y16,future_x17,future_y17,future_x18,future_y18,future_x19,future_y19,future_x20,future_y20
215.07552072001238,40.924479279987324,220.88055543467988,35.11944456531981,226.68559014934738,29.31440985065231,232.49062486401485,23.50937513598481,238.29565957868238,17.704340421317255,244.10069429334985,11.899305706649784,249.90572900801732,6.094270991982256,255.71076372268482,0.28923627731474255,261.5157984373523,-5.515798437352771,267.3208331520198,-11.320833152020299,273.1258678666873,-17.12586786668777,278.9309025813548,-22.93090258135527,284.73593729602226,-28.735937296022797,290.54097201068976,-34.540972010690325,296.34600672535726,-40.346006725357825,302.15104144002476,-46.15104144002535,307.95607615469225,-51.95607615469288,313.76111086935975,-57.76111086936038,319.56614558402725,-63.56614558402788,325.37118029869475,-69.37118029869538
