future_x1,future_y1,future_x2,future_y2,future_x3,future_y3,future_x4,future_y4,future_x5,future_y5,future_x6,future_y6,future_x7,future_y7,future_x8,future_y8,future_x9,future_y9,future_x10,future_y10,future_x11,future_y11,future_x12,future_y12,future_x13,future_y13,future_x14,future_y14,future_x15,future_y15,future_x16,future_y16,future_x17,future_y17,future_x18,future_y18,future_x19,future_y19,future_x20,future_y20
63.894000724359145,207.16431622232662,59.620267439316436,212.44193730381505,55.3465341542737,217.71955838530351,51.07280086923099,222.99717946679192,46.79906758418825,228.27480054828038,42.52533429914554,233.55242162976882,38.25160101410282,238.83004271125725,33.97786772906008,244.10766379274568,29.704134444017356,249.38528487423417,25.430401158974632,254.66290595572258,21.156667873931923,259.94052703721104,16.8829345888892,265.21814811869945,12.609201303846476,270.4957692001879,8.335468018803752,275.77339028167637,4.061734733761028,281.0510113631648,-0.21199855128170952,286.32863244465324,-4.485731836324419,291.60625352614164,-8.759465121367128,296.8838746076301,-13.033198406409895,302.16149568911857,-17.306931691452604,307.43911677060703
