future_x1,future_y1,future_x2,future_y2,future_x3,future_y3,future_x4,future_y4,future_x5,future_y5,future_x6,future_y6,future_x7,future_y7,future_x8,future_y8,future_x9,future_y9,future_x10,future_y10,future_x11,future_y11,future_x12,future_y12,future_x13,future_y13,future_x14,future_y14,future_x15,future_y15,future_x16,future_y16,future_x17,future_y17,future_x18,future_y18,future_x19,future_y19,future_x20,future_y20
92.0645563322255,192.82925648352986,89.6688600877072,197.1512069157652,87.2731638431889,201.4731573480005,84.8774675986706,205.79510778023584,82.4817713541523,210.11705821247116,80.08607510963401,214.4390086447065,77.6903788651157,218.76095907694182,75.2946826205974,223.08290950917714,72.8989863760791,227.40485994141247,70.5032901315608,231.7268103736478,68.1075938870425,236.0487608058831,65.7118976425242,240.37071123811842,63.316201398005916,244.69266167035374,60.920505153487596,249.0146121025891,58.524808908969305,253.3365625348244,56.129112664451,257.6585129670597,53.733416419932695,261.98046339929505,51.337720175414404,266.3024138315304,48.9420239308961,270.6243642637657,46.54632768637779,274.946314696001
