future_x1,future_y1,future_x2,future_y2,future_x3,future_y3,future_x4,future_y4,future_x5,future_y5,future_x6,future_y6,future_x7,future_y7,future_x8,future_y8,future_x9,future_y9,future_x10,future_y10,future_x11,future_y11,future_x12,future_y12,future_x13,future_y13,future_x14,future_y14,future_x15,future_y15,future_x16,future_y16,future_x17,future_y17,future_x18,future_y18,future_x19,future_y19,future_x20,future_y20
70.45674801531706,68.4122182157701,66.62053121633821,64.43969943015477,62.78431441735934,60.46718064453944,58.94809761838049,56.49466185892412,55.11188081940162,52.5221430733088,51.27566402042275,48.54962428769346,47.439447221443885,44.577105502078126,43.60323042246503,40.604586716462805,39.767013623486164,36.632067930847484,35.9307968245073,32.65954914523215,32.09458002552846,28.68703035961684,28.25836322654959,24.71451157400152,24.422146427570738,20.741992788386185,20.585929628591856,16.769474002770863,16.74971282961299,12.7969552171555,12.913496030634136,8.824436431540192,9.077279231655282,4.851917645924871,5.241062432676401,0.8793988603095357,1.4048456336975477,-3.0931199253057855,-2.4313711652813197,-7.065638710921121
