future_x1,future_y1,future_x2,future_y2,future_x3,future_y3,future_x4,future_y4,future_x5,future_y5,future_x6,future_y6,future_x7,future_y7,future_x8,future_y8,future_x9,future_y9,future_x10,future_y10,future_x11,future_y11,future_x12,future_y12,future_x13,future_y13,future_x14,future_y14,future_x15,future_y15,future_x16,future_y16,future_x17,future_y17,future_x18,future_y18,future_x19,future_y19,future_x20,future_y20
72.4564703113551,56.90752395255129,68.75356833211211,52.168025549388034,65.0506663528691,47.428527146224766,61.34776437362612,42.68902874306153,57.64486239438311,37.949530339898274,53.94196041514013,33.210031936735035,50.239058435897135,28.470533533571796,46.53615645665414,23.731035130408557,42.833254477411145,18.99153672724529,39.13035249816815,14.252038324082037,35.427450518925156,9.512539920918783,31.72454853968216,4.7730415177555585,28.021646560439166,0.03354311459229109,24.31874458119617,-4.705955288570948,20.61584260195316,-9.445453691734201,16.912940622710195,-14.184952094897426,13.210038643467186,-18.924450498060708,9.507136664224205,-23.663948901223932,5.804234684981196,-28.403447304387186,2.1013327057382014,-33.14294570755047
