future_x1,future_y1,future_x2,future_y2,future_x3,future_y3,future_x4,future_y4,future_x5,future_y5,future_x6,future_y6,future_x7,future_y7,future_x8,future_y8,future_x9,future_y9,future_x10,future_y10,future_x11,future_y11,future_x12,future_y12,future_x13,future_y13,future_x14,future_y14,future_x15,future_y15,future_x16,future_y16,future_x17,future_y17,future_x18,future_y18,future_x19,future_y19,future_x20,future_y20
67.07191891131625,69.16243602212296,63.010046838737324,65.23993175693116,58.9481747661584,61.31742749173935,54.886302693579495,57.39492322654755,50.82443062100057,53.47241896135574,46.76255854842165,49.54991469616394,42.70068647584273,45.627410430972134,38.63881440326381,41.70490616578033,34.576942330684886,37.782401900588525,30.515070258105965,33.85989763539672,26.45319818552707,29.93739337020493,22.39132611294815,26.014889105013125,18.329454040369228,22.092384839821335,14.267581967790306,18.169880574629516,10.205709895211385,14.247376309437712,6.1438378226324915,10.324872044245922,2.0819657500535698,6.402367779054117,-1.979906322525352,2.4798635138622984,-6.041778395104274,-1.4426407513294919,-10.103650467683195,-5.365145016521296
