future_x1,future_y1,future_x2,future_y2,future_x3,future_y3,future_x4,future_y4,future_x5,future_y5,future_x6,future_y6,future_x7,future_y7,future_x8,future_y8,future_x9,future_y9,future_x10,future_y10,future_x11,future_y11,future_x12,future_y12,future_x13,future_y13,future_x14,future_y14,future_x15,future_y15,future_x16,future_y16,future_x17,future_y17,future_x18,future_y18,future_x19,future_y19,future_x20,future_y20
143.15292948563754,251.41070712970287,144.16312478468004,259.6380876050164,145.17332008372253,267.86546808032995,146.18351538276505,276.09284855564346,147.19371068180754,284.32022903095697,148.20390598085004,292.5476095062705,149.21410127989253,300.774989981584,150.22429657893505,309.00237045689755,151.23449187797755,317.22975093221106,152.24468717702004,325.45713140752457,153.25488247606256,333.68451188283814,154.26507777510506,341.91189235815165,155.27527307414755,350.13927283346516,156.28546837319007,358.36665330877867,157.29566367223256,366.59403378409223,158.30585897127506,374.82141425940574,159.31605427031755,383.04879473471925,160.32624956936007,391.2761752100328,161.33644486840257,399.5035556853463,162.34664016744506,407.73093616065984
