future_x1,future_y1,future_x2,future_y2,future_x3,future_y3,future_x4,future_y4,future_x5,future_y5,future_x6,future_y6,future_x7,future_y7,future_x8,future_y8,future_x9,future_y9,future_x10,future_y10,future_x11,future_y11,future_x12,future_y12,future_x13,future_y13,future_x14,future_y14,future_x15,future_y15,future_x16,future_y16,future_x17,future_y17,future_x18,future_y18,future_x19,future_y19,future_x20,future_y20
200.0308034450348,116.59144151023035,204.8328570080371,115.8308709442457,209.63491057103943,115.07030037826107,214.43696413404174,114.30972981227642,219.23901769704406,113.54915924629178,224.04107126004635,112.78858868030714,228.8431248230487,112.02801811432249,233.645178386051,111.26744754833786,238.44723194905333,110.5068769823532,243.24928551205568,109.74630641636855,248.05133907505797,108.98573585038392,252.85339263806028,108.22516528439928,257.6554462010626,107.46459471841463,262.4574997640649,106.70402415243,267.25955332706724,105.94345358644534,272.0616068900696,105.18288302046071,276.8636604530719,104.42231245447607,281.6657140160742,103.66174188849142,286.4677675790765,102.90117132250677,291.26982114207885,102.14060075652213
