future_x1,future_y1,future_x2,future_y2,future_x3,future_y3,future_x4,future_y4,future_x5,future_y5,future_x6,future_y6,future_x7,future_y7,future_x8,future_y8,future_x9,future_y9,future_x10,future_y10,future_x11,future_y11,future_x12,future_y12,future_x13,future_y13,future_x14,future_y14,future_x15,future_y15,future_x16,future_y16,future_x17,future_y17,future_x18,future_y18,future_x19,future_y19,future_x20,future_y20
199.5533938691486,106.12393213170421,204.32362012709186,104.66552760715115,209.0938463850351,103.2071230825981,213.86407264297833,101.74871855804506,218.63429890092158,100.290314033492,223.40452515886483,98.83190950893894,228.17475141680805,97.37350498438589,232.9449776747513,95.91510045983284,237.71520393269458,94.45669593527978,242.4854301906378,92.99829141072672,247.25565644858102,91.53988688617368,252.02588270652427,90.08148236162063,256.7961089644675,88.62307783706757,261.56633522241077,87.16467331251451,266.336561480354,85.70626878796146,271.1067877382972,84.24786426340842,275.87701399624046,82.78945973885536,280.6472402541837,81.33105521430231,285.41746651212696,79.87265068974925,290.1876927700702,78.4142461651962
