future_x1,future_y1,future_x2,future_y2,future_x3,future_y3,future_x4,future_y4,future_x5,future_y5,future_x6,future_y6,future_x7,future_y7,future_x8,future_y8,future_x9,future_y9,future_x10,future_y10,future_x11,future_y11,future_x12,future_y12,future_x13,future_y13,future_x14,future_y14,future_x15,future_y15,future_x16,future_y16,future_x17,future_y17,future_x18,future_y18,future_x19,future_y19,future_x20,future_y20
22.839541817496936,193.71154735098884,15.828844605330048,198.09231717438809,8.818147393163173,202.47308699778733,1.8074501809963124,206.85385682118658,-5.2032470311705765,211.23462664458586,-12.213944243337437,215.6153964679851,-19.224641455504297,219.99616629138436,-26.235338667671186,224.37693611478363,-33.246035879838075,228.75770593818288,-40.256733092004936,233.13847576158213,-47.267430304171796,237.51924558498138,-54.27812751633866,241.90001540838065,-61.28882472850552,246.2807852317799,-68.29952194067243,250.66155505517918,-75.3102191528393,255.04232487857843,-82.32091636500613,259.4230947019777,-89.33161357717299,263.8038645253769,-96.3423107893399,268.18463434877617,-103.35300800150677,272.5654041721754,-110.36370521367365,276.94617399557467
