future_x1,future_y1,future_x2,future_y2,future_x3,future_y3,future_x4,future_y4,future_x5,future_y5,future_x6,future_y6,future_x7,future_y7,future_x8,future_y8,future_x9,future_y9,future_x10,future_y10,future_x11,future_y11,future_x12,future_y12,future_x13,future_y13,future_x14,future_y14,future_x15,future_y15,future_x16,future_y16,future_x17,future_y17,future_x18,future_y18,future_x19,future_y19,future_x20,future_y20
162.4947990333394,7.70233961374268,164.7944523022287,-0.3175044120078496,167.094105571118,-8.337348437758322,169.3937588400073,-16.357192463508824,171.6934121088966,-24.377036489259297,173.9930653777859,-32.3968805150098,176.2927186466752,-40.4167245407603,178.5923719155645,-48.43656856651077,180.8920251844538,-56.4564125922613,183.1916784533431,-64.47625661801177,185.4913317222324,-72.49610064376225,187.79098499112166,-80.51594466951275,190.09063826001096,-88.53578869526322,192.39029152890026,-96.55563272101372,194.68994479778956,-104.57547674676425,196.98959806667884,-112.59532077251464,199.28925133556817,-120.6151647982652,201.58890460445744,-128.6350088240157,203.88855787334674,-136.65485284976614,206.18821114223604,-144.67469687551664
