future_x1,future_y1,future_x2,future_y2,future_x3,future_y3,future_x4,future_y4,future_x5,future_y5,future_x6,future_y6,future_x7,future_y7,future_x8,future_y8,future_x9,future_y9,future_x10,future_y10,future_x11,future_y11,future_x12,future_y12,future_x13,future_y13,future_x14,future_y14,future_x15,future_y15,future_x16,future_y16,future_x17,future_y17,future_x18,future_y18,future_x19,future_y19,future_x20,future_y20
183.67340643961788,174.7155348098654,187.38496686892574,177.82990379718973,191.09652729823358,180.9442727845141,194.80808772754145,184.05864177183847,198.5196481568493,187.17301075916282,202.23120858615715,190.28737974648718,205.94276901546502,193.40174873381153,209.65432944477288,196.5161177211359,213.36588987408075,199.63048670846027,217.07745030338862,202.74485569578462,220.78901073269645,205.85922468310898,224.50057116200432,208.97359367043333,228.2121315913122,212.0879626577577,231.92369202062002,215.20233164508207,235.6352524499279,218.31670063240642,239.34681287923576,221.43106961973078,243.0583733085436,224.54543860705513,246.76993373785146,227.6598075943795,250.48149416715933,230.77417658170387,254.1930545964672,233.88854556902822
