future_x1,future_y1,future_x2,future_y2,future_x3,future_y3,future_x4,future_y4,future_x5,future_y5,future_x6,future_y6,future_x7,future_y7,future_x8,future_y8,future_x9,future_y9,future_x10,future_y10,future_x11,future_y11,future_x12,future_y12,future_x13,future_y13,future_x14,future_y14,future_x15,future_y15,future_x16,future_y16,future_x17,future_y17,future_x18,future_y18,future_x19,future_y19,future_x20,future_y20
206.7633111318823,143.3100367665238,212.01419854067444,144.33070588429206,217.2650859494666,145.3513750020603,222.51597335825875,146.37204411982856,227.7668607670509,147.3927132375968,233.01774817584302,148.41338235536506,238.2686355846352,149.4340514731333,243.51952299342733,150.45472059090156,248.7704104022195,151.4753897086698,254.02129781101166,152.4960588264381,259.27218521980376,153.5167279442063,264.52307262859597,154.5373970619746,269.7739600373881,155.55806617974284,275.0248474461803,156.5787352975111,280.2757348549724,157.59940441527934,285.5266222637646,158.6200735330476,290.7775096725567,159.64074265081584,296.0283970813489,160.6614117685841,301.27928449014104,161.68208088635237,306.5301718989332,162.70275000412062
