future_x1,future_y1,future_x2,future_y2,future_x3,future_y3,future_x4,future_y4,future_x5,future_y5,future_x6,future_y6,future_x7,future_y7,future_x8,future_y8,future_x9,future_y9,future_x10,future_y10,future_x11,future_y11,future_x12,future_y12,future_x13,future_y13,future_x14,future_y14,future_x15,future_y15,future_x16,future_y16,future_x17,future_y17,future_x18,future_y18,future_x19,future_y19,future_x20,future_y20
202.48455255931302,84.99632352941167,207.45018939660054,82.12941176470576,212.41582623388808,79.26249999999987,217.38146307117563,76.395588235294,222.34709990846318,73.5286764705881,227.3127367457507,70.66176470588222,232.27837358303822,67.79485294117633,237.24401042032576,64.92794117647043,242.2096472576133,62.06102941176455,247.17528409490086,59.19411764705865,252.14092093218835,56.327205882352786,257.1065577694759,53.46029411764688,262.07219460676345,50.59338235294099,267.037831444051,47.7264705882351,272.0034682813385,44.85955882352921,276.96910511862603,41.99264705882334,281.9347419559135,39.12573529411745,286.90037879320107,36.25882352941154,291.8660156304886,33.39191176470567,296.83165246777617,30.524999999999764
