future_x1,future_y1,future_x2,future_y2,future_x3,future_y3,future_x4,future_y4,future_x5,future_y5,future_x6,future_y6,future_x7,future_y7,future_x8,future_y8,future_x9,future_y9,future_x10,future_y10,future_x11,future_y11,future_x12,future_y12,future_x13,future_y13,future_x14,future_y14,future_x15,future_y15,future_x16,future_y16,future_x17,future_y17,future_x18,future_y18,future_x19,future_y19,future_x20,future_y20
186.20869188128432,214.29793461137655,190.08927134003662,220.051130252135,193.9698507987889,225.80432589289344,197.8504302575412,231.55752153365188,201.7310097162935,237.3107171744103,205.61158917504576,243.06391281516875,209.49216863379806,248.8171084559272,213.37274809255035,254.57030409668565,217.25332755130265,260.3234997374441,221.13390701005494,266.0766953782025,225.0144864688072,271.82989101896095,228.89506592755953,277.58308665971936,232.7756453863118,283.3362823004778,236.6562248450641,289.0894779412363,240.53680430381638,294.8426735819947,244.41738376256865,300.5958692227531,248.29796322132094,306.34906486351156,252.17854268007324,312.10226050427,256.05912213882556,317.8554561450284,259.9397015975778,323.6086517857869
