future_x1,future_y1,future_x2,future_y2,future_x3,future_y3,future_x4,future_y4,future_x5,future_y5,future_x6,future_y6,future_x7,future_y7,future_x8,future_y8,future_x9,future_y9,future_x10,future_y10,future_x11,future_y11,future_x12,future_y12,future_x13,future_y13,future_x14,future_y14,future_x15,future_y15,future_x16,future_y16,future_x17,future_y17,future_x18,future_y18,future_x19,future_y19,future_x20,future_y20
248.87749660423765,134.33492116232136,256.9359963778535,134.75724923980945,264.9944961514693,135.17957731729754,273.05299592508516,135.60190539478563,281.111495698701,136.02423347227372,289.1699954723168,136.4465615497618,297.22849524593266,136.8688896272499,305.28699501954856,137.29121770473802,313.3454947931644,137.7135457822261,321.4039945667803,138.1358738597142,329.46249434039606,138.55820193720228,337.5209941140119,138.98053001469037,345.57949388762773,139.40285809217846,353.6379936612436,139.82518616966655,361.69649343485946,140.24751424715464,369.7549932084753,140.66984232464273,377.81349298209113,141.09217040213082,385.87199275570697,141.5144984796189,393.9304925293228,141.936826557107,401.9889923029387,142.3591546345951
