future_x1,future_y1,future_x2,future_y2,future_x3,future_y3,future_x4,future_y4,future_x5,future_y5,future_x6,future_y6,future_x7,future_y7,future_x8,future_y8,future_x9,future_y9,future_x10,future_y10,future_x11,future_y11,future_x12,future_y12,future_x13,future_y13,future_x14,future_y14,future_x15,future_y15,future_x16,future_y16,future_x17,future_y17,future_x18,future_y18,future_x19,future_y19,future_x20,future_y20
155.1641451967148,64.00528427273906,156.97508820982912,59.738969890921666,158.78603122294342,55.47265550910427,160.59697423605775,51.20634112728689,162.40791724917207,46.94002674546948,164.2188602622864,42.6737123636521,166.0298032754007,38.40739798183469,167.84074628851502,34.141083600017296,169.65168930162935,29.8747692181999,171.46263231474367,25.608454836382492,173.273575327858,21.342140454565126,175.0845183409723,17.07582607274773,176.89546135408662,12.809511690930321,178.70640436720095,8.543197309112927,180.51734738031527,4.2768829272955315,182.3282903934296,0.01056854547812236,184.1392334065439,-4.255745836339258,185.95017641965822,-8.522060218156668,187.76111943277255,-12.788374599974048,189.57206244588687,-17.054688981791458
