future_x1,future_y1,future_x2,future_y2,future_x3,future_y3,future_x4,future_y4,future_x5,future_y5,future_x6,future_y6,future_x7,future_y7,future_x8,future_y8,future_x9,future_y9,future_x10,future_y10,future_x11,future_y11,future_x12,future_y12,future_x13,future_y13,future_x14,future_y14,future_x15,future_y15,future_x16,future_y16,future_x17,future_y17,future_x18,future_y18,future_x19,future_y19,future_x20,future_y20
40.772512562301586,180.41156209803486,34.957346733121696,183.90566623790383,29.142180903941778,187.39977037777285,23.327015074761903,190.89387451764182,17.511849245582013,194.3879786575108,11.696683416402124,197.8820827973798,5.88151758722222,201.3761869372488,0.06635175804231608,204.8702910771178,-5.748814071137588,208.3643952169868,-11.563979900317491,211.8584993568558,-17.37914572949734,215.35260349672475,-23.19431155867727,218.84670763659375,-29.009477387857146,222.34081177646274,-34.82464321703705,225.83491591633174,-40.63980904621695,229.32902005620073,-46.45497487539683,232.82312419606973,-52.270140704576704,236.3172283359387,-58.08530653375661,239.81133247580766,-63.90047236293651,243.30543661567668,-69.71563819211644,246.7995407555457
