future_x1,future_y1,future_x2,future_y2,future_x3,future_y3,future_x4,future_y4,future_x5,future_y5,future_x6,future_y6,future_x7,future_y7,future_x8,future_y8,future_x9,future_y9,future_x10,future_y10,future_x11,future_y11,future_x12,future_y12,future_x13,future_y13,future_x14,future_y14,future_x15,future_y15,future_x16,future_y16,future_x17,future_y17,future_x18,future_y18,future_x19,future_y19,future_x20,future_y20
121.63921871812329,6.629062919765971,121.21516663266483,-1.4623328855829527,120.79111454720639,-9.553728690931905,120.36706246174793,-17.64512449628083,119.9430103762895,-25.736520301629753,119.51895829083105,-33.82791610697868,119.0949062053726,-41.91931191232763,118.67085411991415,-50.01070771767655,118.2468020344557,-58.102103523025505,117.82274994899726,-66.19349932837446,117.3986978635388,-74.28489513372335,116.97464577808036,-82.37629093907236,116.5505936926219,-90.46768674442129,116.12654160716346,-98.55908254977015,115.70248952170502,-106.65047835511913,115.27843743624656,-114.74187416046806,114.85438535078812,-122.83326996581701,114.43033326532966,-130.9246657711659,114.00628117987122,-139.01606157651486,113.58222909441277,-147.1074573818638
