future_x1,future_y1,future_x2,future_y2,future_x3,future_y3,future_x4,future_y4,future_x5,future_y5,future_x6,future_y6,future_x7,future_y7,future_x8,future_y8,future_x9,future_y9,future_x10,future_y10,future_x11,future_y11,future_x12,future_y12,future_x13,future_y13,future_x14,future_y14,future_x15,future_y15,future_x16,future_y16,future_x17,future_y17,future_x18,future_y18,future_x19,future_y19,future_x20,future_y20
204.76386158525503,93.2249809022589,172.06200141174398,89.9106665683393,142.81539233000836,104.9117397143523,132.58263084850995,133.27171375008217,159.70488294112954,164.47229569011517,186.82713503374913,195.67287763014818,181.18444235224422,224.7208225724357,152.75898551538316,241.2250566330531,119.92887494762907,239.61876325358145,93.25035119787485,220.41843229691057,81.30166482091367,189.7977655475252,87.9248134663779,157.60257583955828,110.99018047798926,134.18495036361244,140.33184573211562,142.18616573294887,167.45409782473521,173.38674767298187,194.7210490168057,203.60043872548468,223.65349322783763,188.0020410421514,239.45238671217518,159.17859046831396,237.0377307386897,126.39802038721861,217.18593723101233,100.20064202906161
