future_x1,future_y1,future_x2,future_y2,future_x3,future_y3,future_x4,future_y4,future_x5,future_y5,future_x6,future_y6,future_x7,future_y7,future_x8,future_y8,future_x9,future_y9,future_x10,future_y10,future_x11,future_y11,future_x12,future_y12,future_x13,future_y13,future_x14,future_y14,future_x15,future_y15,future_x16,future_y16,future_x17,future_y17,future_x18,future_y18,future_x19,future_y19,future_x20,future_y20
174.35284788531135,120.77120538487713,150.929337574344,117.14443104743766,129.2994826481931,126.83791871990839,134.21968612959068,154.94042041594284,140.92587403202992,183.98811152377567,134.47316208658614,205.36051736750045,111.13753592016565,209.5153794354573,89.29427360257056,200.31286789200175,75.9668888353848,180.7119714163285,75.44068791386732,157.01519020087923,87.8848662323845,136.84202105570898,109.29810495612769,126.67897354314363,129.42955191356265,134.1920696246336,136.1357398160019,163.23976073246646,142.8419277184411,192.2874518402993,162.9353246179948,199.87370618448324,184.36159479793628,189.73816112963527,196.83166471976566,169.58098663697976,196.33589032563987,145.88354932547276,183.03368362093605,126.2655569672309
