future_x1,future_y1,future_x2,future_y2,future_x3,future_y3,future_x4,future_y4,future_x5,future_y5,future_x6,future_y6,future_x7,future_y7,future_x8,future_y8,future_x9,future_y9,future_x10,future_y10,future_x11,future_y11,future_x12,future_y12,future_x13,future_y13,future_x14,future_y14,future_x15,future_y15,future_x16,future_y16,future_x17,future_y17,future_x18,future_y18,future_x19,future_y19,future_x20,future_y20
173.2505043565819,31.893708284531755,141.74511515124834,38.616195355230204,118.96040848138638,61.38983194150258,112.2226114075674,92.89195047323616,123.698204805148,122.9933148537532,159.36446052013363,120.1799616982606,198.67856030006914,110.37785571655088,230.87439591018196,113.69072692200088,239.41122020891117,144.75363104070624,229.68425815702437,175.46466473604787,204.82113099776285,195.9489584572785,172.8163640784969,199.61996320240127,143.9608157749159,185.29729887291776,127.53274022004359,157.58629537324884,131.28296067732268,127.18146597091037,170.597060457258,117.3793599892007,209.9111602371935,107.57725400749098,225.40921384635996,83.01711869105473,213.31800303741818,53.15771476919144,186.93382637107757,34.67375948265757
