future_x1,future_y1,future_x2,future_y2,future_x3,future_y3,future_x4,future_y4,future_x5,future_y5,future_x6,future_y6,future_x7,future_y7,future_x8,future_y8,future_x9,future_y9,future_x10,future_y10,future_x11,future_y11,future_x12,future_y12,future_x13,future_y13,future_x14,future_y14,future_x15,future_y15,future_x16,future_y16,future_x17,future_y17,future_x18,future_y18,future_x19,future_y19,future_x20,future_y20
69.72332155056571,100.01499750602665,81.6351588780788,120.5070071406511,102.7750198041625,131.22711009764336,126.34556331330867,128.72834919148406,130.4028140476468,100.53570976158707,133.00108054320637,70.83738782082841,145.6857155672371,52.435097555076084,169.16813054382806,55.658529615761324,187.12243040788775,71.13294216597235,193.77556398857564,93.88267053666281,186.9882732307994,116.59273463943629,168.94295327960418,131.96090809114068,145.4419220343892,135.0456864939002,128.54690940796138,121.748796862129,131.14517590352096,92.05047492137022,133.74344239908055,62.35215298061169,117.04828223128342,48.858726179541435,93.53401156975102,51.84090703235684,75.42179045135958,67.13017691489767,68.53544827217131,89.81040219538835
