future_x1,future_y1,future_x2,future_y2,future_x3,future_y3,future_x4,future_y4,future_x5,future_y5,future_x6,future_y6,future_x7,future_y7,future_x8,future_y8,future_x9,future_y9,future_x10,future_y10,future_x11,future_y11,future_x12,future_y12,future_x13,future_y13,future_x14,future_y14,future_x15,future_y15,future_x16,future_y16,future_x17,future_y17,future_x18,future_y18,future_x19,future_y19,future_x20,future_y20
48.46087651997274,131.3754276866448,67.33317995668189,148.7716164728226,92.63102950766304,153.10866954921954,116.22011856804727,142.99204468749699,123.27355949828963,120.9927637921663,105.22149682624597,94.22948027344806,87.16943415420232,67.46619675472984,97.88547577661943,46.48433313384466,121.99204407330146,37.67158178996989,147.01515999272573,43.384277386150146,164.90885517352694,61.785551637357145,169.9195653611078,86.9586325911796,160.43613965934972,110.80933191532515,139.50789228633096,125.6686617516702,118.1158273062771,113.34611135824672,100.06376463423352,86.5828278395286,81.08066268478223,63.3248260082419,57.70425916425691,73.92364574145435,43.84949867492692,95.53005296419416,43.971260653485814,121.19669269969789
