future_x1,future_y1,future_x2,future_y2,future_x3,future_y3,future_x4,future_y4,future_x5,future_y5,future_x6,future_y6,future_x7,future_y7,future_x8,future_y8,future_x9,future_y9,future_x10,future_y10,future_x11,future_y11,future_x12,future_y12,future_x13,future_y13,future_x14,future_y14,future_x15,future_y15,future_x16,future_y16,future_x17,future_y17,future_x18,future_y18,future_x19,future_y19,future_x20,future_y20
68.9334278367936,158.4951203292251,93.11357583011934,161.42820026427,115.00120770210918,150.74110122286584,127.55854310141352,129.87016826446947,107.00510888239822,109.09611512811898,84.2386485818906,88.59710219919616,76.89130564442196,66.8093740179855,94.03347143797548,49.50536677137208,117.8292125408313,44.304864848446186,140.62721243967746,52.880045050442476,155.0969697501465,72.47363171191478,156.58585808104243,96.7854750484997,144.61513815614674,117.99831029898432,123.26686623990375,123.7382672202068,100.50040593939605,103.23925429128388,77.73394563888843,82.74024136236108,56.322239780394824,87.99972078524277,44.19607018171378,109.12407937310341,45.50638895623476,133.44620057158517,59.831874337434584,153.14551486111202
