future_x1,future_y1,future_x2,future_y2,future_x3,future_y3,future_x4,future_y4,future_x5,future_y5,future_x6,future_y6,future_x7,future_y7,future_x8,future_y8,future_x9,future_y9,future_x10,future_y10,future_x11,future_y11,future_x12,future_y12,future_x13,future_y13,future_x14,future_y14,future_x15,future_y15,future_x16,future_y16,future_x17,future_y17,future_x18,future_y18,future_x19,future_y19,future_x20,future_y20
65.79782165933575,177.35949229422235,93.42857823890598,177.19701075276504,116.52876454901157,162.03566180720236,127.67071375586532,136.75044720889224,106.72655416387067,117.16063794805119,75.76145684090069,101.38313281592671,52.95769752383897,82.45121265615349,63.30137669121467,56.8290852914497,85.91483705930031,40.950907827026256,113.52691434749826,39.92217207798251,137.25918186554875,54.07365920345417,149.48073248707615,78.85507986119993,146.2618314043021,106.29818072881363,128.63748865969134,127.57886803517644,97.87938350016496,112.65277933887276,66.91428617719498,96.87527420674829,41.50945720134118,99.83505259373588,30.889008766328473,125.3437018023855,35.84705237567796,152.52647047996075,54.789371619907996,172.64297243880978
