future_x1,future_y1,future_x2,future_y2,future_x3,future_y3,future_x4,future_y4,future_x5,future_y5,future_x6,future_y6,future_x7,future_y7,future_x8,future_y8,future_x9,future_y9,future_x10,future_y10,future_x11,future_y11,future_x12,future_y12,future_x13,future_y13,future_x14,future_y14,future_x15,future_y15,future_x16,future_y16,future_x17,future_y17,future_x18,future_y18,future_x19,future_y19,future_x20,future_y20
77.11169067010697,205.40225672207166,107.32063565540233,196.26751473582743,127.70559790043374,172.17442065166296,131.71196758765285,140.86990228435548,105.13373101184442,125.19237520280146,65.73548729845847,120.35487914810749,30.61784495199035,111.70292727334805,29.776069687460478,80.15430951149065,46.225062510982795,53.22004688242525,74.67579082323941,39.56062058473567,105.98016688825855,43.56810202070206,130.07253700398155,63.953919897029124,139.20620614147575,94.16318927526044,130.4443213068895,124.48237861840097,93.87708995087701,123.8102334728889,54.47884623749104,118.97273741819492,25.380380289815093,128.36965834718126,22.017594587606894,159.74983585784526,36.25928756336346,187.91360779031444,63.526164957160134,203.80515477200942
