future_x1,future_y1,future_x2,future_y2,future_x3,future_y3,future_x4,future_y4,future_x5,future_y5,future_x6,future_y6,future_x7,future_y7,future_x8,future_y8,future_x9,future_y9,future_x10,future_y10,future_x11,future_y11,future_x12,future_y12,future_x13,future_y13,future_x14,future_y14,future_x15,future_y15,future_x16,future_y16,future_x17,future_y17,future_x18,future_y18,future_x19,future_y19,future_x20,future_y20
66.98306689010886,146.81933431333093,97.86438196560925,148.03101833694103,124.43977277658044,132.25532810768166,115.50243789979305,98.55758875919773,100.31448909357488,62.77702363205805,99.60048959188862,32.16066017764082,127.93346166258718,19.816977882376747,158.42354097373249,24.864636999785716,181.2669039622232,45.68060602218419,189.11846313118738,75.57168859845859,179.45361695360913,104.92666342946725,155.38001384596302,124.30669006466388,126.3509727613774,124.1151352785831,111.16302395515923,88.33457015144342,95.97507514894106,52.554005024303734,69.99947181094058,42.65498800114251,43.753587092476124,58.97299444526941,30.6006402239977,86.93947058439684,34.76984849016446,117.56203581657043,54.920638722169684,140.99426686679533
