future_x1,future_y1,future_x2,future_y2,future_x3,future_y3,future_x4,future_y4,future_x5,future_y5,future_x6,future_y6,future_x7,future_y7,future_x8,future_y8,future_x9,future_y9,future_x10,future_y10,future_x11,future_y11,future_x12,future_y12,future_x13,future_y13,future_x14,future_y14,future_x15,future_y15,future_x16,future_y16,future_x17,future_y17,future_x18,future_y18,future_x19,future_y19,future_x20,future_y20
169.77323920888787,160.1034844283413,167.27171443092797,143.13191304521987,155.94359926724633,130.24914671707853,139.43135201497802,125.59752849251498,127.14756646158197,134.94251404370047,124.5180561579932,156.35815689205552,121.88854585440443,177.77379974041062,106.36719130499567,182.2197829750105,90.57282864258075,175.5242643606501,80.95861073530378,161.31656660701944,80.61590691343956,144.16505310186156,89.6549106523697,129.58464594586164,105.16920780543566,122.26355003927068,122.1703091515369,124.5558009955844,126.39627780341375,141.06126914323048,123.76676749982498,162.4769119915855,124.2270927249242,181.77283713585732,140.83136547997776,186.0844479372771,157.11071533979427,180.6738444987669,167.8306569454182,167.28075996236726
