future_x1,future_y1,future_x2,future_y2,future_x3,future_y3,future_x4,future_y4,future_x5,future_y5,future_x6,future_y6,future_x7,future_y7,future_x8,future_y8,future_x9,future_y9,future_x10,future_y10,future_x11,future_y11,future_x12,future_y12,future_x13,future_y13,future_x14,future_y14,future_x15,future_y15,future_x16,future_y16,future_x17,future_y17,future_x18,future_y18,future_x19,future_y19,future_x20,future_y20
161.91386772182616,120.56028132893158,147.79658540794452,117.09709759904057,134.065746497884,121.86735590470788,131.1827935214664,134.82552273333766,138.9092497419964,151.3949615692784,146.63570596252634,167.96440040521895,135.61981609667623,177.20152061978837,121.16723725024512,178.75531152094356,108.19329293964418,172.20030805014028,100.86964371191895,159.64421536706178,101.55114617908208,145.12433741082302,110.01866906640969,133.3094164365041,123.54955299487177,127.998438975499,133.39035244161784,139.55964811503506,141.11680866214783,156.1290869509757,150.7257665513715,168.2793489698487,164.35576880161278,163.22817681526539,173.04775102336225,151.57739372855363,174.0068808632495,137.0732091107595,166.9247583453873,124.37931915854995
