future_x1,future_y1,future_x2,future_y2,future_x3,future_y3,future_x4,future_y4,future_x5,future_y5,future_x6,future_y6,future_x7,future_y7,future_x8,future_y8,future_x9,future_y9,future_x10,future_y10,future_x11,future_y11,future_x12,future_y12,future_x13,future_y13,future_x14,future_y14,future_x15,future_y15,future_x16,future_y16,future_x17,future_y17,future_x18,future_y18,future_x19,future_y19,future_x20,future_y20
90.60732025146316,81.5461041303235,88.32187967617014,100.5282589784604,96.72594380065583,117.70141091668532,113.11725786695014,127.54368019170151,129.7655602714144,122.87244065456602,137.59451683271357,100.13549984838949,145.4234733940127,77.39855904221305,162.31674045544665,73.34986725606183,178.57958740323187,83.40298868449085,186.76118145721998,100.6832363689886,184.23080120302342,119.63429483734328,171.80206871445003,134.1626137362836,153.47133635213038,139.59673669798127,135.13269392897269,134.18936807938434,132.0024050032142,116.37617185280122,139.83136156451332,93.63923104662479,145.93359913835977,71.59782438586268,129.34366044672447,62.09417374468232,110.25302459233527,63.13967074465556,94.80012184012773,74.39814479013091
