future_x1,future_y1,future_x2,future_y2,future_x3,future_y3,future_x4,future_y4,future_x5,future_y5,future_x6,future_y6,future_x7,future_y7,future_x8,future_y8,future_x9,future_y9,future_x10,future_y10,future_x11,future_y11,future_x12,future_y12,future_x13,future_y13,future_x14,future_y14,future_x15,future_y15,future_x16,future_y16,future_x17,future_y17,future_x18,future_y18,future_x19,future_y19,future_x20,future_y20
155.6876725866143,103.01405535114682,138.76727414345382,110.40573450637349,128.58661061864743,125.80998373844594,142.92729335782363,141.91992625137317,159.91190755777936,157.75833522506,166.315724990018,174.34326274163286,153.41893094906538,187.5572518317743,135.4100908839584,191.6338292833292,118.07979289952496,185.26220657165976,107.00044571276007,170.4911243457613,105.7345184109008,152.0700974396541,114.68905906307438,135.9222491025629,130.79542607214094,130.606776984454,147.78004027209667,146.44518595814083,164.76465447205243,162.28359493182762,181.195903381056,159.8086128542328,191.0581431980528,144.19858306562662,190.8464373607533,125.73532265887363,180.62885806585408,110.35553470319704,163.69078032425392,103.00445814063573
