future_x1,future_y1,future_x2,future_y2,future_x3,future_y3,future_x4,future_y4,future_x5,future_y5,future_x6,future_y6,future_x7,future_y7,future_x8,future_y8,future_x9,future_y9,future_x10,future_y10,future_x11,future_y11,future_x12,future_y12,future_x13,future_y13,future_x14,future_y14,future_x15,future_y15,future_x16,future_y16,future_x17,future_y17,future_x18,future_y18,future_x19,future_y19,future_x20,future_y20
118.62987095834153,87.9140985817495,116.7726923994514,108.25828533598167,126.27680914842617,126.34161499930732,149.6145174858189,120.97701754428658,174.05107550450845,113.03709853587587,193.46050552578853,115.8790385951006,199.26603615136975,135.4655355010334,193.48750694768754,155.06001551793733,177.9829544317677,168.36204161067,157.7377345201917,171.09446134830233,139.26152408141866,162.3786885935301,128.4951901564267,145.01720534162376,132.15983318675507,126.64838826457992,156.59639120544446,118.70846925616925,181.0329492241341,110.7685502477585,187.28857089698863,93.47168074398797,177.41517354422945,75.58730008361329,159.4040016705923,65.94713750049479,139.04639315394286,67.6509046129599,122.88816245501732,80.1507697150703
