future_x1,future_y1,future_x2,future_y2,future_x3,future_y3,future_x4,future_y4,future_x5,future_y5,future_x6,future_y6,future_x7,future_y7,future_x8,future_y8,future_x9,future_y9,future_x10,future_y10,future_x11,future_y11,future_x12,future_y12,future_x13,future_y13,future_x14,future_y14,future_x15,future_y15,future_x16,future_y16,future_x17,future_y17,future_x18,future_y18,future_x19,future_y19,future_x20,future_y20
173.1004449135838,154.5933809677015,171.32886670190848,138.8473273513311,161.2797533257367,126.59612274923013,146.18431102432368,121.77903695236026,130.89634983272197,125.94496259425287,130.4280254125472,143.32994912613938,133.54567228052545,163.01399676105893,130.87285084427225,178.8824713426958,115.31817738032002,181.90386626549423,100.62127262787968,175.98122457893294,91.50780029042109,163.01892093320433,90.90811925392322,147.18487291937782,99.01505181366349,133.57038290610444,113.22188331853943,126.55307341871855,128.20113479256275,129.2699151011969,131.318781660541,148.95396273611638,134.43642852851926,168.63801037103593,145.56056737729287,177.66011665430898,160.7597717299886,173.18117918045516,171.07984278093593,161.15733506332285
