future_x1,future_y1,future_x2,future_y2,future_x3,future_y3,future_x4,future_y4,future_x5,future_y5,future_x6,future_y6,future_x7,future_y7,future_x8,future_y8,future_x9,future_y9,future_x10,future_y10,future_x11,future_y11,future_x12,future_y12,future_x13,future_y13,future_x14,future_y14,future_x15,future_y15,future_x16,future_y16,future_x17,future_y17,future_x18,future_y18,future_x19,future_y19,future_x20,future_y20
127.00399818954457,94.38277707462355,122.14256303993072,110.15052910285968,126.63685645317116,126.02682849703662,145.64459506434468,125.8335161427148,166.2428469642893,123.30436882781258,181.59033385916516,128.04675544865387,183.43801374629834,144.44314635557387,176.07264883904253,159.20820495758437,161.8625090684691,167.59435326527688,145.3767430319302,166.90509719795057,131.91620744007645,157.3620611339782,125.80902209412776,142.03372649227398,130.93155799295573,127.64004993907352,151.52980989290035,125.1109026241713,172.12806179284496,122.58175530926907,180.3363512463318,110.22822206199693,175.5170355539141,94.44754552407069,162.89134445077167,83.82457607547128,146.51896065121434,81.77503845497279,131.6642837797956,88.95794391053711
