future_x1,future_y1,future_x2,future_y2,future_x3,future_y3,future_x4,future_y4,future_x5,future_y5,future_x6,future_y6,future_x7,future_y7,future_x8,future_y8,future_x9,future_y9,future_x10,future_y10,future_x11,future_y11,future_x12,future_y12,future_x13,future_y13,future_x14,future_y14,future_x15,future_y15,future_x16,future_y16,future_x17,future_y17,future_x18,future_y18,future_x19,future_y19,future_x20,future_y20
161.07425696490222,143.97843678030222,148.5030083257032,131.3629970904226,131.0928533212947,127.61171549075155,121.66180541686724,145.4140464972669,114.00055420637227,166.46316120287128,102.22265822238407,179.54943800465787,85.4454508158506,173.57357634664467,74.61506739912733,159.4353867183957,73.21392489395238,141.68088276594037,81.69254865866642,126.01887299790677,97.32470992230107,117.48534236016522,115.08402126963736,118.8241744579031,127.13412771007795,130.37896456469232,119.47287649958298,151.42807927029668,111.811625289088,172.47719397590106,118.9740131853871,186.80157472037104,136.45751884341217,190.19460298776974,152.97524199433386,183.53499092496412,163.2160503913904,168.96407968742207,163.88709990506416,151.16702084423792
