future_x1,future_y1,future_x2,future_y2,future_x3,future_y3,future_x4,future_y4,future_x5,future_y5,future_x6,future_y6,future_x7,future_y7,future_x8,future_y8,future_x9,future_y9,future_x10,future_y10,future_x11,future_y11,future_x12,future_y12,future_x13,future_y13,future_x14,future_y14,future_x15,future_y15,future_x16,future_y16,future_x17,future_y17,future_x18,future_y18,future_x19,future_y19,future_x20,future_y20
135.00817621659633,70.66181194942217,121.0470924863201,86.46067761955803,117.92161321175368,107.31127460600084,126.63670945398493,126.50927223271773,151.29817506696776,122.1911125406619,177.02813467903943,115.77591309734811,196.48149521743508,120.62715612616353,200.79991754304368,141.26370729161962,193.20236739475908,160.93076724299726,176.13177187701672,173.3045614895659,155.0770346054851,174.40640259133926,136.80812581445028,163.88200298985828,127.19925647758458,145.11539313475066,132.91963248691664,126.77339785731459,158.6495920989883,120.35819841400081,184.3795517110599,113.94299897068704,191.45715872730594,96.27705350228811,182.34972936832457,77.26203980631763,164.36656721955845,66.25650054111274,143.29000387201236,66.7991724896042
