future_x1,future_y1,future_x2,future_y2,future_x3,future_y3,future_x4,future_y4,future_x5,future_y5,future_x6,future_y6,future_x7,future_y7,future_x8,future_y8,future_x9,future_y9,future_x10,future_y10,future_x11,future_y11,future_x12,future_y12,future_x13,future_y13,future_x14,future_y14,future_x15,future_y15,future_x16,future_y16,future_x17,future_y17,future_x18,future_y18,future_x19,future_y19,future_x20,future_y20
41.87196728846459,140.51216298610547,64.75643716007633,157.13741481621798,93.0021959522966,158.64574832415065,117.5270621207953,144.5521718037428,121.002002591526,119.35819289883587,98.61300420876468,91.71008245829631,76.22400582600326,64.06197201775663,88.21229631429853,40.451499870269345,114.17001336948968,29.213400164269103,142.0655179326816,33.897285825160424,162.92924970361062,52.99709358100162,170.05265462891845,80.37144402059272,161.1452629350248,107.21834948343738,139.07117004402457,124.90541771870063,114.60514591073705,111.45873277296742,92.21614752797572,83.81062233242785,68.86428952132017,61.849093449372134,44.63396029999902,76.44323972607343,32.23512989200299,101.8669877627638,35.65453590035102,129.94554937602024
