future_x1,future_y1,future_x2,future_y2,future_x3,future_y3,future_x4,future_y4,future_x5,future_y5,future_x6,future_y6,future_x7,future_y7,future_x8,future_y8,future_x9,future_y9,future_x10,future_y10,future_x11,future_y11,future_x12,future_y12,future_x13,future_y13,future_x14,future_y14,future_x15,future_y15,future_x16,future_y16,future_x17,future_y17,future_x18,future_y18,future_x19,future_y19,future_x20,future_y20
71.61572187157222,74.99566362979128,81.17113138306286,104.38644361319959,105.17236207938342,123.85602820115113,132.63296488437564,119.28666032893432,150.88160068960565,84.96596801357063,169.13023649483563,50.64527569820709,197.4144670483433,49.798238651957746,220.5047196590134,70.34000180269152,228.71258287197858,100.13521585533181,219.39888865002942,129.60348521247985,195.55837550928584,149.26954054016144,164.8567560279418,152.8099303757808,137.1658726969554,139.08627272502338,137.84686082872705,109.48074823883044,156.09549663395708,75.16005592346676,170.3817104681788,41.76030237364088,145.98579279912897,22.787611471970052,115.1950976945966,20.131129974739864,87.91010914839171,34.64502672919102,72.90408127042973,61.66248268439206
