future_x1,future_y1,future_x2,future_y2,future_x3,future_y3,future_x4,future_y4,future_x5,future_y5,future_x6,future_y6,future_x7,future_y7,future_x8,future_y8,future_x9,future_y9,future_x10,future_y10,future_x11,future_y11,future_x12,future_y12,future_x13,future_y13,future_x14,future_y14,future_x15,future_y15,future_x16,future_y16,future_x17,future_y17,future_x18,future_y18,future_x19,future_y19,future_x20,future_y20
117.96757197575114,164.1856969389844,128.42821066779672,153.17069290279957,131.217371296063,138.23831671036402,122.29852445949734,127.90048037425389,103.19555202497992,127.56703675008748,84.0925795904625,127.23359312592108,78.24873290102364,114.3638507928795,82.46787514401939,99.77090336968709,93.94402248687308,89.81835003258817,108.98711815454926,87.70634896823512,122.76018372322342,94.11399600936412,130.83460805743974,106.98096719273519,130.61412924726906,122.16999826311472,116.84053233534945,127.80521076734921,97.73755990083204,127.47176714318279,80.46621067430111,129.2969138429308,77.98422719844027,144.28340888974688,84.0505960077706,158.21016175004675,96.714728228172,166.5991444575553,111.90458073369632,166.75295155461484
