future_x1,future_y1,future_x2,future_y2,future_x3,future_y3,future_x4,future_y4,future_x5,future_y5,future_x6,future_y6,future_x7,future_y7,future_x8,future_y8,future_x9,future_y9,future_x10,future_y10,future_x11,future_y11,future_x12,future_y12,future_x13,future_y13,future_x14,future_y14,future_x15,future_y15,future_x16,future_y16,future_x17,future_y17,future_x18,future_y18,future_x19,future_y19,future_x20,future_y20
68.79974819041807,51.07581422193614,61.45654176915613,79.74589115233242,70.88405680072776,107.79973138980577,94.05095666364276,126.21686315568539,123.50812335324703,129.07541564968864,135.61861914028648,97.44338761226737,144.62380593649053,61.32555610712318,162.2081706343372,38.30360603502757,190.89663679490786,45.574637673928265,211.01901283368514,67.27684895052737,216.10512127617554,96.4320799160219,204.51956756390175,123.6657160471045,179.98758715187444,140.22101516261463,150.3972279903323,140.77476278657667,129.18634285728365,123.24183868737026,138.19152965348763,87.12400718222622,147.19671644969168,51.00617567708203,132.17904963568233,29.050442021329417,102.6694011818874,26.797302018235698,76.67883261941887,40.953090146761994
