future_x1,future_y1,future_x2,future_y2,future_x3,future_y3,future_x4,future_y4,future_x5,future_y5,future_x6,future_y6,future_x7,future_y7,future_x8,future_y8,future_x9,future_y9,future_x10,future_y10,future_x11,future_y11,future_x12,future_y12,future_x13,future_y13,future_x14,future_y14,future_x15,future_y15,future_x16,future_y16,future_x17,future_y17,future_x18,future_y18,future_x19,future_y19,future_x20,future_y20
167.61536293001103,177.21516714453384,168.66929036008588,156.1579771050505,158.10334644150186,137.91306426623046,139.3149198428263,128.34692390906648,123.1470431223919,139.43284994135374,112.78577296221759,163.84247276113953,101.99128001803622,187.37453516619217,81.27992219572816,183.4304671466062,66.04304042738568,168.85811492178217,61.179923395869,148.3430933979194,68.25426468351195,128.4818318384733,84.99137050872683,115.66054859605329,106.00956800694496,114.00181736023539,124.5506359946762,124.03898893698494,120.18668021948497,146.40702788986397,109.82541005931066,170.81665070964976,107.51875739345068,192.41471415387386,126.49963386950762,201.59307694837315,147.41993045466796,198.97445017548057,163.5529051645765,185.40083082041417
