future_x1,future_y1,future_x2,future_y2,future_x3,future_y3,future_x4,future_y4,future_x5,future_y5,future_x6,future_y6,future_x7,future_y7,future_x8,future_y8,future_x9,future_y9,future_x10,future_y10,future_x11,future_y11,future_x12,future_y12,future_x13,future_y13,future_x14,future_y14,future_x15,future_y15,future_x16,future_y16,future_x17,future_y17,future_x18,future_y18,future_x19,future_y19,future_x20,future_y20
166.05650430612934,34.8498244654903,136.0348164776403,48.232447461026226,118.11690895179615,75.78866142824586,118.06413125513255,108.65800204875013,142.06805153819087,126.022864294186,183.00689852122443,120.26928456743583,223.94574550425816,114.51570484068564,239.1669515583893,141.79071582704,234.24394202251523,174.28933603500556,212.4403828001753,198.8861070334478,180.76702140311016,207.67214801461768,149.4081556030075,197.82238283756678,128.4469598090164,172.5039190374472,124.6233267954004,139.8576915541823,153.76486496191472,124.37898437225738,194.70371194494828,118.62540464550722,229.56625614574767,107.69226218982345,228.9441545925292,74.82876681928539,210.55163232898332,47.58704398285556,180.30264718093468,34.726436072456195
