future_x1,future_y1,future_x2,future_y2,future_x3,future_y3,future_x4,future_y4,future_x5,future_y5,future_x6,future_y6,future_x7,future_y7,future_x8,future_y8,future_x9,future_y9,future_x10,future_y10,future_x11,future_y11,future_x12,future_y12,future_x13,future_y13,future_x14,future_y14,future_x15,future_y15,future_x16,future_y16,future_x17,future_y17,future_x18,future_y18,future_x19,future_y19,future_x20,future_y20
168.2247888104186,162.81525875522783,165.83327775212246,145.1668512980208,154.229440950171,131.65624130471411,137.1443926302902,126.62764957094886,125.550821938014,138.60855568731856,120.5119183207115,160.43444513850787,114.76520351571963,181.2927515071225,96.96054540034989,180.86877000710285,82.2489065511062,170.8311760081913,75.36068829394681,154.40747179265912,78.51073814593316,136.87855862476553,90.68618458749057,123.88070823070699,107.97211721458635,119.59326795368077,124.81039261046278,125.39482745179637,124.11113519021328,144.84452410194416,119.0722315729108,166.67041355313336,120.68130289447618,184.75915908353934,137.86599593110628,189.43590326666057,154.83100288613878,184.01611084136863,166.12137124086803,170.24246958961209
