future_x1,future_y1,future_x2,future_y2,future_x3,future_y3,future_x4,future_y4,future_x5,future_y5,future_x6,future_y6,future_x7,future_y7,future_x8,future_y8,future_x9,future_y9,future_x10,future_y10,future_x11,future_y11,future_x12,future_y12,future_x13,future_y13,future_x14,future_y14,future_x15,future_y15,future_x16,future_y16,future_x17,future_y17,future_x18,future_y18,future_x19,future_y19,future_x20,future_y20
153.58936093713362,69.79567016402167,134.679933974605,75.57884352684479,121.95534985869475,90.71477697254991,119.50708950400339,110.33664088583087,128.22126084411295,127.95296955574314,152.5483670553042,122.78208350411079,176.87547326649556,117.61119745247841,193.29421545107346,125.21948703229815,195.5005553247094,144.8700235786033,186.66665650215174,162.5610878142135,169.63298340288657,172.60426972748388,149.87656755551455,171.7702702901953,133.74991507293595,160.3272548702191,126.43841278177001,141.95462695688164,135.17186261873903,126.47557354099104,159.49896882993028,121.30468748935868,183.82607504112164,116.1338014377263,188.19905849249773,98.29031196269369,179.2201569950068,80.6723992005636,162.10457154530224,70.76945736949385
