future_x1,future_y1,future_x2,future_y2,future_x3,future_y3,future_x4,future_y4,future_x5,future_y5,future_x6,future_y6,future_x7,future_y7,future_x8,future_y8,future_x9,future_y9,future_x10,future_y10,future_x11,future_y11,future_x12,future_y12,future_x13,future_y13,future_x14,future_y14,future_x15,future_y15,future_x16,future_y16,future_x17,future_y17,future_x18,future_y18,future_x19,future_y19,future_x20,future_y20
76.89368465678845,131.6902504797592,90.54553265800129,142.0786530315911,107.65154512862502,143.37333398920174,122.71143043547694,135.15799979200733,122.43786570965484,119.0987244399975,111.00407829078772,100.80083963586947,100.71968119979572,82.68121124913992,113.13819046837791,70.84598886114603,129.9958973379983,67.66643220571632,145.87235071236253,74.16490046206452,155.66261314274703,88.25186688395021,156.21870969197803,105.39778820813282,147.36183228294053,120.08954045176988,131.93983390257188,127.60311665641663,119.17106930426421,113.87075735310371,107.73728188539712,95.57287254897577,94.31864057225481,84.35756391280569,79.43060584442756,92.88037350648682,71.57064499716826,108.12874643302155,73.26606104510765,125.19969912616446
