future_x1,future_y1,future_x2,future_y2,future_x3,future_y3,future_x4,future_y4,future_x5,future_y5,future_x6,future_y6,future_x7,future_y7,future_x8,future_y8,future_x9,future_y9,future_x10,future_y10,future_x11,future_y11,future_x12,future_y12,future_x13,future_y13,future_x14,future_y14,future_x15,future_y15,future_x16,future_y16,future_x17,future_y17,future_x18,future_y18,future_x19,future_y19,future_x20,future_y20
78.32630641977127,132.69642745300783,98.91372868598914,139.67585952993804,119.98655602851532,134.33822189928637,123.96764566207496,113.9375092392358,116.431396074796,87.65548357616929,111.37876215347507,62.53481100722021,130.9134522922822,52.998023871877564,152.49342869199643,55.617001968739814,169.1798349803642,69.54963534737878,175.6073002941646,90.31600521127021,169.70912827451332,111.23886339342707,153.38182556002428,125.59064424994473,131.87529633889875,128.75665570679695,121.81443149428098,106.42835904978826,114.27818190700202,80.14633338672175,101.14614926096193,63.040293215038645,80.18735561599293,68.80946964080992,65.7352717373431,85.04805637883966,62.43684127574849,106.53467510245622,71.35264626350319,126.36048779965412
