future_x1,future_y1,future_x2,future_y2,future_x3,future_y3,future_x4,future_y4,future_x5,future_y5,future_x6,future_y6,future_x7,future_y7,future_x8,future_y8,future_x9,future_y9,future_x10,future_y10,future_x11,future_y11,future_x12,future_y12,future_x13,future_y13,future_x14,future_y14,future_x15,future_y15,future_x16,future_y16,future_x17,future_y17,future_x18,future_y18,future_x19,future_y19,future_x20,future_y20
156.65252118534542,97.11015228700698,141.781520342399,100.20992803563357,130.98692987742555,110.89786948645518,127.73965779543708,125.73736071049062,143.19843799376667,133.8341337345228,161.0353157894309,140.68106961760003,171.54800193231907,151.13093186477667,166.00000063237206,165.27218206900093,153.6542587318641,174.1230539293731,138.48044367944257,174.83762549163433,125.35756559623404,167.1861323970853,118.50517340682266,153.62884664199476,120.12659506337901,138.52499721298034,130.45781099686374,128.94346524661051,148.29468879252795,135.79040112968775,166.13156658819207,142.63733701276493,178.19168656892126,136.23601692608057,181.13359202792316,121.33298139525728,175.4985866416154,107.22617487999763,163.09855807420223,98.45152005544617
