future_x1,future_y1,future_x2,future_y2,future_x3,future_y3,future_x4,future_y4,future_x5,future_y5,future_x6,future_y6,future_x7,future_y7,future_x8,future_y8,future_x9,future_y9,future_x10,future_y10,future_x11,future_y11,future_x12,future_y12,future_x13,future_y13,future_x14,future_y14,future_x15,future_y15,future_x16,future_y16,future_x17,future_y17,future_x18,future_y18,future_x19,future_y19,future_x20,future_y20
124.95454270908463,156.05385149374248,130.80352148333156,143.4651971458585,128.8667260748282,129.71988541648363,112.93318946471643,127.7370078438455,95.47702499869189,127.43230935969342,83.3368807243966,121.59790815155351,83.76931643494764,107.7235515773433,91.67679506351585,96.31493410059244,104.51673466033515,91.04039884693066,118.1605627450432,93.59592740028718,128.22122338699734,103.15981146689546,131.4637974226428,116.65686613135638,125.40187836901963,127.95464961823984,107.94571390299508,127.64995113408776,90.48954943697055,127.34525264993569,82.30695402897364,136.76865828776465,84.52555773542481,150.47130652034403,93.8386696885027,160.76454297646055,107.25173859565025,164.3386657337538,120.45190716110795,160.04444626619136
