future_x1,future_y1,future_x2,future_y2,future_x3,future_y3,future_x4,future_y4,future_x5,future_y5,future_x6,future_y6,future_x7,future_y7,future_x8,future_y8,future_x9,future_y9,future_x10,future_y10,future_x11,future_y11,future_x12,future_y12,future_x13,future_y13,future_x14,future_y14,future_x15,future_y15,future_x16,future_y16,future_x17,future_y17,future_x18,future_y18,future_x19,future_y19,future_x20,future_y20
118.47187827554407,205.29922956476554,137.9041330743313,187.5448156450718,144.55779578657462,162.07796439273778,136.2934382194658,137.087323460584,111.27415631451264,134.08770924450675,80.16480296284752,145.4105878717824,50.27888933603295,153.55860909825967,37.14337563233161,130.74874237491647,38.52316503554327,104.4632345540737,53.97459809416969,83.1539652885266,78.52939899764499,73.6727473927343,104.2921820623811,79.06818518369707,122.97914529876803,97.60542190330533,128.5816559108678,123.3239680332504,102.38576964260832,137.32281742372837,71.27641629094319,148.64569605100402,51.80732571043771,165.99228024156628,60.583045050171364,190.8079706463692,81.44210516224248,206.86198420802432,107.67745412514114,208.99229052208716
