future_x1,future_y1,future_x2,future_y2,future_x3,future_y3,future_x4,future_y4,future_x5,future_y5,future_x6,future_y6,future_x7,future_y7,future_x8,future_y8,future_x9,future_y9,future_x10,future_y10,future_x11,future_y11,future_x12,future_y12,future_x13,future_y13,future_x14,future_y14,future_x15,future_y15,future_x16,future_y16,future_x17,future_y17,future_x18,future_y18,future_x19,future_y19,future_x20,future_y20
173.69888704259915,112.85654819309532,155.69767828341375,108.7464037409687,138.3555317275383,115.08570630857542,129.44675607455295,129.99128890434656,143.0972041689687,148.7795188678307,156.74765226338445,167.56774883131482,153.89451549869472,183.93165467115278,137.47405810788908,192.37590616467577,119.10173357261955,190.53349052756738,104.6850053123707,178.99682071001337,98.85944868194136,161.47541396983442,103.49822146418762,143.60312840576032,117.10976604647253,131.1266441937077,133.34688410152893,135.35935460819923,146.99733219594467,154.14758457168335,160.64778029036034,172.93581453516742,177.67221507241507,166.99939793991666,188.47388665445231,152.02406170853484,189.39571168007217,133.58261266483817,180.14128521654223,117.60474062128228
