future_x1,future_y1,future_x2,future_y2,future_x3,future_y3,future_x4,future_y4,future_x5,future_y5,future_x6,future_y6,future_x7,future_y7,future_x8,future_y8,future_x9,future_y9,future_x10,future_y10,future_x11,future_y11,future_x12,future_y12,future_x13,future_y13,future_x14,future_y14,future_x15,future_y15,future_x16,future_y16,future_x17,future_y17,future_x18,future_y18,future_x19,future_y19,future_x20,future_y20
203.47583218332454,161.18082917482772,190.63077926786636,135.979587631633,166.1469611222485,121.8148211763864,137.8969395329155,123.24108900595378,128.7652127363993,149.91282573483275,130.0068136543806,185.4676240984296,126.3042283798248,216.94886608110932,98.39362653277757,221.5419330580832,72.47262457123901,210.2194060861887,56.875898414427155,186.62194662740828,56.61844162280322,158.33711543258212,71.7830372201319,134.45965744206637,97.49363952202035,122.66716453371276,125.48322481572136,126.75141168661628,129.11995585582252,160.07133955300327,130.36155677380384,195.62613791660013,143.71905684795252,219.02191984557086,171.9338394122867,217.01592768040427,194.52169743875356,199.98987031248905,204.21969886017257,173.41833049731235
