future_x1,future_y1,future_x2,future_y2,future_x3,future_y3,future_x4,future_y4,future_x5,future_y5,future_x6,future_y6,future_x7,future_y7,future_x8,future_y8,future_x9,future_y9,future_x10,future_y10,future_x11,future_y11,future_x12,future_y12,future_x13,future_y13,future_x14,future_y14,future_x15,future_y15,future_x16,future_y16,future_x17,future_y17,future_x18,future_y18,future_x19,future_y19,future_x20,future_y20
101.63760790591704,141.48924370540732,114.20384493321615,141.1235547668454,124.55094558208528,133.98341824236482,123.46290303407227,122.39715185785202,113.51223708617836,110.10910277316768,103.96176180978952,97.83268597487404,111.76587346145057,87.97672926055868,123.67476214230057,83.94902373344122,135.85922681064338,87.0446435699126,144.40145732895095,96.26821875517263,146.55477272003765,108.65398777661645,141.62679288365882,120.21941280807525,131.20206748088097,127.24573059926057,120.61985562038826,118.88628069079931,110.66918967249435,106.59823160611496,99.96960794024781,99.13237388433124,89.77128862379809,106.48345030522214,85.20991191148258,118.1983077057369,87.75214937329035,130.51013413863592,96.58056635197691,139.46016738307074
