future_x1,future_y1,future_x2,future_y2,future_x3,future_y3,future_x4,future_y4,future_x5,future_y5,future_x6,future_y6,future_x7,future_y7,future_x8,future_y8,future_x9,future_y9,future_x10,future_y10,future_x11,future_y11,future_x12,future_y12,future_x13,future_y13,future_x14,future_y14,future_x15,future_y15,future_x16,future_y16,future_x17,future_y17,future_x18,future_y18,future_x19,future_y19,future_x20,future_y20
76.82468573657935,173.07499629604223,101.63865824048399,169.93255858577257,120.75448310197108,153.80204755690423,128.0256307468577,129.87009071853183,102.27214065030249,114.32025452730575,74.49564814083463,99.55123148154713,61.90056400776953,79.62785917899396,74.73206499940152,58.157863173190705,97.17554180111546,47.11709801680691,122.01448689054168,50.055627076035265,141.26215045751505,66.02859152851138,148.72961132256503,89.90002161588649,142.0157714748202,113.99426368087568,122.11249244277946,124.86955670284758,94.3359999333116,110.10053365708896,66.55950742384387,95.3315106113304,46.58974493732768,106.03820498821833,39.81149722221815,130.11440701636434,47.21509534863006,154.0057209394212,66.41997582170538,170.03009962323762
