future_x1,future_y1,future_x2,future_y2,future_x3,future_y3,future_x4,future_y4,future_x5,future_y5,future_x6,future_y6,future_x7,future_y7,future_x8,future_y8,future_x9,future_y9,future_x10,future_y10,future_x11,future_y11,future_x12,future_y12,future_x13,future_y13,future_x14,future_y14,future_x15,future_y15,future_x16,future_y16,future_x17,future_y17,future_x18,future_y18,future_x19,future_y19,future_x20,future_y20
115.10142668751439,202.5466149702311,133.72415709077185,177.06686260472824,135.49757633363475,145.55688240053107,112.12724452977193,128.83185586529723,72.48752629139621,130.90928546957556,32.847808053020486,132.9867150738539,22.76131146148191,103.6901742110075,31.18714208567978,73.27588075263357,54.79696091620096,52.333093854282936,85.99923315219833,47.59578706767236,114.7611357023373,60.5872007696552,131.83452542264433,87.13005728018113,131.72960024557372,118.68972868193967,100.80161074737873,129.42540718080534,61.161892509003025,131.50283678508367,28.546784934639618,140.63847057401878,27.42069747979835,172.17822002330593,43.62626479573325,199.25964273793562,71.95272566781983,213.17493945564544,103.29194948993701,209.44976583457793
