future_x1,future_y1,future_x2,future_y2,future_x3,future_y3,future_x4,future_y4,future_x5,future_y5,future_x6,future_y6,future_x7,future_y7,future_x8,future_y8,future_x9,future_y9,future_x10,future_y10,future_x11,future_y11,future_x12,future_y12,future_x13,future_y13,future_x14,future_y14,future_x15,future_y15,future_x16,future_y16,future_x17,future_y17,future_x18,future_y18,future_x19,future_y19,future_x20,future_y20
154.76378707647126,148.84581510521735,150.74526654074668,136.93382391440423,140.8953310644331,129.12211395188586,128.3811429409518,127.9224735740354,123.26299418713702,142.57900480575188,118.3768901819614,157.61688666340694,109.27679044599361,164.8908292191538,97.64454211271988,160.1227226621335,90.4752087230347,149.79583057527626,90.07402795442133,137.2306765604245,96.56999604307371,126.46747815022793,107.87439015023604,120.96704950365837,120.35237928109885,122.49800628819526,126.75306847654821,131.83766062171247,121.86696447137255,146.8755424793676,116.98086046619694,161.9134243370227,124.74753396357904,170.4152298850491,137.2837149172725,171.357678038691,148.31692742785268,165.33171229680144,154.2995366176248,154.2749302736039
