future_x1,future_y1,future_x2,future_y2,future_x3,future_y3,future_x4,future_y4,future_x5,future_y5,future_x6,future_y6,future_x7,future_y7,future_x8,future_y8,future_x9,future_y9,future_x10,future_y10,future_x11,future_y11,future_x12,future_y12,future_x13,future_y13,future_x14,future_y14,future_x15,future_y15,future_x16,future_y16,future_x17,future_y17,future_x18,future_y18,future_x19,future_y19,future_x20,future_y20
177.00151426815046,116.589984325477,165.41847972525926,106.76203507139172,150.35343811241972,104.81272828022134,136.65042438394687,111.36884683619391,128.71552510674405,124.32232703355152,139.54381790831673,136.69889073846122,154.80245400616153,148.1970977690368,163.97342106864812,160.8504218769374,155.41872006396926,173.40320509354848,141.4134406620965,179.28601264081425,126.46086036541645,176.60727819447212,115.36885315634028,166.2283258467403,111.70395884372478,151.4864187299509,116.64459276888901,137.12169067195393,128.64479212414193,128.48588571662154,143.90342822198664,139.98409274719708,159.16206431983144,151.48229977777265,172.9330358303805,150.78816794402914,180.60030361178812,137.6745002446066,179.90397903018604,122.49983689283029
