future_x1,future_y1,future_x2,future_y2,future_x3,future_y3,future_x4,future_y4,future_x5,future_y5,future_x6,future_y6,future_x7,future_y7,future_x8,future_y8,future_x9,future_y9,future_x10,future_y10,future_x11,future_y11,future_x12,future_y12,future_x13,future_y13,future_x14,future_y14,future_x15,future_y15,future_x16,future_y16,future_x17,future_y17,future_x18,future_y18,future_x19,future_y19,future_x20,future_y20
124.28721929877528,82.75119623143517,118.60674708512656,103.73420514612636,125.24962107985588,124.43267496334272,149.35057521443227,123.84986858955034,176.1894172654013,118.63292617478432,197.8052378269007,121.94647684908065,202.4887895750007,143.17425983993758,194.87616804065235,163.5360480978201,177.4151464032492,176.484683202038,155.72016644949952,177.85664256384308,136.76706295834958,167.21078441441213,126.65004384261559,147.97019315800992,130.17997374945435,127.57625602866894,157.0188158004235,122.35931361390288,183.85765785139245,117.14237119913687,195.2321850192306,101.177647414396,188.16573362359918,80.61993128742202,171.0565327534837,67.20987262721904,149.4058992445838,65.25936081045248,130.17540865675613,75.39556618699834
