future_x1,future_y1,future_x2,future_y2,future_x3,future_y3,future_x4,future_y4,future_x5,future_y5,future_x6,future_y6,future_x7,future_y7,future_x8,future_y8,future_x9,future_y9,future_x10,future_y10,future_x11,future_y11,future_x12,future_y12,future_x13,future_y13,future_x14,future_y14,future_x15,future_y15,future_x16,future_y16,future_x17,future_y17,future_x18,future_y18,future_x19,future_y19,future_x20,future_y20
112.39284603282745,210.31303499419892,135.05580108834138,198.26389853371688,147.52316481484308,175.82830041370522,145.78616330839185,150.22021483398686,130.40331450934153,129.67370213433102,102.47380921448658,141.00624383386918,73.71002212774673,155.66212537840224,49.09875979404572,155.85074568999045,38.08377780803673,132.66753208317013,41.44619724856537,107.22179851548697,58.10486097583943,87.69540242933823,82.70331850927646,80.36688905572302,107.33214675026116,87.59267903105695,124.07215715958266,107.04938154683367,123.01937141930067,130.5377570163456,94.25558433256094,145.1936385608786,65.4917972458211,159.84952010541167,61.2406196647764,182.57142168534523,77.04208351409851,202.79776494135908,101.30176947756995,211.17982067043346
