future_x1,future_y1,future_x2,future_y2,future_x3,future_y3,future_x4,future_y4,future_x5,future_y5,future_x6,future_y6,future_x7,future_y7,future_x8,future_y8,future_x9,future_y9,future_x10,future_y10,future_x11,future_y11,future_x12,future_y12,future_x13,future_y13,future_x14,future_y14,future_x15,future_y15,future_x16,future_y16,future_x17,future_y17,future_x18,future_y18,future_x19,future_y19,future_x20,future_y20
84.73485761978246,166.7723905030491,103.13460903042625,168.31704329110212,119.41616705662521,159.60798637036473,128.3443363224572,143.445542317259,124.25774922317834,126.99726692647592,101.82554238677099,120.98657522021276,79.39333555036363,114.9758835139496,72.84199378373127,99.70194188945054,80.87526815182508,83.07656047620029,96.65753919069948,73.49236906196849,115.11415297403373,74.03108221565596,130.3105435973729,84.51948134192955,137.36044195833747,101.58511163527615,133.99701368882512,119.7406660053573,117.84854726991902,125.27992643897213,95.41634043351176,119.26923473270901,73.20669599518396,113.72206530238225,64.61225354739102,130.06441406933416,66.28615080798735,148.452858053807,77.69016046578183,162.9747507656421
