future_x1,future_y1,future_x2,future_y2,future_x3,future_y3,future_x4,future_y4,future_x5,future_y5,future_x6,future_y6,future_x7,future_y7,future_x8,future_y8,future_x9,future_y9,future_x10,future_y10,future_x11,future_y11,future_x12,future_y12,future_x13,future_y13,future_x14,future_y14,future_x15,future_y15,future_x16,future_y16,future_x17,future_y17,future_x18,future_y18,future_x19,future_y19,future_x20,future_y20
208.48082073614302,186.92870799374288,207.9281707533268,156.68344801058578,191.01767233806598,131.60125877599853,163.18675125549072,119.74710316930722,133.3842015414482,124.93258328152487,129.5887012993745,158.3142266493372,131.57993050513537,196.3091433010583,122.75577809862006,225.3912095519003,92.59321079953853,227.69353606665877,66.02794709096,213.22398398147135,51.601819732596624,186.6351136991058,53.95342627865146,156.4763484706563,72.32662780826176,132.44498065680708,100.8136789119328,122.26809051939196,128.16639472383102,131.1750004695365,130.1576239295919,169.16991712125747,132.14885313535277,207.16483377297857,152.01249424886961,225.84901709008673,181.7022941097489,220.05272882316945,203.46695129724014,199.0436624240367
