future_x1,future_y1,future_x2,future_y2,future_x3,future_y3,future_x4,future_y4,future_x5,future_y5,future_x6,future_y6,future_x7,future_y7,future_x8,future_y8,future_x9,future_y9,future_x10,future_y10,future_x11,future_y11,future_x12,future_y12,future_x13,future_y13,future_x14,future_y14,future_x15,future_y15,future_x16,future_y16,future_x17,future_y17,future_x18,future_y18,future_x19,future_y19,future_x20,future_y20
164.50401615806697,135.51336445544416,153.66621398093162,125.82660310574113,139.30336803130282,123.59054458592344,128.2690802088659,131.075600860975,129.86249225862898,149.28838392961703,131.45590430839206,167.50116699825907,121.88794400582032,176.4283969427856,107.42796087596219,174.94509341314787,96.09930694375814,165.83724506344552,91.5446137427422,152.03340243461787,95.22840381715329,137.97207276191318,105.96618605549011,128.17455603169648,120.30531865090944,125.79115973905006,128.72434079451247,136.27925316630134,130.31775284427556,154.49203623494338,132.21837783380624,172.39046551170637,146.62410648970274,174.3311569785553,159.7691206538481,168.12632788330728,167.42675373464033,155.7710878177814,167.13475947588188,141.23815828414402
