future_x1,future_y1,future_x2,future_y2,future_x3,future_y3,future_x4,future_y4,future_x5,future_y5,future_x6,future_y6,future_x7,future_y7,future_x8,future_y8,future_x9,future_y9,future_x10,future_y10,future_x11,future_y11,future_x12,future_y12,future_x13,future_y13,future_x14,future_y14,future_x15,future_y15,future_x16,future_y16,future_x17,future_y17,future_x18,future_y18,future_x19,future_y19,future_x20,future_y20
217.1792124728896,97.81741394494132,186.12548117875627,87.04420128465944,154.20604743328127,94.88933274819968,131.6843314618213,118.83027358210965,147.82398226722006,149.25861829145043,176.018596823216,179.49364073250618,193.1195746887338,209.93064127821916,170.90729806078673,234.15895333901796,139.0912888059057,242.41352137164193,107.90171189131468,232.04015980459417,87.36730833660697,206.37433410261644,84.09073953106392,173.66867044669073,99.12555807893091,144.4393945482938,127.63744699328471,128.0849294440037,155.87958642607614,157.89719613175217,184.07420098207194,188.13221857280777,213.68184002129303,194.39524627870242,235.7072567776209,169.99693988211075,240.92437628133092,137.54423579761416,227.6556784905744,107.47202275551217
