future_x1,future_y1,future_x2,future_y2,future_x3,future_y3,future_x4,future_y4,future_x5,future_y5,future_x6,future_y6,future_x7,future_y7,future_x8,future_y8,future_x9,future_y9,future_x10,future_y10,future_x11,future_y11,future_x12,future_y12,future_x13,future_y13,future_x14,future_y14,future_x15,future_y15,future_x16,future_y16,future_x17,future_y17,future_x18,future_y18,future_x19,future_y19,future_x20,future_y20
133.93783942798385,171.7005598475647,142.87045037698113,161.0754371364642,144.58925414758158,147.3011682052193,138.5415841253566,134.80675112020216,126.7238207009097,129.14907700215008,113.74938633610435,140.83131017669768,100.774951971299,152.5135433512453,88.29924569321949,151.8246123485709,80.6446766990009,140.2447874576308,80.51758893711657,126.36427523030764,87.95884638767716,114.6462353538366,100.57577652305756,108.8585030733127,114.31151364301031,110.86207407620742,124.74944925469056,120.0127172863052,123.01683945382241,132.48685790916372,110.04240508901712,144.16909108371127,97.06797072421178,155.85132425825887,102.67123367275524,168.1245938766084,114.68606850845417,175.07646519755252,128.54954248655113,174.3772797781416
