future_x1,future_y1,future_x2,future_y2,future_x3,future_y3,future_x4,future_y4,future_x5,future_y5,future_x6,future_y6,future_x7,future_y7,future_x8,future_y8,future_x9,future_y9,future_x10,future_y10,future_x11,future_y11,future_x12,future_y12,future_x13,future_y13,future_x14,future_y14,future_x15,future_y15,future_x16,future_y16,future_x17,future_y17,future_x18,future_y18,future_x19,future_y19,future_x20,future_y20
125.39728354901877,216.89864588019537,145.21446000309393,193.18360178676284,148.94990238576403,162.5051033037674,135.40251122870362,134.727558563402,103.65756387900065,138.33275109855492,67.87699875186105,153.52069990477284,35.169116297503166,159.69889537948694,20.54763034694915,132.4714102300437,23.082550774116868,101.67046905297366,41.95879565151117,77.19985037885475,71.10687029453733,66.92787181725444,101.15446123401468,74.15739999682737,122.440023248606,96.5638421215465,128.11936638711748,126.94259885187441,93.43454527124648,142.6721650431886,57.65398014410688,157.86011384940653,41.64658407022655,181.65083039190176,55.76144360382901,209.1443667106817,82.55741946782298,224.54240153535153,113.41849538718061,222.89382879960556
