future_x1,future_y1,future_x2,future_y2,future_x3,future_y3,future_x4,future_y4,future_x5,future_y5,future_x6,future_y6,future_x7,future_y7,future_x8,future_y8,future_x9,future_y9,future_x10,future_y10,future_x11,future_y11,future_x12,future_y12,future_x13,future_y13,future_x14,future_y14,future_x15,future_y15,future_x16,future_y16,future_x17,future_y17,future_x18,future_y18,future_x19,future_y19,future_x20,future_y20
159.46161394413676,154.33348550416056,157.14389156801928,140.64725395638476,147.75652335179137,130.42169338666326,134.3179370527103,126.94474511637799,125.86519828957512,137.24684210508596,121.93781752903048,154.25819711851284,116.89979693001236,169.73499913558274,103.04114845979372,168.94592780104125,91.83964418867129,160.7476918288265,86.89703176691235,147.7763636994342,89.80256583794413,134.2027627492751,99.62199683493935,124.39136397604516,113.19797091823881,121.49693852672493,126.1652500295335,126.45016408608205,124.74308950084807,142.10722925177936,120.81570874030344,159.11858426520624,122.99137618111861,172.65258460562725,136.49851777376261,175.8528809963318,149.5743564445818,171.19378086360254,158.01446838870305,160.17337790532594
