future_x1,future_y1,future_x2,future_y2,future_x3,future_y3,future_x4,future_y4,future_x5,future_y5,future_x6,future_y6,future_x7,future_y7,future_x8,future_y8,future_x9,future_y9,future_x10,future_y10,future_x11,future_y11,future_x12,future_y12,future_x13,future_y13,future_x14,future_y14,future_x15,future_y15,future_x16,future_y16,future_x17,future_y17,future_x18,future_y18,future_x19,future_y19,future_x20,future_y20
123.32286509703067,159.427517236308,130.7727930915623,147.714987882305,130.65597840343142,133.83438539823655,118.52199108886914,128.33097936442633,101.07380300302985,128.9402835186206,84.81653842910505,128.08430483299713,81.989027469006,114.49423666677336,87.00607367566943,101.55151599636193,98.25448886036982,93.41776367503508,112.11744157082003,92.7083180182651,124.13741823186994,99.65129519379303,130.4494984143223,112.01424042389023,129.0240868588995,125.82195467679088,113.536794492915,128.5050662656247,96.08860640707572,129.11437041981895,83.57388300384703,134.71408121912106,83.97566741123052,148.5893592445183,91.8579236331081,160.0154175256913,104.68617976831362,165.3183049958957,118.33562005338602,162.79292365908114
