future_x1,future_y1,future_x2,future_y2,future_x3,future_y3,future_x4,future_y4,future_x5,future_y5,future_x6,future_y6,future_x7,future_y7,future_x8,future_y8,future_x9,future_y9,future_x10,future_y10,future_x11,future_y11,future_x12,future_y12,future_x13,future_y13,future_x14,future_y14,future_x15,future_y15,future_x16,future_y16,future_x17,future_y17,future_x18,future_y18,future_x19,future_y19,future_x20,future_y20
87.44063206152497,152.63528760325454,106.53334659066678,151.6284642768845,122.00902370946973,140.40131597393628,123.07883243213028,123.24768372076362,105.78082593928076,106.54319302407909,88.48281944643122,89.83870232739456,93.72641989075849,72.94246600092022,110.0570700027547,62.99986532396531,129.16879453471674,63.53598724689218,144.91638233826197,74.37844636240007,152.23633158399664,92.04094291135073,148.77497535739144,110.84425257678907,135.6452830734604,124.74233236613857,118.13654486274464,118.47497209313941,100.83853836989512,101.77048139645488,83.38499349711633,88.29531510604644,68.14309269928235,99.8378408855634,61.628211449862675,117.81287255751889,65.93515395228584,136.44069281600986,79.67905977508887,149.73168578251716
