future_x1,future_y1,future_x2,future_y2,future_x3,future_y3,future_x4,future_y4,future_x5,future_y5,future_x6,future_y6,future_x7,future_y7,future_x8,future_y8,future_x9,future_y9,future_x10,future_y10,future_x11,future_y11,future_x12,future_y12,future_x13,future_y13,future_x14,future_y14,future_x15,future_y15,future_x16,future_y16,future_x17,future_y17,future_x18,future_y18,future_x19,future_y19,future_x20,future_y20
29.388147472684267,131.67972871065496,50.75731594841527,154.0064489718403,80.8317209058988,161.12360889829847,109.94119530622362,150.74274674228099,126.55220653630961,126.0787131812338,103.15930257755241,95.0352811201015,79.76639861879511,63.991849058969066,82.06163473686428,36.13856025796137,108.9155351779129,20.841768762106767,139.770169232785,22.60680595869121,164.70449388643803,40.866139271592644,175.70109084766835,69.74863664002933,169.22409865471093,99.96737869024992,147.35613860977202,121.8057880288065,119.86851969095041,117.20916116376742,96.4756157321932,86.16572910263513,73.08271177343592,55.122297041502705,44.822922427513944,63.33467203203017,26.546112379032195,88.25618910898834,24.75944371931243,119.10957812973896
