future_x1,future_y1,future_x2,future_y2,future_x3,future_y3,future_x4,future_y4,future_x5,future_y5,future_x6,future_y6,future_x7,future_y7,future_x8,future_y8,future_x9,future_y9,future_x10,future_y10,future_x11,future_y11,future_x12,future_y12,future_x13,future_y13,future_x14,future_y14,future_x15,future_y15,future_x16,future_y16,future_x17,future_y17,future_x18,future_y18,future_x19,future_y19,future_x20,future_y20
141.13856432585692,149.04781574324625,138.00843967390347,136.8721695144302,128.7607023078344,128.35610263856194,116.05099573802009,136.6814597636457,103.25900937990326,145.975381870482,91.50788725463342,147.13737163898176,84.68363536347881,136.57926444346026,84.6977867184023,124.00771556652376,91.54579107257004,113.46499875389196,103.02573134461028,108.34103419737536,115.44633117563033,110.28338876431548,124.81385319130145,118.66751499857308,125.18812885096064,130.04294397304838,112.39614249284382,139.3368660798847,99.60415613472699,148.63078818672096,100.19434492879878,160.0231309045811,109.61498341095631,168.34752950235034,122.04768157859533,170.21087533671266,133.4948119409852,165.01402553202314,140.2756478843504,154.42798258221342
