future_x1,future_y1,future_x2,future_y2,future_x3,future_y3,future_x4,future_y4,future_x5,future_y5,future_x6,future_y6,future_x7,future_y7,future_x8,future_y8,future_x9,future_y9,future_x10,future_y10,future_x11,future_y11,future_x12,future_y12,future_x13,future_y13,future_x14,future_y14,future_x15,future_y15,future_x16,future_y16,future_x17,future_y17,future_x18,future_y18,future_x19,future_y19,future_x20,future_y20
95.93860815481628,72.04550759476766,100.7204284164008,101.91548195763048,120.97609843343889,124.38299195791858,150.55153885443391,111.00619656019035,180.9372710837624,88.10890497344025,210.26204903444207,76.92624984111477,229.78691281132214,100.03167924518468,233.6085327170738,130.03961810722973,220.4980996397598,157.3012709914085,194.67116091903006,173.05088716983812,164.43214724557262,172.22431260657282,139.50415417946792,155.0873252649069,128.84744440491363,127.36140483644036,159.23317663424214,104.46411324969026,189.61890886357062,81.56682166294014,196.48554279460166,54.88864892123908,175.772843306425,32.841761309497684,146.40153310819994,25.602471931953588,117.81570514773172,35.49851221414198,99.20688729445006,59.347895257641625
