future_x1,future_y1,future_x2,future_y2,future_x3,future_y3,future_x4,future_y4,future_x5,future_y5,future_x6,future_y6,future_x7,future_y7,future_x8,future_y8,future_x9,future_y9,future_x10,future_y10,future_x11,future_y11,future_x12,future_y12,future_x13,future_y13,future_x14,future_y14,future_x15,future_y15,future_x16,future_y16,future_x17,future_y17,future_x18,future_y18,future_x19,future_y19,future_x20,future_y20
164.21934422030253,182.865412962443,162.72749733297493,157.24187663046234,147.5419876954453,136.54908758838084,124.41881246182488,132.26789311437392,103.6681159797091,156.99761019576798,82.9174194975933,181.72732727716206,59.821969348224926,180.7809173018023,43.661992699412764,160.8398447127604,40.943577901539854,135.31727739914032,52.540807923616484,112.41977803552844,74.72469289333537,99.50984120602217,100.36219481601692,100.73854640095793,121.20979477904586,115.71081400052606,118.49004203836316,139.33352656620087,97.73934555624737,164.06324364759496,77.87621726375573,188.78248228965649,93.48338687357305,209.15912278955216,117.66174371275304,217.7729652450908,142.63694445873506,211.8543024747126,160.37842746332234,193.30622974222814
