future_x1,future_y1,future_x2,future_y2,future_x3,future_y3,future_x4,future_y4,future_x5,future_y5,future_x6,future_y6,future_x7,future_y7,future_x8,future_y8,future_x9,future_y9,future_x10,future_y10,future_x11,future_y11,future_x12,future_y12,future_x13,future_y13,future_x14,future_y14,future_x15,future_y15,future_x16,future_y16,future_x17,future_y17,future_x18,future_y18,future_x19,future_y19,future_x20,future_y20
162.45070919894226,172.7289921488623,160.73114109646448,151.71568443856304,147.86146073149823,135.01576399892008,127.98633630533142,128.02104024469642,113.5437906003448,150.26061036409635,99.10124489535826,172.50018048349617,81.03025932803145,179.38914959867952,64.49015632385658,166.31470857819653,57.718807131405015,146.34811534097486,62.893481022083435,125.90945673743846,78.35030597696144,111.57060818879128,99.11927246746716,107.94210349635213,118.52229740358968,116.19065723109792,123.85989467533525,134.3752031359535,109.41734897034866,156.61477325535344,94.9748032653621,178.85434337475326,104.86960148978848,195.68643672122053,124.89113586498888,202.29356746379327,145.28660434715334,196.9512008739927,159.49801892826824,181.3771291202587
