future_x1,future_y1,future_x2,future_y2,future_x3,future_y3,future_x4,future_y4,future_x5,future_y5,future_x6,future_y6,future_x7,future_y7,future_x8,future_y8,future_x9,future_y9,future_x10,future_y10,future_x11,future_y11,future_x12,future_y12,future_x13,future_y13,future_x14,future_y14,future_x15,future_y15,future_x16,future_y16,future_x17,future_y17,future_x18,future_y18,future_x19,future_y19,future_x20,future_y20
116.52784670274573,43.821558671451385,99.54805500236554,64.78381944444256,96.69692678033991,91.60919494535257,108.89121786925537,115.67221569799253,132.10911567918293,124.42800023593357,157.7159677893297,102.16830329936151,183.32281989947649,79.90860636278946,207.21124301642183,84.19145912900352,220.87029845900125,107.4543030505821,219.68356171035674,134.4046529331458,204.03261779625447,156.37685485968944,178.94989353211693,166.30593570297498,152.50052383143827,160.99928465546805,133.18907672942845,142.16320985923036,139.42535913922495,118.06808682548433,165.0322112493716,95.80838988891237,190.09375976234463,73.46833685063942,177.40798108415638,49.66075985861421,153.8156742683159,36.578987730556406,126.90274327750771,38.42935212363736
