future_x1,future_y1,future_x2,future_y2,future_x3,future_y3,future_x4,future_y4,future_x5,future_y5,future_x6,future_y6,future_x7,future_y7,future_x8,future_y8,future_x9,future_y9,future_x10,future_y10,future_x11,future_y11,future_x12,future_y12,future_x13,future_y13,future_x14,future_y14,future_x15,future_y15,future_x16,future_y16,future_x17,future_y17,future_x18,future_y18,future_x19,future_y19,future_x20,future_y20
192.27569910205546,122.4039616729072,167.97132452301116,112.29806653599289,142.0790210012378,117.03308063662294,131.52557815616237,138.2390224312223,142.30379917548584,169.54124915753346,153.08202019480933,200.84347588384475,134.5624466965117,217.34916917514653,108.27517688482185,218.6949722975322,85.48231242928577,205.52997818023903,73.51270345650873,182.0872777974841,76.21507509740539,155.90467044620448,92.72050292252737,135.40094901553508,117.72180814169818,127.1689093208584,134.60506987596906,147.18251578159692,145.3832908952926,178.4847425079082,159.04304433459265,204.70075795126417,184.83267118223597,199.43512529638605,203.6127476477185,180.99222779768937,209.34470117469453,155.30222100591544,200.1854712556169,130.62550632412936
