future_x1,future_y1,future_x2,future_y2,future_x3,future_y3,future_x4,future_y4,future_x5,future_y5,future_x6,future_y6,future_x7,future_y7,future_x8,future_y8,future_x9,future_y9,future_x10,future_y10,future_x11,future_y11,future_x12,future_y12,future_x13,future_y13,future_x14,future_y14,future_x15,future_y15,future_x16,future_y16,future_x17,future_y17,future_x18,future_y18,future_x19,future_y19,future_x20,future_y20
76.56632068958581,120.60511983351883,87.38722406479764,133.91676554588147,103.7070193808992,139.20412237776603,120.27821638926899,134.7670860767054,124.854268147597,119.80508835084609,117.12195262446654,99.66171773677716,109.38963710133606,79.51834712270815,122.99556052823415,69.47594154994408,140.13662385252874,68.78615206056631,154.89699836189018,77.5281887666503,162.5306121967372,92.89112472458379,160.58294228345102,109.9351396077035,149.68024518221162,123.17987657548657,133.3281896599541,128.3666040239015,122.64503514098828,114.04983960396925,114.91271961785785,93.90646898990033,104.64963721134187,78.70834621740048,88.17303394997617,83.48468439582618,76.94265219890531,96.45273695403016,74.56952491446161,113.44273778743103
