future_x1,future_y1,future_x2,future_y2,future_x3,future_y3,future_x4,future_y4,future_x5,future_y5,future_x6,future_y6,future_x7,future_y7,future_x8,future_y8,future_x9,future_y9,future_x10,future_y10,future_x11,future_y11,future_x12,future_y12,future_x13,future_y13,future_x14,future_y14,future_x15,future_y15,future_x16,future_y16,future_x17,future_y17,future_x18,future_y18,future_x19,future_y19,future_x20,future_y20
145.46020411820413,222.11396600425374,164.28893004886308,199.2803269695262,167.67412423208538,169.8790267927996,154.5273065048493,143.3638014423159,129.07572337900243,128.26039427279636,103.54999003624042,154.21942564492775,78.16360402167884,181.4429916675521,51.51331164154962,188.17990761033434,31.35909665061868,166.50726102899966,26.23019140456799,137.35952830898972,37.775751407094475,110.10891297707174,62.28340083762886,93.51761673084278,91.87291516440351,92.92042861500262,117.03003977308555,108.50936934756788,121.68312290378434,134.77402134305333,96.29673688922286,161.99758736567753,70.91035087466128,189.22115338830187,78.72795573449548,215.1239804592078,104.4842744310264,229.70163592717776,134.02673559467115,227.92991920753988
