future_x1,future_y1,future_x2,future_y2,future_x3,future_y3,future_x4,future_y4,future_x5,future_y5,future_x6,future_y6,future_x7,future_y7,future_x8,future_y8,future_x9,future_y9,future_x10,future_y10,future_x11,future_y11,future_x12,future_y12,future_x13,future_y13,future_x14,future_y14,future_x15,future_y15,future_x16,future_y16,future_x17,future_y17,future_x18,future_y18,future_x19,future_y19,future_x20,future_y20
100.27535313090006,76.93766844870774,95.47881101665826,95.44546748176757,101.51754106507596,113.5860071844385,116.44984140861372,125.52635256270155,132.937954574828,120.0976207910663,145.68095429356507,99.70455833761055,158.42395401230215,79.31149588415468,176.42370068914775,84.08309361516066,188.69824190849076,98.74191618576614,191.02825534532434,117.71865138142086,182.66454515790457,134.91149271735705,166.29639064175558,144.79222948327168,147.18683153161444,144.18379549518002,131.4803827030449,133.28182748489155,136.57881163732432,114.27103151865037,149.32181135606135,93.8779690651946,156.43414904015367,74.45673165637707,141.2598391423771,62.82549094748951,122.20030436618715,61.31566466045126,105.38397469150166,70.4127244917439
