future_x1,future_y1,future_x2,future_y2,future_x3,future_y3,future_x4,future_y4,future_x5,future_y5,future_x6,future_y6,future_x7,future_y7,future_x8,future_y8,future_x9,future_y9,future_x10,future_y10,future_x11,future_y11,future_x12,future_y12,future_x13,future_y13,future_x14,future_y14,future_x15,future_y15,future_x16,future_y16,future_x17,future_y17,future_x18,future_y18,future_x19,future_y19,future_x20,future_y20
174.81729811805607,123.37719894055509,152.3830917905828,118.0942101900134,130.68287725225568,125.85979276137076,132.7186422058316,152.27530970993686,138.24985826004132,180.7309494748197,133.22974409178798,202.64132950337859,110.57114652269505,206.85933138624785,89.26173240802775,198.07796168832425,76.15336113723757,179.12079453948206,75.46091709376581,156.08334448682535,87.40704972237863,136.37310605849618,108.15058250932776,126.32773741425225,128.7677735956818,131.9498527350206,134.29898964989152,160.40549249990346,139.83020570410125,188.8611322647863,157.78127667836736,199.20140115311546,179.31747508251192,190.99191018355387,192.92714527910957,172.39136016959299,194.2342145135496,149.3805984764553,182.81840588105842,129.35853821912085
