future_x1,future_y1,future_x2,future_y2,future_x3,future_y3,future_x4,future_y4,future_x5,future_y5,future_x6,future_y6,future_x7,future_y7,future_x8,future_y8,future_x9,future_y9,future_x10,future_y10,future_x11,future_y11,future_x12,future_y12,future_x13,future_y13,future_x14,future_y14,future_x15,future_y15,future_x16,future_y16,future_x17,future_y17,future_x18,future_y18,future_x19,future_y19,future_x20,future_y20
74.12439896472303,148.25869814629743,89.65354338102831,156.9782901444987,107.42757599444722,155.8516244555411,121.73140902286926,145.24097077103212,127.96576760526054,128.55809380140494,109.7954980276917,116.17785818880401,91.00927730571425,103.97794380446749,84.38094475061843,88.86045527373845,95.16701154679672,74.68842740240186,111.92542762996223,68.66006930910149,129.26766800482912,72.71374784814353,141.61748398115924,85.54603744386003,145.00389812615805,103.0308254081481,138.3380380085552,119.54602809567528,123.21422711481847,124.89208274904438,104.42800639284101,112.69216836470785,85.64178567086356,100.49225398037134,71.15652041163148,107.99076156907564,65.26600623731771,124.79812464838591,69.46198371596878,142.10648632464554
