future_x1,future_y1,future_x2,future_y2,future_x3,future_y3,future_x4,future_y4,future_x5,future_y5,future_x6,future_y6,future_x7,future_y7,future_x8,future_y8,future_x9,future_y9,future_x10,future_y10,future_x11,future_y11,future_x12,future_y12,future_x13,future_y13,future_x14,future_y14,future_x15,future_y15,future_x16,future_y16,future_x17,future_y17,future_x18,future_y18,future_x19,future_y19,future_x20,future_y20
117.89834643036242,171.93184516083832,129.78162729737838,156.95409242094283,131.60985646887522,137.92246034698968,117.10668894509017,127.80985654825339,93.06329260509409,127.39017750404416,69.38159904697496,126.56382958424228,65.49712672768393,107.84335106197989,72.41694282674514,90.0202877322097,87.91603981197181,78.82549278346764,107.01081594589681,77.8585565409396,123.56150969220216,87.43038906234501,132.24638739188947,104.46324967479939,130.27290108973892,123.48036809786937,110.23714713366265,127.6899482499079,86.19375079366658,127.27026920569865,66.9865539525746,132.38352469327268,65.54946464473399,151.4486818031188,74.71062477898704,168.23017715652566,91.52434186719742,177.3320648167557,110.58430935009048,175.82771085145927
