future_x1,future_y1,future_x2,future_y2,future_x3,future_y3,future_x4,future_y4,future_x5,future_y5,future_x6,future_y6,future_x7,future_y7,future_x8,future_y8,future_x9,future_y9,future_x10,future_y10,future_x11,future_y11,future_x12,future_y12,future_x13,future_y13,future_x14,future_y14,future_x15,future_y15,future_x16,future_y16,future_x17,future_y17,future_x18,future_y18,future_x19,future_y19,future_x20,future_y20
194.9037030760951,55.43810487310135,164.72283372972828,53.38961788273075,138.2802426836071,68.08215177650735,124.07831835469364,94.79144826308666,126.683567735518,124.92936207801249,161.77298402984945,130.95475323605385,199.67526230783426,134.27077290718236,224.2736505494417,149.55034554100726,220.74153796634852,179.5937367302944,201.44035902802653,202.88634639608878,172.576242322732,211.9386356245282,143.4301970795865,203.83991843371962,123.37388423164086,181.19426789332857,118.85623920084043,151.28319875784038,134.69992811700328,128.58616775667636,172.60220639498792,131.90218742780485,210.50448467297272,135.21820709893336,228.82749723604383,115.04211938740802,225.60401014370507,84.96404922960522,206.54298110576835,61.47451229361782
