future_x1,future_y1,future_x2,future_y2,future_x3,future_y3,future_x4,future_y4,future_x5,future_y5,future_x6,future_y6,future_x7,future_y7,future_x8,future_y8,future_x9,future_y9,future_x10,future_y10,future_x11,future_y11,future_x12,future_y12,future_x13,future_y13,future_x14,future_y14,future_x15,future_y15,future_x16,future_y16,future_x17,future_y17,future_x18,future_y18,future_x19,future_y19,future_x20,future_y20
205.32183237540457,159.5543813839335,199.66525983988245,135.1902410679308,181.6694219527599,117.81905904344369,157.1207260800217,113.02638993998289,133.91259488496996,122.3532754126772,134.93532032561347,148.1416327298124,145.17731144347766,177.88653474337204,148.41239565565846,204.68399138013487,125.6236172163444,214.99319714155587,100.89269057589507,211.2529546771955,82.17163313842079,194.66590688048834,75.48004039787352,170.5654767436191,82.96953662242812,146.7009509262088,102.23193852030917,130.7457630767349,127.07358592811674,127.83016703927908,137.86160350214607,156.64017616225797,148.10359462001026,186.3850781758176,166.3598069551839,200.75570333373136,189.37154772122642,190.95427827897797,203.3538780032393,170.2153635033161
