future_x1,future_y1,future_x2,future_y2,future_x3,future_y3,future_x4,future_y4,future_x5,future_y5,future_x6,future_y6,future_x7,future_y7,future_x8,future_y8,future_x9,future_y9,future_x10,future_y10,future_x11,future_y11,future_x12,future_y12,future_x13,future_y13,future_x14,future_y14,future_x15,future_y15,future_x16,future_y16,future_x17,future_y17,future_x18,future_y18,future_x19,future_y19,future_x20,future_y20
106.85332463415925,208.4368669556946,129.81618000114543,187.75278920588244,137.83974020858957,157.90741635575841,128.34409827038803,128.49727213396196,90.02462134871215,131.32241512509214,51.3019474370049,134.71021011377763,26.432189441204443,120.73038948746336,26.24793171637586,89.82586153351716,42.898490832102496,63.78968132022196,71.03002227614977,50.99355934604634,101.59707332854505,55.5519789105074,124.7710708227908,75.99921928915242,133.1006145717376,105.7606456645764,117.6836741427889,128.90256156174536,78.9610002310815,132.29035655043086,40.23832631937425,135.67815153911636,28.90890760253133,161.73294834618787,39.00639230342183,190.94192987038303,63.36369042385063,209.964175459113,94.1489216066164,212.68324515095009
