future_x1,future_y1,future_x2,future_y2,future_x3,future_y3,future_x4,future_y4,future_x5,future_y5,future_x6,future_y6,future_x7,future_y7,future_x8,future_y8,future_x9,future_y9,future_x10,future_y10,future_x11,future_y11,future_x12,future_y12,future_x13,future_y13,future_x14,future_y14,future_x15,future_y15,future_x16,future_y16,future_x17,future_y17,future_x18,future_y18,future_x19,future_y19,future_x20,future_y20
186.39539930780947,101.10262197113609,163.77616309460075,96.67840036580711,142.38764449310597,105.26530060486333,129.10713826222877,124.10227854543675,145.52308531903552,144.34054141567762,166.7237385047962,164.11047034737146,176.38139294331168,184.75695918703468,160.78678267537066,201.72786706708106,138.47092750573856,207.4903484536039,116.60929931529009,200.19152686758184,102.23131719454415,182.17827580572458,99.9600980093742,159.24260169104227,110.52593281403814,138.75927387150642,130.37976161492082,130.21916360732493,151.5804148006815,149.98909253901877,172.78106798644205,169.75902147071253,193.46898969531446,168.49672474144768,206.3599385248525,149.39104438307652,206.78915711418304,126.34718717373403,194.61863390627326,106.77470780785599
