future_x1,future_y1,future_x2,future_y2,future_x3,future_y3,future_x4,future_y4,future_x5,future_y5,future_x6,future_y6,future_x7,future_y7,future_x8,future_y8,future_x9,future_y9,future_x10,future_y10,future_x11,future_y11,future_x12,future_y12,future_x13,future_y13,future_x14,future_y14,future_x15,future_y15,future_x16,future_y16,future_x17,future_y17,future_x18,future_y18,future_x19,future_y19,future_x20,future_y20
95.12612208743116,149.81899183820806,110.30091653765885,149.12553011898464,122.65895943970126,140.29184168243867,126.21079688694645,126.55113188690645,111.36273757628615,114.52741053320138,96.51467826562583,102.50368917949629,95.63010977065082,88.87641303080989,106.96558508824234,78.76393187696031,121.9775898551786,76.44122039247301,135.83914266017686,82.65512653892642,144.09318005568156,95.40762207651815,144.08568709201148,110.59825141233499,135.8190730673858,123.34259793660011,121.96849422675774,123.11578292870496,107.12043491609744,111.09206157499989,92.27237560543719,99.06834022129486,80.08860509733668,107.76376609932092,74.81229731423426,122.0086196240385,78.13029919449492,136.83245648516436,88.97573568396905,147.4687990480696
