future_x1,future_y1,future_x2,future_y2,future_x3,future_y3,future_x4,future_y4,future_x5,future_y5,future_x6,future_y6,future_x7,future_y7,future_x8,future_y8,future_x9,future_y9,future_x10,future_y10,future_x11,future_y11,future_x12,future_y12,future_x13,future_y13,future_x14,future_y14,future_x15,future_y15,future_x16,future_y16,future_x17,future_y17,future_x18,future_y18,future_x19,future_y19,future_x20,future_y20
75.556432819805,98.4008735994397,91.2463436462461,119.53516891428745,115.90613514173641,128.7398646504727,133.8708129252302,110.94992124174686,144.64903394455314,79.64769451543539,157.23521589622237,51.49093703698881,183.2112491476716,55.74269393460277,202.699086369173,73.43608085246186,209.432580602029,98.88194094036021,201.2466345125003,123.89837607441025,180.77336887468414,140.4415660424994,154.59578670491848,143.19218996117135,131.1310650883104,131.26580829480287,136.9503046450368,102.00642789137206,147.72852566435975,70.7042011650606,146.2717071737867,44.76765633983595,121.42812461157618,36.07121191286278,95.84972984488726,42.28228761327283,77.76103638714437,61.40376530691913,72.97830851686854,87.28729779991082
