future_x1,future_y1,future_x2,future_y2,future_x3,future_y3,future_x4,future_y4,future_x5,future_y5,future_x6,future_y6,future_x7,future_y7,future_x8,future_y8,future_x9,future_y9,future_x10,future_y10,future_x11,future_y11,future_x12,future_y12,future_x13,future_y13,future_x14,future_y14,future_x15,future_y15,future_x16,future_y16,future_x17,future_y17,future_x18,future_y18,future_x19,future_y19,future_x20,future_y20
156.47464403508218,68.10979386889339,134.21224321501307,88.59067966953126,126.66603372392055,117.88463631196397,152.26244600069188,135.41777414964548,188.64702930403848,146.54165759756702,217.51437200435714,162.2257410769816,211.57699567211023,191.8876482264124,190.46469147136168,213.55217648777378,160.96593978887785,220.2532825626945,132.5658112889711,209.83628325190608,114.39612377182112,185.65067536247508,112.29918446126173,155.4731337299959,126.94924621224482,129.0069881068689,162.65804123021945,138.59602656333732,199.04262453356603,149.71991001125886,226.30062349299857,142.46284664914748,233.2437833357398,113.02012760266116,223.0603919347741,84.53539988714807,199.02483147685248,66.167683455164,168.86553033256016,63.822960030094336
