future_x1,future_y1,future_x2,future_y2,future_x3,future_y3,future_x4,future_y4,future_x5,future_y5,future_x6,future_y6,future_x7,future_y7,future_x8,future_y8,future_x9,future_y9,future_x10,future_y10,future_x11,future_y11,future_x12,future_y12,future_x13,future_y13,future_x14,future_y14,future_x15,future_y15,future_x16,future_y16,future_x17,future_y17,future_x18,future_y18,future_x19,future_y19,future_x20,future_y20
58.6620299165141,89.35190415125074,64.37405348824154,113.7031039759717,82.40939075817835,131.0332729234205,106.96893367248526,135.77004376733697,127.70907850055254,124.67475204531813,124.96726136987877,93.33563883711429,122.225444239205,61.99652562891045,136.95827969872047,44.98958807656463,161.91575723827796,46.64260382057438,181.9619302020827,61.60118315461155,190.6511235609899,85.05552315724184,185.18940169656238,109.46408191156252,167.33293444237617,126.97849664308112,142.82331573243897,131.96715747350012,126.92570217750287,115.72071970011694,124.18388504682913,84.38160649191323,121.44206791615537,53.042493283709376,97.53015833293942,48.06199075026275,74.54079043442574,57.91577732265455,60.605709144499755,78.68646955066285
