future_x1,future_y1,future_x2,future_y2,future_x3,future_y3,future_x4,future_y4,future_x5,future_y5,future_x6,future_y6,future_x7,future_y7,future_x8,future_y8,future_x9,future_y9,future_x10,future_y10,future_x11,future_y11,future_x12,future_y12,future_x13,future_y13,future_x14,future_y14,future_x15,future_y15,future_x16,future_y16,future_x17,future_y17,future_x18,future_y18,future_x19,future_y19,future_x20,future_y20
102.88701294618366,160.69579729575688,116.8998726207191,156.8317236398079,126.55867771489154,145.96899904467958,128.757722270796,131.60043946071414,114.69309150599427,124.68221508117263,96.95380258090134,120.25931360162107,84.03990922838584,112.6085089930841,86.8292593515545,98.34278688142089,96.92754544051553,87.88736151741422,111.08775019185126,84.60408527605604,124.7567811854741,89.54866748006438,133.53947871148398,101.13122011941972,134.6118416882705,115.62747270837647,127.3640121667749,127.84143042370943,109.62472324168195,123.41852894415788,91.88543431658908,118.99562746460636,79.93970851933572,124.64120805031222,78.03614052527831,139.05188917123147,84.27481776625255,152.18087267185967,96.64974706941452,159.8066464829928
