future_x1,future_y1,future_x2,future_y2,future_x3,future_y3,future_x4,future_y4,future_x5,future_y5,future_x6,future_y6,future_x7,future_y7,future_x8,future_y8,future_x9,future_y9,future_x10,future_y10,future_x11,future_y11,future_x12,future_y12,future_x13,future_y13,future_x14,future_y14,future_x15,future_y15,future_x16,future_y16,future_x17,future_y17,future_x18,future_y18,future_x19,future_y19,future_x20,future_y20
159.2169225237934,141.5182132075256,148.73322224551916,130.5251561150695,133.9572144659533,127.00026322862621,125.19450135473629,139.2522404754843,120.57237007880853,157.79059646927513,114.09940081327643,173.64242513381265,99.00188699966023,171.96303464605995,87.24482636413327,162.34394939977852,82.60860094227864,147.87810377636478,86.58394926484203,133.21686639758332,97.89263216561605,123.07443242873615,112.89843962498021,120.71201454546903,126.77638292276201,126.88922796142283,123.87389241875694,144.54891361656738,119.25176114282917,163.0872696103582,122.51459427348925,177.2466106861741,137.35985980881304,180.4673818591099,151.56982501264568,175.0978227833054,160.5753974180737,162.86446913791116,161.48091243706662,147.70085089182408
