future_x1,future_y1,future_x2,future_y2,future_x3,future_y3,future_x4,future_y4,future_x5,future_y5,future_x6,future_y6,future_x7,future_y7,future_x8,future_y8,future_x9,future_y9,future_x10,future_y10,future_x11,future_y11,future_x12,future_y12,future_x13,future_y13,future_x14,future_y14,future_x15,future_y15,future_x16,future_y16,future_x17,future_y17,future_x18,future_y18,future_x19,future_y19,future_x20,future_y20
208.49920645520936,154.67155824017894,192.03201687359925,130.08034722844926,164.84011656369032,118.39717346118559,135.66682791120888,123.37866128502918,130.72872541935445,153.96208813523637,134.61964374616494,190.9817031581211,130.47911300344543,222.17748174402493,101.38341730087947,227.59379814208287,74.02018517851292,216.31773856625625,57.187829297269474,191.9750232857607,56.29864936050441,162.39284367065866,71.63855355254663,137.08309592163775,98.27512721356797,124.18391240712461,127.64360848010323,127.84291498122465,131.84041636987172,164.53912099891772,135.73133469668224,201.55873602180247,153.58121642111544,222.16760295496303,182.64607620650997,216.58818386374406,204.00419400467806,196.10094891464271,210.7880501743516,167.2933928362579
