future_x1,future_y1,future_x2,future_y2,future_x3,future_y3,future_x4,future_y4,future_x5,future_y5,future_x6,future_y6,future_x7,future_y7,future_x8,future_y8,future_x9,future_y9,future_x10,future_y10,future_x11,future_y11,future_x12,future_y12,future_x13,future_y13,future_x14,future_y14,future_x15,future_y15,future_x16,future_y16,future_x17,future_y17,future_x18,future_y18,future_x19,future_y19,future_x20,future_y20
167.64699381027327,117.80327578056254,150.84745873592922,114.32944753019987,134.85980650036453,120.54932191974957,132.0649358552611,135.97788581373996,141.86044852022974,155.20266187681602,151.65596118519838,174.42743793989212,138.9656032968956,185.73945488592466,121.9791193644135,188.1376260721958,106.41949251234001,180.91337014847878,97.28978733780815,166.38958466213742,97.52558225636847,149.23626830105124,107.05105943379859,134.9689228587697,122.80338336059177,128.1750909258687,134.8636537595379,141.4706789746189,144.6591664245065,160.69545503769496,156.51585466831278,174.56645234595294,172.37243121758604,168.01963315155237,182.11972027160212,153.90289778091568,182.62356461388057,136.75536144749776,173.72195741641147,122.09066742651322
