future_x1,future_y1,future_x2,future_y2,future_x3,future_y3,future_x4,future_y4,future_x5,future_y5,future_x6,future_y6,future_x7,future_y7,future_x8,future_y8,future_x9,future_y9,future_x10,future_y10,future_x11,future_y11,future_x12,future_y12,future_x13,future_y13,future_x14,future_y14,future_x15,future_y15,future_x16,future_y16,future_x17,future_y17,future_x18,future_y18,future_x19,future_y19,future_x20,future_y20
91.58263071165416,149.65638706224186,106.71425171779026,150.99404228289754,120.14053832963985,143.8884034249795,127.54438321183274,130.62422773543463,115.38116590959176,118.4910264635977,100.12252981174703,106.99281943302216,92.37919003999748,94.12343749192519,101.43519391312576,81.92736969887925,115.66720746606039,76.61652551063841,130.49904877428946,79.89856133771218,141.16166644185284,90.71816670195963,144.22658718513534,105.59639027199927,138.7083120195201,119.74926683329382,126.28019169376661,126.70403148543741,111.02155559592182,115.20582445486184,95.76291949807711,103.7076174242863,82.29141821201131,105.97066514463336,75.16147202999099,119.38405931628806,76.47171721069417,134.5180783901868,85.8008556510583,146.50650830086354
