future_x1,future_y1,future_x2,future_y2,future_x3,future_y3,future_x4,future_y4,future_x5,future_y5,future_x6,future_y6,future_x7,future_y7,future_x8,future_y8,future_x9,future_y9,future_x10,future_y10,future_x11,future_y11,future_x12,future_y12,future_x13,future_y13,future_x14,future_y14,future_x15,future_y15,future_x16,future_y16,future_x17,future_y17,future_x18,future_y18,future_x19,future_y19,future_x20,future_y20
55.12530843953428,157.6902065805389,87.20754295336602,160.6076729461993,115.71834695295122,145.61049198801612,119.93381699052925,116.897851538553,96.11814159176085,84.11838649587894,72.30246619299244,51.338921453204875,88.65309903370594,25.550069225468363,119.01073047709916,14.77066318699113,150.34934466199937,22.2320733998951,172.59227891247622,45.53514738862499,178.58750844394473,77.18698152600578,166.40731860709244,107.01019994611423,139.96814500403642,125.41540248731769,113.12933830516678,107.53229009778889,89.31366290639836,74.75282505511481,63.851520082362015,49.41767577913038,35.65464593161646,64.99707466106008,20.462733259906685,93.40459427771088,23.16061132266205,125.50604027868972,42.88080056195493,150.97946795856296
