future_x1,future_y1,future_x2,future_y2,future_x3,future_y3,future_x4,future_y4,future_x5,future_y5,future_x6,future_y6,future_x7,future_y7,future_x8,future_y8,future_x9,future_y9,future_x10,future_y10,future_x11,future_y11,future_x12,future_y12,future_x13,future_y13,future_x14,future_y14,future_x15,future_y15,future_x16,future_y16,future_x17,future_y17,future_x18,future_y18,future_x19,future_y19,future_x20,future_y20
203.41020618432336,135.85965251389646,188.2240248568825,116.81595508995558,165.12379845398203,109.0918334557995,141.53720670090465,115.17091269184841,131.20617122405804,134.57362517744713,144.63580023863167,162.10844513701204,158.0654292532054,189.6432650965771,146.03291125255075,208.30538304033516,122.28473646113257,213.71895016015074,99.41079549801597,205.34844601163115,84.76600794562344,185.88533443023732,83.05927966863128,161.58781205710196,94.83939451004068,140.26853887043578,116.31855755204768,128.78254435975418,135.0432080853648,142.44071659446567,148.47283709993843,169.9755365540306,162.98030161752348,194.97027962763138,186.43710660800173,188.40820567779102,202.55443476388763,170.14583321417024,206.14989741585663,146.05527151040764
