future_x1,future_y1,future_x2,future_y2,future_x3,future_y3,future_x4,future_y4,future_x5,future_y5,future_x6,future_y6,future_x7,future_y7,future_x8,future_y8,future_x9,future_y9,future_x10,future_y10,future_x11,future_y11,future_x12,future_y12,future_x13,future_y13,future_x14,future_y14,future_x15,future_y15,future_x16,future_y16,future_x17,future_y17,future_x18,future_y18,future_x19,future_y19,future_x20,future_y20
100.99635929890742,92.73278488744981,105.89797405729273,111.8896555858716,120.42863209299628,125.30127365548324,138.14634733214982,117.11937459996,155.10804772241,98.93017783263136,172.4637357199697,84.75146025812371,188.65015252038228,96.10978026413656,196.05786625608752,114.44382780976912,192.30499009334883,133.85844711334644,178.59822918298565,148.11103380986617,159.344874966108,152.61879085690305,140.73567840186786,145.93228762807243,128.75426707958948,130.20151190269732,142.9925474436527,111.92246123786612,159.9542478339129,93.73326447053748,165.41782006179028,75.54287339484979,150.61485986629455,62.432423683026784,131.06261174441798,59.479270186124864,113.04793342757877,67.63297408904376,102.36329026038801,84.27178181632623
