future_x1,future_y1,future_x2,future_y2,future_x3,future_y3,future_x4,future_y4,future_x5,future_y5,future_x6,future_y6,future_x7,future_y7,future_x8,future_y8,future_x9,future_y9,future_x10,future_y10,future_x11,future_y11,future_x12,future_y12,future_x13,future_y13,future_x14,future_y14,future_x15,future_y15,future_x16,future_y16,future_x17,future_y17,future_x18,future_y18,future_x19,future_y19,future_x20,future_y20
208.69315666762608,97.06278824314494,182.57476191303726,86.20334925382178,154.75031917798123,91.29239103032837,134.16653944121205,110.693575825787,137.83485475498887,135.9641083493816,165.48296519552906,158.35310673214215,193.13107563606934,180.74210511490278,184.3446583980447,206.32705702355977,160.8912430533993,222.13956056951724,132.6099629621922,222.65643204489396,108.59442123786006,207.7114758587345,96.56660939885418,182.1101145260844,100.39396720866156,154.08424626272688,118.84584058149532,132.64534869889974,145.73431488085748,142.36096503017032,173.38242532139768,164.74996341293087,200.69666748354683,179.84273828657126,220.87776607902134,160.02302034712767,227.03681413634993,132.41570090559404,217.19342256390283,105.89767680742791
