future_x1,future_y1,future_x2,future_y2,future_x3,future_y3,future_x4,future_y4,future_x5,future_y5,future_x6,future_y6,future_x7,future_y7,future_x8,future_y8,future_x9,future_y9,future_x10,future_y10,future_x11,future_y11,future_x12,future_y12,future_x13,future_y13,future_x14,future_y14,future_x15,future_y15,future_x16,future_y16,future_x17,future_y17,future_x18,future_y18,future_x19,future_y19,future_x20,future_y20
101.6192413855014,63.95167574871547,92.17273117211465,83.53018111742085,94.89129805144567,105.09783796295346,108.90081015399522,121.71975116007327,129.14689256296498,126.2339403250307,144.03796453208145,103.30370032614636,158.92903650119797,80.37346032726188,177.97047352718099,75.67289569809785,194.418532869859,89.88612093179515,200.4933908485019,110.75836394071405,194.24172896938867,131.5783339559011,177.67371550441914,145.6515481413185,156.11665311961852,148.4528851474428,136.50203038222273,139.08159908022228,133.4014845541411,119.6824431824923,148.2925565232576,96.75220318360796,163.1836284923741,73.8219631847235,150.4503631665287,57.28662015988384,129.52893000316985,51.38339544154951,108.76100851184403,57.80584548916936
