future_x1,future_y1,future_x2,future_y2,future_x3,future_y3,future_x4,future_y4,future_x5,future_y5,future_x6,future_y6,future_x7,future_y7,future_x8,future_y8,future_x9,future_y9,future_x10,future_y10,future_x11,future_y11,future_x12,future_y12,future_x13,future_y13,future_x14,future_y14,future_x15,future_y15,future_x16,future_y16,future_x17,future_y17,future_x18,future_y18,future_x19,future_y19,future_x20,future_y20
168.72839335665768,136.65756997239697,158.27776063145959,125.63307218765844,143.51240736308586,122.06381195298589,129.18000628838791,127.09745429195712,130.7004930873237,145.0502423204592,133.6893115723277,163.9208995572415,129.01923900952306,177.6040010779525,113.93810829156077,179.4246526180392,100.29155197332307,172.75181391057345,92.46750322555067,159.73107902520042,92.98171783521542,144.54915361707475,101.66885450375014,132.08765562265657,115.73563892387195,126.35347287003131,128.56562274089228,131.5712014370432,131.55444122589628,150.44185867382558,134.5432597109003,169.31251591060789,146.75443616237217,175.54091003468903,160.9804660081622,170.21405818867555,170.02274357144165,158.0078101070043,170.9738020354038,142.8469801969759
