future_x1,future_y1,future_x2,future_y2,future_x3,future_y3,future_x4,future_y4,future_x5,future_y5,future_x6,future_y6,future_x7,future_y7,future_x8,future_y8,future_x9,future_y9,future_x10,future_y10,future_x11,future_y11,future_x12,future_y12,future_x13,future_y13,future_x14,future_y14,future_x15,future_y15,future_x16,future_y16,future_x17,future_y17,future_x18,future_y18,future_x19,future_y19,future_x20,future_y20
188.63195829648396,167.78383436671015,175.07694703708316,142.21373613485582,149.79673500914188,128.12547386970834,125.17215666074782,136.7032068909268,113.92393806549933,171.32166408407028,102.67571947025087,205.94012127721362,76.7716291597117,211.42531913553267,52.11555207856452,196.2712399224068,39.66390065034082,170.14606756815851,43.420396624196016,141.4501272311078,62.17717093008467,119.41035247120794,89.90314362127383,111.11344388085467,117.68326591727629,119.22720127483134,121.95837991924826,146.5941946603963,110.71016132399977,181.2126518535398,102.8866014835065,214.37237479605182,128.45074241196488,227.9386179170888,157.2819388693117,225.4225963219834,180.1097668498759,207.63331518083174,189.5941340053768,180.29076530908605
