future_x1,future_y1,future_x2,future_y2,future_x3,future_y3,future_x4,future_y4,future_x5,future_y5,future_x6,future_y6,future_x7,future_y7,future_x8,future_y8,future_x9,future_y9,future_x10,future_y10,future_x11,future_y11,future_x12,future_y12,future_x13,future_y13,future_x14,future_y14,future_x15,future_y15,future_x16,future_y16,future_x17,future_y17,future_x18,future_y18,future_x19,future_y19,future_x20,future_y20
135.15493832508457,174.50845806099943,138.87820393668267,151.10009159581938,129.27392945331192,129.43047602399218,101.26777492400537,134.17162044805622,72.22008381617255,140.8778083504956,50.7168344923725,134.62706454962776,46.46584778108431,111.30875759215064,55.578270908760956,89.42775962302485,75.12408235383175,76.01971791901698,98.81849404311467,75.39587332182235,119.04277106737536,87.75681771246809,129.2939705639957,109.12799541195842,122.01612571531456,129.3814862320281,92.96843460748174,136.08767413446748,63.92074349964892,142.79386203690686,56.10015770818953,162.76507132948151,66.14732473943626,184.23292548468135,86.2529422453809,196.7859518961619,109.95222131406516,196.3878325581492,129.6248619721443,183.16657933007758
