future_x1,future_y1,future_x2,future_y2,future_x3,future_y3,future_x4,future_y4,future_x5,future_y5,future_x6,future_y6,future_x7,future_y7,future_x8,future_y8,future_x9,future_y9,future_x10,future_y10,future_x11,future_y11,future_x12,future_y12,future_x13,future_y13,future_x14,future_y14,future_x15,future_y15,future_x16,future_y16,future_x17,future_y17,future_x18,future_y18,future_x19,future_y19,future_x20,future_y20
76.42125631410491,53.32466127897298,73.58628534722848,84.09943566616172,87.9417311799816,111.46812167605798,114.87172329665584,126.63055299696636,138.88710154866857,108.35914888971203,157.7319366697729,74.36216639102301,178.43674241792445,45.55466794886982,207.40655408119517,56.319137799267224,225.86538965744484,81.10613415087023,227.87796884375865,111.94561086472218,212.79716405978394,138.92139863881778,185.47207877235138,153.35966422024887,154.68885985470575,150.61790711326356,130.34558739686875,131.5777158062174,144.27134015469838,98.64572531865802,163.1161752758027,64.648742819969,165.36822425317803,34.749811230342715,138.13259634058812,20.14349851383706,107.33307238474639,22.695580616538933,82.87297522089774,41.58545742133795
