future_x1,future_y1,future_x2,future_y2,future_x3,future_y3,future_x4,future_y4,future_x5,future_y5,future_x6,future_y6,future_x7,future_y7,future_x8,future_y8,future_x9,future_y9,future_x10,future_y10,future_x11,future_y11,future_x12,future_y12,future_x13,future_y13,future_x14,future_y14,future_x15,future_y15,future_x16,future_y16,future_x17,future_y17,future_x18,future_y18,future_x19,future_y19,future_x20,future_y20
137.14009583562708,183.44543995738968,147.41382255528612,168.1031016903949,147.69301326198968,149.64073844084285,137.88789657793822,133.99476480475155,121.15875847726048,133.5399281523452,103.11068638413046,148.15496876331434,85.06261429100036,162.77000937428357,70.07057379615807,153.00224645248983,63.387564626360074,135.78962920102236,67.13882528251406,117.71022523687799,80.11817006609071,104.57731188156488,98.15220195426605,100.61366481536398,115.44223262751379,107.09376076583264,126.42880097747515,121.93398044415099,116.00216645065191,137.71565404119352,97.95409435752188,152.3306946521627,85.15468461630749,167.80087110114974,95.27897504316815,183.24222944689436,112.17224264055727,190.6957060915301,130.40260206508464,187.7646995303511
