future_x1,future_y1,future_x2,future_y2,future_x3,future_y3,future_x4,future_y4,future_x5,future_y5,future_x6,future_y6,future_x7,future_y7,future_x8,future_y8,future_x9,future_y9,future_x10,future_y10,future_x11,future_y11,future_x12,future_y12,future_x13,future_y13,future_x14,future_y14,future_x15,future_y15,future_x16,future_y16,future_x17,future_y17,future_x18,future_y18,future_x19,future_y19,future_x20,future_y20
155.4220734452396,154.5615725985963,150.18571695510906,139.6063974221578,137.65892224463505,129.90299038486748,124.0582950024878,134.5600987528381,113.79388913310386,151.64293883977206,103.52948326372001,168.72577892670586,88.55657852497585,165.1218651054252,78.14939542503772,153.17334077084507,75.91272383003069,137.4865949634513,82.56574631282633,123.10556629046987,95.96924054090616,114.65435121052293,111.81342787446643,114.8503654670095,125.00374573353595,123.63058235649481,121.12560761123522,139.44091020624782,110.86120174185133,156.5237502931817,105.17903976805904,172.73468040473068,117.9024226488799,182.1788437831209,133.71578377807293,183.18597021382598,147.53447247735983,175.43222682873136,154.91520788483507,161.41076332827825
