future_x1,future_y1,future_x2,future_y2,future_x3,future_y3,future_x4,future_y4,future_x5,future_y5,future_x6,future_y6,future_x7,future_y7,future_x8,future_y8,future_x9,future_y9,future_x10,future_y10,future_x11,future_y11,future_x12,future_y12,future_x13,future_y13,future_x14,future_y14,future_x15,future_y15,future_x16,future_y16,future_x17,future_y17,future_x18,future_y18,future_x19,future_y19,future_x20,future_y20
91.40349319078938,103.04407134045331,104.45221608847469,120.43042398911048,124.85739762185067,127.92595560961726,139.36424506560653,107.49835919903866,152.61951044740073,83.58522744148635,169.56502527023684,70.92072671165283,188.46738061010782,81.65643303631057,198.49295295558855,100.94483179902744,196.41810548398797,122.58390376742896,182.90998760886902,139.61579089586942,162.31201880663804,146.56403591935305,141.24729932687234,141.19449022881042,129.896198364325,124.57916759729024,143.1514637461192,100.66603583973793,156.4067291279134,76.75290408218561,149.57327545908657,58.445879727636566,129.01849827350816,51.370884142106505,107.92110233239394,56.610570410188345,93.06477439945584,72.48016234045072,89.22643933486628,93.87692872268678
