future_x1,future_y1,future_x2,future_y2,future_x3,future_y3,future_x4,future_y4,future_x5,future_y5,future_x6,future_y6,future_x7,future_y7,future_x8,future_y8,future_x9,future_y9,future_x10,future_y10,future_x11,future_y11,future_x12,future_y12,future_x13,future_y13,future_x14,future_y14,future_x15,future_y15,future_x16,future_y16,future_x17,future_y17,future_x18,future_y18,future_x19,future_y19,future_x20,future_y20
75.05138087944172,164.19996663958023,99.99669138731346,162.37250122176118,119.9377915767768,147.27413477299444,123.88621588754893,124.6687233097259,99.43811822947879,104.87104418422894,74.99002057140875,85.07336505873205,75.3535460525508,62.56030694236544,94.46815557826505,46.42835576258145,119.28189125877003,43.28404856297543,141.81610915317933,54.13841036249059,154.82512471883317,75.50131419600622,154.12600054734534,100.50370151362654,139.9435340213663,121.10626905815782,116.90104512810035,119.01224355958394,92.45294747003021,99.21456443408697,68.0261862407944,80.15522904229317,48.39928692690799,95.6598402760528,40.35888027316307,119.34443457339944,46.490290096020644,143.5934337232948,64.82201414115954,160.60977997389563
