future_x1,future_y1,future_x2,future_y2,future_x3,future_y3,future_x4,future_y4,future_x5,future_y5,future_x6,future_y6,future_x7,future_y7,future_x8,future_y8,future_x9,future_y9,future_x10,future_y10,future_x11,future_y11,future_x12,future_y12,future_x13,future_y13,future_x14,future_y14,future_x15,future_y15,future_x16,future_y16,future_x17,future_y17,future_x18,future_y18,future_x19,future_y19,future_x20,future_y20
99.57786779143788,95.87580589319212,105.63584685468838,114.00992652174878,120.58081098577149,125.93441763971613,137.10796801383495,116.75259619790283,152.24127247625674,98.06452154827869,168.0383311490421,83.30439332872368,184.39595242016927,93.20255819157545,192.7413457891468,110.40429795297317,190.39112157636154,129.37854069020727,178.1009742252665,144.0242813471422,159.82269523384483,149.63230759650838,141.43350848335658,144.39940668425038,128.84629929400418,130.00817302881597,141.4317692888126,111.41314629801022,156.56507375123445,92.72507164838599,160.51089630229023,74.82239045525736,145.3242508036769,63.207260675471304,126.26312439420134,61.71766297681688,109.456458829818,70.8325647266328,100.30829331277889,87.62114742365287
