future_x1,future_y1,future_x2,future_y2,future_x3,future_y3,future_x4,future_y4,future_x5,future_y5,future_x6,future_y6,future_x7,future_y7,future_x8,future_y8,future_x9,future_y9,future_x10,future_y10,future_x11,future_y11,future_x12,future_y12,future_x13,future_y13,future_x14,future_y14,future_x15,future_y15,future_x16,future_y16,future_x17,future_y17,future_x18,future_y18,future_x19,future_y19,future_x20,future_y20
207.34748747436046,147.5117846242494,182.98213865183627,125.44991446171306,150.53727097880196,120.18428059757221,128.20135944802936,139.53587505159646,128.92286246238928,180.87075506076778,129.64436547674921,222.2056350699391,102.91420995402933,236.5855940882446,70.9513306867895,228.91938986061388,48.295857317561754,205.10498529681658,42.23246304722096,172.7996979860018,54.71078031237906,142.3910160589279,81.71851319266247,123.65659044779291,114.571556760184,122.62031506816366,128.4075031664179,151.34584076850268,129.12900618077782,192.680720777674,133.80503235723012,230.42805003289328,166.35117380115304,235.0264209861827,196.1653405388878,221.18764213664014,213.66104289965185,193.36145416172252,213.21268780751421,160.49512920709384
