future_x1,future_y1,future_x2,future_y2,future_x3,future_y3,future_x4,future_y4,future_x5,future_y5,future_x6,future_y6,future_x7,future_y7,future_x8,future_y8,future_x9,future_y9,future_x10,future_y10,future_x11,future_y11,future_x12,future_y12,future_x13,future_y13,future_x14,future_y14,future_x15,future_y15,future_x16,future_y16,future_x17,future_y17,future_x18,future_y18,future_x19,future_y19,future_x20,future_y20
188.7653609555892,182.40980596087877,183.95687999045052,154.53550829210621,164.7640400428174,133.75732611791437,137.35813422745082,126.75630575238051,121.02746640398612,150.80612976999043,110.62591305008543,184.82807779389876,95.89665232348176,211.71066921292328,68.17207950045795,206.10299398158054,47.95413483379143,186.32086383402122,41.743725070813284,158.72505309588072,51.537754219199385,132.1887580877239,74.18703618590204,115.2444969320335,102.40888856243973,113.34055151362496,127.12881670746133,127.0891191562681,118.05559401715735,160.52668634824997,107.65404066325667,194.5486343721583,114.56357246866267,219.96720940952886,142.1074449528819,226.40406021504194,168.72328544991566,216.82830988643462,185.85299866740138,194.31895883390234
