future_x1,future_y1,future_x2,future_y2,future_x3,future_y3,future_x4,future_y4,future_x5,future_y5,future_x6,future_y6,future_x7,future_y7,future_x8,future_y8,future_x9,future_y9,future_x10,future_y10,future_x11,future_y11,future_x12,future_y12,future_x13,future_y13,future_x14,future_y14,future_x15,future_y15,future_x16,future_y16,future_x17,future_y17,future_x18,future_y18,future_x19,future_y19,future_x20,future_y20
186.32811589564437,68.09676272643844,160.02249929405616,67.17683044249038,137.44581674653227,80.70920441549058,125.85740694082412,104.34266582874469,131.2574510792144,128.5743765136034,163.86038069070094,134.32315265424737,196.4633103021875,140.07192879489133,209.94633380682328,159.55045894156268,201.55715636197016,184.49947579585117,180.94999357679188,200.87557368704512,154.75090194724797,203.41315875627234,131.3839747408035,191.29629228323034,118.3626470392756,168.42104878537387,119.87381511277052,142.14276666399996,140.57257382535352,130.21688398235884,173.1755034368399,135.96566012300278,205.77843304832646,141.71443626364675,217.5318184284615,118.96367284960671,213.86985248866898,92.89795310791143,196.62266590125543,73.01413317773341
