future_x1,future_y1,future_x2,future_y2,future_x3,future_y3,future_x4,future_y4,future_x5,future_y5,future_x6,future_y6,future_x7,future_y7,future_x8,future_y8,future_x9,future_y9,future_x10,future_y10,future_x11,future_y11,future_x12,future_y12,future_x13,future_y13,future_x14,future_y14,future_x15,future_y15,future_x16,future_y16,future_x17,future_y17,future_x18,future_y18,future_x19,future_y19,future_x20,future_y20
95.01376116142657,72.97448213579446,87.04070440910316,90.35193325286153,89.79895233480376,109.27116975125634,102.40161396881697,123.64887335928825,120.79641152516315,128.8620167644582,132.3943098563825,113.62686009982039,139.4249894381856,90.6305433799563,148.82551181797126,71.50629194830141,167.6576524102415,74.80718910132082,181.66718202615718,87.81789704680196,186.34945654345074,106.35493420613595,180.19893073958949,124.4578752279109,165.19325344867414,136.30587465155838,146.15737153632907,138.08930985393584,129.212109606916,129.234732537914,134.40307545118338,107.05648389414496,141.43375503298648,84.06016717428085,137.8399265838518,66.28111208312917,119.34197122069752,61.44674669720962,101.18912516185829,67.44838157996537
