future_x1,future_y1,future_x2,future_y2,future_x3,future_y3,future_x4,future_y4,future_x5,future_y5,future_x6,future_y6,future_x7,future_y7,future_x8,future_y8,future_x9,future_y9,future_x10,future_y10,future_x11,future_y11,future_x12,future_y12,future_x13,future_y13,future_x14,future_y14,future_x15,future_y15,future_x16,future_y16,future_x17,future_y17,future_x18,future_y18,future_x19,future_y19,future_x20,future_y20
175.08641947766273,195.7813822599522,173.98385148060333,164.89597886648397,156.2637500412337,139.5755956951366,127.72432955977699,128.3794278099313,104.87677104713806,159.82639427363534,82.02921253449914,191.2733607373394,54.98624173093688,199.47416508977608,31.90830787505176,178.91856322778028,23.71830810467482,149.1184339876809,33.049666620221245,119.65575340325785,56.901965103428665,100.00399378653698,87.60570150028815,96.48200993683422,115.28835264380811,110.22226556151506,121.19645569902295,137.36427537098967,98.34889718638401,168.81124183469376,75.50133867374518,200.25820829839768,89.22464170700032,225.51929203762467,118.09694554559945,236.54262501894272,148.3216713389533,230.09361349143165,170.18031767231633,208.2458818142447
