future_x1,future_y1,future_x2,future_y2,future_x3,future_y3,future_x4,future_y4,future_x5,future_y5,future_x6,future_y6,future_x7,future_y7,future_x8,future_y8,future_x9,future_y9,future_x10,future_y10,future_x11,future_y11,future_x12,future_y12,future_x13,future_y13,future_x14,future_y14,future_x15,future_y15,future_x16,future_y16,future_x17,future_y17,future_x18,future_y18,future_x19,future_y19,future_x20,future_y20
119.28456021370567,202.50333908486243,136.58077812615784,177.68556280701773,137.60091708113563,147.45246025427255,117.15807616739875,129.5237330252134,79.48128870492528,134.81886018409352,41.80450124245195,140.11398734297364,25.952456759487376,117.00172790746798,29.52022356340146,86.96254993128044,48.849033516659475,63.69286408804189,77.72387351507663,54.67483833303372,106.86028634657545,62.80814152206173,126.88970829747694,85.4775797542945,131.37185048320057,115.3939895469006,106.39327974954924,131.03662649917914,68.71649228707575,136.33175365805928,35.007820638278005,145.04487555218384,34.608638028646666,175.29255028424132,50.7216437423717,200.89435139903884,78.16583895434309,213.61823927261702,108.11677801639865,209.37295686112722
