future_x1,future_y1,future_x2,future_y2,future_x3,future_y3,future_x4,future_y4,future_x5,future_y5,future_x6,future_y6,future_x7,future_y7,future_x8,future_y8,future_x9,future_y9,future_x10,future_y10,future_x11,future_y11,future_x12,future_y12,future_x13,future_y13,future_x14,future_y14,future_x15,future_y15,future_x16,future_y16,future_x17,future_y17,future_x18,future_y18,future_x19,future_y19,future_x20,future_y20
101.00324965872727,25.48283946638216,80.28861184608482,49.293081980283674,75.85176038665415,80.53949325272752,89.11932682310999,109.17505766368316,115.82523893152236,125.99225501453543,141.2651962556129,107.57338904785644,162.8841621866793,74.28310085670468,186.38786472864672,47.77558014815274,214.85780408854947,61.394920114656884,231.34471743947296,88.30598766016499,230.5473791616641,119.8557597663229,212.7221665415174,145.8996777382088,183.6006238534602,158.06354306742966,152.5465334440537,152.43616915732167,129.54507180888714,130.82698983635217,147.44204366448898,98.06187813609883,169.0610095955554,64.77158994494707,171.9428872636731,34.81401143946046,144.89731672768613,18.54868074307703,113.35515748226638,19.60511740295756
