future_x1,future_y1,future_x2,future_y2,future_x3,future_y3,future_x4,future_y4,future_x5,future_y5,future_x6,future_y6,future_x7,future_y7,future_x8,future_y8,future_x9,future_y9,future_x10,future_y10,future_x11,future_y11,future_x12,future_y12,future_x13,future_y13,future_x14,future_y14,future_x15,future_y15,future_x16,future_y16,future_x17,future_y17,future_x18,future_y18,future_x19,future_y19,future_x20,future_y20
84.54080855514829,145.41243916021588,104.26993433280686,146.74402402232548,121.55128067165752,137.1332701022429,121.8817344459807,118.92929829461494,107.97427799966125,98.31064619601065,94.32521889832802,77.72183136853258,107.77180239505088,63.22352407211581,126.94042549285894,58.36807242166461,145.6675817974026,64.7167052619588,157.93171477631867,80.22807414001512,159.789397629936,99.91463139645403,150.6433083655102,117.4463333492835,133.43429356221088,127.18601156242262,117.90817546131797,113.0382548378708,104.00071901499851,92.41960273926651,88.34754033949193,78.84573233864369,71.2671634027099,88.80927818804562,62.35076503503555,106.45890601258077,64.46533667728843,126.11952932328613,76.93095594945032,141.46944327604746
