future_x1,future_y1,future_x2,future_y2,future_x3,future_y3,future_x4,future_y4,future_x5,future_y5,future_x6,future_y6,future_x7,future_y7,future_x8,future_y8,future_x9,future_y9,future_x10,future_y10,future_x11,future_y11,future_x12,future_y12,future_x13,future_y13,future_x14,future_y14,future_x15,future_y15,future_x16,future_y16,future_x17,future_y17,future_x18,future_y18,future_x19,future_y19,future_x20,future_y20
81.48049768208674,95.86770868661935,99.3788224924802,118.61014089627578,126.76644868786951,127.9635459025219,145.95890722392733,98.11135918178155,164.70629315065347,66.91046943622472,188.78084432991665,54.838611205413315,212.5141648384535,71.4005480326153,223.4258503294398,98.20546126834437,218.00734189628903,126.63446090232793,198.00091446428652,147.54644586878155,169.83946322762705,154.21734671307655,142.57806135904755,144.50219246885302,132.56791727626586,120.39770900003633,151.315303202992,89.19681925447951,170.06268912971814,57.99592950892267,157.54147135826017,34.73272199525191,129.96757584975126,25.94360711859926,102.04743036969442,33.56159439882133,82.75851829388587,55.137185346948144,78.3030239061238,83.73293369508173
