future_x1,future_y1,future_x2,future_y2,future_x3,future_y3,future_x4,future_y4,future_x5,future_y5,future_x6,future_y6,future_x7,future_y7,future_x8,future_y8,future_x9,future_y9,future_x10,future_y10,future_x11,future_y11,future_x12,future_y12,future_x13,future_y13,future_x14,future_y14,future_x15,future_y15,future_x16,future_y16,future_x17,future_y17,future_x18,future_y18,future_x19,future_y19,future_x20,future_y20
157.49942402634815,169.4583572584386,161.24211613889264,154.06131372403266,156.0105238217123,139.10447128732451,143.48682072572802,129.39707438530547,127.87557167955016,128.36136608174132,121.3871898718982,147.20499510603827,114.8988080642462,166.04862413033527,102.80182093921893,173.9727843447086,88.4323554489985,167.29482392441093,80.00440522535114,153.87668884991493,80.22790539661906,138.03286539965094,89.03099139914943,124.85779915003587,103.5831064115293,118.5878196830706,119.20514262969527,121.23898513396357,126.02174830593532,133.74526008868332,119.53336649828334,152.58888911298024,113.04498469063135,171.43251813727724,123.71366988214939,181.66663178260742,139.5267093932107,182.67879544097096,153.34786731328816,174.92945433362695
