future_x1,future_y1,future_x2,future_y2,future_x3,future_y3,future_x4,future_y4,future_x5,future_y5,future_x6,future_y6,future_x7,future_y7,future_x8,future_y8,future_x9,future_y9,future_x10,future_y10,future_x11,future_y11,future_x12,future_y12,future_x13,future_y13,future_x14,future_y14,future_x15,future_y15,future_x16,future_y16,future_x17,future_y17,future_x18,future_y18,future_x19,future_y19,future_x20,future_y20
56.83484794111746,134.27768089418672,87.56740904852893,143.93641109926418,118.61127664417265,135.33061850942113,121.77916429552292,103.04959076582594,111.97705831381342,63.73549098589041,109.30197263640567,28.144687619925435,139.4287495660531,16.735976333078952,170.91582605192724,23.543721610920016,193.63880263822165,46.3789513328644,200.2913010434271,77.89919318415727,188.7342674476807,107.96938367011936,162.68376690707044,126.9207108790227,130.5161144985199,128.65953804637655,118.97856258646303,91.81699082870139,109.17645660475353,52.50289104876585,88.33727267472294,30.322474522976492,57.47664191972136,39.56384080717423,36.60274580775106,64.10078932368555,32.427406648877195,96.04367467087405,46.2931689478867,125.1215359619426
