future_x1,future_y1,future_x2,future_y2,future_x3,future_y3,future_x4,future_y4,future_x5,future_y5,future_x6,future_y6,future_x7,future_y7,future_x8,future_y8,future_x9,future_y9,future_x10,future_y10,future_x11,future_y11,future_x12,future_y12,future_x13,future_y13,future_x14,future_y14,future_x15,future_y15,future_x16,future_y16,future_x17,future_y17,future_x18,future_y18,future_x19,future_y19,future_x20,future_y20
171.9021669820259,145.85227765721226,157.91418085291053,130.96364807144002,138.0789482471551,126.07502921063347,125.53439081520806,140.68445963343535,120.63172203988624,165.9065039704907,114.62734124264767,189.72358490875246,94.19858156689838,189.7523077417554,77.03854930757615,178.6677085270938,68.66490569772255,160.03394509654026,71.77012403967088,139.84254430463176,85.35574800148761,124.58587794337289,105.05343668917033,119.16959626183227,124.52956720445792,125.33525819240873,124.13362830797324,147.89075801545124,119.23095953265143,173.11280235250658,122.18646181806133,193.53091497839608,142.11788549937293,198.01124944433806,161.28122602849265,190.93301331831958,173.5146755757369,174.57215273381223,174.88467333579175,154.18936212437652
