future_x1,future_y1,future_x2,future_y2,future_x3,future_y3,future_x4,future_y4,future_x5,future_y5,future_x6,future_y6,future_x7,future_y7,future_x8,future_y8,future_x9,future_y9,future_x10,future_y10,future_x11,future_y11,future_x12,future_y12,future_x13,future_y13,future_x14,future_y14,future_x15,future_y15,future_x16,future_y16,future_x17,future_y17,future_x18,future_y18,future_x19,future_y19,future_x20,future_y20
97.61144906687849,197.03984183673813,119.66729446581036,193.16815389465282,136.071868258005,177.92544276838362,141.55042040279264,156.21287152084844,134.34136943426026,135.01193126067244,112.48518250189588,133.34218007974712,85.85492991383991,142.51171139469372,60.79215422096574,147.8607203865833,50.467611734675515,127.98978416728963,52.60832559514009,105.6992564043566,66.5259676162335,88.15646516820652,87.74543934390579,81.00214455888484,109.44380159202603,86.53670502307705,124.64413203389505,102.98055610001347,128.45889475226693,125.04631847490025,104.8765389053085,135.96204616973185,78.24628631725253,145.13157748467844,62.67403017390174,160.20506005339638,70.31685583693934,181.25351604586498,88.17662027543199,194.761998491499
