future_x1,future_y1,future_x2,future_y2,future_x3,future_y3,future_x4,future_y4,future_x5,future_y5,future_x6,future_y6,future_x7,future_y7,future_x8,future_y8,future_x9,future_y9,future_x10,future_y10,future_x11,future_y11,future_x12,future_y12,future_x13,future_y13,future_x14,future_y14,future_x15,future_y15,future_x16,future_y16,future_x17,future_y17,future_x18,future_y18,future_x19,future_y19,future_x20,future_y20
95.30372517119083,165.9780183433682,111.13929261533951,165.41989866846285,124.12547155373468,156.34047961052346,130.08666749967045,141.6591705154919,125.41029249417177,127.68202390102994,105.62943154263772,125.25323957481444,85.8485705911036,122.82445524859895,77.73945245144846,111.1166115370244,82.26809352725425,95.93214237092504,94.32563769673018,85.65146523122121,110.03508502046981,83.58024369977139,124.34519741332231,90.38446130017388,132.6546809384641,103.8762802062775,132.2916924186561,119.7175217354058,119.75861793659061,126.98808552211122,99.97775698505657,124.55930119589574,80.19689603352244,122.13051686968025,74.41820294851689,136.74936610902984,77.71766096047048,152.2474392369076,88.9141695490851,163.4597043637576
