future_x1,future_y1,future_x2,future_y2,future_x3,future_y3,future_x4,future_y4,future_x5,future_y5,future_x6,future_y6,future_x7,future_y7,future_x8,future_y8,future_x9,future_y9,future_x10,future_y10,future_x11,future_y11,future_x12,future_y12,future_x13,future_y13,future_x14,future_y14,future_x15,future_y15,future_x16,future_y16,future_x17,future_y17,future_x18,future_y18,future_x19,future_y19,future_x20,future_y20
182.33326176396235,171.5921555033595,167.03770700034505,143.98654243730095,139.18991228242191,129.13648527821323,115.14105834136174,150.27234028432633,95.29399951783289,184.6484545474878,72.80029512880306,211.04293198269528,43.90114699623115,198.35974998875446,26.544967229697505,172.00093946567463,26.312486611308216,140.44194992161871,43.278457290483175,113.83030383962796,71.987616871282,100.72274783387364,103.20878125927358,105.33390414631472,126.90305275364172,126.18109500338063,109.47047010606781,160.09408721665812,89.62341128253895,194.47020147981962,89.78502084194031,224.11974305304835,117.93184426544833,238.3949032779185,149.3159968352675,235.06942049280732,173.84617339827014,215.2125751726747,183.634906016404,185.20916566624624
