future_x1,future_y1,future_x2,future_y2,future_x3,future_y3,future_x4,future_y4,future_x5,future_y5,future_x6,future_y6,future_x7,future_y7,future_x8,future_y8,future_x9,future_y9,future_x10,future_y10,future_x11,future_y11,future_x12,future_y12,future_x13,future_y13,future_x14,future_y14,future_x15,future_y15,future_x16,future_y16,future_x17,future_y17,future_x18,future_y18,future_x19,future_y19,future_x20,future_y20
99.24575247178548,167.60146555006017,114.3894623785549,166.40843326956517,126.44976288304179,157.17239366894847,131.54876776995138,142.8631160866958,128.04693573968578,128.08162603344027,109.01092005603063,128.00000000000009,89.90503770308945,128.00000000000017,78.53741936762114,119.89037601133643,79.88586110038463,104.75971242192212,89.24523056822532,92.79486896589906,103.60610277135254,87.84303846313198,118.35086239119279,91.49643955195519,128.73845840199908,102.5803524386107,131.42884837569332,117.53083997421074,122.65797887955999,128.00000000000003,103.55209652661888,128.0000000000001,84.4462141736777,128.0000000000002,78.0267180282673,140.47544746978176,81.83130309611973,155.1819225139302,93.0212757066546,165.4551785088993
