future_x1,future_y1,future_x2,future_y2,future_x3,future_y3,future_x4,future_y4,future_x5,future_y5,future_x6,future_y6,future_x7,future_y7,future_x8,future_y8,future_x9,future_y9,future_x10,future_y10,future_x11,future_y11,future_x12,future_y12,future_x13,future_y13,future_x14,future_y14,future_x15,future_y15,future_x16,future_y16,future_x17,future_y17,future_x18,future_y18,future_x19,future_y19,future_x20,future_y20
161.42828552177073,156.58467916586383,162.4883823998079,143.400905847209,156.20900461655452,131.7602401032026,144.60923225523476,125.4056381900958,131.41887265554,126.38036786505225,128.0,139.93722856319928,128.0,156.57252268084636,124.49830397424915,170.0507439855941,111.30434201575781,170.97543428314412,99.72875674774005,164.57687897656513,93.49357835743015,152.91247865981026,94.60367499224208,139.73282123748402,102.7021045978563,129.27571254380535,115.18488657516065,124.90354621398836,128.0,128.05487562202288,128.0,144.69016973966987,128.0,161.32546385731695,135.18477164512328,171.09112277892677,148.35233771431163,169.84577619180348,158.72575308028857,161.64041587348638
