future_x1,future_y1,future_x2,future_y2,future_x3,future_y3,future_x4,future_y4,future_x5,future_y5,future_x6,future_y6,future_x7,future_y7,future_x8,future_y8,future_x9,future_y9,future_x10,future_y10,future_x11,future_y11,future_x12,future_y12,future_x13,future_y13,future_x14,future_y14,future_x15,future_y15,future_x16,future_y16,future_x17,future_y17,future_x18,future_y18,future_x19,future_y19,future_x20,future_y20
98.68256412207204,111.8504320593969,105.64716520318618,123.09454234387219,117.60635900273607,128.7437341421127,128.8096306035293,124.49310457373066,132.5517575546143,108.28417196659744,136.2938845056993,92.07523935946422,147.53651663376667,87.90028768939656,159.4822301641803,93.57792915023157,166.42004791611583,104.83858495482073,166.1191740802608,118.06148778450975,158.6763520586698,128.99492661515305,146.48475745336728,134.12334794032296,133.46449297197452,131.79775185693234,129.87880973241076,119.86198097169255,133.62093668349576,103.65304836455934,136.35318877706987,87.97867589880276,124.28052766532143,82.57621923637817,111.21106134542929,84.60716345562818,101.34716464746633,93.41847585733174,97.86048897596363,106.17695449195944
