future_x1,future_y1,future_x2,future_y2,future_x3,future_y3,future_x4,future_y4,future_x5,future_y5,future_x6,future_y6,future_x7,future_y7,future_x8,future_y8,future_x9,future_y9,future_x10,future_y10,future_x11,future_y11,future_x12,future_y12,future_x13,future_y13,future_x14,future_y14,future_x15,future_y15,future_x16,future_y16,future_x17,future_y17,future_x18,future_y18,future_x19,future_y19,future_x20,future_y20
99.70338903563687,108.84602862572062,105.35210202398002,120.80544859007607,116.59593346054761,127.77049984147068,128.68440615678168,125.761408329984,133.54809545652228,109.8529974484342,138.41178475626288,93.9445865668844,149.29298288951964,89.15500828184338,161.08510283312032,95.14513278340718,167.72409903479064,106.58451273787615,167.07525919243875,119.79491360868538,159.34721219384863,130.5286442693681,147.0248452867164,135.33436566313526,134.0703098910001,132.66683928282828,130.0740316709933,121.21614807811257,134.9377209707339,105.30773719656277,139.80141027047446,89.39932631501304,128.44690616486326,82.65355839073158,115.23162180312629,83.19387639610395,104.4347810172894,90.83350422432889,99.52801538374271,103.11598505378453
