future_x1,future_y1,future_x2,future_y2,future_x3,future_y3,future_x4,future_y4,future_x5,future_y5,future_x6,future_y6,future_x7,future_y7,future_x8,future_y8,future_x9,future_y9,future_x10,future_y10,future_x11,future_y11,future_x12,future_y12,future_x13,future_y13,future_x14,future_y14,future_x15,future_y15,future_x16,future_y16,future_x17,future_y17,future_x18,future_y18,future_x19,future_y19,future_x20,future_y20
47.40158654841257,190.03612300567303,76.11222427388208,199.56400077824281,105.38807991399622,191.9478698713204,125.81575311562761,169.63663187295884,130.82690071935977,139.8042740522,105.39151302687367,124.01351375364197,67.92247451815034,117.40671132334957,35.42597073916886,106.83277106199165,36.60270134283533,76.60535836195102,54.02724153790942,51.877508224051255,82.09687983265103,40.60024882938636,111.78606471853901,46.399686238630764,133.54849336758903,67.41106108053934,140.38664345122461,96.87834593825818,130.10176644426684,125.32658803515993,94.68607345295277,122.12585591641557,57.21703494422944,115.51905348612318,29.454222743918763,123.8443222377728,25.056644764422572,153.77327947597996,37.640768511061665,181.28184183357067
