future_x1,future_y1,future_x2,future_y2,future_x3,future_y3,future_x4,future_y4,future_x5,future_y5,future_x6,future_y6,future_x7,future_y7,future_x8,future_y8,future_x9,future_y9,future_x10,future_y10,future_x11,future_y11,future_x12,future_y12,future_x13,future_y13,future_x14,future_y14,future_x15,future_y15,future_x16,future_y16,future_x17,future_y17,future_x18,future_y18,future_x19,future_y19,future_x20,future_y20
224.86628688523257,157.89595070568672,210.66005678239475,128.98290161603725,183.0155006497077,112.44325537973668,150.8214884713818,113.59519342366913,129.85146372378318,134.45682133256872,141.01964082300404,173.40488345976343,152.18781792222495,212.3529455869583,135.27614599356602,235.9032527313555,103.1964111687859,238.84807784790235,74.67282790241886,223.87521642992743,58.87690981622805,195.79906368049245,60.8876989275808,163.64726577516652,80.05864323937897,137.75795764247997,110.22548999081877,126.45562432274454,133.0423714664177,145.5848390831958,144.2105485656386,184.5329012103905,155.8503780523191,222.76449263092286,188.01395230642197,220.95179502898677,214.02086124425645,201.94069119742448,225.5088062949921,171.8440385611838
