future_x1,future_y1,future_x2,future_y2,future_x3,future_y3,future_x4,future_y4,future_x5,future_y5,future_x6,future_y6,future_x7,future_y7,future_x8,future_y8,future_x9,future_y9,future_x10,future_y10,future_x11,future_y11,future_x12,future_y12,future_x13,future_y13,future_x14,future_y14,future_x15,future_y15,future_x16,future_y16,future_x17,future_y17,future_x18,future_y18,future_x19,future_y19,future_x20,future_y20
176.64661321731063,101.66680555097236,150.60230083397767,105.47804323395309,130.81761723332983,122.83886219559946,142.80212285796526,149.13962225515476,161.79087688022236,176.2583734625573,169.33061942809513,201.8928790472916,148.30053706888532,217.72219918940934,122.04384450166687,219.5709381183676,99.00315608151327,206.84464968370594,86.58700760586672,183.63536280910546,88.78770515390413,157.40582467937725,104.8976332990951,136.58991837305499,129.23872712778166,129.76908567843873,148.22748115003878,156.8878368858413,167.2162351722959,184.00658809324386,190.39852890663093,189.34837052017585,209.82259228576544,171.58499522041268,216.46450751995337,146.11507762693262,208.18862371722759,121.12825134825961,187.65598035218756,104.65881612294356
