future_x1,future_y1,future_x2,future_y2,future_x3,future_y3,future_x4,future_y4,future_x5,future_y5,future_x6,future_y6,future_x7,future_y7,future_x8,future_y8,future_x9,future_y9,future_x10,future_y10,future_x11,future_y11,future_x12,future_y12,future_x13,future_y13,future_x14,future_y14,future_x15,future_y15,future_x16,future_y16,future_x17,future_y17,future_x18,future_y18,future_x19,future_y19,future_x20,future_y20
85.69047176168,131.97220861936944,95.23631046945589,141.12713339642943,108.2257019612542,143.61940003170287,120.48201878136824,138.6476415587389,127.83711706627531,127.81262461896765,116.92338216048027,115.25780877855587,106.00964725468523,102.7029929381441,105.24834561386656,90.6424350186289,116.05427357093485,83.01566602414965,129.27019180567564,82.49108092986528,140.64663513055908,89.23735557474987,146.52560574260886,101.08528319316295,145.01677105118088,114.2252642503199,136.60528391369118,124.43225050701412,124.71890709319098,124.22553437884996,113.80517218739598,111.67071853843825,102.89143728160096,99.11590269802647,91.03816513876944,102.46693616786688,83.67994173598493,113.45748814050295,83.48112239254712,126.68231914801204
