future_x1,future_y1,future_x2,future_y2,future_x3,future_y3,future_x4,future_y4,future_x5,future_y5,future_x6,future_y6,future_x7,future_y7,future_x8,future_y8,future_x9,future_y9,future_x10,future_y10,future_x11,future_y11,future_x12,future_y12,future_x13,future_y13,future_x14,future_y14,future_x15,future_y15,future_x16,future_y16,future_x17,future_y17,future_x18,future_y18,future_x19,future_y19,future_x20,future_y20
174.7620177439573,86.99799287298198,153.68143261348246,87.3514698079915,136.1822010588898,99.11127041793083,127.89105093812609,118.49613165193924,141.62504031517005,133.50487361539004,166.2117745292116,143.4385590455014,187.98801515433885,154.79443533922472,183.38601707898906,175.36960554754273,168.335566471932,190.13442697928846,147.67600667468534,194.3413979051175,128.05024199315693,186.63780289680784,115.76876877814703,169.50066687424632,114.78058943355776,148.44028898186914,125.40344455442624,130.22845314723074,148.64982151918193,136.34306945256472,173.23655573322344,146.27675488267607,193.93767787976063,145.9464643091632,201.82907330444712,126.3954568251986,197.82036128627917,105.6965137762848,183.20050880170655,90.50520281520849
