future_x1,future_y1,future_x2,future_y2,future_x3,future_y3,future_x4,future_y4,future_x5,future_y5,future_x6,future_y6,future_x7,future_y7,future_x8,future_y8,future_x9,future_y9,future_x10,future_y10,future_x11,future_y11,future_x12,future_y12,future_x13,future_y13,future_x14,future_y14,future_x15,future_y15,future_x16,future_y16,future_x17,future_y17,future_x18,future_y18,future_x19,future_y19,future_x20,future_y20
226.3216077061103,124.66635922932703,201.01200242771017,103.69446806607061,168.36739337185233,99.85704211862907,138.88437466687566,114.38797279611458,137.81943330106327,145.0077573789739,158.49002153635865,180.81026642483792,177.40779568617836,216.27971075397215,152.98053086211195,238.2730068126992,120.52099053671122,243.4474227387316,90.4662615749206,230.13916945945783,72.48018436794956,202.62740170424496,72.34602781877217,169.75829249312994,90.10692881544134,142.1006220543817,120.05202193461415,128.54747716487495,143.72531565400482,155.2370456777922,164.3959038893002,191.0395547236562,189.2034347405069,213.89500120066367,218.3818916306253,198.7617929544458,234.64020580946604,170.1949667678688,232.75065576091757,137.37994065290246
