future_x1,future_y1,future_x2,future_y2,future_x3,future_y3,future_x4,future_y4,future_x5,future_y5,future_x6,future_y6,future_x7,future_y7,future_x8,future_y8,future_x9,future_y9,future_x10,future_y10,future_x11,future_y11,future_x12,future_y12,future_x13,future_y13,future_x14,future_y14,future_x15,future_y15,future_x16,future_y16,future_x17,future_y17,future_x18,future_y18,future_x19,future_y19,future_x20,future_y20
125.9111252713795,172.49005531390023,134.55022106233156,154.70305033525236,132.12822634129284,135.07792705495342,113.4267818960823,129.78936618583194,88.74157525408519,132.82032844416725,66.22128926558449,132.6833430268398,61.036815283461806,113.60108027515379,67.06236211516281,94.76748509062652,82.36046684344291,82.23833851481197,102.01215506763462,80.04228019708577,119.6985949440767,88.88543385925125,129.7328633841634,105.92435926750252,128.88852741054868,125.68033605832032,106.37386571265458,130.65535540249917,81.68865907065748,133.68631766083448,65.63969338582366,143.97738861273282,68.46411748917922,163.54864689318214,81.47687102439471,178.43756114598807,100.49381467102276,183.85672865923794,119.40021326165424,178.06366258609157
