future_x1,future_y1,future_x2,future_y2,future_x3,future_y3,future_x4,future_y4,future_x5,future_y5,future_x6,future_y6,future_x7,future_y7,future_x8,future_y8,future_x9,future_y9,future_x10,future_y10,future_x11,future_y11,future_x12,future_y12,future_x13,future_y13,future_x14,future_y14,future_x15,future_y15,future_x16,future_y16,future_x17,future_y17,future_x18,future_y18,future_x19,future_y19,future_x20,future_y20
199.36015546577045,169.0207202485334,191.6142698662141,143.18022955695076,171.06221283163046,125.7061729429185,144.31232207638354,122.21718347811066,127.99999999999996,140.34004232674226,127.99999999999984,174.26945409144804,127.99999999999973,208.19886585615393,103.54548886494344,216.7689766201839,77.78588284881688,208.75820881695864,60.52374406278375,188.02783816337615,57.309565218028425,161.2435375890264,69.17683796187194,137.01756927966025,92.30974250032378,123.1395856178289,119.27009173381552,124.07193325221496,127.99999999999993,150.03415997380105,127.9999999999998,183.9635717385068,133.40852101598563,213.08041763855778,160.22440826311885,216.01944707908626,184.32726491904972,203.9040847680849,197.96702409776063,180.6299215726023
