future_x1,future_y1,future_x2,future_y2,future_x3,future_y3,future_x4,future_y4,future_x5,future_y5,future_x6,future_y6,future_x7,future_y7,future_x8,future_y8,future_x9,future_y9,future_x10,future_y10,future_x11,future_y11,future_x12,future_y12,future_x13,future_y13,future_x14,future_y14,future_x15,future_y15,future_x16,future_y16,future_x17,future_y17,future_x18,future_y18,future_x19,future_y19,future_x20,future_y20
28.646387323988208,107.38069149033882,43.95738103660101,134.97774459048142,71.81347785397955,149.81222261906711,103.2577886986219,147.11422636531384,127.84518804657343,127.65228665956398,111.70013588495215,91.38990578796266,95.55508372333088,55.12752491636135,102.00541486414858,26.979604792699803,131.95353102538067,17.022988566636442,162.50105322775732,24.95222280299643,183.825687639053,48.21773022287324,189.07068091394268,79.3386864071893,176.54955043846155,108.30841474377777,150.28835835365604,125.81194748904957,123.23231600039587,117.29160641053491,107.08726383877466,81.02922553893376,90.9422116771534,44.766844667332435,61.628140752455806,43.88496805406342,37.10907505561086,63.75553134838299,27.337126530421827,93.76441153910011
