future_x1,future_y1,future_x2,future_y2,future_x3,future_y3,future_x4,future_y4,future_x5,future_y5,future_x6,future_y6,future_x7,future_y7,future_x8,future_y8,future_x9,future_y9,future_x10,future_y10,future_x11,future_y11,future_x12,future_y12,future_x13,future_y13,future_x14,future_y14,future_x15,future_y15,future_x16,future_y16,future_x17,future_y17,future_x18,future_y18,future_x19,future_y19,future_x20,future_y20
101.12676687602189,166.0909090278036,115.00601048383483,166.3175538315661,126.77712259840588,158.9605374133238,132.65520305155079,146.38544531909068,130.7502054755887,132.63569058572656,117.32132716004041,129.31117615568024,99.99263905373779,131.438871515836,84.44323945575809,130.97623625396847,81.00351782738461,117.52807332695913,85.4296140045125,104.3715371710059,96.29835471326936,95.73699917538056,110.11498957356145,94.40082099510289,122.43689811780122,100.79263926688438,129.30207630868844,112.8572196325439,128.50308496491243,126.71529972412439,112.37027341538254,129.91908911572474,95.04158530907993,132.04678447588051,84.1742542933392,139.5767527106149,86.36115809330606,153.28449587868525,95.65043706883763,163.59924585659732
