future_x1,future_y1,future_x2,future_y2,future_x3,future_y3,future_x4,future_y4,future_x5,future_y5,future_x6,future_y6,future_x7,future_y7,future_x8,future_y8,future_x9,future_y9,future_x10,future_y10,future_x11,future_y11,future_x12,future_y12,future_x13,future_y13,future_x14,future_y14,future_x15,future_y15,future_x16,future_y16,future_x17,future_y17,future_x18,future_y18,future_x19,future_y19,future_x20,future_y20
76.39877543218361,177.7123638157582,105.99182175757817,166.74534610523605,124.86355310257167,141.44946453684338,109.78233243881014,114.76408975573206,77.66911668562085,91.43247280002869,50.65022579885266,66.94601113787694,64.99787445262909,38.836069010801225,92.32440150599814,23.047313914808086,123.84319649824066,24.656484669186426,149.41966115979977,43.14616621581861,160.8299025860033,72.57115999450117,154.4050554842011,103.47011156244636,132.21097434965938,125.90772798828667,100.60712793789882,108.09791348267389,68.49391218470954,84.76629652697052,38.39689880430733,78.31326057880521,20.048516685616278,103.99128117826453,18.61315240530132,135.51846940783162,34.552335040063596,162.75752822445645,62.74095708537334,176.94997182893965
