future_x1,future_y1,future_x2,future_y2,future_x3,future_y3,future_x4,future_y4,future_x5,future_y5,future_x6,future_y6,future_x7,future_y7,future_x8,future_y8,future_x9,future_y9,future_x10,future_y10,future_x11,future_y11,future_x12,future_y12,future_x13,future_y13,future_x14,future_y14,future_x15,future_y15,future_x16,future_y16,future_x17,future_y17,future_x18,future_y18,future_x19,future_y19,future_x20,future_y20
169.30956195250673,148.53174584672794,166.99132142989276,134.84560205560106,157.60356609005999,124.62039689034744,144.16484816654133,121.14395739508973,130.99627217638104,125.53410288054503,131.05790370099353,140.2645818605336,135.28157538416892,157.2048037169287,135.0362966255313,171.76152938051666,121.8195447441076,176.00443412808897,108.42046243370453,172.37822891724755,99.14740971982754,162.04888894037845,96.98205719015945,148.3377248973678,102.62065538364249,135.65344401887342,114.25016139973214,128.07456805908717,128.0409953558683,128.16442339168006,132.26466703904364,145.10464524807506,136.48833872221903,162.04486710447011,146.34728050313987,170.05201068520975,159.42294277533597,165.3924155165757,167.86263749107326,154.37169303130986
