future_x1,future_y1,future_x2,future_y2,future_x3,future_y3,future_x4,future_y4,future_x5,future_y5,future_x6,future_y6,future_x7,future_y7,future_x8,future_y8,future_x9,future_y9,future_x10,future_y10,future_x11,future_y11,future_x12,future_y12,future_x13,future_y13,future_x14,future_y14,future_x15,future_y15,future_x16,future_y16,future_x17,future_y17,future_x18,future_y18,future_x19,future_y19,future_x20,future_y20
143.02802763318883,186.93208688809364,152.8904181389537,169.79310279604573,151.84742748657402,150.0466172177273,140.23442037712343,134.0419432731722,122.46037525280414,133.53962474719592,104.87421365952935,151.12578634047082,87.28805206625455,168.71194793374576,70.00477906746187,162.02561461119024,60.31886505867729,144.78628190919446,61.56452729366406,125.05154482475375,73.34123376178351,109.16693885043306,91.8622854784376,102.24002283356708,111.17239707423897,106.49808722403475,125.06256774151299,120.57198792816335,117.43575765472556,138.56424234527452,99.84959606145085,156.15040393854935,86.34738053508451,173.9933183139817,98.28654506137929,189.75618203253663,116.87773561274665,196.49258731120122,136.14311427890902,192.0365007944171
