future_x1,future_y1,future_x2,future_y2,future_x3,future_y3,future_x4,future_y4,future_x5,future_y5,future_x6,future_y6,future_x7,future_y7,future_x8,future_y8,future_x9,future_y9,future_x10,future_y10,future_x11,future_y11,future_x12,future_y12,future_x13,future_y13,future_x14,future_y14,future_x15,future_y15,future_x16,future_y16,future_x17,future_y17,future_x18,future_y18,future_x19,future_y19,future_x20,future_y20
117.8998424510186,190.60962210609188,132.23524566574596,161.03103943242277,128.1817617885544,128.41255377215276,87.44146939610705,123.73712665737874,46.3267642158233,119.4157970112317,23.417412913536594,99.60717649374614,29.603854888246403,67.32522683134894,52.349903001581126,43.59731850512358,84.34176052034007,36.052956980692215,115.29271997587303,47.11796701655969,135.25076574650407,73.23448951342536,137.7985593464003,106.00498060044174,116.80911595345263,126.8237906903409,75.6944107731687,122.50246104419385,34.579705592885134,118.18113139804684,17.673606966613107,143.29893098245483,22.39595397717808,175.8273151572598,44.04729631329592,200.55818075788372,75.6658304977959,209.53953000705002,107.08488797907073,199.88348706492096
