future_x1,future_y1,future_x2,future_y2,future_x3,future_y3,future_x4,future_y4,future_x5,future_y5,future_x6,future_y6,future_x7,future_y7,future_x8,future_y8,future_x9,future_y9,future_x10,future_y10,future_x11,future_y11,future_x12,future_y12,future_x13,future_y13,future_x14,future_y14,future_x15,future_y15,future_x16,future_y16,future_x17,future_y17,future_x18,future_y18,future_x19,future_y19,future_x20,future_y20
219.2505743309169,131.59498457849537,201.85216953900076,109.29266473467656,175.12341416107046,100.03676955019405,147.65871030124444,106.8034527562724,128.28909798755103,127.41694538941395,147.44266965190704,156.82494314960394,167.33677953538427,186.3191739661502,167.31653006292433,212.46081886596806,142.68632318305288,226.3694805116512,114.4527119687588,224.64867909386547,91.69397201484767,207.8517235533631,81.72798100703025,181.3795309174769,87.75921789975622,153.74400774053694,107.84839018544852,133.83111953728684,133.2325911637091,135.75763542349958,153.12670104718623,165.2518662400457,173.02081093066346,194.74609705659194,198.8893631826862,192.40515324848678,217.83165938860913,171.39831212073884,222.30553706467305,143.4683572647248
