future_x1,future_y1,future_x2,future_y2,future_x3,future_y3,future_x4,future_y4,future_x5,future_y5,future_x6,future_y6,future_x7,future_y7,future_x8,future_y8,future_x9,future_y9,future_x10,future_y10,future_x11,future_y11,future_x12,future_y12,future_x13,future_y13,future_x14,future_y14,future_x15,future_y15,future_x16,future_y16,future_x17,future_y17,future_x18,future_y18,future_x19,future_y19,future_x20,future_y20
83.65284745905171,130.5173011392432,97.93783670545096,138.77530561781413,114.41673685564649,137.93780601916842,127.79089886586931,128.27409315804934,120.05827894943711,109.29047767431892,111.94945882408334,90.18729459796478,114.91627641688977,75.24030695832462,130.57428025385718,70.03622475496157,146.54479958364345,74.18328010481675,157.69265085613443,86.34802291937172,160.43333808272115,102.61898445407715,153.88561678591637,117.76437654399068,140.15485060479568,126.9143282278652,125.85029332468983,122.93560844314338,117.74147319933603,103.83242536678917,109.63265307398225,84.72924229043502,94.54358921507256,83.24245864059048,81.37066031515819,93.17873057404923,75.71867583088085,108.68068616446858,79.40498290980852,124.76380451439356
