future_x1,future_y1,future_x2,future_y2,future_x3,future_y3,future_x4,future_y4,future_x5,future_y5,future_x6,future_y6,future_x7,future_y7,future_x8,future_y8,future_x9,future_y9,future_x10,future_y10,future_x11,future_y11,future_x12,future_y12,future_x13,future_y13,future_x14,future_y14,future_x15,future_y15,future_x16,future_y16,future_x17,future_y17,future_x18,future_y18,future_x19,future_y19,future_x20,future_y20
151.4572190525596,170.19616649070218,153.66351605461756,153.18369709423172,146.2641033798032,137.70659938519975,131.63819872690135,128.7414014224464,117.55365960122231,141.37070598045597,104.26985788654872,158.37319682886448,89.7082368572798,167.7999320578663,75.8751080580353,157.6541738776888,69.7829784353471,141.61740930102002,73.39072003198275,124.84612246908495,85.5382944723863,112.73297685607506,102.31975335550582,109.17285056880628,118.33916247131235,115.31047168838847,127.04208939741778,129.22606966016411,113.75828768274414,146.22856050857268,100.47448596807055,163.23105135698117,101.73559732756246,178.66803991620256,116.54249086495156,187.33105124019139,133.67962207827796,186.54964532495413,147.63669336947302,176.5750765423137
