future_x1,future_y1,future_x2,future_y2,future_x3,future_y3,future_x4,future_y4,future_x5,future_y5,future_x6,future_y6,future_x7,future_y7,future_x8,future_y8,future_x9,future_y9,future_x10,future_y10,future_x11,future_y11,future_x12,future_y12,future_x13,future_y13,future_x14,future_y14,future_x15,future_y15,future_x16,future_y16,future_x17,future_y17,future_x18,future_y18,future_x19,future_y19,future_x20,future_y20
101.46119841299677,46.83906339857474,87.3903235123709,69.0841127293301,87.67799529378291,95.40423782673385,102.23171536258238,117.3364281495408,126.37185982257832,127.828575958612,145.8238427565848,102.54491449469782,164.81259677884145,75.42616328729493,187.3103863074968,65.28395536806158,207.97464327665134,81.58794948329455,216.450944259368,106.50750128197663,210.01380735531288,132.0299425577491,190.73303874028682,149.94875116241448,164.80820423809874,154.50228783526873,140.57521208855266,144.2264019037862,132.26044702640155,121.91545107141408,151.2492010486581,94.7966998640113,170.23795507091475,67.67794865660841,161.1228606737985,45.574289302917876,136.7723818420585,35.57999488751332,110.90207226649252,40.43373804730054
