future_x1,future_y1,future_x2,future_y2,future_x3,future_y3,future_x4,future_y4,future_x5,future_y5,future_x6,future_y6,future_x7,future_y7,future_x8,future_y8,future_x9,future_y9,future_x10,future_y10,future_x11,future_y11,future_x12,future_y12,future_x13,future_y13,future_x14,future_y14,future_x15,future_y15,future_x16,future_y16,future_x17,future_y17,future_x18,future_y18,future_x19,future_y19,future_x20,future_y20
159.7116610671152,66.09136059229874,138.6398351005705,71.43295006732386,123.8603789321915,87.37415777097696,120.12549996539973,108.78922505519263,129.24820573700862,127.82457612384047,156.32329975766032,124.0194198105319,183.39839377831217,120.21426349722331,200.07442836943545,130.73239471876738,200.52484143918406,152.4660450276931,189.08456657449238,170.95048547646917,169.43212606263415,180.24220273496985,147.88659363891784,177.35352479122872,131.3757505104572,163.213281268877,125.20851671178421,142.3681462259815,136.98394688576624,126.73738860575232,164.05904090641798,122.93223229244374,191.1341349270698,119.12707597913516,196.19476303958146,99.22570366504372,187.2752401319631,79.40156336124956,169.00978956248028,67.61480200887523
