future_x1,future_y1,future_x2,future_y2,future_x3,future_y3,future_x4,future_y4,future_x5,future_y5,future_x6,future_y6,future_x7,future_y7,future_x8,future_y8,future_x9,future_y9,future_x10,future_y10,future_x11,future_y11,future_x12,future_y12,future_x13,future_y13,future_x14,future_y14,future_x15,future_y15,future_x16,future_y16,future_x17,future_y17,future_x18,future_y18,future_x19,future_y19,future_x20,future_y20
53.00622104984929,194.08872272485297,85.15175884415322,196.1972248733775,113.27579209715702,180.48671453859865,128.33527906792534,152.00877160775278,117.95322243426625,124.92839184836484,79.20600385148136,113.08217830642315,40.45878526869646,101.23596476448145,34.219717796907275,72.3562365904813,50.7320962296325,44.695384472556114,79.63112277354011,30.460650677718974,111.62456324023668,34.22909180094196,136.42520117773697,54.78899791182383,146.0586041121097,85.5295074928193,137.4272339321207,116.56627327489224,106.88258855347044,121.54375940781004,68.13536997068573,109.69754586586839,31.20712106479705,101.91539337530178,16.7355132800069,130.6965321560807,20.241058075001405,162.71984455635626,40.59657757949836,187.68850906003567
