future_x1,future_y1,future_x2,future_y2,future_x3,future_y3,future_x4,future_y4,future_x5,future_y5,future_x6,future_y6,future_x7,future_y7,future_x8,future_y8,future_x9,future_y9,future_x10,future_y10,future_x11,future_y11,future_x12,future_y12,future_x13,future_y13,future_x14,future_y14,future_x15,future_y15,future_x16,future_y16,future_x17,future_y17,future_x18,future_y18,future_x19,future_y19,future_x20,future_y20
79.07890394798035,111.82153678370481,86.27893821005414,126.66791891413676,100.39454958356754,135.21221942908699,116.88698426670287,134.70709176169896,126.90781475025092,123.61948422441736,121.88722388157073,103.48299409323089,116.86663301289052,83.34650396204432,127.02367701748564,72.3561312107792,143.5178870100348,71.91274372839203,157.6014153384771,80.50982378849397,164.7458242290391,95.38305401404702,162.65389026321353,111.75007475761744,151.99825687027177,124.348210839319,136.2051516002118,129.12663962571344,125.4733602163423,117.86620132979266,120.4527693476621,97.72971119860618,114.59907748721156,78.77859107646412,98.12049061919777,79.62223233385332,84.74993122171519,89.29092909899337,78.78658802219111,104.67579483199657
