future_x1,future_y1,future_x2,future_y2,future_x3,future_y3,future_x4,future_y4,future_x5,future_y5,future_x6,future_y6,future_x7,future_y7,future_x8,future_y8,future_x9,future_y9,future_x10,future_y10,future_x11,future_y11,future_x12,future_y12,future_x13,future_y13,future_x14,future_y14,future_x15,future_y15,future_x16,future_y16,future_x17,future_y17,future_x18,future_y18,future_x19,future_y19,future_x20,future_y20
162.31669458427982,185.76333044755293,166.62825864609593,163.7892389049361,158.29762819192646,143.00340526713035,140.0034460127139,130.08933611073232,121.30961844799278,139.13466474610232,106.80372254993809,163.27652966234785,92.03044742453062,186.61035295148963,70.80026700236608,179.48787283394532,56.85632378136256,161.9659799215948,54.682173140878916,139.6786886376605,64.97689457695003,119.79228639049306,84.43030868464416,108.70107530526815,106.78733696234552,109.97133920404477,124.85926866932152,123.19463562214129,117.16507676283425,146.03234043645824,102.65918086477961,170.1742053527037,96.83313330224796,192.5971384677714,115.38860869257944,205.13287206502352,137.7775596513771,205.56317282844708,156.80101097352699,193.74968123720842
