future_x1,future_y1,future_x2,future_y2,future_x3,future_y3,future_x4,future_y4,future_x5,future_y5,future_x6,future_y6,future_x7,future_y7,future_x8,future_y8,future_x9,future_y9,future_x10,future_y10,future_x11,future_y11,future_x12,future_y12,future_x13,future_y13,future_x14,future_y14,future_x15,future_y15,future_x16,future_y16,future_x17,future_y17,future_x18,future_y18,future_x19,future_y19,future_x20,future_y20
187.84078099595627,154.52404178874644,165.73710027392218,132.9242478660309,135.4415574707988,126.816557203471,119.37037255635435,156.2262395205937,108.00571241042687,193.39836791708663,90.14093877144572,219.63530022759932,60.2023066615163,211.96704707894835,39.246754949002295,189.2516634944796,34.0123616021603,158.7930862910721,46.18220091898128,130.38500979919817,71.8431654183129,113.161807427704,102.74419199719966,112.6614522175434,127.48798694630253,129.6747192373846,116.12332680037504,166.84684763387753,104.75866665444754,204.01897603037042,115.7780137634233,229.7986545083189,146.19257239373636,235.28303435372078,174.69964429685953,223.3469273470135,192.13302493830284,197.82828634918704,192.88716025659917,166.9324115616511
