future_x1,future_y1,future_x2,future_y2,future_x3,future_y3,future_x4,future_y4,future_x5,future_y5,future_x6,future_y6,future_x7,future_y7,future_x8,future_y8,future_x9,future_y9,future_x10,future_y10,future_x11,future_y11,future_x12,future_y12,future_x13,future_y13,future_x14,future_y14,future_x15,future_y15,future_x16,future_y16,future_x17,future_y17,future_x18,future_y18,future_x19,future_y19,future_x20,future_y20
155.48724220655365,194.92575562296327,166.96567132531163,176.4649838988534,166.56014894802672,154.73044964376552,154.40106731793372,136.71070598308097,134.39807487426035,128.1998469792911,119.19653223415546,145.27777832212303,106.78389786480628,169.63894493640282,91.67822942067514,186.98785203149657,71.62614121184535,178.59331892063344,59.362601549497526,160.6445021731688,58.83084645744718,138.91268991081654,70.20185722597083,120.38556002553246,89.81938284400718,111.02035226970918,111.37557616097557,113.8283688945768,127.9392280509506,127.9067162319517,115.65006527148428,152.23811164048865,103.23743090213512,176.59927825476842,106.22396794648031,196.3509677378889,126.3974873659236,204.44933435822597,147.7314069866244,200.27581051122056
