future_x1,future_y1,future_x2,future_y2,future_x3,future_y3,future_x4,future_y4,future_x5,future_y5,future_x6,future_y6,future_x7,future_y7,future_x8,future_y8,future_x9,future_y9,future_x10,future_y10,future_x11,future_y11,future_x12,future_y12,future_x13,future_y13,future_x14,future_y14,future_x15,future_y15,future_x16,future_y16,future_x17,future_y17,future_x18,future_y18,future_x19,future_y19,future_x20,future_y20
131.51860490910502,93.5991248381055,123.52023429717906,104.13296325830063,122.53583401568658,117.32260466336912,129.55275040596612,127.6699527125761,145.8245234346438,124.21128058532538,162.0962964633214,120.75260845807468,172.09702878017356,127.21757072069875,172.91886246413938,140.41833864171,166.43028594430183,151.94370453849226,154.71764536384381,158.08778583202252,141.54703987052412,156.8750058652375,131.15336472840585,148.69532363738702,126.87861705811459,136.17884583155688,134.20182841415973,126.68176067621876,150.4736014428374,123.22308854896804,166.745374471515,119.76441642171733,168.02577038305543,106.99547296087849,161.44275233064525,95.52378792204736,149.68004410439355,89.47611237746247,136.5198436742553,90.7970245422517
