future_x1,future_y1,future_x2,future_y2,future_x3,future_y3,future_x4,future_y4,future_x5,future_y5,future_x6,future_y6,future_x7,future_y7,future_x8,future_y8,future_x9,future_y9,future_x10,future_y10,future_x11,future_y11,future_x12,future_y12,future_x13,future_y13,future_x14,future_y14,future_x15,future_y15,future_x16,future_y16,future_x17,future_y17,future_x18,future_y18,future_x19,future_y19,future_x20,future_y20
218.0848453869744,168.98236089786482,212.66807549193607,139.88674961979757,192.3006185354045,118.4143792601019,163.53145565951309,111.46950639153667,135.61106450372728,121.28519533567204,135.19613698521712,151.53750350106708,146.0792437351321,187.1345417112675,149.3425085605157,219.2224766008663,122.07263290578464,230.72247110154362,92.93351386326569,225.54485261752055,71.29458530559023,205.35443997646934,64.1136591659122,176.64328723895994,73.6997006710721,148.64321938187334,96.97040037129517,130.35741813603943,126.44326431428004,127.66552609912472,138.3055960566214,161.70808584683857,149.18870280653638,197.305124057039,169.88052788606416,215.6556578302262,197.5934992302197,205.26878096476753,215.20288425178614,181.48211346168225
