future_x1,future_y1,future_x2,future_y2,future_x3,future_y3,future_x4,future_y4,future_x5,future_y5,future_x6,future_y6,future_x7,future_y7,future_x8,future_y8,future_x9,future_y9,future_x10,future_y10,future_x11,future_y11,future_x12,future_y12,future_x13,future_y13,future_x14,future_y14,future_x15,future_y15,future_x16,future_y16,future_x17,future_y17,future_x18,future_y18,future_x19,future_y19,future_x20,future_y20
157.38715371288558,98.5517214058866,142.4552402720933,101.34335833775594,131.4419711493554,111.8058235822781,127.88856859701184,126.57500115124532,143.83409858979186,135.04979489817873,161.28819062757515,142.82085734941515,170.14704637892424,154.21693457523517,163.4315652864879,167.84255710999724,150.38642698771318,175.62584963492057,135.20618384608494,175.06416117702327,122.771912879696,166.33809784370368,117.08174729922898,152.25345047752677,119.96531105634483,137.3390166692545,131.36688999137516,129.4990360044384,148.82098202915853,137.27009845567486,166.2750740669418,145.04116090691124,178.1127393601895,138.11457050390285,181.36215442598194,123.27554838339616,176.02002917380793,109.05524692552365,163.80407817206287,100.02608213105621
