future_x1,future_y1,future_x2,future_y2,future_x3,future_y3,future_x4,future_y4,future_x5,future_y5,future_x6,future_y6,future_x7,future_y7,future_x8,future_y8,future_x9,future_y9,future_x10,future_y10,future_x11,future_y11,future_x12,future_y12,future_x13,future_y13,future_x14,future_y14,future_x15,future_y15,future_x16,future_y16,future_x17,future_y17,future_x18,future_y18,future_x19,future_y19,future_x20,future_y20
103.86748797099366,155.15556171630996,118.67022716972684,147.86622238053104,127.12933914929263,133.69939562733728,116.60319959204823,120.59883127691967,99.19831862903963,109.29596942084314,86.1739852397505,96.79408991981576,93.64513609552156,82.08227627811416,107.91510110941846,73.79833674187914,124.39549539007473,74.6059010377455,137.78718946888313,84.2453037908961,143.7841989428569,99.61707769981483,140.45823683743313,115.77856067048074,128.87873774890704,127.53316643148648,111.63037645976007,117.36944217518352,94.22549549675148,106.06658031910699,78.77762337881569,105.49756433252645,70.61116563971125,119.83508586636418,71.55405983050127,136.3082915739009,81.3031264090521,149.62036341057717,96.72363661111017,155.49091882263676
