future_x1,future_y1,future_x2,future_y2,future_x3,future_y3,future_x4,future_y4,future_x5,future_y5,future_x6,future_y6,future_x7,future_y7,future_x8,future_y8,future_x9,future_y9,future_x10,future_y10,future_x11,future_y11,future_x12,future_y12,future_x13,future_y13,future_x14,future_y14,future_x15,future_y15,future_x16,future_y16,future_x17,future_y17,future_x18,future_y18,future_x19,future_y19,future_x20,future_y20
80.66160614628815,168.87987254104377,109.69185193273046,156.49969896154548,127.32282191312598,130.3238939914944,102.05539297865268,102.05539297865337,73.98741321720038,73.98741321720182,66.05467739141235,45.2990996733881,89.4351266885328,24.100551163064623,120.58398275943952,19.023875700353216,149.48559802266203,31.70143474996611,166.8469059093116,58.05686790415301,167.08552673423029,89.61581161875908,150.1247340172383,116.23075814680962,122.10394995111864,122.10394995111879,94.03597018966634,94.03597018966725,65.96799042821405,65.9679904282157,37.91448035717073,71.42728105000009,20.824664498650762,97.95956444592436,20.9100549553568,129.519294748157,38.14319515812291,155.9587112892167,66.98291664156076,168.7764463870213
