future_x1,future_y1,future_x2,future_y2,future_x3,future_y3,future_x4,future_y4,future_x5,future_y5,future_x6,future_y6,future_x7,future_y7,future_x8,future_y8,future_x9,future_y9,future_x10,future_y10,future_x11,future_y11,future_x12,future_y12,future_x13,future_y13,future_x14,future_y14,future_x15,future_y15,future_x16,future_y16,future_x17,future_y17,future_x18,future_y18,future_x19,future_y19,future_x20,future_y20
76.21382021326296,155.2303862322128,101.81997920927526,153.46521123734684,122.34955494830662,138.0597660549791,116.96088751483617,113.87058034777644,97.08588647608781,88.43173907840179,81.07929396208098,63.2068599068742,98.46889133873526,44.32848274226018,123.32839154934959,37.94127125600957,147.66443546078932,46.09897853391794,163.65197682450884,66.17856374962693,166.15035880133917,91.72360845088772,154.35624808918828,114.5203225518517,132.06193985808912,127.23861810543534,111.28231578947944,106.6023399850979,91.40731475073108,81.16349871572325,69.37577320124582,68.9553122240217,49.166827280918454,84.7790199463259,40.81146762789763,109.04791333601784,46.99628849497252,133.95853781903224,65.73261376453056,151.50109569081513
