future_x1,future_y1,future_x2,future_y2,future_x3,future_y3,future_x4,future_y4,future_x5,future_y5,future_x6,future_y6,future_x7,future_y7,future_x8,future_y8,future_x9,future_y9,future_x10,future_y10,future_x11,future_y11,future_x12,future_y12,future_x13,future_y13,future_x14,future_y14,future_x15,future_y15,future_x16,future_y16,future_x17,future_y17,future_x18,future_y18,future_x19,future_y19,future_x20,future_y20
116.28849095817462,81.4069077556739,110.39901827682024,98.21463581312217,114.59606827384327,115.52273744906277,127.53011551061101,127.76594099203365,146.03056752769888,115.8382286390646,164.6010091529318,103.31230760131984,181.09612732083045,103.16516679137894,189.91025364003556,118.64085056130189,188.89199463005173,136.42142309162688,178.36876274440357,150.7896937460387,161.7242129637047,157.1256682973921,144.3102575500378,153.39206845697348,131.7262045494412,140.7894012394462,132.76596636681825,124.78531509459653,151.3364079920512,112.25939405685178,169.90684961728405,99.73347301910707,168.6113821737132,83.46430161811259,155.42868591382577,71.48923876912882,137.85360881379353,68.60787175927469,121.537266216356,75.74667944407797
