future_x1,future_y1,future_x2,future_y2,future_x3,future_y3,future_x4,future_y4,future_x5,future_y5,future_x6,future_y6,future_x7,future_y7,future_x8,future_y8,future_x9,future_y9,future_x10,future_y10,future_x11,future_y11,future_x12,future_y12,future_x13,future_y13,future_x14,future_y14,future_x15,future_y15,future_x16,future_y16,future_x17,future_y17,future_x18,future_y18,future_x19,future_y19,future_x20,future_y20
161.1454085644102,169.51059985700397,163.0326669314946,152.45978998524117,155.34465899438683,137.12400192638677,140.55339778388156,128.43432683293653,125.9887021584634,133.52599540341976,118.60911459541326,153.80124559778864,111.22952703236311,174.0764957921576,95.57568383398754,176.25101029664756,81.39933015358764,166.59063464373742,74.75521595691657,150.7745792578731,77.77969919347414,133.88836113246361,89.50028321219659,121.36159891362982,106.14831472086269,117.22216558120525,122.37076193761689,122.80106042935908,123.88024856902051,139.3189240303823,116.50066100597037,159.59417422475119,111.59119172585207,178.91229650274602,126.55774997144565,187.2964479629942,143.67723870452562,186.1941925728591,157.4450331152698,175.95995110166962
