future_x1,future_y1,future_x2,future_y2,future_x3,future_y3,future_x4,future_y4,future_x5,future_y5,future_x6,future_y6,future_x7,future_y7,future_x8,future_y8,future_x9,future_y9,future_x10,future_y10,future_x11,future_y11,future_x12,future_y12,future_x13,future_y13,future_x14,future_y14,future_x15,future_y15,future_x16,future_y16,future_x17,future_y17,future_x18,future_y18,future_x19,future_y19,future_x20,future_y20
188.58726249909375,176.68057252486602,187.3514181410257,152.35455345870704,173.08631429768826,132.61147043646108,150.37877279273718,123.79954251543143,127.85712013318457,130.04327729013104,125.72011004342335,160.60394537103204,123.58309995366216,191.1646134519329,107.7043161266534,206.40428900493788,83.83561463821992,201.549641320445,66.44415052477011,184.49621084809976,61.121999947611926,160.7273819304069,69.58045478966321,137.88581769829972,89.09977142409858,123.31602727396,113.40368095691309,121.70280183860825,127.24654582182421,138.77489674181714,125.10953573206301,169.335564822718,122.97252564230182,199.89623290361885,144.1612454831577,209.47943776356283,167.90309553877597,204.0381997774915,184.86912748082239,186.5614645267086
