future_x1,future_y1,future_x2,future_y2,future_x3,future_y3,future_x4,future_y4,future_x5,future_y5,future_x6,future_y6,future_x7,future_y7,future_x8,future_y8,future_x9,future_y9,future_x10,future_y10,future_x11,future_y11,future_x12,future_y12,future_x13,future_y13,future_x14,future_y14,future_x15,future_y15,future_x16,future_y16,future_x17,future_y17,future_x18,future_y18,future_x19,future_y19,future_x20,future_y20
66.41625082071891,93.54592899668813,75.54835554280098,116.1266105238127,95.49115668472936,130.11114474909263,119.83221754031345,131.00292460379333,129.3826860707616,108.22666796423496,131.5196961605229,77.66599988333411,138.1742788374361,51.72660672155261,162.51147221804374,50.73487427808068,183.47523967543017,63.13660677306393,194.32486153902065,84.94413346229666,191.57173492944858,109.14543112907818,176.10110410113725,127.95878002444047,152.8874177428828,135.33490912750594,129.39483765574138,128.90208737233937,129.99326038212197,99.495048512549,132.13027047188328,68.93438043164815,122.009587055475,48.40144553138626,97.65534742409133,48.00962049180879,77.00349053113266,60.92408222109712,66.69444387968227,82.99229628618963
