future_x1,future_y1,future_x2,future_y2,future_x3,future_y3,future_x4,future_y4,future_x5,future_y5,future_x6,future_y6,future_x7,future_y7,future_x8,future_y8,future_x9,future_y9,future_x10,future_y10,future_x11,future_y11,future_x12,future_y12,future_x13,future_y13,future_x14,future_y14,future_x15,future_y15,future_x16,future_y16,future_x17,future_y17,future_x18,future_y18,future_x19,future_y19,future_x20,future_y20
161.74322890024675,178.2346202896004,160.8383337870635,155.20453673534132,147.55567309412316,136.36907792494304,126.58971833930782,129.80507821063838,108.74277863104436,152.64811935048527,90.8958389227809,175.4911604903322,70.3447582571062,178.62768485863873,54.304641149013236,162.07720973432112,49.843084646125405,139.46530806167246,58.39466398600585,118.06264293613908,77.20969215805499,104.75105781012891,100.2383581843756,103.81077873975727,120.07599196517472,115.54414439761052,121.49059270837535,136.33166139345184,103.64365300011188,159.17470253329876,85.7967132918485,182.01774367314556,97.79070459393502,200.64165945224048,119.35195094971542,208.78513777954868,141.87502239908474,203.89485801570868,158.11781844320976,187.5432476867243
