future_x1,future_y1,future_x2,future_y2,future_x3,future_y3,future_x4,future_y4,future_x5,future_y5,future_x6,future_y6,future_x7,future_y7,future_x8,future_y8,future_x9,future_y9,future_x10,future_y10,future_x11,future_y11,future_x12,future_y12,future_x13,future_y13,future_x14,future_y14,future_x15,future_y15,future_x16,future_y16,future_x17,future_y17,future_x18,future_y18,future_x19,future_y19,future_x20,future_y20
86.26357603582854,123.43515874973484,92.35588838602884,134.43187515299115,103.44850465618487,140.3477779335581,115.97468919907203,139.28065927868255,125.90675478160448,131.57364204175332,121.88183790594245,119.26235900044655,112.81258225352119,106.31011961780649,107.49627886273889,93.80539815009485,117.06647508399698,85.65338087136766,129.53094936664735,84.01602865415927,140.88185688264406,89.41981806431748,147.4694106493996,100.12720695219087,147.17543923867208,112.69532623216767,140.0944666369017,123.08300491602323,128.5033188678737,127.95017399286934,119.29062200525067,115.56171917683511,110.2213663528294,102.60947979419505,99.41688354807505,98.15023444859085,89.6451509138617,106.05955064858563,85.74533659036403,118.0109308897248
