future_x1,future_y1,future_x2,future_y2,future_x3,future_y3,future_x4,future_y4,future_x5,future_y5,future_x6,future_y6,future_x7,future_y7,future_x8,future_y8,future_x9,future_y9,future_x10,future_y10,future_x11,future_y11,future_x12,future_y12,future_x13,future_y13,future_x14,future_y14,future_x15,future_y15,future_x16,future_y16,future_x17,future_y17,future_x18,future_y18,future_x19,future_y19,future_x20,future_y20
88.96894823678213,192.37677569390362,112.23494287561954,187.84821953898364,129.29791905608133,171.3961931820969,134.6714230950682,148.3107046292058,125.00981712503417,128.15670884412714,95.23890840658616,129.71693605729916,65.46799968813802,131.2771632704712,49.70532790912941,116.90432327731847,52.01941903050934,93.31493350851238,66.78885654040248,74.77637792766855,89.26465444911766,67.2495701216149,112.21991265946968,73.15469060122759,128.27356472544955,90.59299851017228,132.2636964784467,113.95735546636517,116.50384320547761,128.60248804789057,86.7329344870296,130.1627152610626,56.962025768581455,131.72294247423463,51.274657894558075,154.0775272972161,59.77451267651716,176.20368367531944,78.9395505048513,190.15057051149893
