future_x1,future_y1,future_x2,future_y2,future_x3,future_y3,future_x4,future_y4,future_x5,future_y5,future_x6,future_y6,future_x7,future_y7,future_x8,future_y8,future_x9,future_y9,future_x10,future_y10,future_x11,future_y11,future_x12,future_y12,future_x13,future_y13,future_x14,future_y14,future_x15,future_y15,future_x16,future_y16,future_x17,future_y17,future_x18,future_y18,future_x19,future_y19,future_x20,future_y20
170.16065334265647,51.4841142825307,142.75748634811006,60.79189019829957,124.82130716135646,83.50447987913142,122.1193404048246,112.31884486390528,143.5304628301658,128.00000000000003,179.93046283016568,128.00000000000006,216.3304628301657,128.00000000000009,223.17337932445878,156.08167989611172,213.58476036164862,183.3878447717438,190.68922656118508,201.08990074897412,161.84864049718908,203.49590351588944,136.33644532283785,189.83222351323369,122.35586864027286,164.4922998856439,124.40224500430232,135.6239677965552,153.93046283016577,128.00000000000003,190.33046283016563,128.00000000000006,219.95833073362223,120.48098418107969,222.06811591094979,91.61721692289434,208.14323601489468,66.24664393548223,182.6611167761391,52.52695542112427
