future_x1,future_y1,future_x2,future_y2,future_x3,future_y3,future_x4,future_y4,future_x5,future_y5,future_x6,future_y6,future_x7,future_y7,future_x8,future_y8,future_x9,future_y9,future_x10,future_y10,future_x11,future_y11,future_x12,future_y12,future_x13,future_y13,future_x14,future_y14,future_x15,future_y15,future_x16,future_y16,future_x17,future_y17,future_x18,future_y18,future_x19,future_y19,future_x20,future_y20
74.92973294450265,107.85387515205106,97.70294140611537,125.71302491325456,126.52629256206454,128.31738317778112,138.09556504315557,94.9788946435174,148.73789509506315,60.16940152646286,169.00338473773445,42.28717178203097,196.0933646359451,52.4705525047431,213.29057365786667,75.74767122002882,215.06539670121813,104.63396999633508,200.84715463475885,129.84130714980552,175.2076012796096,143.264479560887,146.39091516890548,140.5873812387634,130.49390072036445,119.8428182985564,141.13623077227203,85.03332518150187,151.77856082417958,50.22383206444732,134.3570086813443,30.451309220302377,105.48626122845639,28.43929646171189,80.16299671967151,42.45002550938675,66.52969372162038,67.97846657405998,68.97002391357782,96.81616832685896
