future_x1,future_y1,future_x2,future_y2,future_x3,future_y3,future_x4,future_y4,future_x5,future_y5,future_x6,future_y6,future_x7,future_y7,future_x8,future_y8,future_x9,future_y9,future_x10,future_y10,future_x11,future_y11,future_x12,future_y12,future_x13,future_y13,future_x14,future_y14,future_x15,future_y15,future_x16,future_y16,future_x17,future_y17,future_x18,future_y18,future_x19,future_y19,future_x20,future_y20
163.2420779670391,116.9431802540666,148.26826488329002,114.38579927039774,134.31115561330145,120.38199611408864,131.48336729904676,133.7972967252942,141.32362416556367,150.17423432929695,151.16388103208052,166.55117193329954,142.07027896478866,177.8635045619655,127.33376437885772,181.55002237981623,112.9618035104221,176.63046787164768,103.57557714330459,164.6866816064838,102.19314588297199,149.5590856450252,109.25901864742696,136.1118287560079,122.50122463609831,128.6687610876145,134.29486926090874,138.47642175500928,144.13512612742562,154.85335935901196,155.13771884425464,167.51885275176363,168.96877297955655,161.2373547402194,177.16046004827518,148.44471862677997,177.07881331367997,133.25430686233398,168.75008558319416,120.55046609844987
