future_x1,future_y1,future_x2,future_y2,future_x3,future_y3,future_x4,future_y4,future_x5,future_y5,future_x6,future_y6,future_x7,future_y7,future_x8,future_y8,future_x9,future_y9,future_x10,future_y10,future_x11,future_y11,future_x12,future_y12,future_x13,future_y13,future_x14,future_y14,future_x15,future_y15,future_x16,future_y16,future_x17,future_y17,future_x18,future_y18,future_x19,future_y19,future_x20,future_y20
65.48256548343194,114.10186014164731,94.06334218370797,130.33563793736855,126.87673363999706,128.41791025903973,134.23460739626532,88.63623810842337,140.70179222157523,47.804040121937234,161.0806757883609,25.085726644402783,193.09343388915482,32.540903174301064,215.9055191955966,56.20533011186953,222.18190128128268,88.46991388768285,209.90446330385427,118.960254243643,183.0209101711703,137.8724436799312,150.17541787806564,139.1254298472514,129.61518966390113,117.8020938130562,136.08237448921102,76.96989582657007,142.54955931452093,36.13769784008393,119.22853952230955,17.174206458170104,86.46143962785536,19.76524926344227,60.37128107318182,39.75774697893527,49.34713062958659,70.72328339135467,56.933709344827165,102.70515578352946
