future_x1,future_y1,future_x2,future_y2,future_x3,future_y3,future_x4,future_y4,future_x5,future_y5,future_x6,future_y6,future_x7,future_y7,future_x8,future_y8,future_x9,future_y9,future_x10,future_y10,future_x11,future_y11,future_x12,future_y12,future_x13,future_y13,future_x14,future_y14,future_x15,future_y15,future_x16,future_y16,future_x17,future_y17,future_x18,future_y18,future_x19,future_y19,future_x20,future_y20
168.64134470752202,75.42731109428271,144.42268341769284,85.73692726198422,129.70381308688712,107.55862738781609,134.9065167841783,130.79041390997872,165.60175639301292,143.19209572024195,196.29699600184753,155.5937775305052,200.66611944786854,179.10413687216123,185.6794589852522,200.74280014822924,161.3355917338917,210.7531881249733,135.46207947020358,205.9165463832704,116.37832820826588,187.78805560302908,110.22055453134294,162.19677655057455,118.96873776497226,137.37136557094087,143.67658524384544,134.33375157005398,174.37182485268005,146.7354333803172,204.24061706769103,156.72838014015238,218.50834494351167,134.6090745123002,218.45425456761637,108.28743295201679,204.09573823657243,86.22695360618326,180.04965375848545,75.5209944492694
