future_x1,future_y1,future_x2,future_y2,future_x3,future_y3,future_x4,future_y4,future_x5,future_y5,future_x6,future_y6,future_x7,future_y7,future_x8,future_y8,future_x9,future_y9,future_x10,future_y10,future_x11,future_y11,future_x12,future_y12,future_x13,future_y13,future_x14,future_y14,future_x15,future_y15,future_x16,future_y16,future_x17,future_y17,future_x18,future_y18,future_x19,future_y19,future_x20,future_y20
221.2410774481963,172.97317071870535,216.42160426402228,142.4461912219959,195.7770700611511,119.44777809169747,165.94554779445775,111.3728738682916,136.51910765624226,120.81789476596147,134.8975771285115,152.0547101054782,145.61176328873916,189.4195176746572,149.04794433194033,223.2921894273644,120.48304641466362,235.08924015799033,90.09557420377229,229.45671571527376,67.65635882909302,208.2057060372806,60.38053758766975,178.16929106764326,70.6075884126243,149.00542249042604,95.04909080378285,130.0914921789231,125.84608924270653,127.50911224592843,137.95877317429083,162.73036941095785,148.67295933451848,200.09517698013684,169.58363332847983,220.3101279226601,198.80994667713753,210.26291900617167,217.87407649172195,185.93838913655088
