future_x1,future_y1,future_x2,future_y2,future_x3,future_y3,future_x4,future_y4,future_x5,future_y5,future_x6,future_y6,future_x7,future_y7,future_x8,future_y8,future_x9,future_y9,future_x10,future_y10,future_x11,future_y11,future_x12,future_y12,future_x13,future_y13,future_x14,future_y14,future_x15,future_y15,future_x16,future_y16,future_x17,future_y17,future_x18,future_y18,future_x19,future_y19,future_x20,future_y20
64.1176928548083,99.92270864986841,80.75354782188337,121.9847447962704,106.71168813385225,131.45364446597023,129.0822696700029,120.29925115860613,133.91894426101473,85.88452321669314,138.75561885202657,51.46979527478028,161.56433192254212,41.00368544120968,187.41774277104795,50.75490366813219,203.81218716518703,72.99692026776316,205.47617208537702,100.5780055182765,191.8746574484915,124.62969795338995,167.38109365884554,137.4183821035771,139.8711761311574,134.8319662378467,130.46417669600626,110.46647174663103,135.30085128701813,76.05174380471803,137.92828115026174,43.06793967670525,111.78119887059995,34.13400450393274,84.97972678996427,40.85458511290429,66.141648444716,61.068736434911145,61.3241863982968,88.2767714400712
