future_x1,future_y1,future_x2,future_y2,future_x3,future_y3,future_x4,future_y4,future_x5,future_y5,future_x6,future_y6,future_x7,future_y7,future_x8,future_y8,future_x9,future_y9,future_x10,future_y10,future_x11,future_y11,future_x12,future_y12,future_x13,future_y13,future_x14,future_y14,future_x15,future_y15,future_x16,future_y16,future_x17,future_y17,future_x18,future_y18,future_x19,future_y19,future_x20,future_y20
227.70963874557884,123.56347495547747,203.93351132378965,101.8269355294764,172.1600431114895,96.51392328055323,142.60572036843172,109.33279174053965,134.0939951099962,137.03471929238793,156.75117581062253,170.62537105567685,179.40835651124894,204.21602281896594,165.60910620472362,230.44903264023827,135.30773701018026,241.38559546094362,103.9308813963423,234.0866699795031,81.56749824271111,210.89916309930703,75.40834164588308,179.27881883471994,87.4338355974325,149.39288775308046,113.77728563071183,130.85093473460176,140.56747531017515,146.63204836761335,163.22465601080148,180.22270013090227,187.11955899302572,209.1413274011922,216.4044566820782,195.7183564656286,233.68208803368913,168.52893138393395,233.3969788350534,136.31557865342623
