future_x1,future_y1,future_x2,future_y2,future_x3,future_y3,future_x4,future_y4,future_x5,future_y5,future_x6,future_y6,future_x7,future_y7,future_x8,future_y8,future_x9,future_y9,future_x10,future_y10,future_x11,future_y11,future_x12,future_y12,future_x13,future_y13,future_x14,future_y14,future_x15,future_y15,future_x16,future_y16,future_x17,future_y17,future_x18,future_y18,future_x19,future_y19,future_x20,future_y20
161.399973816121,107.37369588884089,147.57457381567474,106.13148583424105,135.2964070817769,112.60693119704771,128.51341284767972,124.71790804502707,138.92317974884656,135.64849280136198,153.2246107338449,145.6624625842437,161.87191809588597,156.95095129775066,154.41099067631052,168.6564770455296,141.78435783115856,174.4230110119447,128.052005083808,172.3963736456596,117.62945271111316,163.228212814254,113.86798305958138,149.86647202000512,117.977064442668,136.6075044440865,128.7078719024191,128.4956572421607,143.0093028874175,138.50962702504248,157.31073387241588,148.5235968079242,169.83284183367022,147.3055675126332,176.3657455401925,135.05787629537116,175.18832811723826,121.22680767417589,166.67917804130724,110.25962316868987
