future_x1,future_y1,future_x2,future_y2,future_x3,future_y3,future_x4,future_y4,future_x5,future_y5,future_x6,future_y6,future_x7,future_y7,future_x8,future_y8,future_x9,future_y9,future_x10,future_y10,future_x11,future_y11,future_x12,future_y12,future_x13,future_y13,future_x14,future_y14,future_x15,future_y15,future_x16,future_y16,future_x17,future_y17,future_x18,future_y18,future_x19,future_y19,future_x20,future_y20
191.994631278805,85.47760414511043,162.4313678167406,86.85943091163026,138.37241789327584,104.09494425821796,131.53823298512046,130.8652045770744,160.4663485386484,154.29073066274103,189.39446409217638,177.71625674840766,191.03683046332037,204.26969931528993,168.9317025103259,223.9486045165923,139.6794816283479,228.44344213457956,112.68596861669302,216.30893567449957,96.6306961264203,191.4468316403838,96.67609935967687,161.85132640248327,112.80757929612236,137.03860090123774,139.80340885755697,137.55821203012198,168.73152441108505,160.9837381157887,197.6596399646129,184.40926420145522,221.37713003459015,167.38224655560666,231.6279406064002,139.61865755200392,225.1335000673368,110.74447819007791,203.98204008568223,90.0439532599064
