future_x1,future_y1,future_x2,future_y2,future_x3,future_y3,future_x4,future_y4,future_x5,future_y5,future_x6,future_y6,future_x7,future_y7,future_x8,future_y8,future_x9,future_y9,future_x10,future_y10,future_x11,future_y11,future_x12,future_y12,future_x13,future_y13,future_x14,future_y14,future_x15,future_y15,future_x16,future_y16,future_x17,future_y17,future_x18,future_y18,future_x19,future_y19,future_x20,future_y20
195.05204088037254,149.08121951335605,186.71064762495325,129.00696769062327,168.794375321174,116.69593140520533,147.0640477039358,116.10661881280342,128.50686529028968,127.42851832440074,136.592909953637,152.95562255824152,145.49432631785382,178.80721278992172,140.6118256114779,198.38198898730238,119.59932907849732,203.9523944604746,98.93596422903805,197.2011145238866,85.26585885092,180.2989653518081,82.98451811316521,158.68068808181488,92.82548756847721,139.29745440258364,111.62448787060758,128.3817769007266,130.23475540776786,134.49020096418434,139.13617177198466,160.3417911958644,148.0375881362015,186.19338142754458,167.5596358808105,189.98438672245848,185.8804469737504,178.2838607265532,194.89332291910878,158.50198784055917
