future_x1,future_y1,future_x2,future_y2,future_x3,future_y3,future_x4,future_y4,future_x5,future_y5,future_x6,future_y6,future_x7,future_y7,future_x8,future_y8,future_x9,future_y9,future_x10,future_y10,future_x11,future_y11,future_x12,future_y12,future_x13,future_y13,future_x14,future_y14,future_x15,future_y15,future_x16,future_y16,future_x17,future_y17,future_x18,future_y18,future_x19,future_y19,future_x20,future_y20
160.73715383950116,142.4345352348821,154.66478821733645,131.4267917251158,143.58291553075208,125.4907880876182,131.05481691979676,126.53519539333219,128.0,139.6050651136722,128.0,155.41682981955455,124.4758820875891,168.04109328404493,111.92737147752416,168.80196311202965,100.98254980523933,162.61690692894337,95.16063063228917,151.47467651624387,96.33360214826688,138.9579605232706,104.1243054199393,129.0914016520733,116.02770661225141,125.04750730615964,128.0,128.3109474666134,128.0,144.12271217249577,128.0,159.93447687837806,135.03401306210276,168.9969835229988,147.5380271373572,167.69557143150416,157.32408306452862,159.80398408697567,161.24555847148264,147.8596937330574
