future_x1,future_y1,future_x2,future_y2,future_x3,future_y3,future_x4,future_y4,future_x5,future_y5,future_x6,future_y6,future_x7,future_y7,future_x8,future_y8,future_x9,future_y9,future_x10,future_y10,future_x11,future_y11,future_x12,future_y12,future_x13,future_y13,future_x14,future_y14,future_x15,future_y15,future_x16,future_y16,future_x17,future_y17,future_x18,future_y18,future_x19,future_y19,future_x20,future_y20
173.83565436644008,39.63519875251271,143.44405728722592,48.14253060535934,122.56463640686809,71.80840586871348,117.91099047733431,103.02326527641051,133.91088244856968,127.37874122049773,173.38755156589386,123.2295761020849,212.86422068321804,119.08041098367208,233.23533511472738,138.83403351182434,230.90942777653078,170.30805491573588,211.8425867770462,195.45719888884423,182.16559134964436,206.19497382975868,151.42082490645282,199.06874027805958,129.49400347404608,176.36987752788846,123.43550847089116,145.39701026351332,145.1899307678053,126.19326547237976,184.66659988512927,122.04410035396697,223.96097751688822,117.72234023632173,227.97274387889343,86.41851301126118,214.31721206356917,57.965915254282564,187.38520123578317,41.51323580527557
