future_x1,future_y1,future_x2,future_y2,future_x3,future_y3,future_x4,future_y4,future_x5,future_y5,future_x6,future_y6,future_x7,future_y7,future_x8,future_y8,future_x9,future_y9,future_x10,future_y10,future_x11,future_y11,future_x12,future_y12,future_x13,future_y13,future_x14,future_y14,future_x15,future_y15,future_x16,future_y16,future_x17,future_y17,future_x18,future_y18,future_x19,future_y19,future_x20,future_y20
175.17582296740756,58.76990417673758,145.61463273913043,73.14113831300808,128.62077299326884,101.27661537045068,135.4953481246357,130.43538623581654,174.81314339829655,143.21051233268207,214.13093867195738,155.9856384295476,223.2435113801123,184.21839356023037,207.02098809250293,212.8055598502785,177.86150747153386,227.97530039608952,145.14105048079244,224.84991519920038,119.38059950171571,204.4343450708283,108.86320666176718,173.29304153096194,116.97064944648406,141.43922370947408,146.72900391711036,134.08542226349243,186.0467991907712,146.86054836035797,224.65457914472776,157.94375386059824,241.06718339323947,129.46529252411398,239.35516892616891,96.64052527777339,220.06901931561018,70.02397457128555,189.4100305983473,58.17396405877369
