future_x1,future_y1,future_x2,future_y2,future_x3,future_y3,future_x4,future_y4,future_x5,future_y5,future_x6,future_y6,future_x7,future_y7,future_x8,future_y8,future_x9,future_y9,future_x10,future_y10,future_x11,future_y11,future_x12,future_y12,future_x13,future_y13,future_x14,future_y14,future_x15,future_y15,future_x16,future_y16,future_x17,future_y17,future_x18,future_y18,future_x19,future_y19,future_x20,future_y20
229.1856211139988,127.89664107107009,206.97482611159248,104.56293226264577,175.6465255926907,97.058335804965,145.274065962356,107.79589034028837,131.9402254849904,134.0674151738661,154.00771768018723,168.04837324450187,176.0752098753842,202.0293313151378,166.17958869608694,229.32079766496358,136.27381552908082,241.29686182138963,104.66369802637968,235.08543260898736,81.51319842772786,212.68374183065376,74.26616137343098,181.29486107123665,85.25280948805337,151.01161579268668,110.94048027614969,131.57132384843752,138.24522325504662,143.7762603369049,160.31271545024347,177.75721840754068,182.75610798383278,210.4522206162158,212.90170330616905,199.09332700560424,232.0240565705329,173.16810787387598,233.9745390507756,141.01259513516317
