future_x1,future_y1,future_x2,future_y2,future_x3,future_y3,future_x4,future_y4,future_x5,future_y5,future_x6,future_y6,future_x7,future_y7,future_x8,future_y8,future_x9,future_y9,future_x10,future_y10,future_x11,future_y11,future_x12,future_y12,future_x13,future_y13,future_x14,future_y14,future_x15,future_y15,future_x16,future_y16,future_x17,future_y17,future_x18,future_y18,future_x19,future_y19,future_x20,future_y20
47.646412579659085,174.93249528389464,77.0041288453937,182.22671690877036,105.60841931152184,172.384169454907,124.26181964822698,148.56963966045606,117.55372654327557,122.20953606898698,84.27701909752486,103.76395592926204,51.000311651773984,85.318375789537,53.49351583226128,57.09246868026253,74.74703868553816,35.566462553314125,104.28897994740433,29.058399866720606,132.62038171462854,39.66089237349972,150.63152467862278,63.96479951993902,152.5310802571687,94.15540835871862,137.7082626418611,120.52518748929909,108.04609584448966,116.93937031477985,74.76938839873893,98.4937901750549,42.82785186175707,86.12247165114209,24.667339845777718,110.31497000847699,22.58184776741848,140.49330489036342,37.24194772227243,166.95389148185592
