future_x1,future_y1,future_x2,future_y2,future_x3,future_y3,future_x4,future_y4,future_x5,future_y5,future_x6,future_y6,future_x7,future_y7,future_x8,future_y8,future_x9,future_y9,future_x10,future_y10,future_x11,future_y11,future_x12,future_y12,future_x13,future_y13,future_x14,future_y14,future_x15,future_y15,future_x16,future_y16,future_x17,future_y17,future_x18,future_y18,future_x19,future_y19,future_x20,future_y20
98.58921392117247,152.45338002178767,116.79751891059249,144.74175557502332,127.88505220874146,128.36866400506844,111.36500456034514,110.16115139911099,94.4033041700848,91.9719546317825,91.65623035800031,73.92593917725772,107.16576749620839,61.659489815106696,126.85204710050309,59.79886692552891,144.38511476555732,68.94233784462202,154.12736292223593,86.1498978997072,152.94625521137363,105.88860370254577,141.22156668990388,121.81164365320234,123.48050483910248,123.15343480434558,106.51880444884213,104.96423803701708,89.55710405858179,86.77504126968859,71.95764118763736,91.32746900456432,61.20861488417388,107.92475660595088,61.21295232803797,127.69876741261962,71.96925885134648,144.29133780337892,90.01893632226185,152.36726904328057
