future_x1,future_y1,future_x2,future_y2,future_x3,future_y3,future_x4,future_y4,future_x5,future_y5,future_x6,future_y6,future_x7,future_y7,future_x8,future_y8,future_x9,future_y9,future_x10,future_y10,future_x11,future_y11,future_x12,future_y12,future_x13,future_y13,future_x14,future_y14,future_x15,future_y15,future_x16,future_y16,future_x17,future_y17,future_x18,future_y18,future_x19,future_y19,future_x20,future_y20
105.96354140122088,177.7590260055416,124.01645567663861,158.60376494333676,128.7507859662713,132.71133638003786,102.14537081124863,119.59932173777707,70.65980567178295,109.36904147694125,50.526835002333954,92.74873143927266,58.39934882768952,67.63189910980904,78.66416668734715,50.83401539453989,104.80531016068704,47.75629576743556,128.4173187129908,59.38835458446093,141.9079534571481,81.99000307293491,140.93941646760254,108.29387496086716,124.63506019658116,126.90666478123121,93.14949505711549,116.67638452039539,61.663929917649796,106.44610425955955,40.752886032937084,117.5531920107062,36.551173007383355,143.5373669610042,47.15458766092247,167.62884549350434,69.1536929314583,182.0812192602143,95.47486515217787,182.24745139937704
