future_x1,future_y1,future_x2,future_y2,future_x3,future_y3,future_x4,future_y4,future_x5,future_y5,future_x6,future_y6,future_x7,future_y7,future_x8,future_y8,future_x9,future_y9,future_x10,future_y10,future_x11,future_y11,future_x12,future_y12,future_x13,future_y13,future_x14,future_y14,future_x15,future_y15,future_x16,future_y16,future_x17,future_y17,future_x18,future_y18,future_x19,future_y19,future_x20,future_y20
113.31996815348072,201.84922790521418,133.64032816776808,189.64687992327123,144.05840451636476,168.3565531860536,141.22435407993189,144.82396970045946,125.26850999580438,129.15944871750932,97.82663589405759,140.80783318329566,70.3847617923108,152.456217649082,50.6432615943487,144.37044262414278,44.73783831236533,121.41526231025043,52.26434963944237,98.93936511734496,70.80271039497613,84.16968306659108,94.39206963654597,81.85528077769683,115.4474711687003,92.740334461646,127.19873116984417,113.32484844104789,117.42797453816236,132.4875585648769,89.98610043641568,144.13594303066319,62.54422633466888,155.78432749644952,64.81179789301616,178.72674166050345,80.35735827660343,196.61947425625073,103.13331708430727,203.18225017597047
