future_x1,future_y1,future_x2,future_y2,future_x3,future_y3,future_x4,future_y4,future_x5,future_y5,future_x6,future_y6,future_x7,future_y7,future_x8,future_y8,future_x9,future_y9,future_x10,future_y10,future_x11,future_y11,future_x12,future_y12,future_x13,future_y13,future_x14,future_y14,future_x15,future_y15,future_x16,future_y16,future_x17,future_y17,future_x18,future_y18,future_x19,future_y19,future_x20,future_y20
177.38585038342853,173.3975931171224,179.06349229675905,153.03781501171827,169.40022490737456,135.03902865674604,151.50318898594378,125.18858947274653,131.12702297356782,126.6538217160278,126.50237566167192,149.41702584035832,124.71004461864636,175.04855390821078,115.70874718455201,193.0274476935482,95.3267358007791,191.6459054964336,78.97280677287503,179.40319124505402,71.90542575180966,160.23584473089767,76.39704850513473,140.30696187378578,91.00343225026401,126.02450407476954,111.02801953744984,121.98087317315003,127.7826121209759,131.1087915061781,125.99028107795034,156.74031957403042,124.19795003492477,182.37184764188288,136.80708570668213,195.723384744617,157.1488724955198,193.84010114193657,173.19620807023188,181.1981840466833
