future_x1,future_y1,future_x2,future_y2,future_x3,future_y3,future_x4,future_y4,future_x5,future_y5,future_x6,future_y6,future_x7,future_y7,future_x8,future_y8,future_x9,future_y9,future_x10,future_y10,future_x11,future_y11,future_x12,future_y12,future_x13,future_y13,future_x14,future_y14,future_x15,future_y15,future_x16,future_y16,future_x17,future_y17,future_x18,future_y18,future_x19,future_y19,future_x20,future_y20
74.7772658551451,120.73209712377215,86.20572385722673,134.39137816679232,103.22443315559202,139.64010608270638,120.36117370351063,134.79059741575097,124.53650591927163,118.9772894446628,116.50906384945696,98.06508789112554,108.53760557391469,77.17276163665882,123.22659626809856,67.10205345382775,141.0302541437059,66.63796599883021,156.22396566959287,75.92972261346893,163.9223231841942,91.98963863114892,161.64998583881555,109.65378576330218,150.13760422254165,123.24240896209756,133.08688593033307,128.3862029545992,122.24295104218173,113.00237471508073,114.21550897236706,92.09017316154348,103.31369759513626,76.8277707058995,86.28013882872798,82.02810595171486,74.81290386259343,95.65484925850029,72.59918377345404,113.32643815945941
