future_x1,future_y1,future_x2,future_y2,future_x3,future_y3,future_x4,future_y4,future_x5,future_y5,future_x6,future_y6,future_x7,future_y7,future_x8,future_y8,future_x9,future_y9,future_x10,future_y10,future_x11,future_y11,future_x12,future_y12,future_x13,future_y13,future_x14,future_y14,future_x15,future_y15,future_x16,future_y16,future_x17,future_y17,future_x18,future_y18,future_x19,future_y19,future_x20,future_y20
196.73943511794783,196.8056999928452,194.2089299581972,164.0338693764703,174.26466474665406,137.906821638857,143.319546948539,126.82548495176573,121.13196700590905,149.13763207869255,108.35684090904485,188.4554273523538,93.39889010044132,224.12972534844536,60.85439430260848,219.51972192363817,36.04891741771242,197.95390047337156,26.95844784172759,166.36656596727414,36.50594811992093,134.91435496788984,61.62150140357333,113.71045623280081,94.22941688946283,109.57280158590459,123.84489895204217,123.83181840029026,117.48193097823352,160.3712878711673,104.70680488136938,199.6890831448284,106.80688698220202,232.18431073669987,137.97300179354386,242.6279511881015,169.8075370553869,234.44512142239884,192.07437092181806,210.266940186486
