future_x1,future_y1,future_x2,future_y2,future_x3,future_y3,future_x4,future_y4,future_x5,future_y5,future_x6,future_y6,future_x7,future_y7,future_x8,future_y8,future_x9,future_y9,future_x10,future_y10,future_x11,future_y11,future_x12,future_y12,future_x13,future_y13,future_x14,future_y14,future_x15,future_y15,future_x16,future_y16,future_x17,future_y17,future_x18,future_y18,future_x19,future_y19,future_x20,future_y20
41.69626036697687,127.47162446973216,66.6255631590278,145.7378134884531,97.4797107006122,147.51133497057342,124.33781641086345,132.22192829070616,116.03711795594437,98.39082792378977,101.47593931304752,62.35064609451179,101.24578930462732,31.70527936045677,129.78100740249224,19.836617806904314,160.18251180935118,25.392905125351575,182.67495946308824,46.58756477134018,190.02609668377096,76.60563567085158,179.87222833094904,105.79506451827787,155.47824370839038,124.7702407546076,126.43795984372788,124.13381494470278,111.87678120083098,88.09363311542464,97.31560255793414,52.05345128614664,71.53725355876452,41.64561859032935,44.99872924022179,57.483248651658485,31.338972676945758,85.20570975447974,34.95016146528273,115.89908223943796
