future_x1,future_y1,future_x2,future_y2,future_x3,future_y3,future_x4,future_y4,future_x5,future_y5,future_x6,future_y6,future_x7,future_y7,future_x8,future_y8,future_x9,future_y9,future_x10,future_y10,future_x11,future_y11,future_x12,future_y12,future_x13,future_y13,future_x14,future_y14,future_x15,future_y15,future_x16,future_y16,future_x17,future_y17,future_x18,future_y18,future_x19,future_y19,future_x20,future_y20
67.11294185219272,128.88775231020426,97.47156627059775,137.51200831881044,127.63909123042532,128.24139312465883,125.26865032046737,88.93987980264149,122.49972864502307,49.34245503115156,137.4091351964261,24.376020604412048,168.96553152868208,24.84262407775887,195.19485496136562,42.39387647020757,207.66329144993685,71.38632306945517,202.3617221530103,102.4976912693535,180.99482121932155,125.72438739191233,150.43293243205213,133.59806645791633,127.2464515172133,117.22375463941988,124.477529841769,77.62632986792995,121.70860816632468,38.02890509644004,95.14037889968304,26.229157326151736,65.16955608003066,36.11721314075771,45.394068202642984,60.71302472507122,42.172553828136344,92.1080197627298,56.540863280525386,120.20740679804146
