future_x1,future_y1,future_x2,future_y2,future_x3,future_y3,future_x4,future_y4,future_x5,future_y5,future_x6,future_y6,future_x7,future_y7,future_x8,future_y8,future_x9,future_y9,future_x10,future_y10,future_x11,future_y11,future_x12,future_y12,future_x13,future_y13,future_x14,future_y14,future_x15,future_y15,future_x16,future_y16,future_x17,future_y17,future_x18,future_y18,future_x19,future_y19,future_x20,future_y20
50.81536765441558,183.2422790832382,79.61169428861344,190.07364528017794,107.49315966738583,180.1479271664886,125.49471766983919,156.65665429283592,126.98656893978314,127.65104770180193,91.79103043159208,115.53225192883251,56.59549192340084,103.41345615586303,42.17669869377522,80.65030317263707,54.7977904198539,53.88084230055354,79.9464164994546,38.278195151799224,109.53625185540328,38.85925913102447,134.0529386491878,55.43719809808471,145.61334646237904,82.68151792686389,140.50032528820205,111.83204118481797,116.9307007945857,124.18853462381067,81.73516228639463,112.06973885084123,46.539623778203406,99.95094307787176,27.664569177312387,120.26535154515093,25.9374164264308,149.81045156385497,40.55390623271322,175.54475197173366
