future_x1,future_y1,future_x2,future_y2,future_x3,future_y3,future_x4,future_y4,future_x5,future_y5,future_x6,future_y6,future_x7,future_y7,future_x8,future_y8,future_x9,future_y9,future_x10,future_y10,future_x11,future_y11,future_x12,future_y12,future_x13,future_y13,future_x14,future_y14,future_x15,future_y15,future_x16,future_y16,future_x17,future_y17,future_x18,future_y18,future_x19,future_y19,future_x20,future_y20
173.0301832674587,74.75982136229962,148.76331197944074,80.82011047076873,131.6932930475394,99.10186639989163,127.30884469119081,123.72674728890249,152.810069722569,136.06128031777408,182.7291888351955,145.78259141140447,201.61496895648563,161.7023422035431,194.023332270965,185.53457245214864,174.69277271743545,201.4071152079552,149.83886596904696,204.21629044810496,127.45317262911468,193.05883196160497,114.73362044333956,171.52232485435022,115.77007235233387,146.53164832033454,131.43927035640732,129.11748667946668,161.3583894690338,138.83879777309707,191.27750858166016,148.56010886672743,210.9947486382197,137.7421586497658,214.87267857496977,113.03244789481933,204.6905608986116,90.1866030688503,183.7223682406698,76.55050968229253
