future_x1,future_y1,future_x2,future_y2,future_x3,future_y3,future_x4,future_y4,future_x5,future_y5,future_x6,future_y6,future_x7,future_y7,future_x8,future_y8,future_x9,future_y9,future_x10,future_y10,future_x11,future_y11,future_x12,future_y12,future_x13,future_y13,future_x14,future_y14,future_x15,future_y15,future_x16,future_y16,future_x17,future_y17,future_x18,future_y18,future_x19,future_y19,future_x20,future_y20
200.7338609964981,160.66913569107095,190.40892029012144,136.45700361629056,168.5779098042594,121.7519459366014,142.26040376905405,121.28224785932238,129.17278869377813,141.40503610996876,132.05815645956582,174.3849405856177,134.9435242253535,207.36484506126675,110.6396774288153,216.43391655052875,85.06505201455319,210.20733842791745,66.98795177948298,191.07490033738577,62.22091330078209,165.18847369446365,72.29673692595898,140.8716170211366,93.97562796422105,125.94320707405817,120.2869248894394,125.20334606697712,129.9971794840032,150.82786596015416,132.88254724979086,183.8077704358031,141.58366739665394,210.5735786886973,167.90526945546137,210.50283086478638,189.9566577014792,196.13035659553861,200.64739732543117,172.0775017444057
