future_x1,future_y1,future_x2,future_y2,future_x3,future_y3,future_x4,future_y4,future_x5,future_y5,future_x6,future_y6,future_x7,future_y7,future_x8,future_y8,future_x9,future_y9,future_x10,future_y10,future_x11,future_y11,future_x12,future_y12,future_x13,future_y13,future_x14,future_y14,future_x15,future_y15,future_x16,future_y16,future_x17,future_y17,future_x18,future_y18,future_x19,future_y19,future_x20,future_y20
127.90767379958028,62.19439160616244,114.18776819394883,81.52257097089478,113.18385480150133,105.20392408432856,125.21873336545045,125.62391491032241,151.43230849959386,118.53273283430359,179.0732954110318,107.36504921411583,202.2458399945307,107.97237893326505,211.01810182754465,129.991955444082,206.40628587262162,153.24158944078383,189.89328200571615,170.245560467407,166.78870502827962,175.53638744212583,144.52163355553387,167.41285031779955,130.25185348891753,148.48700280089625,131.6887464199954,126.50964970586624,159.32973333143335,115.34196608567848,186.97072024287118,104.17428246549078,194.06884036013477,84.08767913469431,181.61723871930747,63.91909108394515,160.20026122312885,53.76392479722911,136.70435334406497,56.887486917828824
