future_x1,future_y1,future_x2,future_y2,future_x3,future_y3,future_x4,future_y4,future_x5,future_y5,future_x6,future_y6,future_x7,future_y7,future_x8,future_y8,future_x9,future_y9,future_x10,future_y10,future_x11,future_y11,future_x12,future_y12,future_x13,future_y13,future_x14,future_y14,future_x15,future_y15,future_x16,future_y16,future_x17,future_y17,future_x18,future_y18,future_x19,future_y19,future_x20,future_y20
44.077442018142705,138.2303824109495,62.026373015743815,156.57778269913433,87.06654898982325,162.21522968147733,111.14651606472253,153.33005061950402,126.52356730293563,132.77919865397882,109.24379941485354,109.88734763689392,86.02181809568594,87.46214094819386,75.01094181856863,64.30039864503861,92.50239131119957,45.516351798357704,117.39607407576878,39.26368998849212,141.6876398720206,47.552903006501126,157.5663440079662,67.71866548290322,159.92652532179451,93.27684940620688,148.00928774958936,116.00943988637978,125.83092892854461,125.90535241453675,102.60894760937711,103.48014572583679,79.38696629020953,81.05493903713673,56.27484648273392,81.33248529942583,41.32298359011381,102.19472432911418,40.11936302106554,127.83341616035483
