future_x1,future_y1,future_x2,future_y2,future_x3,future_y3,future_x4,future_y4,future_x5,future_y5,future_x6,future_y6,future_x7,future_y7,future_x8,future_y8,future_x9,future_y9,future_x10,future_y10,future_x11,future_y11,future_x12,future_y12,future_x13,future_y13,future_x14,future_y14,future_x15,future_y15,future_x16,future_y16,future_x17,future_y17,future_x18,future_y18,future_x19,future_y19,future_x20,future_y20
179.86730673571645,125.43361227995828,167.97091694875928,113.9998261277414,151.76968011860174,110.87324957966413,136.47296502929842,117.05920651570288,130.0107772326736,130.767597429147,142.2090499978963,147.5570795241753,154.40732276311897,164.34656161920358,150.4163828688521,178.6493793014125,135.4958941943833,185.6945601687071,119.14317076416992,183.49365304826875,106.61629057958211,172.75434075283658,101.94316455132957,156.92975706599304,106.62639628373834,141.10816118320048,119.16013276996323,130.3768515971471,133.49599802273727,135.56459231344084,145.6942707879599,152.35407440846907,157.98989350504917,168.73370211362226,173.1563749457673,162.23497943557305,182.3506697874335,148.5338664113565,182.6164313608589,132.03583845272067
