future_x1,future_y1,future_x2,future_y2,future_x3,future_y3,future_x4,future_y4,future_x5,future_y5,future_x6,future_y6,future_x7,future_y7,future_x8,future_y8,future_x9,future_y9,future_x10,future_y10,future_x11,future_y11,future_x12,future_y12,future_x13,future_y13,future_x14,future_y14,future_x15,future_y15,future_x16,future_y16,future_x17,future_y17,future_x18,future_y18,future_x19,future_y19,future_x20,future_y20
154.69467452039058,176.4497953260764,158.79236212150704,158.44574687766413,152.44106123998603,141.10799092940144,137.68297821458995,130.0113342426045,122.0591601877388,137.14809108253593,109.41071953927229,156.62498168399787,96.51417920301753,175.25165054256294,79.25598487952898,168.687236410149,68.3419848749993,153.79356634161837,67.28148230799881,135.35957224065064,76.41547268559023,119.31254684679064,92.80699972192332,110.81227357904864,111.18550844880433,112.59194242045652,125.6415469729634,124.07931611495941,118.44532000246265,142.7129169686679,105.79687935399615,162.18980757012986,100.5545870641096,180.46058634103096,115.53739388551897,191.25189321098185,133.97947636770525,192.16095752628948,149.95094102149721,182.89547745120467
