future_x1,future_y1,future_x2,future_y2,future_x3,future_y3,future_x4,future_y4,future_x5,future_y5,future_x6,future_y6,future_x7,future_y7,future_x8,future_y8,future_x9,future_y9,future_x10,future_y10,future_x11,future_y11,future_x12,future_y12,future_x13,future_y13,future_x14,future_y14,future_x15,future_y15,future_x16,future_y16,future_x17,future_y17,future_x18,future_y18,future_x19,future_y19,future_x20,future_y20
197.38530347003623,114.76041515140625,174.8899275482344,103.82578171793861,150.06513926302534,106.88160121228174,130.8931364255667,122.94530107837542,141.54858353137385,148.0866011222493,159.14013440055942,174.16714781651012,166.18690070620738,198.70310640710082,146.0228394893888,213.50238954622117,121.05304839615954,214.95761425325094,99.30634964725911,202.60086550157428,87.775207756749,180.40534989845338,90.16736252490814,155.50784516901044,105.71363709773985,135.91393047353452,128.98319005338405,129.45763919777716,146.57474092256973,155.53818589203811,164.16629179175533,181.61873258629896,186.0525863580428,187.4216328458715,204.89073037235474,170.96768267323807,211.75296111922668,146.91528288934592,204.4327871426978,122.99827640565718
