future_x1,future_y1,future_x2,future_y2,future_x3,future_y3,future_x4,future_y4,future_x5,future_y5,future_x6,future_y6,future_x7,future_y7,future_x8,future_y8,future_x9,future_y9,future_x10,future_y10,future_x11,future_y11,future_x12,future_y12,future_x13,future_y13,future_x14,future_y14,future_x15,future_y15,future_x16,future_y16,future_x17,future_y17,future_x18,future_y18,future_x19,future_y19,future_x20,future_y20
55.81872062103534,131.52482823748414,71.10848006775925,147.8855598789417,92.83669525918747,153.30173457862014,114.0168449106764,146.03182780322183,127.83863351252208,128.41341574003175,110.62183161107086,106.53974927072451,92.89720789138455,84.65166183863059,91.21027267195207,64.0469966794373,109.69819421205922,51.41184567482753,132.0845129718871,50.86137663316687,151.1711001073302,62.57258815476493,160.82082718431406,82.77984059348539,157.93090720352097,104.98566519621207,143.43056915494566,122.04996946739502,123.2822771251324,122.17409743650575,105.55765340544625,100.286010004412,87.83302968575994,78.3979225723181,67.59158317699888,82.14037627972598,54.13444667642871,100.03886115938815,52.573620812463275,122.3774848055492
