future_x1,future_y1,future_x2,future_y2,future_x3,future_y3,future_x4,future_y4,future_x5,future_y5,future_x6,future_y6,future_x7,future_y7,future_x8,future_y8,future_x9,future_y9,future_x10,future_y10,future_x11,future_y11,future_x12,future_y12,future_x13,future_y13,future_x14,future_y14,future_x15,future_y15,future_x16,future_y16,future_x17,future_y17,future_x18,future_y18,future_x19,future_y19,future_x20,future_y20
180.43814651783129,149.47160094710165,163.8464179531308,131.63912893339025,140.2252525300148,125.69580840204456,125.10952521311796,142.87020367291467,119.26403551946466,172.9426411517113,112.25514448036148,201.53369953814413,87.89822942331018,201.68602743475464,67.37436044393311,188.56911785201032,57.28281162914418,166.40060059434893,60.86843396961963,142.30857230040945,76.97830134695886,124.03961808926098,100.4324240412074,117.46796353902309,123.68933000910765,124.70666782119567,123.4393853006456,151.46232866685654,117.59389560699229,181.5347661456532,120.88683442781796,206.03117339318317,144.62504781854463,211.48825502175094,167.51429110259724,203.15968631110496,182.19472436746884,183.7234471162363,183.94598017528145,159.4290934928091
