future_x1,future_y1,future_x2,future_y2,future_x3,future_y3,future_x4,future_y4,future_x5,future_y5,future_x6,future_y6,future_x7,future_y7,future_x8,future_y8,future_x9,future_y9,future_x10,future_y10,future_x11,future_y11,future_x12,future_y12,future_x13,future_y13,future_x14,future_y14,future_x15,future_y15,future_x16,future_y16,future_x17,future_y17,future_x18,future_y18,future_x19,future_y19,future_x20,future_y20
174.01580248312774,184.87331017872083,174.26779208813835,159.8624196022854,160.87890421628953,138.7355213978033,138.15422095878301,128.28578852880307,120.04226218363742,145.06542381879007,106.74718886723,173.57680055450763,91.40625490394129,197.40735282164735,67.49593548296002,190.06536593973752,51.42210400691113,170.90185666124052,48.353163160681646,146.07868707575437,59.275904558520395,123.57753451542095,80.67821436179266,110.63345164824776,105.67836336891565,111.40849733019598,126.23776803224355,125.65346226792018,116.24366980752102,153.2115314575665,102.94859649111359,181.72290819328407,103.49780353975292,205.73703129948757,126.43224869206009,215.71798174237,151.10692517717476,211.62304748863787,169.58790234611502,194.76891953526695
