future_x1,future_y1,future_x2,future_y2,future_x3,future_y3,future_x4,future_y4,future_x5,future_y5,future_x6,future_y6,future_x7,future_y7,future_x8,future_y8,future_x9,future_y9,future_x10,future_y10,future_x11,future_y11,future_x12,future_y12,future_x13,future_y13,future_x14,future_y14,future_x15,future_y15,future_x16,future_y16,future_x17,future_y17,future_x18,future_y18,future_x19,future_y19,future_x20,future_y20
99.12183206771397,211.42072333737354,124.5851328564187,202.5128607515939,141.11078346660366,181.19074606253744,143.3851026449558,154.31032242044867,130.67680256099098,130.5147595592957,100.22800437979623,137.56266496819555,68.1471152971087,148.60900093824753,42.14121854977648,145.93754725022947,33.74669680790906,120.30043142905137,40.642660570516654,94.22025913882183,60.61177181967443,76.08288615313441,87.23313405981102,71.72022923531306,111.94687652941525,82.53506330936453,126.80650724716632,105.0499712113581,123.14292515314436,129.67242498958703,91.06203607045697,140.71876095963896,58.98114698776945,151.76509692969094,50.399440639923526,174.4529589153791,63.59362855651054,197.9825808444506,87.46146152612786,210.55462332917173
