future_x1,future_y1,future_x2,future_y2,future_x3,future_y3,future_x4,future_y4,future_x5,future_y5,future_x6,future_y6,future_x7,future_y7,future_x8,future_y8,future_x9,future_y9,future_x10,future_y10,future_x11,future_y11,future_x12,future_y12,future_x13,future_y13,future_x14,future_y14,future_x15,future_y15,future_x16,future_y16,future_x17,future_y17,future_x18,future_y18,future_x19,future_y19,future_x20,future_y20
174.08778940891125,76.1170572889076,151.1765302433998,78.62260855215493,133.31119348390865,93.18397271050192,126.23622497782495,115.11906797630635,140.46307835665746,130.87732835605746,168.70834705819664,137.39826244903688,196.68120775863844,144.12008298020825,196.72623501487624,167.1678932065229,184.23113762577702,186.5347753747739,163.21360701668542,195.993474586499,140.43164993861149,192.50262721447166,123.21060934446339,177.1846852986423,117.08776317422647,154.9650017172407,124.03186011315049,132.98812520157503,148.53315512852586,132.74045238262303,176.77842383006492,139.2613864756024,200.89146917808927,138.3550161244674,207.5145783563345,116.27928264865655,201.06859364457313,94.15118140210285,183.62616615530726,79.08581360162351
