future_x1,future_y1,future_x2,future_y2,future_x3,future_y3,future_x4,future_y4,future_x5,future_y5,future_x6,future_y6,future_x7,future_y7,future_x8,future_y8,future_x9,future_y9,future_x10,future_y10,future_x11,future_y11,future_x12,future_y12,future_x13,future_y13,future_x14,future_y14,future_x15,future_y15,future_x16,future_y16,future_x17,future_y17,future_x18,future_y18,future_x19,future_y19,future_x20,future_y20
132.54295000970572,215.30342268552752,150.14026740596896,190.69822823583144,151.52869512691487,160.47979938991062,136.26179614404757,134.36461283306008,105.84754513283984,139.7786691873245,72.25398612924268,157.64068135261388,40.67726292457181,167.24017163456259,23.79443420470639,142.13934957894318,23.275137553481272,111.89349855041021,39.28634835635103,86.22791260194123,66.67979906894325,73.3951408238349,96.64736050175742,77.52145094580732,119.5532202351058,97.28006332948547,128.0321954796866,126.31776558455324,96.24938541752627,144.8821012345501,62.65582641392925,162.7441133998394,48.204853454063624,187.06295005468502,64.00472706398651,212.85917395204342,91.29185542010785,225.9165013787698,121.29229637498293,222.0364606618024
