future_x1,future_y1,future_x2,future_y2,future_x3,future_y3,future_x4,future_y4,future_x5,future_y5,future_x6,future_y6,future_x7,future_y7,future_x8,future_y8,future_x9,future_y9,future_x10,future_y10,future_x11,future_y11,future_x12,future_y12,future_x13,future_y13,future_x14,future_y14,future_x15,future_y15,future_x16,future_y16,future_x17,future_y17,future_x18,future_y18,future_x19,future_y19,future_x20,future_y20
159.0153255870054,176.23996981440135,162.023495419568,157.35885873585795,154.28091220470893,139.87750162427167,138.27713718582365,129.4168789637061,122.60577985654142,137.73143074124653,110.94753440026494,158.76346228704574,99.02564454258109,179.08284711625558,80.70273577667979,173.62240247700842,68.29488222102577,159.0762479527615,65.79172279439781,140.12157480372704,73.99812694690587,122.85309565275594,90.27539578971945,112.8233419010133,109.38971309705668,113.25729486651983,125.19503403584488,124.01542069417815,119.27485258331953,143.74058261147493,107.6166071270431,164.77261415727406,103.34970323512593,184.0696501094492,119.5648805070898,194.19948067765776,138.6815082922614,193.8832791200269,154.5527988432318,183.2227173361197
