future_x1,future_y1,future_x2,future_y2,future_x3,future_y3,future_x4,future_y4,future_x5,future_y5,future_x6,future_y6,future_x7,future_y7,future_x8,future_y8,future_x9,future_y9,future_x10,future_y10,future_x11,future_y11,future_x12,future_y12,future_x13,future_y13,future_x14,future_y14,future_x15,future_y15,future_x16,future_y16,future_x17,future_y17,future_x18,future_y18,future_x19,future_y19,future_x20,future_y20
70.75869667129021,125.1647413718995,81.67422116871981,139.23730104892937,98.48719335882234,145.111786307435,115.79154619792155,140.8993067837444,127.96539890426465,127.94671898496753,115.76548451992808,109.1604982629901,103.56557013559146,90.37427754101259,104.50578785815631,74.07391484734329,120.28701856467322,65.81931804887753,138.01975534855043,67.47330023478187,152.00218874757178,78.50403761536916,157.73838719567328,95.36469116977085,153.38392526731815,112.63386232046767,140.33894285791868,124.75879715971607,124.47970908016849,122.57922735011684,112.27979469583192,103.79300662813941,100.0798803114953,85.0067859061619,83.68496526602357,86.91259634041293,71.72166032861477,100.1059638367018,68.8559636830586,117.68360286056395
