future_x1,future_y1,future_x2,future_y2,future_x3,future_y3,future_x4,future_y4,future_x5,future_y5,future_x6,future_y6,future_x7,future_y7,future_x8,future_y8,future_x9,future_y9,future_x10,future_y10,future_x11,future_y11,future_x12,future_y12,future_x13,future_y13,future_x14,future_y14,future_x15,future_y15,future_x16,future_y16,future_x17,future_y17,future_x18,future_y18,future_x19,future_y19,future_x20,future_y20
54.84247604211994,92.82874473303848,68.48183598014862,118.35395020351535,93.80842420633374,132.3586702167975,122.6786934412164,130.33980713710332,129.52743141504013,98.85487238848462,131.43246022228303,62.50475732341809,142.84094942034167,35.8302509322114,171.76799310545655,36.721540710352954,195.55975184163145,53.1994189132312,206.566189611411,79.96556509547294,201.2482807254243,108.41355446044403,181.31595318716424,129.39617995718976,153.17827600536765,136.16665827427843,128.1666965527238,124.81924029210346,130.07172535996668,88.46912522703693,131.97675416720955,52.119010161970564,114.82475612852312,32.475593987046636,86.00202373948315,35.08679130992955,63.233053492709956,52.95134413754661,53.839012536862285,80.32505868908348
