future_x1,future_y1,future_x2,future_y2,future_x3,future_y3,future_x4,future_y4,future_x5,future_y5,future_x6,future_y6,future_x7,future_y7,future_x8,future_y8,future_x9,future_y9,future_x10,future_y10,future_x11,future_y11,future_x12,future_y12,future_x13,future_y13,future_x14,future_y14,future_x15,future_y15,future_x16,future_y16,future_x17,future_y17,future_x18,future_y18,future_x19,future_y19,future_x20,future_y20
113.23833357693186,79.20030011888296,105.5253541421219,93.78678372446949,106.98420063352896,110.22233429791713,117.14579347082619,123.22224148015611,131.9732632668806,123.5872440910913,145.859691380022,108.1648032423605,159.74611949316352,92.74236239362963,174.47503477091368,96.7988197323894,183.52932565854297,110.59285366956814,183.62706349167578,127.0927325495424,174.73682150812857,140.99306179786646,159.71718078768495,147.82430973412508,143.3975780170033,145.3899471594459,131.0254415333763,134.4727224860982,135.94081415634957,119.18083242002535,149.82724226949102,103.75839157129457,160.890530234884,88.29904414982494,150.46416741977174,75.51051357803978,134.7599404525674,70.44762792849386,118.82740885754075,74.73831466971798
