future_x1,future_y1,future_x2,future_y2,future_x3,future_y3,future_x4,future_y4,future_x5,future_y5,future_x6,future_y6,future_x7,future_y7,future_x8,future_y8,future_x9,future_y9,future_x10,future_y10,future_x11,future_y11,future_x12,future_y12,future_x13,future_y13,future_x14,future_y14,future_x15,future_y15,future_x16,future_y16,future_x17,future_y17,future_x18,future_y18,future_x19,future_y19,future_x20,future_y20
116.27218020201589,95.1834582153933,113.47754761234307,108.11116926558464,118.16201127129784,120.48014192043485,128.85749022490037,127.33005521241533,141.9662808790169,117.08834549346847,155.07507153313335,106.84663577452164,166.99907719853638,107.68898789523887,173.72210370884423,119.07918538475576,173.1705288909318,132.2940046997803,165.52170689798044,143.08433400099452,153.23505085644382,147.98063542405566,140.26122966365307,145.40854523007064,130.77186427917772,136.19509696634114,132.60285898321936,124.40385243557338,145.71164963733588,114.16214271662652,158.82044029145234,103.9204329976797,155.01979802972963,91.88840333779832,144.2039058937083,84.27577162396557,130.98731296633304,83.76846924810553,119.619701376765,90.52961493927494
