future_x1,future_y1,future_x2,future_y2,future_x3,future_y3,future_x4,future_y4,future_x5,future_y5,future_x6,future_y6,future_x7,future_y7,future_x8,future_y8,future_x9,future_y9,future_x10,future_y10,future_x11,future_y11,future_x12,future_y12,future_x13,future_y13,future_x14,future_y14,future_x15,future_y15,future_x16,future_y16,future_x17,future_y17,future_x18,future_y18,future_x19,future_y19,future_x20,future_y20
131.68533883695576,78.58226588224598,121.4599527537271,97.76548529747863,123.30991649936415,119.42494193479698,143.10053261499232,126.41287006739665,170.29193126012018,123.55493890699603,195.59479518697526,123.377614372347,201.35050244636653,144.34011092281202,194.7819220720037,165.06227730448123,178.00112476049378,178.88107860105055,156.40383199918645,181.35319774592386,136.9344680879251,171.68374602543219,125.85324005089987,152.98185272888355,126.72322174662129,131.26095128504022,150.8695036564574,125.59631830728219,178.06090230158523,122.73838714688156,196.71929406080577,112.3950878913137,194.42501173638308,90.7781802424411,180.74479016915282,73.88421784294663,160.07738730200347,67.14530944387965,139.0682293127204,72.72829325770081
