future_x1,future_y1,future_x2,future_y2,future_x3,future_y3,future_x4,future_y4,future_x5,future_y5,future_x6,future_y6,future_x7,future_y7,future_x8,future_y8,future_x9,future_y9,future_x10,future_y10,future_x11,future_y11,future_x12,future_y12,future_x13,future_y13,future_x14,future_y14,future_x15,future_y15,future_x16,future_y16,future_x17,future_y17,future_x18,future_y18,future_x19,future_y19,future_x20,future_y20
199.93838150117242,84.3789029546546,167.72378904674812,84.34129456988985,140.6679089794688,101.82730998736714,131.05041855481971,130.65168839449314,161.6294749581998,157.23365658088397,192.20853136157973,183.81562476727467,194.08261147451532,212.74881019969627,169.55717623506803,233.63623243679703,137.61659796176764,237.82918377951825,108.53109572158479,223.9794566763738,91.65286336409801,196.54031212188843,92.40895178022751,164.33457176861833,110.55624722290317,137.71771527669577,139.7872918129283,138.24653644774764,170.36634821630835,164.82850463413845,200.94540461968828,191.41047282052918,227.61791341940824,174.96017539176773,240.20934024107447,145.3082386592391,234.6523719959754,113.57652762251408,212.73380417469463,89.96810187958977
