future_x1,future_y1,future_x2,future_y2,future_x3,future_y3,future_x4,future_y4,future_x5,future_y5,future_x6,future_y6,future_x7,future_y7,future_x8,future_y8,future_x9,future_y9,future_x10,future_y10,future_x11,future_y11,future_x12,future_y12,future_x13,future_y13,future_x14,future_y14,future_x15,future_y15,future_x16,future_y16,future_x17,future_y17,future_x18,future_y18,future_x19,future_y19,future_x20,future_y20
82.01996262516589,122.51815058982471,91.75847294247671,134.1764820554469,106.27085686071709,138.66491037416662,120.89078176846708,134.5402199064542,125.24266262403741,121.50412021946431,117.77739965148933,103.91706278409063,110.31213667894127,86.33000534871695,121.22530786247425,76.57390927262965,136.3450131454916,75.10769376412274,149.83120795309173,82.09896155860366,157.34752198324804,95.29973044389058,156.47714890874462,110.46540637587161,147.49994972861094,122.71959629780802,133.30246586357208,128.12207051474337,123.1097303461665,116.47924666650034,115.64446737361847,98.89218923112674,106.3897096990961,85.08976087387768,91.85755417377047,89.51375585019004,82.06741352903119,101.12876432710947,80.1672235429218,116.20007992261658
