future_x1,future_y1,future_x2,future_y2,future_x3,future_y3,future_x4,future_y4,future_x5,future_y5,future_x6,future_y6,future_x7,future_y7,future_x8,future_y8,future_x9,future_y9,future_x10,future_y10,future_x11,future_y11,future_x12,future_y12,future_x13,future_y13,future_x14,future_y14,future_x15,future_y15,future_x16,future_y16,future_x17,future_y17,future_x18,future_y18,future_x19,future_y19,future_x20,future_y20
154.6131713199675,152.41953739586904,150.69552947049806,139.10274899432966,140.16635692482654,130.05723648836477,127.160897056706,129.79946206891393,119.7824794046684,145.62252978611852,112.40406175263081,161.44559750332303,100.55786219563967,165.3786336565382,89.05537881989532,157.60832818102344,83.62747685099023,144.83246612760232,86.01945162508602,131.15901639199507,95.46218416373357,120.98455949269801,108.91944478652717,117.58060480406013,122.06416673046627,122.04166476875626,125.05277772755241,134.32033855954379,117.6743600755148,150.14340627674838,110.29594242347721,165.9664739939529,120.56130329954864,174.91704656245034,134.35184866937502,176.49996456248974,146.78603376452205,170.32940445730372,153.86575298546862,158.38945693879893
