future_x1,future_y1,future_x2,future_y2,future_x3,future_y3,future_x4,future_y4,future_x5,future_y5,future_x6,future_y6,future_x7,future_y7,future_x8,future_y8,future_x9,future_y9,future_x10,future_y10,future_x11,future_y11,future_x12,future_y12,future_x13,future_y13,future_x14,future_y14,future_x15,future_y15,future_x16,future_y16,future_x17,future_y17,future_x18,future_y18,future_x19,future_y19,future_x20,future_y20
150.67158650671675,39.09777611112767,125.26068708302017,55.510191044066644,112.85982156068877,83.1018511563041,117.45638191630579,113.00089472544443,142.67269015004763,124.06846452350241,179.42332688203376,114.22116108983656,216.17396361402007,104.37385765617066,231.50410507324597,129.78434745854034,229.68588853340242,159.97996406205598,211.74028456202188,184.33230422793233,183.43754824021698,195.01108178674343,153.87818174839506,188.58262738040764,132.56674592306578,167.1139554020329,126.35575021740883,137.5081332415778,153.17287207347223,121.25494925674073,189.92350880545837,111.40764582307489,218.7206557550471,96.36699122254916,213.51118190351946,66.56862623984382,192.93555205410522,44.39376142059237,163.60968355765056,36.972534407434026
