future_x1,future_y1,future_x2,future_y2,future_x3,future_y3,future_x4,future_y4,future_x5,future_y5,future_x6,future_y6,future_x7,future_y7,future_x8,future_y8,future_x9,future_y9,future_x10,future_y10,future_x11,future_y11,future_x12,future_y12,future_x13,future_y13,future_x14,future_y14,future_x15,future_y15,future_x16,future_y16,future_x17,future_y17,future_x18,future_y18,future_x19,future_y19,future_x20,future_y20
50.45504921932729,107.53318431983782,69.0191783135294,129.73546719351916,96.67184579179984,138.27351352540143,124.52157353630723,130.40198772756656,124.20319308192083,97.07748913903366,119.76714898197332,60.948809219289686,128.06289429785915,34.01233404316011,156.82032345543232,30.759870042386908,182.7230176740802,43.66795611447324,197.44218773233024,68.58610786426159,196.2450107085452,97.5021072591102,179.51642860944185,121.11826263594328,152.63537356854414,131.84100173178032,127.37179601045477,122.88368908170808,122.93575191050725,86.75500916196395,118.49970781055976,50.62632924221998,96.84961524009573,36.203520272706896,69.16737515984629,44.64519297239124,50.52602203845663,66.78267719334147,46.9195231304728,95.49785470377793
