future_x1,future_y1,future_x2,future_y2,future_x3,future_y3,future_x4,future_y4,future_x5,future_y5,future_x6,future_y6,future_x7,future_y7,future_x8,future_y8,future_x9,future_y9,future_x10,future_y10,future_x11,future_y11,future_x12,future_y12,future_x13,future_y13,future_x14,future_y14,future_x15,future_y15,future_x16,future_y16,future_x17,future_y17,future_x18,future_y18,future_x19,future_y19,future_x20,future_y20
93.85542153545804,184.26746365310527,116.14743493149635,172.92399483010672,128.6872198889709,151.28232346656011,125.83879254016503,127.50104594310083,95.18625661974475,120.42435042174222,64.53372069932448,113.34765490038359,51.74618676089203,94.72823167101495,60.55332582768253,71.31792523035355,80.6745378141407,56.46043639867435,105.64001953681566,54.93306331318642,127.42233441611704,67.22691969295701,139.01756587664767,89.38902143363543,136.69736666642854,114.29333475105815,117.08092513433057,125.47913293699835,86.4283892139103,118.40243741563972,55.775853293490144,111.32574189428112,42.744209493708496,131.39282854697657,44.5013606164174,156.34319059083123,59.54346416210748,176.3267655239664,83.03386071527116,184.9180061772467
