future_x1,future_y1,future_x2,future_y2,future_x3,future_y3,future_x4,future_y4,future_x5,future_y5,future_x6,future_y6,future_x7,future_y7,future_x8,future_y8,future_x9,future_y9,future_x10,future_y10,future_x11,future_y11,future_x12,future_y12,future_x13,future_y13,future_x14,future_y14,future_x15,future_y15,future_x16,future_y16,future_x17,future_y17,future_x18,future_y18,future_x19,future_y19,future_x20,future_y20
189.927566257761,144.233518723902,183.35928506622557,126.27793119548211,168.0831427649706,114.78076120919228,149.01105192457297,113.43882519080486,132.2754798197335,122.68361116050443,135.06843484238692,141.87258447914732,145.9855710949473,163.29867077845364,151.9844830063536,183.43883964444464,136.00794025796637,193.94100718789878,116.88911300431894,194.06704586059107,100.77549621304792,183.7764290080447,92.84828519600929,166.37801624155455,95.65640668328456,147.466118002231,108.29693328908247,133.12169300748275,126.70541207042193,127.95706811705745,138.1876166288327,147.99432342180623,149.10475288139307,169.42040972111255,164.21876531215992,179.13250440243314,180.76099706072324,169.54605510779552,189.43082492852707,152.50552911695573
