future_x1,future_y1,future_x2,future_y2,future_x3,future_y3,future_x4,future_y4,future_x5,future_y5,future_x6,future_y6,future_x7,future_y7,future_x8,future_y8,future_x9,future_y9,future_x10,future_y10,future_x11,future_y11,future_x12,future_y12,future_x13,future_y13,future_x14,future_y14,future_x15,future_y15,future_x16,future_y16,future_x17,future_y17,future_x18,future_y18,future_x19,future_y19,future_x20,future_y20
67.10117456330666,53.25270551335446,59.51908059443275,81.18261967140961,68.34363017858723,108.74519535776308,90.7373650637268,127.07792269777575,119.49977181424308,130.28607041056887,132.42234867168983,102.91961437823221,138.7431423387654,67.07261216858768,151.0064922562272,38.814739064632946,179.81881104901012,41.53843868320561,202.5178656595342,59.49174405067511,211.8049697124785,86.90192376805291,204.69393453256723,114.95546957779376,183.471252507813,134.63200437194232,154.96089506784517,139.6047071053172,128.33012318335668,128.27464785280213,134.2282897194257,92.67761374690525,140.54908338650128,56.83061153726074,129.380801779343,32.60570496479342,100.55858897493044,29.98877873611943,74.94711770004368,43.46545462317758
