future_x1,future_y1,future_x2,future_y2,future_x3,future_y3,future_x4,future_y4,future_x5,future_y5,future_x6,future_y6,future_x7,future_y7,future_x8,future_y8,future_x9,future_y9,future_x10,future_y10,future_x11,future_y11,future_x12,future_y12,future_x13,future_y13,future_x14,future_y14,future_x15,future_y15,future_x16,future_y16,future_x17,future_y17,future_x18,future_y18,future_x19,future_y19,future_x20,future_y20
118.20032126175946,193.62013139579537,133.4266500146866,166.72621550998235,131.58071891345512,135.8763153912639,99.8777735290995,127.50912471102401,61.01310547266753,126.83073940668486,29.838095164457613,117.92661427349222,28.32244514991403,87.05872474409915,43.83573770445773,60.329311112623074,71.38980662702936,46.332987138965834,102.12487731994345,49.57015078436066,126.1583513419873,68.99991983592543,135.76247119814346,98.37481865709564,127.63825071226526,127.99368564269484,88.77358265583328,127.31530033835568,49.9089145994013,126.63691503401652,26.99512422562536,143.21257467170992,29.474071493684008,174.01807124955434,48.30581918207494,198.52294990598074,77.43518029578642,208.84787702787784,107.49585854052506,201.6729608310364
