future_x1,future_y1,future_x2,future_y2,future_x3,future_y3,future_x4,future_y4,future_x5,future_y5,future_x6,future_y6,future_x7,future_y7,future_x8,future_y8,future_x9,future_y9,future_x10,future_y10,future_x11,future_y11,future_x12,future_y12,future_x13,future_y13,future_x14,future_y14,future_x15,future_y15,future_x16,future_y16,future_x17,future_y17,future_x18,future_y18,future_x19,future_y19,future_x20,future_y20
181.0854512748839,158.44198991630518,170.33405743644266,138.0554474381722,150.2254253619962,126.79283229884798,127.80537749838632,129.0012459722749,122.27416144417714,157.45688573715785,116.74294538996797,185.91252550204067,100.63715714081404,199.31499920995287,78.65037331613057,192.40233541597084,63.95737291986998,174.64510243790022,61.282564243250505,151.7529862791547,71.4860090808979,131.08675060046664,91.28687723544559,119.29144628017832,114.31836933578138,120.15975228278452,126.22503005432657,137.13142876224143,120.69381400011737,165.58706852712436,115.1625979459082,194.0427082920072,133.0560497534017,206.24551864247525,156.02087064976394,204.2908869943129,174.2307357919177,190.1627450362708,181.83041918521442,168.4038756721783
