future_x1,future_y1,future_x2,future_y2,future_x3,future_y3,future_x4,future_y4,future_x5,future_y5,future_x6,future_y6,future_x7,future_y7,future_x8,future_y8,future_x9,future_y9,future_x10,future_y10,future_x11,future_y11,future_x12,future_y12,future_x13,future_y13,future_x14,future_y14,future_x15,future_y15,future_x16,future_y16,future_x17,future_y17,future_x18,future_y18,future_x19,future_y19,future_x20,future_y20
186.7456936072719,119.26935723378043,159.7823137986358,113.23104135052795,133.87035416539118,122.82559487718456,134.90065203860092,152.06543359133696,144.479860851347,185.47210476547573,145.11934670790092,214.50836360400808,119.14080985152734,223.92115979922784,92.22039207375212,217.69410462998866,73.01412287994067,197.82945429162243,67.6976134438124,170.71451676954314,77.9803417877579,145.0678677249735,100.5559847827841,129.1359672491388,128.05836002949658,128.20352560980936,137.63756884224267,161.61019678394814,147.2167776549888,195.01686795808692,167.31972618658938,210.39070209481278,193.02922970412342,200.26615083104758,209.09989266573658,177.7890758125996,210.36433119518938,150.18678778033785,196.4159759253563,126.33456577321189
