future_x1,future_y1,future_x2,future_y2,future_x3,future_y3,future_x4,future_y4,future_x5,future_y5,future_x6,future_y6,future_x7,future_y7,future_x8,future_y8,future_x9,future_y9,future_x10,future_y10,future_x11,future_y11,future_x12,future_y12,future_x13,future_y13,future_x14,future_y14,future_x15,future_y15,future_x16,future_y16,future_x17,future_y17,future_x18,future_y18,future_x19,future_y19,future_x20,future_y20
55.283867835586875,134.39418717213343,85.83752498611928,144.604741325703,117.03132070734733,136.55933953974161,121.99147258547089,105.57587041030851,111.50473386390452,66.43882869572573,106.00161474005252,29.760180755228888,135.48282429467707,16.77404720472323,167.2858888066837,21.906928368397445,191.18480557992402,43.50839032033457,199.49508284896092,74.63266819319588,189.54462221501097,105.27201731434187,164.53290897397403,125.57461769319461,132.50224505375297,129.01234226405614,118.99526152216619,94.39385849185616,108.5085228005998,55.25681677727337,88.65306823014902,31.023087918981247,57.63103509876893,39.707259830615186,36.31869550276504,63.86436152638697,31.568849495028232,95.72688409284649,44.90876933144706,125.04970660626043
