future_x1,future_y1,future_x2,future_y2,future_x3,future_y3,future_x4,future_y4,future_x5,future_y5,future_x6,future_y6,future_x7,future_y7,future_x8,future_y8,future_x9,future_y9,future_x10,future_y10,future_x11,future_y11,future_x12,future_y12,future_x13,future_y13,future_x14,future_y14,future_x15,future_y15,future_x16,future_y16,future_x17,future_y17,future_x18,future_y18,future_x19,future_y19,future_x20,future_y20
25.4426695745544,116.81097675149933,43.92844746875804,143.1938764602411,73.78868659527049,155.2830245155323,105.42208310175218,149.19125901947388,127.21763491635794,126.58857602705288,107.5742898324938,91.15104342248785,87.9309447486296,55.71351081792264,93.34353858727722,26.96229459914838,123.12874267896385,14.689438427424108,154.79906396643463,20.586228312075804,178.17118219917128,42.75660202814643,185.72999316536487,74.0718660087136,175.04502601240966,104.46286563583223,149.55194030931128,124.15763556923676,121.60525060668247,116.46356671146287,101.96190552281834,81.02603410689782,82.31856043895414,45.58850150233263,52.15404628131512,48.83571344445234,29.38198374528679,71.6219932911182,22.661673122141295,103.12784681905319
