future_x1,future_y1,future_x2,future_y2,future_x3,future_y3,future_x4,future_y4,future_x5,future_y5,future_x6,future_y6,future_x7,future_y7,future_x8,future_y8,future_x9,future_y9,future_x10,future_y10,future_x11,future_y11,future_x12,future_y12,future_x13,future_y13,future_x14,future_y14,future_x15,future_y15,future_x16,future_y16,future_x17,future_y17,future_x18,future_y18,future_x19,future_y19,future_x20,future_y20
121.18187853945037,82.95283660938657,115.07422691122866,100.37791611558684,119.42387670634284,118.32275801706346,134.51350906517078,125.23517943668202,155.89088060299568,116.1610235821193,177.26825214082058,107.08686772755658,190.034863316933,118.65157129757402,192.49893994825567,136.9508917921743,184.61610253826382,153.64812744891583,168.9210098641785,163.37442531403354,150.4602843966393,163.00237770784673,135.16981411690162,152.65161334797563,127.96611863416668,135.65033176095517,140.62132950454938,122.6425634782355,161.9987010423743,113.56840762367278,180.1453762791955,102.94277244042199,175.42820272501717,85.09101964499911,161.76202718080168,72.6743997263656,143.54109121117614,69.68537035214823,126.62418054043455,77.08502828797724
