future_x1,future_y1,future_x2,future_y2,future_x3,future_y3,future_x4,future_y4,future_x5,future_y5,future_x6,future_y6,future_x7,future_y7,future_x8,future_y8,future_x9,future_y9,future_x10,future_y10,future_x11,future_y11,future_x12,future_y12,future_x13,future_y13,future_x14,future_y14,future_x15,future_y15,future_x16,future_y16,future_x17,future_y17,future_x18,future_y18,future_x19,future_y19,future_x20,future_y20
169.78750722914666,117.29077900113504,159.19412437936077,109.37144038567214,145.9974873835357,108.48574500410969,134.44086171215633,114.91848061192967,128.24018125672828,126.6012562323964,139.72126628488294,137.15765687283684,152.8300569389995,147.3993665917837,158.1544654736672,158.86635822503794,149.68685439070072,169.02683296080315,137.05554744111257,172.9493027253503,124.32203306648377,169.37253099939124,115.58066362953198,159.44659806211908,113.64215151920175,146.36310253888053,119.12980868265683,134.32893022979007,130.35784438908547,129.84214993073198,143.46663504320196,140.0838596496788,156.57542569731848,150.32556936862562,168.08677335856777,147.2284881852765,174.0462777986112,135.42086390527828,172.62694551152396,122.27091408912571
