future_x1,future_y1,future_x2,future_y2,future_x3,future_y3,future_x4,future_y4,future_x5,future_y5,future_x6,future_y6,future_x7,future_y7,future_x8,future_y8,future_x9,future_y9,future_x10,future_y10,future_x11,future_y11,future_x12,future_y12,future_x13,future_y13,future_x14,future_y14,future_x15,future_y15,future_x16,future_y16,future_x17,future_y17,future_x18,future_y18,future_x19,future_y19,future_x20,future_y20
88.33180543818783,90.35254100571257,94.85593847277946,111.08874402919291,111.60706708802266,124.94349475952538,131.04630770787654,122.27072847220798,143.88221255392824,98.12990252157086,156.71811739997992,73.98907657093383,176.4945445301755,72.83998603821354,192.87276348837491,87.13363397851711,198.84527729529336,108.0353924334944,192.49167534807023,128.8244801955942,175.85490387341363,142.81634435245684,154.28437408579305,145.51202095869888,134.71590488034397,136.04473831585798,134.71370909246272,115.37334962916883,147.54961393851443,91.23252367853169,158.02212735183016,67.63731932844237,140.99006632310335,54.1294207206724,119.35096764518755,52.054851827753325,100.06269795194238,62.08067248866111,89.32723497456081,80.9831660370091
