future_x1,future_y1,future_x2,future_y2,future_x3,future_y3,future_x4,future_y4,future_x5,future_y5,future_x6,future_y6,future_x7,future_y7,future_x8,future_y8,future_x9,future_y9,future_x10,future_y10,future_x11,future_y11,future_x12,future_y12,future_x13,future_y13,future_x14,future_y14,future_x15,future_y15,future_x16,future_y16,future_x17,future_y17,future_x18,future_y18,future_x19,future_y19,future_x20,future_y20
137.43892809695163,226.77168208572013,158.75629811384715,204.39549978113197,164.4787900753104,174.02484149527342,152.76638575905594,145.42513198454614,127.392393406696,128.52818435336889,98.05638807662505,154.02958472730595,68.72038274655412,179.530985101243,40.56695618040344,181.04961219723162,22.83010358336685,155.7409603383041,21.70709829793546,124.85629329955663,37.55903304434932,98.32631094447697,65.28885412846529,84.68150161607969,95.98027535205156,88.30923675550191,119.76473338648606,108.04304923494227,119.01067759810421,135.8142987459224,89.67467226803339,161.31569911985935,60.33866693796247,186.81709949379643,68.45471963822033,214.5055484800163,94.19267991067892,231.6134764661502,125.09563995549864,231.97522145046477
