future_x1,future_y1,future_x2,future_y2,future_x3,future_y3,future_x4,future_y4,future_x5,future_y5,future_x6,future_y6,future_x7,future_y7,future_x8,future_y8,future_x9,future_y9,future_x10,future_y10,future_x11,future_y11,future_x12,future_y12,future_x13,future_y13,future_x14,future_y14,future_x15,future_y15,future_x16,future_y16,future_x17,future_y17,future_x18,future_y18,future_x19,future_y19,future_x20,future_y20
194.92393116693736,129.68135997032635,177.37412574275638,114.74121561843319,154.52169748674945,111.74620201478326,133.71464875482877,121.65934010266801,135.47582399027382,144.79097559739049,147.2664015024946,171.2730462754066,153.58924764817073,196.02272173021888,133.78397144649293,207.81062308106362,110.75280555371424,206.93370729189138,91.90122388025193,193.6739391155318,83.29079086895194,172.29488331224834,87.69011742381379,149.67079195931927,103.68463781346681,133.07624763936383,126.13145115279588,127.84708378733768,138.84456042233694,152.35728150539518,150.63513793455766,178.83935218341122,168.06693823671472,191.89633164058796,188.6660658426478,181.55807619992106,200.33174410119548,161.68056291354475,199.31297419652702,138.6552357375124
