future_x1,future_y1,future_x2,future_y2,future_x3,future_y3,future_x4,future_y4,future_x5,future_y5,future_x6,future_y6,future_x7,future_y7,future_x8,future_y8,future_x9,future_y9,future_x10,future_y10,future_x11,future_y11,future_x12,future_y12,future_x13,future_y13,future_x14,future_y14,future_x15,future_y15,future_x16,future_y16,future_x17,future_y17,future_x18,future_y18,future_x19,future_y19,future_x20,future_y20
118.89098388679801,168.09119466023972,130.12351837415974,161.10793945233502,135.75285172599686,149.13938522375776,133.96892007215388,136.03391796146926,124.1021351212982,129.342142510609,108.37315552250486,134.75806451534336,92.64417592371151,140.17398652007773,83.47908661737934,132.29204398815614,82.20161345817584,119.12755589951351,88.28807582160323,107.38487050787153,99.78142392351509,100.83974761240371,112.98607023229007,101.59671535851587,123.65617395154074,109.41237725812061,128.36085472192153,121.77367424336086,119.60814095021435,130.88954879767599,103.87916135142106,136.30547080241033,89.57432219122903,142.54185766304002,91.6269571809599,155.60793488259728,100.45463019527867,165.45719239069234,113.21887866995476,168.9226858887714
