future_x1,future_y1,future_x2,future_y2,future_x3,future_y3,future_x4,future_y4,future_x5,future_y5,future_x6,future_y6,future_x7,future_y7,future_x8,future_y8,future_x9,future_y9,future_x10,future_y10,future_x11,future_y11,future_x12,future_y12,future_x13,future_y13,future_x14,future_y14,future_x15,future_y15,future_x16,future_y16,future_x17,future_y17,future_x18,future_y18,future_x19,future_y19,future_x20,future_y20
158.7279628923193,153.0299563242291,152.7561875237093,138.35294733749893,139.76346832702964,129.28288991067262,125.90999434788904,132.69422955230885,117.80397230823715,150.9006531434449,109.69795026858526,169.10707673458097,95.23475884122084,170.4568847915348,82.71231204993882,160.74786732274794,77.4826552885525,145.79034800944655,81.22733984661369,130.39378893248687,92.74229451354753,119.50882164415061,108.3249843520171,116.63541404205945,122.96492905936849,122.69748570242375,123.59398805084562,137.89606486406205,115.48796601119373,156.1024884551981,109.44827914792359,173.6730435563275,122.62448446339513,182.47442454650383,138.46833670336406,182.69587442284026,151.88538103433032,174.266187876439,158.5614818970934,159.8958583353354
