future_x1,future_y1,future_x2,future_y2,future_x3,future_y3,future_x4,future_y4,future_x5,future_y5,future_x6,future_y6,future_x7,future_y7,future_x8,future_y8,future_x9,future_y9,future_x10,future_y10,future_x11,future_y11,future_x12,future_y12,future_x13,future_y13,future_x14,future_y14,future_x15,future_y15,future_x16,future_y16,future_x17,future_y17,future_x18,future_y18,future_x19,future_y19,future_x20,future_y20
53.7579919649186,129.54073040632414,71.81585811214772,145.88686099106056,95.85920978771372,149.78554731975953,118.15711342180307,139.98320023299695,122.1839380522481,118.32044743227718,106.40559514559159,92.06087506723863,90.62725223893503,65.80130270219996,105.75082734049307,47.86443708772788,129.42891357961756,42.15210420727435,152.40649633959293,50.23376278661189,167.29533090690256,69.51082480632289,169.30804019182165,93.7849162665388,157.79745478190637,115.25091119818694,136.4647047173643,127.00660299272965,117.67584007891767,110.81771247083759,101.89749717226117,84.55814010579904,84.12872872562387,64.68503081352387,62.03678574709079,74.94312860589112,49.074705164512125,95.5651309784842,49.41033284491371,119.92020989325363
