future_x1,future_y1,future_x2,future_y2,future_x3,future_y3,future_x4,future_y4,future_x5,future_y5,future_x6,future_y6,future_x7,future_y7,future_x8,future_y8,future_x9,future_y9,future_x10,future_y10,future_x11,future_y11,future_x12,future_y12,future_x13,future_y13,future_x14,future_y14,future_x15,future_y15,future_x16,future_y16,future_x17,future_y17,future_x18,future_y18,future_x19,future_y19,future_x20,future_y20
56.49424345120262,113.692822959845,79.44266640412022,132.38147929769093,108.8641298835766,135.58670603961087,127.39710816355915,116.49613846096018,125.44897915705651,79.3236226025664,123.50085015055387,42.15110674417261,148.07039489306544,29.429712202702675,176.965687921304,35.829558494007784,197.7353703025078,56.91311335375808,203.7011287581494,85.90114049927186,192.94472481064787,113.47278836185487,168.92478791775517,130.76262998639137,139.36472282668683,132.21126505151497,126.84049987598696,105.87541964427612,124.89237086948432,68.70290378588234,118.71229761414637,35.67077185341638,89.2312269831919,33.070297628822416,63.07576915729854,46.91905272298527,48.65598732851129,72.76408868253232,50.60843870040824,102.2951558048102
