future_x1,future_y1,future_x2,future_y2,future_x3,future_y3,future_x4,future_y4,future_x5,future_y5,future_x6,future_y6,future_x7,future_y7,future_x8,future_y8,future_x9,future_y9,future_x10,future_y10,future_x11,future_y11,future_x12,future_y12,future_x13,future_y13,future_x14,future_y14,future_x15,future_y15,future_x16,future_y16,future_x17,future_y17,future_x18,future_y18,future_x19,future_y19,future_x20,future_y20
120.72753593365204,190.46626568448187,134.99032023606316,168.3437720605773,134.9303475073695,142.02214324569042,114.46453505875878,129.42263469161446,81.54001019327261,132.883141699087,48.61548532778657,136.3436487065595,39.26854999444967,112.0619982064496,45.11640049928481,86.39812506403591,63.97953020676023,68.04018188306486,89.79266150271346,62.89100788186005,114.25580335550053,72.60627580854228,129.50304226334546,94.06212456555885,130.63175929398707,120.35960995982313,105.0575279543342,130.41135097946375,72.13300308884803,133.87185798693628,45.64347865238926,143.1423144255389,46.243870275667035,169.4571632773849,61.057164889722486,191.21487553933926,85.32027462907703,201.41944539665522,111.23160460283862,196.78968091153848
