future_x1,future_y1,future_x2,future_y2,future_x3,future_y3,future_x4,future_y4,future_x5,future_y5,future_x6,future_y6,future_x7,future_y7,future_x8,future_y8,future_x9,future_y9,future_x10,future_y10,future_x11,future_y11,future_x12,future_y12,future_x13,future_y13,future_x14,future_y14,future_x15,future_y15,future_x16,future_y16,future_x17,future_y17,future_x18,future_y18,future_x19,future_y19,future_x20,future_y20
72.17235288112447,101.25627110866944,84.13856698822335,120.95432440398483,104.89232673626202,130.97854706724817,127.76043863287967,128.10573625451326,130.9961413676162,99.49361907212514,134.0262370557513,70.66418436403788,147.96290890734952,54.66191087466066,170.59304720282,59.030025388944566,187.2096387061611,75.00163991262643,192.46976089964517,97.4412187453855,184.68206659525703,119.13350772334766,166.35062212042243,133.1035373277561,143.3697462617218,134.8593643263477,128.83178730466253,120.08607243504474,131.86188299279766,91.25663772695735,134.89197868093277,62.427203018870074,117.21875940512007,50.63194860989017,94.41445221694818,53.97367830414791,77.09356788574426,69.17862978934006,70.82548824902577,91.35778129136496
