future_x1,future_y1,future_x2,future_y2,future_x3,future_y3,future_x4,future_y4,future_x5,future_y5,future_x6,future_y6,future_x7,future_y7,future_x8,future_y8,future_x9,future_y9,future_x10,future_y10,future_x11,future_y11,future_x12,future_y12,future_x13,future_y13,future_x14,future_y14,future_x15,future_y15,future_x16,future_y16,future_x17,future_y17,future_x18,future_y18,future_x19,future_y19,future_x20,future_y20
166.02111720618637,221.96686062713752,178.58414011591537,191.59307598179709,172.61080966741864,159.271014450005,150.02179904765438,135.3935577694439,120.58056961372277,137.845916673482,95.7008285389423,170.86244823002505,70.82108746416183,203.8789797865681,40.860094852195104,197.75359909739484,20.676870523778092,171.81070423154208,17.845685646861057,139.06347945592773,33.27688344241622,110.04151410369244,62.00869457520952,94.07657228289685,94.80265153849342,96.30204414346416,121.11413866489067,116.00234829109914,113.47207216378541,147.279211403923,88.59233108900506,180.2957429604659,69.81076016121995,212.85222900357013,92.88525718592115,236.26085829639607,124.97914182723791,243.35866830665594,155.77290067010054,231.86341908623837
