future_x1,future_y1,future_x2,future_y2,future_x3,future_y3,future_x4,future_y4,future_x5,future_y5,future_x6,future_y6,future_x7,future_y7,future_x8,future_y8,future_x9,future_y9,future_x10,future_y10,future_x11,future_y11,future_x12,future_y12,future_x13,future_y13,future_x14,future_y14,future_x15,future_y15,future_x16,future_y16,future_x17,future_y17,future_x18,future_y18,future_x19,future_y19,future_x20,future_y20
146.10155558741403,214.51626837779025,159.5983690883595,186.71411334825888,155.8070979285866,156.04246419210045,135.94679284099027,132.36352669919344,105.66196335116629,144.22953361752076,74.21499688746304,167.07709213016054,43.88841582348218,179.2595661887431,23.920882049998568,155.67098009355308,19.990490359991938,125.01684790670724,33.361024499955235,97.15374298680506,59.73330386379905,81.0408078066221,90.62754815310498,81.85901851181274,116.10997802158906,99.34528646593007,127.98693664598662,127.87705214560278,96.67711579010822,150.75740747827498,65.23014932640497,173.60496599091476,56.31414084424202,200.55889349490565,76.65643158456483,223.8250708002059,106.3799064768443,232.28904382080518,135.9272370355637,223.22929460688286
