future_x1,future_y1,future_x2,future_y2,future_x3,future_y3,future_x4,future_y4,future_x5,future_y5,future_x6,future_y6,future_x7,future_y7,future_x8,future_y8,future_x9,future_y9,future_x10,future_y10,future_x11,future_y11,future_x12,future_y12,future_x13,future_y13,future_x14,future_y14,future_x15,future_y15,future_x16,future_y16,future_x17,future_y17,future_x18,future_y18,future_x19,future_y19,future_x20,future_y20
50.41582307472022,115.46571832608956,63.00308398034281,136.31861687229372,84.90602350221803,146.97430808336037,109.08193924543221,144.006545818369,127.75727280090139,128.36958858633486,114.34088446101725,101.19247634728396,100.43275197487861,73.8962294180309,103.3521209255471,51.61181219141817,125.88851379650406,42.37095123313193,149.82668898038867,46.87053829753562,167.46953150644526,63.663769746106425,173.1441366402554,87.35092600134024,165.0258837583562,110.31560507660782,145.7251274643735,125.17371132756675,124.27526480825911,120.68979558246463,110.36713232212051,93.39354865321168,96.45899983598187,66.09730172395864,74.06272904386292,65.5632095020544,55.71238780086364,81.58030946272076,49.02198601602382,105.00083547820364
