future_x1,future_y1,future_x2,future_y2,future_x3,future_y3,future_x4,future_y4,future_x5,future_y5,future_x6,future_y6,future_x7,future_y7,future_x8,future_y8,future_x9,future_y9,future_x10,future_y10,future_x11,future_y11,future_x12,future_y12,future_x13,future_y13,future_x14,future_y14,future_x15,future_y15,future_x16,future_y16,future_x17,future_y17,future_x18,future_y18,future_x19,future_y19,future_x20,future_y20
103.65069753189377,87.15862723990776,103.05297865966133,104.95829979496725,112.23042074675378,120.2213325098512,128.18779930242823,127.77618950664447,142.58624175940676,110.61679398077938,156.98468421638523,93.45739845491437,172.8617960877017,89.8555056545976,185.2950775229511,102.60694179604599,188.79550463216577,120.06926183006884,182.23754509304422,136.6276064816576,167.72985456369037,146.95778200882347,149.93725653657168,147.73820904764665,134.5808083433834,138.71794797562188,132.30164000442207,122.87350507068304,146.7000824614006,105.71410954481794,161.0985249183791,88.55471401895294,154.19758491715197,73.48639295577155,138.03875061618098,65.99788943695526,120.40570228995948,68.50013195971323,106.96819543193021,80.18854589651276
