future_x1,future_y1,future_x2,future_y2,future_x3,future_y3,future_x4,future_y4,future_x5,future_y5,future_x6,future_y6,future_x7,future_y7,future_x8,future_y8,future_x9,future_y9,future_x10,future_y10,future_x11,future_y11,future_x12,future_y12,future_x13,future_y13,future_x14,future_y14,future_x15,future_y15,future_x16,future_y16,future_x17,future_y17,future_x18,future_y18,future_x19,future_y19,future_x20,future_y20
88.11127817763953,159.26003229745996,109.77724398587984,153.59997846568314,124.88214588992125,137.06842614136298,115.93156647727726,117.13353364780119,95.00111103971359,98.28766692282382,78.00661095372074,78.97774969828062,90.31618277876377,60.27147467446693,110.81879145742597,51.26629165844251,132.92199897019177,54.85774003341416,149.51870846688905,69.89102036954463,155.27239031854685,91.53231027870561,148.33299746112763,112.82303855541912,130.93183216560584,126.91735408120469,109.951436352259,111.7490002978076,89.02098091469534,92.90313357283023,68.27728294727714,86.40492106847466,53.51498839246683,103.24312000005482,50.28227579472119,125.40163649017323,59.61859617071643,145.7555895612409,78.52193575850848,157.760340129706
