future_x1,future_y1,future_x2,future_y2,future_x3,future_y3,future_x4,future_y4,future_x5,future_y5,future_x6,future_y6,future_x7,future_y7,future_x8,future_y8,future_x9,future_y9,future_x10,future_y10,future_x11,future_y11,future_x12,future_y12,future_x13,future_y13,future_x14,future_y14,future_x15,future_y15,future_x16,future_y16,future_x17,future_y17,future_x18,future_y18,future_x19,future_y19,future_x20,future_y20
71.99375721939545,165.20293442345155,98.26177206228455,163.52271526791628,119.3929937041649,147.82866505394884,123.37086045488525,124.11569071502623,98.0102832438635,102.83563973081598,72.64970603284175,81.55558874660574,74.02371412346125,57.864317608173494,94.56796765549471,41.40936738010127,120.75714214093045,38.77139847046564,144.17033308495706,50.79862716270479,157.27922969762741,73.62380119917432,155.86877867632512,99.90768158456093,140.39249845293517,121.19891195398563,116.1249812517361,118.03567614810896,90.76440404071434,96.7556251638987,65.41924385188784,76.69334288357818,44.61470444901717,92.81794769830789,35.92312643550602,117.66323320344654,42.139212195032385,143.2404108825237,61.264232651898965,161.32535856619805
