future_x1,future_y1,future_x2,future_y2,future_x3,future_y3,future_x4,future_y4,future_x5,future_y5,future_x6,future_y6,future_x7,future_y7,future_x8,future_y8,future_x9,future_y9,future_x10,future_y10,future_x11,future_y11,future_x12,future_y12,future_x13,future_y13,future_x14,future_y14,future_x15,future_y15,future_x16,future_y16,future_x17,future_y17,future_x18,future_y18,future_x19,future_y19,future_x20,future_y20
116.89364068313786,160.4990163008886,127.11017612373983,149.2572335528717,129.57116094453588,134.2672759320344,117.0650508114118,126.26807419278826,98.19439357462937,123.27925570778439,81.43348247121295,118.53832397949196,81.55048466334526,103.34814339301695,89.90875801983283,90.66372215036986,103.82077141151925,84.56362713863237,118.81323622187739,87.00929160312084,130.06545394511517,97.21433310580652,133.9593704552841,111.89740805537083,129.24293028720933,126.33729960287394,111.67343445804534,125.41412605421571,92.80277722126291,122.42530756921184,78.63610071935365,126.44112556607027,76.48340612415817,141.47845184910685,82.8537646996047,155.2688038164398,95.69884226886077,163.37801203934794,110.88841428058298,163.1986301467503
