future_x1,future_y1,future_x2,future_y2,future_x3,future_y3,future_x4,future_y4,future_x5,future_y5,future_x6,future_y6,future_x7,future_y7,future_x8,future_y8,future_x9,future_y9,future_x10,future_y10,future_x11,future_y11,future_x12,future_y12,future_x13,future_y13,future_x14,future_y14,future_x15,future_y15,future_x16,future_y16,future_x17,future_y17,future_x18,future_y18,future_x19,future_y19,future_x20,future_y20
92.84069814489365,164.21728028466717,109.32904483515748,163.59279717079448,122.82696827582214,154.10271716439863,128.9943269234674,138.79849411815545,120.99275576729906,126.25289779002627,100.85626563611248,121.23230692134608,80.71977550492592,116.2117160526659,78.86979016403203,100.60580002601739,87.3080017227127,86.42651438009031,102.09997554434443,79.11535399353053,118.48947928143606,81.0231597985603,131.206608540316,91.53649319719173,136.16227945174046,107.27488198243616,131.7630385269009,123.17778219035618,115.23947287267427,124.81844325611763,95.10298274148778,119.79785238743747,76.86412119072659,118.41042514161751,71.0122865223384,133.83804928636826,74.49045369001021,149.9674605865853,86.18024786477429,161.61238514149323
