future_x1,future_y1,future_x2,future_y2,future_x3,future_y3,future_x4,future_y4,future_x5,future_y5,future_x6,future_y6,future_x7,future_y7,future_x8,future_y8,future_x9,future_y9,future_x10,future_y10,future_x11,future_y11,future_x12,future_y12,future_x13,future_y13,future_x14,future_y14,future_x15,future_y15,future_x16,future_y16,future_x17,future_y17,future_x18,future_y18,future_x19,future_y19,future_x20,future_y20
193.56191963392288,92.37978165234463,167.52923282965014,88.48992844850179,143.56662414977276,99.38144466305471,129.37906494617616,121.55225664731105,147.63701367775732,143.34211653394703,173.72480497951426,163.72413290531594,189.36305135117044,185.90462856747376,174.20964200637792,207.42684790995696,149.78915382560655,217.24883840117667,123.95378538813198,212.2124232180516,105.01067788778282,193.9370184776083,99.05082511224339,168.29892387035056,107.99056661829776,143.5418488815371,129.00287703364512,128.7835334115406,155.09066833540217,149.16554978290958,181.1784596371591,169.54756615427848,205.0816313222231,168.90752222019972,218.8109921617966,146.45008712325267,218.12122113168482,120.13742940642582,203.23410819212842,98.43015853877192
