future_x1,future_y1,future_x2,future_y2,future_x3,future_y3,future_x4,future_y4,future_x5,future_y5,future_x6,future_y6,future_x7,future_y7,future_x8,future_y8,future_x9,future_y9,future_x10,future_y10,future_x11,future_y11,future_x12,future_y12,future_x13,future_y13,future_x14,future_y14,future_x15,future_y15,future_x16,future_y16,future_x17,future_y17,future_x18,future_y18,future_x19,future_y19,future_x20,future_y20
125.83053201280326,232.34528817621282,150.60405827141523,210.74277130836256,159.6477597957497,179.14201497167585,150.0537119065327,147.7039714032331,124.43976102202957,130.31204622589172,89.7681330719093,152.82806468521852,55.096505121788894,175.3440831445454,26.229505292500562,168.90520657870422,12.691083142203297,138.9534543095575,17.616338180024144,106.4551743377757,39.421596880507906,81.85990992942118,71.09556527928908,73.07605746111864,102.45375042848296,82.92798937626952,123.41319677640325,108.24790144366312,114.5335816077095,136.74519435712793,79.86195365758923,159.26121281645473,45.190325707468816,181.77723127578165,53.980358664549044,212.57852364333039,79.55656244977685,233.22444668514163,112.24765458025988,236.64334031147212
