future_x1,future_y1,future_x2,future_y2,future_x3,future_y3,future_x4,future_y4,future_x5,future_y5,future_x6,future_y6,future_x7,future_y7,future_x8,future_y8,future_x9,future_y9,future_x10,future_y10,future_x11,future_y11,future_x12,future_y12,future_x13,future_y13,future_x14,future_y14,future_x15,future_y15,future_x16,future_y16,future_x17,future_y17,future_x18,future_y18,future_x19,future_y19,future_x20,future_y20
223.43931040017014,128.74840105955587,202.97447966804782,106.4712406355305,173.68597096560865,98.90391406405713,144.99125312967604,108.47963031760153,131.0610835369982,132.71365528993329,151.78299693980483,164.62260372211597,172.50491034261145,196.53155215429862,164.58849281424045,222.55014165488424,136.70998614751653,234.29194898960114,106.92859370422534,228.98630693694986,84.82026686179385,208.33919920534723,77.49374854695105,178.98952624576458,87.30481790207102,150.37442373745253,111.09880970174197,131.69483252968317,136.98163022351443,141.83049769912844,157.70354362632096,173.73944613131096,178.4736427706117,205.48514297417103,206.9657046479487,195.3222898595098,225.35074438573037,171.2999775792073,227.717210100132,141.14237466593278
