future_x1,future_y1,future_x2,future_y2,future_x3,future_y3,future_x4,future_y4,future_x5,future_y5,future_x6,future_y6,future_x7,future_y7,future_x8,future_y8,future_x9,future_y9,future_x10,future_y10,future_x11,future_y11,future_x12,future_y12,future_x13,future_y13,future_x14,future_y14,future_x15,future_y15,future_x16,future_y16,future_x17,future_y17,future_x18,future_y18,future_x19,future_y19,future_x20,future_y20
166.93376968120373,173.49380624134787,163.09619276077484,150.76768499152206,147.5176275322608,133.7820472612821,126.16378307832566,130.93856134256492,110.80235875984785,155.52197909467594,95.44093444137002,180.10539684678696,75.08840300361466,183.99047711571035,57.7552606241446,168.79950088193883,51.469294244031715,146.62541216672645,58.2517024533262,124.59809906311604,75.92166004858105,109.80025522477635,98.7975436773779,106.99000045273846,119.52380910980233,117.07094807221753,121.77480470161767,137.9623949860253,106.41338038313985,162.5458127381363,91.0519560646621,187.1292304902472,106.36507540046418,203.88186380203757,128.78951913217205,209.20613905839494,150.50399129600683,201.4805140139059,164.52638956000675,183.18909715769257
