future_x1,future_y1,future_x2,future_y2,future_x3,future_y3,future_x4,future_y4,future_x5,future_y5,future_x6,future_y6,future_x7,future_y7,future_x8,future_y8,future_x9,future_y9,future_x10,future_y10,future_x11,future_y11,future_x12,future_y12,future_x13,future_y13,future_x14,future_y14,future_x15,future_y15,future_x16,future_y16,future_x17,future_y17,future_x18,future_y18,future_x19,future_y19,future_x20,future_y20
213.2447097740014,157.49036537371018,193.7835141907981,131.0015336745921,163.04707251666355,119.3538947926376,130.9184240200619,126.29264713681401,129.2963866386246,165.12365613621515,130.73917289053844,206.4396486790987,117.26829419301845,234.75435773161672,84.39892294042285,234.7821384971708,56.79887736934259,216.93182133510933,43.34271547456241,186.94302267005176,48.35715073251103,154.45838357161426,70.22983448263453,129.9230612000012,101.92779281399838,121.22617808390044,128.2658250301147,135.61223289129845,129.70861128202856,176.92822543418202,131.1513975339424,218.24421797706538,155.57522870441994,235.038674610717,187.55463909577145,227.4417246086825,210.26164477305545,203.67645096237908,216.3950027636113,171.38437363570995
