future_x1,future_y1,future_x2,future_y2,future_x3,future_y3,future_x4,future_y4,future_x5,future_y5,future_x6,future_y6,future_x7,future_y7,future_x8,future_y8,future_x9,future_y9,future_x10,future_y10,future_x11,future_y11,future_x12,future_y12,future_x13,future_y13,future_x14,future_y14,future_x15,future_y15,future_x16,future_y16,future_x17,future_y17,future_x18,future_y18,future_x19,future_y19,future_x20,future_y20
78.56666011512175,80.6861758265778,75.36407495794683,100.8623621659656,83.64773220462502,119.5363030866768,100.75409289630838,130.70355300672006,121.18275343231797,130.7733784687008,128.57753165376232,111.46165728396134,129.4742434278595,85.78319179914126,134.23813199930112,63.79178401420347,154.60584861857737,62.21344101994205,172.55730066757164,71.96435975733884,182.3203526659602,89.90921591634489,180.75577895765974,110.27799486850526,168.3666548030234,126.52129039532687,149.1365968425294,133.41621009947843,129.2488653238454,128.74575167108,128.83373501779008,104.12495285972707,129.7304467918873,78.446487374907,120.70812764212616,61.47227905482677,100.28233983251147,61.82190635246222,83.33054001980629,73.22241204302811
