future_x1,future_y1,future_x2,future_y2,future_x3,future_y3,future_x4,future_y4,future_x5,future_y5,future_x6,future_y6,future_x7,future_y7,future_x8,future_y8,future_x9,future_y9,future_x10,future_y10,future_x11,future_y11,future_x12,future_y12,future_x13,future_y13,future_x14,future_y14,future_x15,future_y15,future_x16,future_y16,future_x17,future_y17,future_x18,future_y18,future_x19,future_y19,future_x20,future_y20
176.2586226346665,89.42924981451536,157.5075423727362,85.69529342584754,139.74064437562416,92.75806744616354,128.6707223507444,108.34659744949958,127.85721480534613,127.44852527826636,150.54508883813307,134.04093834746547,173.77276400207262,140.2647751496953,185.5170910113394,153.52139791892392,179.18969221614984,171.56327880170497,164.06878107364346,183.26385517734823,145.01635690634234,184.86090703970763,128.15856333884668,175.84091605647893,118.91587934440878,159.10418298575078,120.26021070937517,140.03226083608288,133.95389229246203,129.59534063158705,157.1815674564015,135.81917743381686,180.40924262034102,142.0430142360467,192.6836357882418,129.54284589309876,193.10477407244082,110.4282419514154,183.06410999946783,94.15770089478379
