future_x1,future_y1,future_x2,future_y2,future_x3,future_y3,future_x4,future_y4,future_x5,future_y5,future_x6,future_y6,future_x7,future_y7,future_x8,future_y8,future_x9,future_y9,future_x10,future_y10,future_x11,future_y11,future_x12,future_y12,future_x13,future_y13,future_x14,future_y14,future_x15,future_y15,future_x16,future_y16,future_x17,future_y17,future_x18,future_y18,future_x19,future_y19,future_x20,future_y20
167.49439533553374,100.97591680808675,147.33037301785598,104.25421680394581,132.19080142028935,117.97020815465868,136.74584868230158,136.44576789865974,155.22865014041486,154.29440179374726,172.65175625926918,172.24041297272072,161.8442017273992,189.57626633883203,143.34733470882838,198.24811489539508,123.10866419064759,195.46760009644228,107.63576114002794,182.12877263385093,101.90380485936423,162.5206181034721,107.75585674162858,142.94797046300295,123.31023968292266,129.704246734148,142.02664909890535,141.54537758297045,160.50945055701862,159.39401147805796,179.24584799815824,168.8493811153794,194.10061359253174,154.82543780306906,198.9412600850552,134.9784433599531,192.21131910253322,115.69002866971928,176.0747454615278,103.16221808609912
