future_x1,future_y1,future_x2,future_y2,future_x3,future_y3,future_x4,future_y4,future_x5,future_y5,future_x6,future_y6,future_x7,future_y7,future_x8,future_y8,future_x9,future_y9,future_x10,future_y10,future_x11,future_y11,future_x12,future_y12,future_x13,future_y13,future_x14,future_y14,future_x15,future_y15,future_x16,future_y16,future_x17,future_y17,future_x18,future_y18,future_x19,future_y19,future_x20,future_y20
162.93398789671826,168.5181656608265,162.2879266128237,150.0649976665069,151.711311535022,134.92987237118354,134.60496255162565,127.97935953633583,121.89244762067348,141.71778724251348,112.44658722736018,162.93353704706038,100.9848408439371,179.69542040252577,83.38977169022236,174.09628246127772,71.66816078041421,159.82951541726266,69.58899159475712,141.48247588205334,77.8208031569117,124.95449710017265,93.71672704333368,115.56000892857932,112.16556522909826,116.31972848512808,127.23525198647602,126.98937446068103,119.19363036544111,147.7794300438126,109.74776997212781,168.9951798483595,111.62302073690266,186.25006244215578,128.86847052818018,192.84788524256908,146.92910607201318,189.00728008687346,159.99768487151417,175.96316063133483
