future_x1,future_y1,future_x2,future_y2,future_x3,future_y3,future_x4,future_y4,future_x5,future_y5,future_x6,future_y6,future_x7,future_y7,future_x8,future_y8,future_x9,future_y9,future_x10,future_y10,future_x11,future_y11,future_x12,future_y12,future_x13,future_y13,future_x14,future_y14,future_x15,future_y15,future_x16,future_y16,future_x17,future_y17,future_x18,future_y18,future_x19,future_y19,future_x20,future_y20
89.45187767057787,133.10027062960344,100.61236972240229,140.19809434322602,113.83821987348365,140.08596901316616,124.87676941375469,132.79994757787784,122.68010293687605,120.1129282577069,113.37776451913915,106.32164440367362,106.32129210071783,92.8161215031517,116.02452595679958,83.8281886461101,129.05520158203728,81.5616544949585,141.22341696161052,86.74530367143797,148.61658677746442,97.71237823042794,148.85750066858287,110.9365093854629,141.86869483901043,122.16559115491464,129.8973598772227,127.78900858039344,120.02229196037977,116.17256144226877,110.7199535426429,102.38127758823555,99.77647514986867,95.60843203959104,88.88984798579669,103.11955933840511,83.83785526977286,115.34302259174461,86.24492194095603,128.34847200147203
