future_x1,future_y1,future_x2,future_y2,future_x3,future_y3,future_x4,future_y4,future_x5,future_y5,future_x6,future_y6,future_x7,future_y7,future_x8,future_y8,future_x9,future_y9,future_x10,future_y10,future_x11,future_y11,future_x12,future_y12,future_x13,future_y13,future_x14,future_y14,future_x15,future_y15,future_x16,future_y16,future_x17,future_y17,future_x18,future_y18,future_x19,future_y19,future_x20,future_y20
169.65377603382478,142.3763744573999,160.4776731211327,129.4583316805169,145.752275029803,123.60689212246297,130.21240725210697,126.70353599953673,128.87648715878072,144.72437128173118,129.9195119808461,164.62647048025167,124.61224502856487,179.2493903831647,108.78806483086035,180.06915554482615,95.06217933518273,172.15228992709302,87.84802932906483,158.04439378560826,89.46526288872026,142.2817401554857,99.39387243012867,129.93267515347233,114.44139868883401,124.96793474301069,128.131469428734,130.50858613993074,129.1744942507994,150.41068533845132,130.2175190728648,170.3127845369718,141.2581510128587,179.31045551039247,156.7311631743865,175.89540228988315,167.85953830593104,164.61551041179695,171.06504280500542,149.0977323892799
