future_x1,future_y1,future_x2,future_y2,future_x3,future_y3,future_x4,future_y4,future_x5,future_y5,future_x6,future_y6,future_x7,future_y7,future_x8,future_y8,future_x9,future_y9,future_x10,future_y10,future_x11,future_y11,future_x12,future_y12,future_x13,future_y13,future_x14,future_y14,future_x15,future_y15,future_x16,future_y16,future_x17,future_y17,future_x18,future_y18,future_x19,future_y19,future_x20,future_y20
90.00634466014102,143.80288585672267,105.68332603759599,146.10700146593632,120.09283466693685,139.51588965451563,126.44764775234059,126.14997863188022,113.63726880164646,110.8831634948973,100.82688985095231,95.61634835791439,102.64952836168347,81.48915495553521,116.27224082887665,73.39604684518125,132.1056719393472,74.01180095168914,145.05871768442853,83.13842682193946,150.96643727162183,97.84133616426999,147.9292541238358,113.39293455081844,136.92374843969338,124.79273886870071,122.78753948071366,121.78803144988505,109.97716053001952,106.52121631290214,97.16678157932544,91.2544011759193,82.96128482214453,97.75068726165684,74.72874616683217,111.28959420197094,75.18191449855563,127.12851248299049,84.175077425974,140.17457374340947
