future_x1,future_y1,future_x2,future_y2,future_x3,future_y3,future_x4,future_y4,future_x5,future_y5,future_x6,future_y6,future_x7,future_y7,future_x8,future_y8,future_x9,future_y9,future_x10,future_y10,future_x11,future_y11,future_x12,future_y12,future_x13,future_y13,future_x14,future_y14,future_x15,future_y15,future_x16,future_y16,future_x17,future_y17,future_x18,future_y18,future_x19,future_y19,future_x20,future_y20
166.23025752468422,36.74268774241071,136.76862179025224,48.05798217655601,118.19655918282203,73.5746896206102,116.48575718631253,105.08813159079966,135.48131982716487,126.68084146316173,174.57239463496705,119.78803026965366,213.66346944276938,112.89521907614557,234.0921933878663,132.75070310606333,233.21183930181343,164.29826790848549,215.3181576666629,190.29519129991075,186.1647083815244,202.38238547633637,155.12553308566518,196.6733167928574,132.1810124478049,175.00368733182222,124.70876033958828,144.34118063861447,146.6501983436798,124.71146683644514,185.74127315148195,117.81865564293707,223.44611084942989,109.79401089518198,224.50952318123035,78.25208605708073,208.2501741384971,51.20291902764471,179.89611798895177,37.34393753013957
