future_x1,future_y1,future_x2,future_y2,future_x3,future_y3,future_x4,future_y4,future_x5,future_y5,future_x6,future_y6,future_x7,future_y7,future_x8,future_y8,future_x9,future_y9,future_x10,future_y10,future_x11,future_y11,future_x12,future_y12,future_x13,future_y13,future_x14,future_y14,future_x15,future_y15,future_x16,future_y16,future_x17,future_y17,future_x18,future_y18,future_x19,future_y19,future_x20,future_y20
169.35305512399998,230.18748047917123,187.4782277302669,202.7671512268642,187.7788394324354,169.89914290697178,170.15823111529008,142.1518817656331,140.2821582940232,128.44726170193738,116.5732073206202,151.42839692746335,98.45042838159927,188.58560020623153,77.2615116566505,218.31802083023499,46.2059523664755,207.5500788037232,25.998584387832267,181.62598542155078,23.13691362470854,148.88141062273294,38.54108577338407,119.84509166309265,67.25802136364406,103.85340793007839,100.05403599189145,106.04834820618521,126.38385236622362,125.72414826630585,111.39527048089995,162.0447407213971,93.27249154187902,199.20194400016524,94.8334911589205,230.2710072834081,124.98464718971674,243.35932758505388,157.40551728348345,237.9479025717047
