future_x1,future_y1,future_x2,future_y2,future_x3,future_y3,future_x4,future_y4,future_x5,future_y5,future_x6,future_y6,future_x7,future_y7,future_x8,future_y8,future_x9,future_y9,future_x10,future_y10,future_x11,future_y11,future_x12,future_y12,future_x13,future_y13,future_x14,future_y14,future_x15,future_y15,future_x16,future_y16,future_x17,future_y17,future_x18,future_y18,future_x19,future_y19,future_x20,future_y20
120.0272986520325,171.64120772249169,130.644306538805,152.6719280520277,129.23933894580566,130.97906070474815,104.75134169262247,125.96600595591671,77.51420665303166,123.58306541302785,58.965251402434404,113.32634976823395,61.03758576721167,91.6870369795932,74.54372552216186,74.653581176269,95.14088723845732,67.7029440172153,116.20623017808339,73.0700432821828,130.96637394511586,89.0291342231035,134.67532087319117,110.44870799030917,124.20643814947309,127.66810634369448,96.96930310988228,125.28516580080561,69.73216807029146,122.90222525791675,55.70112631777661,136.50055011483994,57.55119227840581,158.1599980215934,70.8817469074759,175.33121641067177,91.40646466781917,182.49294724492665,112.52579855427999,177.3423973833844
