future_x1,future_y1,future_x2,future_y2,future_x3,future_y3,future_x4,future_y4,future_x5,future_y5,future_x6,future_y6,future_x7,future_y7,future_x8,future_y8,future_x9,future_y9,future_x10,future_y10,future_x11,future_y11,future_x12,future_y12,future_x13,future_y13,future_x14,future_y14,future_x15,future_y15,future_x16,future_y16,future_x17,future_y17,future_x18,future_y18,future_x19,future_y19,future_x20,future_y20
151.22090692256913,87.26099526560168,136.04426229417027,93.73594805007284,126.82851266933388,107.42263919841741,126.53690331881161,123.92023052941259,143.2872374354795,129.60675339998087,163.92649182876926,131.77602644944133,179.8094901198348,138.20287551385053,179.01725083961333,154.68401360139532,169.39030482280955,168.08466530671893,154.02411401417896,174.0959659788361,137.8595453097171,170.78503343096213,126.09417717207471,159.21646963403404,122.51106284290708,143.1100470814633,128.54491286884388,128.05727265036626,149.1841672621337,130.22654569982672,169.8234216554235,132.39581874928717,182.51064529480658,124.33485751201036,182.46346722728714,107.83475660420405,173.45148684193185,94.0130430609486,158.372429157771,87.31397035679055
