future_x1,future_y1,future_x2,future_y2,future_x3,future_y3,future_x4,future_y4,future_x5,future_y5,future_x6,future_y6,future_x7,future_y7,future_x8,future_y8,future_x9,future_y9,future_x10,future_y10,future_x11,future_y11,future_x12,future_y12,future_x13,future_y13,future_x14,future_y14,future_x15,future_y15,future_x16,future_y16,future_x17,future_y17,future_x18,future_y18,future_x19,future_y19,future_x20,future_y20
146.66201889431156,179.34928961718208,153.15370183253648,162.06360603686977,149.20214275807552,144.026921610674,136.07793160839125,131.03877755897736,119.4847211853017,137.13151855801868,103.64631221161508,154.1161327579746,87.56152067616198,168.7269907621196,72.08702275564379,158.6534254391068,64.57815122822508,141.78470727222026,67.4493193481828,123.5448279459731,79.77732762558405,109.7986642585494,97.5982107062334,104.96617727616095,115.1818164420046,110.60121175148424,126.87428718046516,124.89187066699137,114.95946147853404,141.98426547229187,99.1210525048475,158.9688796722477,92.47628017029591,176.01144101784413,105.86439525764101,188.72738292621767,124.01473937586267,192.11881516043022,141.09122500519143,185.09525176565288
