future_x1,future_y1,future_x2,future_y2,future_x3,future_y3,future_x4,future_y4,future_x5,future_y5,future_x6,future_y6,future_x7,future_y7,future_x8,future_y8,future_x9,future_y9,future_x10,future_y10,future_x11,future_y11,future_x12,future_y12,future_x13,future_y13,future_x14,future_y14,future_x15,future_y15,future_x16,future_y16,future_x17,future_y17,future_x18,future_y18,future_x19,future_y19,future_x20,future_y20
93.25380578343788,200.17662101050888,119.48449857211837,180.368867626095,130.72704931097812,149.48195468232453,113.99247464628101,125.02260857330776,73.55470207006226,116.42729467291223,33.1169294938437,107.83198077251672,28.2733679838435,76.9296793937532,44.06045558127343,48.0997608454297,72.98650908663701,32.48951527027182,105.75060402383204,35.118283281786645,131.8177266039161,55.14080706643392,142.80621707569964,86.1190157858453,135.18282054958982,118.09213205119694,102.43882533878998,122.5668046017662,62.00105276257125,113.97149070137066,25.560052878392256,112.42039278936028,14.954037306323698,143.53162503748786,22.97075320041563,175.40839721701235,47.03249430483571,197.8010065633068,79.40241408660502,203.50930154812607
