future_x1,future_y1,future_x2,future_y2,future_x3,future_y3,future_x4,future_y4,future_x5,future_y5,future_x6,future_y6,future_x7,future_y7,future_x8,future_y8,future_x9,future_y9,future_x10,future_y10,future_x11,future_y11,future_x12,future_y12,future_x13,future_y13,future_x14,future_y14,future_x15,future_y15,future_x16,future_y16,future_x17,future_y17,future_x18,future_y18,future_x19,future_y19,future_x20,future_y20
172.93267826238002,104.61397103563016,157.1151295607973,99.9170881532385,141.286519195811,104.57655696966965,130.53640110671307,117.0941652399539,133.74649958042883,131.5908114685698,151.34599183478096,142.58819478748,168.94548408913317,153.58557810639027,166.45033467358425,168.93064281618618,154.17870735018423,179.96072525347682,137.88208527340532,182.54445601044213,122.80050753546602,175.85105861656712,113.78332613991634,162.03273761082988,113.72993844601847,145.53265562642812,122.6575108089686,131.6562725442941,138.77492593881516,134.73292098825843,156.3744181931673,145.73030430716864,173.37338349607876,153.12504985444997,183.86422589361035,140.38936057086588,185.74306406399222,123.99651082265669,178.40577370377258,109.21748088467811
