future_x1,future_y1,future_x2,future_y2,future_x3,future_y3,future_x4,future_y4,future_x5,future_y5,future_x6,future_y6,future_x7,future_y7,future_x8,future_y8,future_x9,future_y9,future_x10,future_y10,future_x11,future_y11,future_x12,future_y12,future_x13,future_y13,future_x14,future_y14,future_x15,future_y15,future_x16,future_y16,future_x17,future_y17,future_x18,future_y18,future_x19,future_y19,future_x20,future_y20
77.41127519148222,145.45505868405948,97.35915502917194,149.86154672690816,116.49615000746678,142.7123880287553,126.64041129003172,126.19576484290302,111.1773052833957,105.67553009062905,95.71419927675959,85.15529533835503,98.0105168610283,66.89204086146583,115.91075423080451,57.04742055409375,136.28644281695722,58.51927704532592,152.58595466743157,70.83434750094747,159.56832150805536,90.03282661241914,154.9884231520383,109.94160804020143,140.31888664508645,124.15919382548381,122.22238100242143,120.3328406279676,106.75927499578532,99.81260587569355,91.2961689891493,79.29237112341961,72.5918970546819,85.58490455278479,60.75853613839304,102.23743037668021,59.882905532373826,122.64743571554474,70.24655674983154,140.25225835973924
