future_x1,future_y1,future_x2,future_y2,future_x3,future_y3,future_x4,future_y4,future_x5,future_y5,future_x6,future_y6,future_x7,future_y7,future_x8,future_y8,future_x9,future_y9,future_x10,future_y10,future_x11,future_y11,future_x12,future_y12,future_x13,future_y13,future_x14,future_y14,future_x15,future_y15,future_x16,future_y16,future_x17,future_y17,future_x18,future_y18,future_x19,future_y19,future_x20,future_y20
81.3920879510567,72.91841851321303,85.68780083009848,100.21369210172169,104.13545039098196,120.78477216791025,129.8430998927114,125.05042360122208,148.25935291088635,95.57825800067978,166.67560592906122,66.10609240013761,190.93761186493273,60.64955161283589,211.92007944347554,78.62790425500268,219.75295323520265,105.12566260497596,211.91763983592887,131.62269967227726,190.93351708472747,149.59912038868285,163.547849722362,153.2747608129594,138.56626426880655,141.46775028372676,135.10488646933277,116.62980485821002,153.52113948750772,87.15763925766773,171.93739250568262,57.68547365712557,154.4086194524197,37.30171559970174,127.59784319497315,30.61834924105844,101.46318885764506,39.58857510661812,84.40803044911328,61.32809398516261
