future_x1,future_y1,future_x2,future_y2,future_x3,future_y3,future_x4,future_y4,future_x5,future_y5,future_x6,future_y6,future_x7,future_y7,future_x8,future_y8,future_x9,future_y9,future_x10,future_y10,future_x11,future_y11,future_x12,future_y12,future_x13,future_y13,future_x14,future_y14,future_x15,future_y15,future_x16,future_y16,future_x17,future_y17,future_x18,future_y18,future_x19,future_y19,future_x20,future_y20
81.89929108593401,173.6077959939953,107.09029169117332,165.97593981717728,124.08128386188726,145.8727578488518,119.20660419113327,122.71639475092985,90.82932437730115,105.66560483567197,62.452044563469144,88.61481492041416,65.30826932411355,64.16972108340036,84.40190681764925,46.051643164861346,110.27805361429193,41.229116114092065,134.61645658848198,51.25278215315883,149.59131095527326,72.89961741585245,150.38758069600047,99.20926763581683,136.7492321032055,121.72209037882732,111.09880995860985,117.84474048942762,82.72153014477772,100.79395057416974,55.294951237476795,88.93559794881314,38.720296142036815,109.38339853136992,35.929418437401324,135.5567197160146,47.819700918912204,159.03975450086895,70.56792520873196,172.2817344078513
