future_x1,future_y1,future_x2,future_y2,future_x3,future_y3,future_x4,future_y4,future_x5,future_y5,future_x6,future_y6,future_x7,future_y7,future_x8,future_y8,future_x9,future_y9,future_x10,future_y10,future_x11,future_y11,future_x12,future_y12,future_x13,future_y13,future_x14,future_y14,future_x15,future_y15,future_x16,future_y16,future_x17,future_y17,future_x18,future_y18,future_x19,future_y19,future_x20,future_y20
108.6941874373215,189.31444625794364,127.14543057041291,176.625793428506,135.7304475521711,155.94372952749757,131.6887997849632,133.91839486242895,108.64293943585388,130.37674818173983,80.68816900021477,133.80916239482156,56.88039220589414,131.29656096749292,52.2868635686513,109.37967755672253,60.34975258592851,88.48852860608989,78.47650643004778,75.34048392799585,100.83862283160042,74.16318454981719,120.2457550072594,85.33518099176857,130.45770601380562,105.26421359303521,128.1909105682005,127.542272803618,100.65586216852833,131.35743795690604,72.70109173288935,134.78985216998777,57.11461265349362,148.39568289253523,61.607629141443155,170.333392130773,77.30753756890445,186.3009579800745,99.16616700103344,191.16414655665025
