future_x1,future_y1,future_x2,future_y2,future_x3,future_y3,future_x4,future_y4,future_x5,future_y5,future_x6,future_y6,future_x7,future_y7,future_x8,future_y8,future_x9,future_y9,future_x10,future_y10,future_x11,future_y11,future_x12,future_y12,future_x13,future_y13,future_x14,future_y14,future_x15,future_y15,future_x16,future_y16,future_x17,future_y17,future_x18,future_y18,future_x19,future_y19,future_x20,future_y20
93.55616688582901,184.81096030011096,113.78540598194938,181.96263930649891,129.2135224093591,168.57203549662734,134.8797376203298,148.9447827068546,128.9621286991476,129.39185577642803,104.53427324065922,130.46634726599385,78.98091065849087,133.1521138986592,61.20565952700831,125.59025878512776,59.995141541062594,105.19737539173833,70.06843492895612,87.42481769139377,88.1865585759976,77.98719922055206,108.52378517864848,79.91910527496707,124.54085390585384,92.59934802811091,131.08761364789956,111.95070415037235,122.78667508506511,128.54794252837573,97.23331250289687,131.23370916104108,71.67994992072852,133.91947579370643,62.84024749614002,150.14672209225188,69.15806659834657,169.57402784169767,85.02430135027586,182.44250256434168
