future_x1,future_y1,future_x2,future_y2,future_x3,future_y3,future_x4,future_y4,future_x5,future_y5,future_x6,future_y6,future_x7,future_y7,future_x8,future_y8,future_x9,future_y9,future_x10,future_y10,future_x11,future_y11,future_x12,future_y12,future_x13,future_y13,future_x14,future_y14,future_x15,future_y15,future_x16,future_y16,future_x17,future_y17,future_x18,future_y18,future_x19,future_y19,future_x20,future_y20
98.94223449278522,109.03330433188876,105.50254713270364,121.26633621522068,117.66020375925868,127.96530302681724,129.40139900726874,123.68693734631522,134.79647217965015,107.08260946182106,140.1915453520316,90.47828157732684,152.68448117939695,88.01694873124451,164.4754361131102,95.34212127141272,170.38748523247824,107.90127913339806,168.51965983646312,121.65613279609072,159.47254316534887,132.18392700624395,146.15515800957314,136.0995398069193,132.849595375089,132.1439394767661,130.94284848509201,118.94284366503118,136.33792165747343,102.33851578053694,139.96119731528293,86.49045211247386,127.66856139736926,80.04251653729094,113.84597764338874,81.31568163117413,102.93797933668509,89.90057207503182,98.4519398013549,103.03678995840846
