future_x1,future_y1,future_x2,future_y2,future_x3,future_y3,future_x4,future_y4,future_x5,future_y5,future_x6,future_y6,future_x7,future_y7,future_x8,future_y8,future_x9,future_y9,future_x10,future_y10,future_x11,future_y11,future_x12,future_y12,future_x13,future_y13,future_x14,future_y14,future_x15,future_y15,future_x16,future_y16,future_x17,future_y17,future_x18,future_y18,future_x19,future_y19,future_x20,future_y20
222.1478491099099,99.42399675402204,194.4813892344389,84.23877807799663,163.00550231756463,86.53930216522134,137.84098990512868,105.58585522146002,134.85085212181562,133.95535489223434,164.80838298854107,159.99703917239836,194.76591385526652,186.03872345256235,190.35993072207674,214.3953451660432,164.88351385505254,233.02263836439502,133.37385175257737,234.80170060827453,105.96260608181498,219.16048968786083,91.4636278484814,191.1283028579134,94.5389391809633,159.71864942957768,114.1997000897813,135.03103413838255,143.41014665516585,141.39583611513842,173.36767752189115,167.43752039530233,203.32766416611886,190.28625693244132,228.09581105954868,170.72704509389217,238.24610180301346,140.84401535956147,230.51479744235758,110.24579970631362
