future_x1,future_y1,future_x2,future_y2,future_x3,future_y3,future_x4,future_y4,future_x5,future_y5,future_x6,future_y6,future_x7,future_y7,future_x8,future_y8,future_x9,future_y9,future_x10,future_y10,future_x11,future_y11,future_x12,future_y12,future_x13,future_y13,future_x14,future_y14,future_x15,future_y15,future_x16,future_y16,future_x17,future_y17,future_x18,future_y18,future_x19,future_y19,future_x20,future_y20
117.89484459653885,176.32611485121066,130.95190893636342,164.21419172797232,135.32358585577893,146.94937050590895,129.6042001266086,130.0830064105114,109.1531176486665,131.32321386077834,87.09342398119313,135.21293304051758,70.25085215072025,131.01340610656797,67.3103325411605,113.44812912772828,74.39416854436246,97.10784521350901,89.22461343436314,87.24663254557542,107.03306482150971,87.03527950161728,122.09336786212585,96.54174484065732,129.56301124916374,112.70930614680495,124.91004169686187,128.5448430181074,102.85034802938839,132.4345621978467,80.79065436191502,136.32428137758595,72.58884798993927,150.07188688425128,78.65332560071727,166.81726601480324,92.84857682466074,177.57275082984955,110.61024034892357,178.88000741079782
