future_x1,future_y1,future_x2,future_y2,future_x3,future_y3,future_x4,future_y4,future_x5,future_y5,future_x6,future_y6,future_x7,future_y7,future_x8,future_y8,future_x9,future_y9,future_x10,future_y10,future_x11,future_y11,future_x12,future_y12,future_x13,future_y13,future_x14,future_y14,future_x15,future_y15,future_x16,future_y16,future_x17,future_y17,future_x18,future_y18,future_x19,future_y19,future_x20,future_y20
162.74713961744956,58.67298967981374,137.44342182071318,75.25017397375547,125.22210416541847,102.9218303791925,134.35027245857037,129.1197243692957,171.8193109672938,135.72652679958745,209.28834947601726,142.33332922987918,222.05577802588198,166.38959675188335,211.27568579999775,194.6538990615745,186.85921895756854,212.5121554262014,156.65728305100848,214.222196638635,130.38105160237814,199.23417360988992,116.4794215265289,172.3673566289667,119.42234277381345,142.26054032460544,145.05571203249147,131.00738220652195,182.52475054121493,137.6141846368137,219.5163069093182,143.41557348505563,231.1668982140747,115.49882410942608,225.76390946474558,85.73493850914187,205.04462536535797,63.69423888637478,175.67115405906304,56.46372321524518
