future_x1,future_y1,future_x2,future_y2,future_x3,future_y3,future_x4,future_y4,future_x5,future_y5,future_x6,future_y6,future_x7,future_y7,future_x8,future_y8,future_x9,future_y9,future_x10,future_y10,future_x11,future_y11,future_x12,future_y12,future_x13,future_y13,future_x14,future_y14,future_x15,future_y15,future_x16,future_y16,future_x17,future_y17,future_x18,future_y18,future_x19,future_y19,future_x20,future_y20
63.77939135569338,111.45995313248524,87.28588835711486,129.44162687166386,116.7912625404824,131.7500648802687,129.9636311091027,105.5555937196207,133.20787546267343,68.47371107535845,140.78966937288337,35.95095896884632,170.3521382225742,34.552235532579544,195.92242251985357,49.45379762171676,209.27861660319186,75.86417572102278,206.12615078874825,105.29133921037166,187.4786734281099,128.2732359951147,159.33212097244055,137.4202342240616,130.73677601920036,129.79119504829464,130.89055806726577,94.96077010697422,134.1348024208365,57.87888746271197,123.59439627264813,31.58071985210283,94.04784535121824,29.87856815867049,68.32592232117204,44.5168285531464,54.69929097832295,70.78869392251417,57.54947778842357,100.24667122727209
