future_x1,future_y1,future_x2,future_y2,future_x3,future_y3,future_x4,future_y4,future_x5,future_y5,future_x6,future_y6,future_x7,future_y7,future_x8,future_y8,future_x9,future_y9,future_x10,future_y10,future_x11,future_y11,future_x12,future_y12,future_x13,future_y13,future_x14,future_y14,future_x15,future_y15,future_x16,future_y16,future_x17,future_y17,future_x18,future_y18,future_x19,future_y19,future_x20,future_y20
162.54132502878323,93.17919496444532,142.37630162648588,101.29869364779057,129.86842584966445,119.07810509012103,141.11196766672285,137.18109860100128,163.50854826587135,152.8633531666463,181.9355305643189,169.51166312052902,172.18904771612137,188.94257920222304,153.44341471407913,199.94965288403287,131.72612911420617,198.99365400452535,114.02019788469943,186.3819758061244,106.01881139161242,166.16979527377484,110.29474685332771,144.8561657468427,125.47311388644981,129.29430204444904,147.51099069505096,141.66174276261413,169.90757129419944,157.34399732825915,190.6158617610344,160.88844582091323,202.7560567961627,142.85597255202714,203.13880691255514,121.12102534637538,191.64104209220434,102.67229011005229,171.95977002467447,93.44179946827632
