future_x1,future_y1,future_x2,future_y2,future_x3,future_y3,future_x4,future_y4,future_x5,future_y5,future_x6,future_y6,future_x7,future_y7,future_x8,future_y8,future_x9,future_y9,future_x10,future_y10,future_x11,future_y11,future_x12,future_y12,future_x13,future_y13,future_x14,future_y14,future_x15,future_y15,future_x16,future_y16,future_x17,future_y17,future_x18,future_y18,future_x19,future_y19,future_x20,future_y20
145.84838042890613,65.94722889427557,127.66819149102848,83.1253800279259,121.75194025782162,107.4277691601293,132.5161198996716,127.92117083392765,163.9701520978856,127.37213865965379,195.4241842960995,126.82310648537994,210.31661225345138,143.66787276432032,206.3936044061077,168.37046687135978,189.66858114757656,186.96836307466953,165.51933029671235,193.4815673190867,141.7108363951036,185.8158146277622,125.89851650915267,166.43596204803777,123.16668651430147,141.5734350029707,141.5029862420184,127.76430449842083,172.95701844023245,127.21527232414698,204.39722839453788,126.6506363719868,209.81325965329395,102.23189865703444,201.08018630799938,78.79386170567702,181.00605321046214,63.872825328473866,156.04552573108248,62.26652083100349
