future_x1,future_y1,future_x2,future_y2,future_x3,future_y3,future_x4,future_y4,future_x5,future_y5,future_x6,future_y6,future_x7,future_y7,future_x8,future_y8,future_x9,future_y9,future_x10,future_y10,future_x11,future_y11,future_x12,future_y12,future_x13,future_y13,future_x14,future_y14,future_x15,future_y15,future_x16,future_y16,future_x17,future_y17,future_x18,future_y18,future_x19,future_y19,future_x20,future_y20
135.63614670953237,75.4924243339419,121.92149467730182,85.79777154119155,116.01557518383969,101.90404287765769,119.8173860015328,118.6324048994937,133.55645166525846,125.64142620061186,153.41769756210277,117.21082749885504,173.2789434589472,108.7802287970982,185.45507708458098,118.92019128590876,187.98781946320292,135.88713200810926,180.88712678756298,151.50353444123195,166.43616590210783,160.74807828688375,149.28151936874184,160.64825973950806,134.9391166865054,151.23617459711207,128.02063445789815,135.53819813262558,139.23109335007112,123.23268371439562,159.09233924691546,114.80208501263881,176.43138900966002,105.15318143782045,172.2869155214534,88.50640394388229,159.75660536153853,76.78961305544102,142.8694723197809,73.77024241619998
