future_x1,future_y1,future_x2,future_y2,future_x3,future_y3,future_x4,future_y4,future_x5,future_y5,future_x6,future_y6,future_x7,future_y7,future_x8,future_y8,future_x9,future_y9,future_x10,future_y10,future_x11,future_y11,future_x12,future_y12,future_x13,future_y13,future_x14,future_y14,future_x15,future_y15,future_x16,future_y16,future_x17,future_y17,future_x18,future_y18,future_x19,future_y19,future_x20,future_y20
30.809213565073662,91.57276147018585,43.32333386553242,121.9667268484898,70.3531111703507,140.66933300816243,103.20735235595359,141.66691730541638,126.68086913529008,122.28621648448556,117.38112790041522,82.00461168854069,108.08138666554036,41.723006892595805,125.594454528469,17.92706074246682,158.41778555503177,16.187727929985158,186.90989668126147,32.57662483863862,201.90939388219599,61.82404219523697,198.59331744715337,94.52572373287123,178.02792331988329,120.16672415605943,146.8258376425432,130.50239963934658,124.0238002110401,110.77718654278691,114.72405897616528,70.4955817468422,105.42431774129042,30.21397695089732,72.57933973477357,29.860291498226772,44.82018117071463,47.462150892260325,31.09538119485987,77.32895862148825
