future_x1,future_y1,future_x2,future_y2,future_x3,future_y3,future_x4,future_y4,future_x5,future_y5,future_x6,future_y6,future_x7,future_y7,future_x8,future_y8,future_x9,future_y9,future_x10,future_y10,future_x11,future_y11,future_x12,future_y12,future_x13,future_y13,future_x14,future_y14,future_x15,future_y15,future_x16,future_y16,future_x17,future_y17,future_x18,future_y18,future_x19,future_y19,future_x20,future_y20
76.15932640098241,131.2795503017417,92.6685199020467,140.92278478225924,111.76729460891076,140.03833806351787,127.31460327841282,128.9105964041764,118.7942546583522,107.323557431462,109.0134346766234,85.35547607356233,111.17965995013407,67.579826277334,129.07139148442053,60.839545570505464,147.75187102966387,64.91202948840973,161.2145505652193,78.48780574705374,165.13062092315334,97.20169989695039,158.24090325850207,115.0364197378455,142.76072720994898,126.25736403000053,125.78055464530132,123.01504411567598,115.99973466357251,101.04696275777631,106.21891468184376,79.07888139987674,89.02528824850818,76.55814287208258,73.70972999839196,88.00275369067928,67.0797892840742,105.93566554086294,71.26726669333493,124.59070438426278
