future_x1,future_y1,future_x2,future_y2,future_x3,future_y3,future_x4,future_y4,future_x5,future_y5,future_x6,future_y6,future_x7,future_y7,future_x8,future_y8,future_x9,future_y9,future_x10,future_y10,future_x11,future_y11,future_x12,future_y12,future_x13,future_y13,future_x14,future_y14,future_x15,future_y15,future_x16,future_y16,future_x17,future_y17,future_x18,future_y18,future_x19,future_y19,future_x20,future_y20
117.55250380213235,165.00957987689887,128.34886693786217,156.2847123115118,132.6651025289185,143.09172624638663,129.11336203087288,129.6727132265468,113.11645572685379,129.5643235388719,95.75327345948307,131.38926753286248,82.92055974467799,127.16622936645645,81.61176950303316,113.34697326869687,88.02799790555432,101.03775785589458,100.10616172582738,94.19650579777424,113.96263095253671,95.02296303281163,125.14197671913607,103.25138932359809,130.0495762524879,116.23600475157028,125.51872877497581,128.2607921145929,108.15554650760501,130.0857361085835,90.79236424023428,131.91068010257405,83.71671482474305,142.1883831804499,87.54322367580158,155.53164368921833,98.0103096821494,164.6489284565055,111.75237108923481,166.60865274221084
