future_x1,future_y1,future_x2,future_y2,future_x3,future_y3,future_x4,future_y4,future_x5,future_y5,future_x6,future_y6,future_x7,future_y7,future_x8,future_y8,future_x9,future_y9,future_x10,future_y10,future_x11,future_y11,future_x12,future_y12,future_x13,future_y13,future_x14,future_y14,future_x15,future_y15,future_x16,future_y16,future_x17,future_y17,future_x18,future_y18,future_x19,future_y19,future_x20,future_y20
133.93364254022543,189.88902597597718,141.70489048889303,162.01115017545226,133.06738176353977,134.3893888838798,102.40026176938352,133.91016525859072,66.93319141120102,142.0983836367079,36.55470209118481,141.1294698214155,28.155823050178185,113.43421599185648,36.16729962314329,85.62442460554803,58.013110213031155,66.64209562568081,86.66892174315353,62.59083417037206,112.92070372733757,74.77328862274062,128.32742076638092,99.27229521296823,127.73388345379962,128.06143784564986,92.26681309561712,136.24965622376703,56.799742737434656,144.4378746018842,39.66890608150837,164.65179604300238,48.87171966782543,192.09039068494172,71.51548665286772,210.11337796664043,100.31929792322009,212.92562086708227,126.02153494527332,199.62286679541123
