future_x1,future_y1,future_x2,future_y2,future_x3,future_y3,future_x4,future_y4,future_x5,future_y5,future_x6,future_y6,future_x7,future_y7,future_x8,future_y8,future_x9,future_y9,future_x10,future_y10,future_x11,future_y11,future_x12,future_y12,future_x13,future_y13,future_x14,future_y14,future_x15,future_y15,future_x16,future_y16,future_x17,future_y17,future_x18,future_y18,future_x19,future_y19,future_x20,future_y20
144.47547645580735,51.199308601406756,123.02030885667104,62.7300630510296,111.28467115100236,84.07385190225716,113.04205701498032,108.36776286384563,127.72739409287558,127.80029717600092,155.60377813840068,115.71000614989136,183.59051192312228,103.24950946083977,205.63429481268537,107.46840460914228,213.62721517705342,130.47700602107884,207.82354333600955,154.13287015760898,190.08940020603507,170.82965674455752,166.12704744787527,175.19865722270012,143.6413741239814,165.83505695060256,129.86245568661164,145.7496413068864,135.61325400645677,124.61036092778531,163.59998779117825,112.14986423873377,191.58672157589984,99.6893675496822,193.13551357483396,77.3074938393994,178.05428643963674,58.180572942895495,154.9968855989436,50.32953598233402
