future_x1,future_y1,future_x2,future_y2,future_x3,future_y3,future_x4,future_y4,future_x5,future_y5,future_x6,future_y6,future_x7,future_y7,future_x8,future_y8,future_x9,future_y9,future_x10,future_y10,future_x11,future_y11,future_x12,future_y12,future_x13,future_y13,future_x14,future_y14,future_x15,future_y15,future_x16,future_y16,future_x17,future_y17,future_x18,future_y18,future_x19,future_y19,future_x20,future_y20
166.84714903923822,168.15968786471228,165.32476428386286,149.101152087837,153.68352737410848,133.93450959476039,135.66657821967465,127.53646423165293,123.0411672565963,141.62428098935393,114.81658875121204,164.22112471742912,104.67361730955743,183.2972912047321,85.98716154620074,179.25231749580158,72.50450715480125,165.69637887599725,68.5608860469138,146.98827117213614,75.42433577491408,129.14342600236685,90.88797292991174,117.8997003191068,109.97959757879761,116.87241770566546,126.56046151824549,126.39189207788583,120.69128768362937,148.08052205451827,112.46670917824511,170.67736578259345,114.59044624395726,188.87688888971564,132.73496107619468,194.90366437952434,151.23959553184272,190.09492806270882,164.15434307102132,175.99688786908206
