future_x1,future_y1,future_x2,future_y2,future_x3,future_y3,future_x4,future_y4,future_x5,future_y5,future_x6,future_y6,future_x7,future_y7,future_x8,future_y8,future_x9,future_y9,future_x10,future_y10,future_x11,future_y11,future_x12,future_y12,future_x13,future_y13,future_x14,future_y14,future_x15,future_y15,future_x16,future_y16,future_x17,future_y17,future_x18,future_y18,future_x19,future_y19,future_x20,future_y20
145.3934390028047,103.27769997393739,133.5175488339446,111.65949776283622,128.10878884111412,125.15159236733618,140.89585760792104,135.1482905983167,156.8859637831519,144.01175118493796,166.32693444819972,155.06126781125917,159.52076245916905,167.90522842831777,146.82456403541516,174.98321169062402,132.32069291562024,174.01935277086503,120.67274449385782,165.323572240011,115.62601670896551,151.6919237651562,118.80324160664138,137.5075470278297,129.47435319704192,128.81724732215866,145.46445937227276,137.68070790877994,161.45456554750362,146.5441684954012,174.06542184833674,143.02943482946628,179.1960241106177,129.42913255697636,176.10623449711903,115.22545339905618,165.7895483644357,104.98546859845628,151.56320767735724,102.00175746431582
