future_x1,future_y1,future_x2,future_y2,future_x3,future_y3,future_x4,future_y4,future_x5,future_y5,future_x6,future_y6,future_x7,future_y7,future_x8,future_y8,future_x9,future_y9,future_x10,future_y10,future_x11,future_y11,future_x12,future_y12,future_x13,future_y13,future_x14,future_y14,future_x15,future_y15,future_x16,future_y16,future_x17,future_y17,future_x18,future_y18,future_x19,future_y19,future_x20,future_y20
164.34983860391316,174.41054894890664,158.8900430093598,150.00155924729964,141.03495799773626,132.48573538956586,118.81582268316079,138.94527631236548,98.59448070313961,163.044133264132,78.25225355703778,186.4083070959076,56.02886966921787,174.93096616858273,43.61947727200831,153.2142646114968,45.01421008549532,128.24102159889483,59.764603732739914,108.04116928659347,83.12779561479252,99.10979698051129,107.59155171136541,104.31871086296823,125.28976101586002,121.99302933927139,113.03829640315476,145.83066401287016,92.81695442313358,169.9295209646367,82.23915277688275,193.6642901573684,100.45010606422382,210.80982387766252,125.05663056171832,215.29614735481982,148.14670930762787,205.68072174306684,162.29592546876373,185.05530469969744
