future_x1,future_y1,future_x2,future_y2,future_x3,future_y3,future_x4,future_y4,future_x5,future_y5,future_x6,future_y6,future_x7,future_y7,future_x8,future_y8,future_x9,future_y9,future_x10,future_y10,future_x11,future_y11,future_x12,future_y12,future_x13,future_y13,future_x14,future_y14,future_x15,future_y15,future_x16,future_y16,future_x17,future_y17,future_x18,future_y18,future_x19,future_y19,future_x20,future_y20
120.00584194670469,88.59454362178445,113.07669840699951,99.86053909997733,113.38775549131364,113.08320629683278,120.8389954613674,124.01090995392252,132.84053918447697,123.7921834830544,145.3953550248887,112.8784485772594,157.95017086530044,101.96471367146437,168.900744779542,108.720461328462,174.0698150830017,120.89487698205254,171.78767434379864,133.92282839257635,162.788125348242,143.61528949309536,149.9648959085663,146.8557325254496,137.44118549738673,142.6022208179998,129.24388581195336,132.22243458823124,136.4276294245946,120.67397350997011,148.9824452650063,109.76023860417513,157.6487422943443,98.35401734666306,149.97470715912792,87.58160494033717,137.67663431834075,82.7140502450931,124.70886364321882,85.31647373598526
