future_x1,future_y1,future_x2,future_y2,future_x3,future_y3,future_x4,future_y4,future_x5,future_y5,future_x6,future_y6,future_x7,future_y7,future_x8,future_y8,future_x9,future_y9,future_x10,future_y10,future_x11,future_y11,future_x12,future_y12,future_x13,future_y13,future_x14,future_y14,future_x15,future_y15,future_x16,future_y16,future_x17,future_y17,future_x18,future_y18,future_x19,future_y19,future_x20,future_y20
101.12449331911304,146.02274528382148,115.91605128728361,142.56368636022157,126.44860078114404,131.617423211454,118.67160612106179,117.26891039155565,106.13701949658429,102.84951794118174,99.54886044132857,88.55327618096709,110.4517778406747,77.97586307824098,125.35358696697543,75.02775172926064,139.4627388723138,80.65688205949579,148.2425567414764,93.05325547864635,148.86996542182007,108.23092440738877,141.14322703194173,121.3096395437111,127.62488228140285,127.56847642753702,115.09029565692536,113.14908397716312,102.55570903244788,98.72969152678922,88.94955627400427,96.26985397755658,78.64397399761256,107.4300622958277,76.06390010726975,122.39998195102484,82.0389352393846,136.36616363868316,94.64785808059835,144.83790139117554
