future_x1,future_y1,future_x2,future_y2,future_x3,future_y3,future_x4,future_y4,future_x5,future_y5,future_x6,future_y6,future_x7,future_y7,future_x8,future_y8,future_x9,future_y9,future_x10,future_y10,future_x11,future_y11,future_x12,future_y12,future_x13,future_y13,future_x14,future_y14,future_x15,future_y15,future_x16,future_y16,future_x17,future_y17,future_x18,future_y18,future_x19,future_y19,future_x20,future_y20
97.09069836290024,104.60004577182548,102.11355871769636,118.2405067366549,113.74626892877185,126.95666154379077,128.0974634536354,127.70003833327002,133.74702120961973,110.31248743535625,139.39657896560405,92.92493653744256,150.34799601415517,85.4259515328512,163.6413273932361,91.30631226351727,171.59987129050225,103.46990057092498,171.66462615690045,118.00561893239919,163.8147706203858,130.23963174638075,150.57435841956786,136.23819709396588,136.2007305667432,134.07252772277283,129.7116228124881,122.73216664815182,135.3611805684724,105.34461575023806,141.0107383244567,87.95706485232436,131.09908951188595,78.716817272008,116.57967373224041,78.02553809931594,104.01865256670175,85.34073110809638,97.4549146656605,98.31025871102982
