future_x1,future_y1,future_x2,future_y2,future_x3,future_y3,future_x4,future_y4,future_x5,future_y5,future_x6,future_y6,future_x7,future_y7,future_x8,future_y8,future_x9,future_y9,future_x10,future_y10,future_x11,future_y11,future_x12,future_y12,future_x13,future_y13,future_x14,future_y14,future_x15,future_y15,future_x16,future_y16,future_x17,future_y17,future_x18,future_y18,future_x19,future_y19,future_x20,future_y20
203.7417088026009,88.86974353418906,179.49189415574008,78.6336197663901,153.57456349963383,83.22967371068373,134.32321227671824,101.18008363048082,127.92794740061201,126.7130491331647,156.31819720315264,141.8117076254115,186.07356715945713,156.32437123793403,199.1436589338016,177.10849344578367,186.1011201842081,199.9716499024548,162.72296470865112,212.066838481286,136.52623794260302,209.50495500582872,115.93427275194945,193.1097511405602,107.56823897644342,168.15296410649077,114.11816304143443,142.65923478064175,135.06436152007808,131.44551933075257,164.81973147638246,145.95818294327506,194.57510143268695,160.4708465557976,214.76431384472454,147.5179811489748,220.63399176985723,121.85909143698582,211.60726497383035,97.1335996613569
