future_x1,future_y1,future_x2,future_y2,future_x3,future_y3,future_x4,future_y4,future_x5,future_y5,future_x6,future_y6,future_x7,future_y7,future_x8,future_y8,future_x9,future_y9,future_x10,future_y10,future_x11,future_y11,future_x12,future_y12,future_x13,future_y13,future_x14,future_y14,future_x15,future_y15,future_x16,future_y16,future_x17,future_y17,future_x18,future_y18,future_x19,future_y19,future_x20,future_y20
96.57329100177368,121.4249863534616,109.43271514149353,129.51142478811747,124.62194551189349,129.30513247704792,129.27335669893915,113.44546633105364,130.9385440662591,94.41228762868897,136.91748526074826,80.05424011960118,152.09315889481542,80.72818782897389,164.46255091737245,89.54597761752004,170.04838938581688,103.67232478751176,167.05459583679806,118.56502353382845,156.44379891550298,129.43545427311912,141.62780938892456,132.78832321046335,128.0839371508535,127.04059397559976,129.74912451817343,108.0074152732351,131.4143118854934,88.97423657087045,123.39314431361203,77.7869896794982,108.21135140175167,78.3051013895311,95.75208375841335,86.99543657031379,90.02151206141686,101.06369246037606,92.86225250272813,115.98634200755049
