future_x1,future_y1,future_x2,future_y2,future_x3,future_y3,future_x4,future_y4,future_x5,future_y5,future_x6,future_y6,future_x7,future_y7,future_x8,future_y8,future_x9,future_y9,future_x10,future_y10,future_x11,future_y11,future_x12,future_y12,future_x13,future_y13,future_x14,future_y14,future_x15,future_y15,future_x16,future_y16,future_x17,future_y17,future_x18,future_y18,future_x19,future_y19,future_x20,future_y20
202.67813577623969,137.86590029517222,175.53316328506108,120.518512888176,143.3191846820034,120.72090843406895,129.3532226471098,147.35198544733896,132.17959083034268,187.77093355433703,133.49127871863027,227.05768517994144,102.5053543067489,235.86982849110194,71.70921189241707,226.41578206687444,51.00508700520251,201.73541347056133,47.05021347356612,169.7644836006918,61.11624697025553,140.7829708198643,88.68037503463584,124.10963205866538,120.8795886382244,125.10563642900395,130.16075641374775,158.90025633505266,132.98712459698066,199.3192044420507,145.12770531812572,229.9910089782195,177.33073764503396,229.12724376280622,203.88676923804584,210.8910553609989,216.25693584505092,181.14613378587464,210.46371646245788,149.4567035199263
