future_x1,future_y1,future_x2,future_y2,future_x3,future_y3,future_x4,future_y4,future_x5,future_y5,future_x6,future_y6,future_x7,future_y7,future_x8,future_y8,future_x9,future_y9,future_x10,future_y10,future_x11,future_y11,future_x12,future_y12,future_x13,future_y13,future_x14,future_y14,future_x15,future_y15,future_x16,future_y16,future_x17,future_y17,future_x18,future_y18,future_x19,future_y19,future_x20,future_y20
119.96744551012078,201.9048902642577,138.0962333868545,183.7351827428925,143.43016107731896,158.6286012017018,134.25414986879545,134.6579516570473,108.20884621127064,134.81464074832203,77.68528184133521,145.32474681691554,49.802338025934745,149.5090818327603,38.83809235124116,126.30182999036147,42.25616264697072,100.86351210680216,58.9574977180237,81.37360117483591,83.57192647911536,74.0989109369791,108.18489042032212,81.37855566185524,124.88230203199768,100.87182800802238,128.29525178357682,126.3108333990505,99.48782781986053,137.8175281964916,68.96426344992508,148.32763426508512,53.25983145248651,166.61992087262774,62.926069954087396,190.39711697565326,83.96776976919723,205.09535122954813,109.61915274585137,205.98853244105
