future_x1,future_y1,future_x2,future_y2,future_x3,future_y3,future_x4,future_y4,future_x5,future_y5,future_x6,future_y6,future_x7,future_y7,future_x8,future_y8,future_x9,future_y9,future_x10,future_y10,future_x11,future_y11,future_x12,future_y12,future_x13,future_y13,future_x14,future_y14,future_x15,future_y15,future_x16,future_y16,future_x17,future_y17,future_x18,future_y18,future_x19,future_y19,future_x20,future_y20
88.18312659698606,106.35887304447112,100.19913182122234,122.06323997366684,118.82300008630313,128.70876877434088,132.14679264689948,115.23748453855765,139.83222707170677,91.5841495332875,148.85459197802004,70.16325940409514,168.4300230306773,72.95861650084541,183.33824518656337,85.94924521336036,188.78564744308773,104.95812026822051,183.02066431381107,123.8731008845163,167.8969766916859,136.6122372329525,148.27747665244817,139.0793692533402,130.4706462048862,130.48121179912647,134.3426310539873,108.47938882276611,142.0280654787946,84.82605381749596,140.71751444014092,65.30091695929755,121.96112714514797,59.03917136913674,102.81521989440148,63.983436505785946,89.43599499640598,78.54392630951669,86.12542749597655,98.03884013391642
