future_x1,future_y1,future_x2,future_y2,future_x3,future_y3,future_x4,future_y4,future_x5,future_y5,future_x6,future_y6,future_x7,future_y7,future_x8,future_y8,future_x9,future_y9,future_x10,future_y10,future_x11,future_y11,future_x12,future_y12,future_x13,future_y13,future_x14,future_y14,future_x15,future_y15,future_x16,future_y16,future_x17,future_y17,future_x18,future_y18,future_x19,future_y19,future_x20,future_y20
84.11031409077867,156.3205702095586,99.01296307509654,161.70459724328603,114.44741647893224,158.11930200097723,125.4508581541244,146.7175054254222,128.48522577982519,131.1653574399575,112.82610858485897,123.06970381072132,93.8721116601061,116.91117688753124,81.35850088745453,107.1099252006238,85.91832406769498,91.93479072297784,97.99696117689403,81.67890366071104,113.7106300217404,79.63995655884636,128.0067351231686,86.47355537488836,136.28848646880652,99.98241500472841,135.89295792594268,115.82287746708973,126.36467781682524,127.46865161299992,107.41068089207246,121.31012468980988,88.4566839673196,115.1515977666198,75.623118060159,121.41374203099824,72.90870433345364,137.02491277409004,79.11969559177827,151.6023021644683
