future_x1,future_y1,future_x2,future_y2,future_x3,future_y3,future_x4,future_y4,future_x5,future_y5,future_x6,future_y6,future_x7,future_y7,future_x8,future_y8,future_x9,future_y9,future_x10,future_y10,future_x11,future_y11,future_x12,future_y12,future_x13,future_y13,future_x14,future_y14,future_x15,future_y15,future_x16,future_y16,future_x17,future_y17,future_x18,future_y18,future_x19,future_y19,future_x20,future_y20
201.23334297334412,74.23487196550425,175.87732529537166,65.02606800312499,149.59027027426552,71.08580737215088,130.82455505179914,90.46563283814716,125.61413444976807,116.93412769624561,147.48876695382071,131.7882325451962,180.79479986044515,138.26226951773614,210.09630781365846,147.82905613588883,208.85930402617103,174.77714557712613,193.16740371850602,196.7201163795833,168.0662028832538,206.60239443332767,141.62677741691937,201.24641796648893,122.35049787142721,182.37435528676855,116.43548664877264,156.05435632895978,125.78366488890556,130.749391075202,157.00477635571337,133.63795739449333,190.31080926233778,140.11199436703328,215.58276368767125,133.68721555233034,220.24863896312144,107.11732073098926,209.71626145062598,82.28188784091337
