future_x1,future_y1,future_x2,future_y2,future_x3,future_y3,future_x4,future_y4,future_x5,future_y5,future_x6,future_y6,future_x7,future_y7,future_x8,future_y8,future_x9,future_y9,future_x10,future_y10,future_x11,future_y11,future_x12,future_y12,future_x13,future_y13,future_x14,future_y14,future_x15,future_y15,future_x16,future_y16,future_x17,future_y17,future_x18,future_y18,future_x19,future_y19,future_x20,future_y20
189.61295871406776,216.1137183915167,199.0053163201134,184.61483020618465,189.75926445643665,153.072685966357,164.84779181885926,131.62939169194277,132.28096882876216,127.17985478979503,117.49425836740959,162.36273252807354,105.40726812745933,201.89749620400394,84.0747565667641,225.47842317200764,52.81140006656338,215.3295868518549,32.09298669708555,189.81206961832817,28.581344625745416,157.13081033606232,43.40561224975231,127.79418769943773,71.79917342636665,111.23514116825868,104.63232202190297,112.77809016787876,126.12782282451687,134.12361561669476,114.04083258456667,173.65837929262503,101.95384234461642,213.19314296855546,118.32136436445344,237.80890139057524,150.97267944291903,241.58884344815482,180.43006758018925,227.00602402109936
