future_x1,future_y1,future_x2,future_y2,future_x3,future_y3,future_x4,future_y4,future_x5,future_y5,future_x6,future_y6,future_x7,future_y7,future_x8,future_y8,future_x9,future_y9,future_x10,future_y10,future_x11,future_y11,future_x12,future_y12,future_x13,future_y13,future_x14,future_y14,future_x15,future_y15,future_x16,future_y16,future_x17,future_y17,future_x18,future_y18,future_x19,future_y19,future_x20,future_y20
162.63067966495933,54.78722932483372,136.32521630853364,74.49557618385867,124.96586086616023,105.33972282865523,140.55829701767104,130.44108565653798,181.13991963690756,138.32935400657473,221.72154225614406,146.21762235661149,228.82973942481343,176.11214736222877,214.16964378184107,205.5311537025319,185.8690621177209,222.24861211535165,153.02780380115698,220.8891671931076,126.20569384408486,201.88993679388813,114.02715171507027,171.35996054227905,120.40808320990469,139.11589052048862,152.15304633745302,132.69487661369135,192.73466895668955,140.5831449637281,229.9918523517528,142.79900233408338,240.71552607575987,111.72812915399824,232.81949871046348,79.821247605367,208.84267015011432,57.33774186227794,176.4945840272341,51.50699040996773
