future_x1,future_y1,future_x2,future_y2,future_x3,future_y3,future_x4,future_y4,future_x5,future_y5,future_x6,future_y6,future_x7,future_y7,future_x8,future_y8,future_x9,future_y9,future_x10,future_y10,future_x11,future_y11,future_x12,future_y12,future_x13,future_y13,future_x14,future_y14,future_x15,future_y15,future_x16,future_y16,future_x17,future_y17,future_x18,future_y18,future_x19,future_y19,future_x20,future_y20
165.3039654401984,97.92191141663788,144.96078131202242,103.46004060562497,130.89969663091503,119.169970999408,139.2892157101162,137.81356549715042,159.3023379903766,155.21070727767494,175.94036189762284,173.06953780259823,164.78815218908943,190.96211263138395,145.69930772736822,199.9137623398453,124.81168277044175,197.04616072079796,108.84151402075159,183.28136048638765,102.92387230238907,163.04531512471,108.96152456864431,142.84475150637093,125.01311550359098,129.17498765164692,145.00725064733345,142.78417743444314,165.02037292759394,160.18131921496774,184.68107684669928,166.32122586547672,198.41664362782714,150.32590715693084,201.24603568955195,129.4330721183864,192.25948627525358,110.36063270935497,174.3465432932792,99.241168283794
