future_x1,future_y1,future_x2,future_y2,future_x3,future_y3,future_x4,future_y4,future_x5,future_y5,future_x6,future_y6,future_x7,future_y7,future_x8,future_y8,future_x9,future_y9,future_x10,future_y10,future_x11,future_y11,future_x12,future_y12,future_x13,future_y13,future_x14,future_y14,future_x15,future_y15,future_x16,future_y16,future_x17,future_y17,future_x18,future_y18,future_x19,future_y19,future_x20,future_y20
160.44010726629912,169.54473432625474,157.7950346422867,149.28791725879924,144.5600065305382,133.72613465615686,125.85594957907932,131.0620213349924,111.11840914389464,152.10941033178244,96.38086870870995,173.15679932857245,78.09432395486951,174.8515317174303,63.67081328357281,160.38441774104695,59.43307488385878,140.40000831403998,66.74371720135923,121.32411892989256,83.25206588451559,109.29043825247777,103.65000296629468,108.16829311994915,121.37874668164304,118.31849967775636,121.64522374045508,137.07556104836107,106.9076833052704,158.12295004515107,92.23184672187946,179.16434919691338,105.78359695236804,194.4511118555383,125.46922350846259,199.91107101148822,144.95898196688634,193.7886236149844,157.9861076116833,178.05239012900213
