future_x1,future_y1,future_x2,future_y2,future_x3,future_y3,future_x4,future_y4,future_x5,future_y5,future_x6,future_y6,future_x7,future_y7,future_x8,future_y8,future_x9,future_y9,future_x10,future_y10,future_x11,future_y11,future_x12,future_y12,future_x13,future_y13,future_x14,future_y14,future_x15,future_y15,future_x16,future_y16,future_x17,future_y17,future_x18,future_y18,future_x19,future_y19,future_x20,future_y20
94.31344577670588,78.55611197742793,89.22533570635728,96.30570183525691,94.60707613395564,113.96847834913154,108.72821457113076,125.86512718177578,127.04822003613674,128.17038290973284,135.170326977395,107.175858395757,142.73116858796476,85.21757994595639,156.0480075766935,74.26019638907674,173.09550040395848,81.35384090466081,183.54488985349883,96.57708183230048,184.03626434686385,115.03501658449824,174.41162662903832,130.79265451058788,157.7656964310339,138.78326225044617,139.45082987628086,136.4375284013686,129.7697258269881,122.86034300275738,137.3305674375578,100.90206455295686,144.8914090481275,78.94378610315623,134.23012291479054,65.94446597992594,115.86664816852891,64.01583966761461,99.4067383358723,72.38292831958515
