future_x1,future_y1,future_x2,future_y2,future_x3,future_y3,future_x4,future_y4,future_x5,future_y5,future_x6,future_y6,future_x7,future_y7,future_x8,future_y8,future_x9,future_y9,future_x10,future_y10,future_x11,future_y11,future_x12,future_y12,future_x13,future_y13,future_x14,future_y14,future_x15,future_y15,future_x16,future_y16,future_x17,future_y17,future_x18,future_y18,future_x19,future_y19,future_x20,future_y20
57.36793480255383,109.82229533796784,66.69186153183348,130.18192878578495,85.58788887061536,142.19818588167306,107.98016125347262,142.00734219071825,126.66863549986438,129.67076186534442,118.03078203628239,104.5139942747631,107.02595472330216,78.58824581399669,108.89471248231314,57.37989431510334,129.82753715834602,49.425830268031675,151.72021946480436,54.1333503381891,167.53335512644156,69.98879181198939,172.18236596213887,91.89397343716753,164.17240240095876,112.80547188971788,146.0789995439844,125.99937414938623,125.89137297412537,123.03238603245333,114.8865456611452,97.10663757168703,103.88171834816498,71.18088911092062,84.16926394295291,66.7048609959557,65.73802196029536,79.42254957364821,57.18557952260082,100.11810494508956
