future_x1,future_y1,future_x2,future_y2,future_x3,future_y3,future_x4,future_y4,future_x5,future_y5,future_x6,future_y6,future_x7,future_y7,future_x8,future_y8,future_x9,future_y9,future_x10,future_y10,future_x11,future_y11,future_x12,future_y12,future_x13,future_y13,future_x14,future_y14,future_x15,future_y15,future_x16,future_y16,future_x17,future_y17,future_x18,future_y18,future_x19,future_y19,future_x20,future_y20
158.81118524924094,140.83935186377502,148.85579262536578,130.2477769487159,134.74147316311857,126.77253773472682,125.97148457264943,137.54341475705513,122.17036966052241,155.42625442223556,117.2821234699317,171.86359415033291,102.75452762877127,171.3734303484098,90.8290838772095,163.06228765891433,85.3403163979772,149.60254274915695,88.05309131018605,135.32206118330942,98.09513910170074,124.81260935984355,112.23752541142822,121.45341139853635,125.9328871863945,126.32458860015923,124.88545174061312,142.65279751853532,121.08433682848612,160.53563718371572,123.44424424296494,174.77255843458624,137.62694146381415,177.9572720823942,151.26125265468812,172.91774235957024,159.9631819605533,161.27438683667458,160.93469862843364,146.77102664529656
