future_x1,future_y1,future_x2,future_y2,future_x3,future_y3,future_x4,future_y4,future_x5,future_y5,future_x6,future_y6,future_x7,future_y7,future_x8,future_y8,future_x9,future_y9,future_x10,future_y10,future_x11,future_y11,future_x12,future_y12,future_x13,future_y13,future_x14,future_y14,future_x15,future_y15,future_x16,future_y16,future_x17,future_y17,future_x18,future_y18,future_x19,future_y19,future_x20,future_y20
164.82066154107275,107.7217812105817,151.34278333791363,104.4004004535926,138.22566038057155,108.94197026083536,129.6869910822561,119.88618780281129,134.0455086110308,131.7776530477371,148.8514306662795,141.02941996682034,163.65735272152816,150.28118688590362,159.72136370621746,163.39998158099752,148.97278089849053,172.18364474721275,135.17589512332518,173.71031232698556,122.76697669932643,167.48909745056213,115.73600694455841,155.52037841719746,116.34373389610583,141.652594205419,124.39474816369759,130.34481191820083,138.27577205538762,134.42101502461804,153.08169411063625,143.67278194370127,167.1096535400962,148.47013271108827,175.42181793195437,137.35290760250953,176.35233046334733,123.503036938095,169.60199280855298,111.37382787326496
