future_x1,future_y1,future_x2,future_y2,future_x3,future_y3,future_x4,future_y4,future_x5,future_y5,future_x6,future_y6,future_x7,future_y7,future_x8,future_y8,future_x9,future_y9,future_x10,future_y10,future_x11,future_y11,future_x12,future_y12,future_x13,future_y13,future_x14,future_y14,future_x15,future_y15,future_x16,future_y16,future_x17,future_y17,future_x18,future_y18,future_x19,future_y19,future_x20,future_y20
195.7643374598065,141.96592251421123,179.72681277532894,123.63342904280178,156.29885095389238,116.96911214023709,133.0135122344184,124.11582576286769,132.73224275114947,150.26345173241782,139.10167854984917,180.2292911713687,137.26181629474723,205.42115853833073,113.75353030336868,211.79634517340676,90.55800378420278,204.3633064688662,75.13355939776098,185.51207228502398,72.43979497848393,161.30409533241732,83.34286737751145,139.52324302709962,104.33698715412329,127.17296166634505,128.1826457520783,128.85928070459585,134.55208155077798,158.82512014354674,140.92151734947765,188.7909595824975,158.0677740141022,202.85609023810238,181.20146897420557,195.23279223937408,196.4705637411473,176.25550950757471,198.96541181858038,152.0262245830247
