future_x1,future_y1,future_x2,future_y2,future_x3,future_y3,future_x4,future_y4,future_x5,future_y5,future_x6,future_y6,future_x7,future_y7,future_x8,future_y8,future_x9,future_y9,future_x10,future_y10,future_x11,future_y11,future_x12,future_y12,future_x13,future_y13,future_x14,future_y14,future_x15,future_y15,future_x16,future_y16,future_x17,future_y17,future_x18,future_y18,future_x19,future_y19,future_x20,future_y20
67.44068917171356,92.85967430747691,84.08463952401642,117.33159512318282,111.360015299315,128.8185384962634,133.08891470977156,112.3379309756475,144.59161788862284,76.93625076908444,156.3416664690957,41.93976918324931,185.82787310090046,44.481345506442494,209.1915087116926,62.64825285982076,218.92019660401297,90.5990779573724,211.88576060542644,119.3464726553616,190.35006329399658,139.64695868527173,161.2377234808124,144.97308883217912,133.90956440693034,133.61229161663562,136.37540133230047,102.22316520234381,147.87810451115175,66.82148499578075,149.3763953118303,35.894186668050935,121.8709210872759,24.969678467565316,92.84701745026784,30.75837516110299,71.6370717477148,51.398970962458606,65.06096015405424,80.25465927599268
