future_x1,future_y1,future_x2,future_y2,future_x3,future_y3,future_x4,future_y4,future_x5,future_y5,future_x6,future_y6,future_x7,future_y7,future_x8,future_y8,future_x9,future_y9,future_x10,future_y10,future_x11,future_y11,future_x12,future_y12,future_x13,future_y13,future_x14,future_y14,future_x15,future_y15,future_x16,future_y16,future_x17,future_y17,future_x18,future_y18,future_x19,future_y19,future_x20,future_y20
152.34195435558215,74.45596805935426,134.95953926282132,78.33375821104144,122.48036330125059,91.04028323709433,118.9169984977118,108.4898689684079,125.41521425045254,125.07175073581854,144.95362977285382,123.45728859358752,166.59036828172896,117.65974198329097,184.58666595188308,118.88241760926692,189.74487471811614,135.9287806595342,184.80436223566696,153.03950674957247,171.35370793048375,164.71278862229434,153.71785436078585,167.19518258492937,137.56745902200151,159.68849614425966,128.0955430525789,144.60643995865428,129.4988165522288,127.5983933152279,151.13555506110382,121.80084670493136,172.77229356997896,116.00330009463482,181.43841246031852,102.45080946009058,174.60110995007466,86.00584350387875,159.92063942606225,75.92271918097349
