future_x1,future_y1,future_x2,future_y2,future_x3,future_y3,future_x4,future_y4,future_x5,future_y5,future_x6,future_y6,future_x7,future_y7,future_x8,future_y8,future_x9,future_y9,future_x10,future_y10,future_x11,future_y11,future_x12,future_y12,future_x13,future_y13,future_x14,future_y14,future_x15,future_y15,future_x16,future_y16,future_x17,future_y17,future_x18,future_y18,future_x19,future_y19,future_x20,future_y20
80.66860198518383,69.19019426579987,83.6873016899212,97.3146571373297,101.5141390483242,119.27602844051594,128.27428031819258,127.56105973616005,147.1269374363245,97.390501585842,165.97959455445636,67.21994343552407,190.16646840009167,58.106586622916325,212.52485174532367,75.43288610973742,221.8670063201859,102.13161468655818,215.18904242611393,129.61802510969113,194.63820209256056,149.05409779179854,166.82243181410638,154.19033021796753,140.68565401544507,143.37521089256165,133.66075378051596,118.94090026464065,152.5134108986479,88.77034211432259,171.3660680167797,58.59978396400467,157.1172502630149,36.44774254092552,130.04063071476708,28.265161434770334,102.86763333223186,36.121762033513804,84.33550242692571,57.49132178162189
