future_x1,future_y1,future_x2,future_y2,future_x3,future_y3,future_x4,future_y4,future_x5,future_y5,future_x6,future_y6,future_x7,future_y7,future_x8,future_y8,future_x9,future_y9,future_x10,future_y10,future_x11,future_y11,future_x12,future_y12,future_x13,future_y13,future_x14,future_y14,future_x15,future_y15,future_x16,future_y16,future_x17,future_y17,future_x18,future_y18,future_x19,future_y19,future_x20,future_y20
102.68827749140243,74.26611585524013,99.25648328351524,95.7318377438415,108.04900227632302,115.61263343830905,126.23867537978117,127.5160035524144,145.41860464804225,109.96250686301906,164.41138174153303,90.29491043964234,184.07303629962874,84.26439943358416,199.01912085015198,100.04948683570765,202.9787339761674,121.42414219143986,194.6786960289956,141.51552834968075,176.78781304127077,153.86343236629853,155.05874503102058,154.49749158274935,136.47828749946817,143.21382969477065,131.8523352955489,124.01079002257379,150.84511238903968,104.34319359919708,169.8378894825304,84.67559717582046,165.98410667636222,65.39792041328559,147.55386984476,53.87052703858471,125.8183356945345,54.21835298417565,107.76637885877358,66.3295577997129
