future_x1,future_y1,future_x2,future_y2,future_x3,future_y3,future_x4,future_y4,future_x5,future_y5,future_x6,future_y6,future_x7,future_y7,future_x8,future_y8,future_x9,future_y9,future_x10,future_y10,future_x11,future_y11,future_x12,future_y12,future_x13,future_y13,future_x14,future_y14,future_x15,future_y15,future_x16,future_y16,future_x17,future_y17,future_x18,future_y18,future_x19,future_y19,future_x20,future_y20
107.03273125884604,195.5085606655967,127.27764303844543,180.82007220613536,136.2804932307144,157.48433063653826,131.1464925519226,133.0047435644975,104.0121785352863,130.52122163073852,72.7256897327598,133.80956411047651,47.68201542454287,128.60359828958963,44.03223868176971,103.8591589967834,54.42471380546485,81.10823358723493,75.5178295306371,67.66618704692158,100.52927536031135,67.85519418107653,121.41683535041415,81.61448136636767,131.4642936880293,104.51986778837217,126.35967053709106,128.1724055737828,95.07318173456444,131.4607480535208,63.786692932037965,134.7490905332588,48.284966977687006,151.27301810140614,53.92049643253115,175.642034371068,71.90132578499367,193.02875119699814,96.44587353471863,197.84261886748533
