future_x1,future_y1,future_x2,future_y2,future_x3,future_y3,future_x4,future_y4,future_x5,future_y5,future_x6,future_y6,future_x7,future_y7,future_x8,future_y8,future_x9,future_y9,future_x10,future_y10,future_x11,future_y11,future_x12,future_y12,future_x13,future_y13,future_x14,future_y14,future_x15,future_y15,future_x16,future_y16,future_x17,future_y17,future_x18,future_y18,future_x19,future_y19,future_x20,future_y20
126.59726630422423,85.96423735862211,120.25520286352167,104.69361944959817,125.11737807957044,123.86053819946852,146.37866190825176,125.08910591974774,170.94305193199438,121.19848875392371,191.21008734544114,123.87271653469458,195.32168206359475,143.21454455247311,188.2545977245523,161.68256667560615,172.2811947003043,173.33854874579802,152.5375837681936,174.4346096734431,135.37215373041363,164.61832046551154,126.30430142938545,147.04602474632827,128.83266903414994,127.86811818105059,153.3970590578926,123.97750101522658,177.9614490816352,120.08688384940255,189.966590310424,106.69938719999891,184.71190788656457,87.63633826180296,169.93596330799681,74.49544848953931,150.3898348565495,71.50205831196581,132.35841253608672,79.61866667363925
