future_x1,future_y1,future_x2,future_y2,future_x3,future_y3,future_x4,future_y4,future_x5,future_y5,future_x6,future_y6,future_x7,future_y7,future_x8,future_y8,future_x9,future_y9,future_x10,future_y10,future_x11,future_y11,future_x12,future_y12,future_x13,future_y13,future_x14,future_y14,future_x15,future_y15,future_x16,future_y16,future_x17,future_y17,future_x18,future_y18,future_x19,future_y19,future_x20,future_y20
71.24331919328708,88.76395900083863,80.92398205488993,112.53528601157879,101.9745957337716,127.2207511058154,127.62651590150477,128.09836890408397,136.23128626538755,97.28042144592824,144.58657402728502,66.0980630066669,162.63958456006387,50.80571323339396,186.78830954523735,59.50228168779134,202.32562668070278,79.93223512688498,204.2556448674057,105.52649720045571,191.9577833064927,128.0554523986042,169.38631393396838,140.2751083535302,143.7988991858638,138.25633947125513,130.26322357831796,119.55353461682911,138.61851134021543,88.37117617756778,146.97379910211285,57.188817738306554,129.71018987182845,41.05064983778364,104.04565803120201,40.699898226191436,82.31650035616101,54.36133768273598,71.50954117887571,77.64224949116931
