future_x1,future_y1,future_x2,future_y2,future_x3,future_y3,future_x4,future_y4,future_x5,future_y5,future_x6,future_y6,future_x7,future_y7,future_x8,future_y8,future_x9,future_y9,future_x10,future_y10,future_x11,future_y11,future_x12,future_y12,future_x13,future_y13,future_x14,future_y14,future_x15,future_y15,future_x16,future_y16,future_x17,future_y17,future_x18,future_y18,future_x19,future_y19,future_x20,future_y20
210.2985098156375,139.00537083046777,186.89041200151544,118.82655134839958,156.27285840632317,114.62069699869505,128.2906608561568,127.740164184098,135.98109728736853,165.54811060482834,144.06274701044993,203.56928322629273,132.9658473303514,229.78303804754577,102.29880260414262,233.6113753793532,74.48035598874135,220.1481726819427,58.45529046204081,193.72240734145814,59.37632843606134,162.83105761348716,76.94731804776366,137.40697212293608,105.51845825123198,125.62504755862332,130.20849034231037,138.39013016092505,138.2901400653918,176.4113027823896,146.37178978847317,214.43247540385397,173.7694447980505,222.20522400837106,201.4763768533017,208.51399634058373,217.2838611978047,181.9575048994371,216.10913678300906,151.0747617972662
