future_x1,future_y1,future_x2,future_y2,future_x3,future_y3,future_x4,future_y4,future_x5,future_y5,future_x6,future_y6,future_x7,future_y7,future_x8,future_y8,future_x9,future_y9,future_x10,future_y10,future_x11,future_y11,future_x12,future_y12,future_x13,future_y13,future_x14,future_y14,future_x15,future_y15,future_x16,future_y16,future_x17,future_y17,future_x18,future_y18,future_x19,future_y19,future_x20,future_y20
96.8601333674857,190.5813691891013,118.8334649149103,180.07160156124897,131.55915086261487,159.3028887449736,130.94535601143315,134.95323226351246,106.7571062311554,127.25818180336071,76.14047430694697,126.18902545732206,51.02194387726857,119.40763197011485,49.835778886833424,95.07913987750943,62.069606327496416,74.01694670973586,83.78974388555405,62.993420080587086,108.01226757011065,65.5530804556353,126.94863258818636,80.87289098927756,134.51001313945665,104.02689796525038,128.2651121432671,127.5701289761437,98.00949710995299,126.95270856163538,67.39286518574454,125.88355221559672,48.36715479448999,137.88341429350234,49.480763568935984,162.2153355160857,63.64649319168328,182.02984078721772,86.30947476761526,190.95574583788155
