future_x1,future_y1,future_x2,future_y2,future_x3,future_y3,future_x4,future_y4,future_x5,future_y5,future_x6,future_y6,future_x7,future_y7,future_x8,future_y8,future_x9,future_y9,future_x10,future_y10,future_x11,future_y11,future_x12,future_y12,future_x13,future_y13,future_x14,future_y14,future_x15,future_y15,future_x16,future_y16,future_x17,future_y17,future_x18,future_y18,future_x19,future_y19,future_x20,future_y20
99.10613742923145,88.32654562432893,102.5136161890163,108.4691406754213,116.32636647164739,123.5204853502446,134.62922595259002,120.37394789981079,151.48608382688724,100.98235115620443,168.34294170118446,81.59075441259809,186.53179778196034,89.8277086523912,196.97727278984684,107.38410631108745,196.19664353311686,127.79796593767922,184.44091465570975,144.50538600935852,165.49003997780375,152.13423886106423,145.43751075642868,148.2315322724831,130.73104582084846,134.0521480831325,139.44547105953214,114.83349168735177,156.30232893382936,95.44189494374542,166.90288370246122,76.14028321461036,152.78401331634456,61.37571258385057,132.90639930395434,56.66237957364592,113.66151800892906,63.515815998611316,101.23739599505096,79.73235814158821
