future_x1,future_y1,future_x2,future_y2,future_x3,future_y3,future_x4,future_y4,future_x5,future_y5,future_x6,future_y6,future_x7,future_y7,future_x8,future_y8,future_x9,future_y9,future_x10,future_y10,future_x11,future_y11,future_x12,future_y12,future_x13,future_y13,future_x14,future_y14,future_x15,future_y15,future_x16,future_y16,future_x17,future_y17,future_x18,future_y18,future_x19,future_y19,future_x20,future_y20
147.94985834949017,164.89327413577558,144.65736774032297,144.73156407737025,130.9307245663815,129.60164953478468,110.13456056593887,140.05039105540672,88.83317164287762,154.4183593045844,69.1404486148455,158.3081214716733,57.71110112599267,141.3757541572748,57.32670198701035,120.95059114219447,68.11085144498028,103.60016845688669,86.59599871116485,94.90336574335308,106.83840318436083,97.6565653427631,122.32929327618,110.97449953143648,125.34983836812557,129.78755659170832,104.04844944506422,144.15552484088607,82.74706052200287,158.52349309006382,80.08468151661482,176.69249318611077,94.11907612961234,191.53738505965845,113.96947250100672,196.36406205208388,133.25314588624113,189.62054756316502,145.7695964575524,173.47516085405897
