future_x1,future_y1,future_x2,future_y2,future_x3,future_y3,future_x4,future_y4,future_x5,future_y5,future_x6,future_y6,future_x7,future_y7,future_x8,future_y8,future_x9,future_y9,future_x10,future_y10,future_x11,future_y11,future_x12,future_y12,future_x13,future_y13,future_x14,future_y14,future_x15,future_y15,future_x16,future_y16,future_x17,future_y17,future_x18,future_y18,future_x19,future_y19,future_x20,future_y20
168.95334454120223,194.71753738046135,177.6186575141991,172.6556544494265,172.89408165519077,149.42867207256248,156.29876382042238,132.50502727170195,133.1687861619046,127.32637291953965,120.40074522452386,150.0698383811676,110.6949840081187,178.2574156819755,95.96125154343474,197.22063867845503,73.3118912329365,190.23345005155153,58.10336218807228,172.05337932357588,55.22583651658026,148.5260723507713,65.60455792457576,127.21653295364,85.90233753641918,114.97666080513554,109.5925983627074,115.74208184293705,127.33343180767038,129.93585459487636,117.62767059126526,158.12343189568412,107.92190937486008,186.311009196492,116.40718273722257,205.96888538081427,139.63861190042792,210.6715470120235,161.69231023607554,201.9854249139334
