future_x1,future_y1,future_x2,future_y2,future_x3,future_y3,future_x4,future_y4,future_x5,future_y5,future_x6,future_y6,future_x7,future_y7,future_x8,future_y8,future_x9,future_y9,future_x10,future_y10,future_x11,future_y11,future_x12,future_y12,future_x13,future_y13,future_x14,future_y14,future_x15,future_y15,future_x16,future_y16,future_x17,future_y17,future_x18,future_y18,future_x19,future_y19,future_x20,future_y20
50.491198949255406,200.1531630509011,81.28757606060292,207.05294747473854,110.884746682939,196.09706506244126,129.76599438574144,170.80828586167365,131.8602158688044,139.3179999839679,103.2630750457729,125.83579949601426,63.72000550034279,122.37622918977299,29.631659650586883,113.74661499593881,28.508176613042068,82.20677266684332,44.715980138218015,55.126688228846234,73.04358997758285,41.21373063283241,104.3825060844376,44.94149209613428,128.65596870243627,65.1113428841887,138.0590540613303,95.2378404239478,129.56828069140587,125.63406775334414,91.96505517565006,124.84735083708819,52.42198563021995,121.38778053084691,24.965059204483282,133.31066800738427,23.517832773904388,164.83731394282105,39.44676545729075,192.08236802329418
