future_x1,future_y1,future_x2,future_y2,future_x3,future_y3,future_x4,future_y4,future_x5,future_y5,future_x6,future_y6,future_x7,future_y7,future_x8,future_y8,future_x9,future_y9,future_x10,future_y10,future_x11,future_y11,future_x12,future_y12,future_x13,future_y13,future_x14,future_y14,future_x15,future_y15,future_x16,future_y16,future_x17,future_y17,future_x18,future_y18,future_x19,future_y19,future_x20,future_y20
43.3389804106813,131.16158014042333,61.20546179793703,150.4908476649757,86.71036116653957,156.9971406490228,111.65279681812812,148.58841637222747,127.97399799472642,127.96671895092983,107.59198162335645,101.87892764917373,87.2099652519864,75.7911363474175,86.43553028839402,51.661495077474456,108.59448772614536,37.45542787121613,134.91587654858836,37.582827457465484,156.93627987452822,52.002729591662046,167.57522583005513,76.07853838705208,163.4118525675858,102.06888396525014,145.7848570605207,121.61679356169316,122.15056474576357,120.51306429328524,101.7685483743936,94.42527299152914,81.38653200302356,68.33748168977293,57.49526301266192,73.18992102902753,41.56213242865326,94.14146249951916,39.58356395153055,120.38869105756328
