future_x1,future_y1,future_x2,future_y2,future_x3,future_y3,future_x4,future_y4,future_x5,future_y5,future_x6,future_y6,future_x7,future_y7,future_x8,future_y8,future_x9,future_y9,future_x10,future_y10,future_x11,future_y11,future_x12,future_y12,future_x13,future_y13,future_x14,future_y14,future_x15,future_y15,future_x16,future_y16,future_x17,future_y17,future_x18,future_y18,future_x19,future_y19,future_x20,future_y20
77.85853569715131,147.5313693222084,95.42276973008524,153.22649768296145,113.26007322607487,148.45497714951762,125.63501419323987,134.75104923565624,117.5182526064402,118.22561242642136,100.53363840648449,102.38720345273468,87.73045462509437,86.14541479235636,98.5005229489103,71.14733383146486,115.69470190704753,64.41702817981135,133.78435068825337,68.11856991019042,146.95289783793922,81.0617600183372,150.9661099347876,99.0848267073008,144.5335730406357,116.39260742334012,129.72361423754302,127.41993368403566,112.66550569216714,113.70035271965374,95.68089149221142,97.86194374596705,78.71717613114524,93.24971265124356,66.62621069707879,107.2048321090389,64.06760136494395,125.49117462181691,71.86404702650698,142.22892355216663
