future_x1,future_y1,future_x2,future_y2,future_x3,future_y3,future_x4,future_y4,future_x5,future_y5,future_x6,future_y6,future_x7,future_y7,future_x8,future_y8,future_x9,future_y9,future_x10,future_y10,future_x11,future_y11,future_x12,future_y12,future_x13,future_y13,future_x14,future_y14,future_x15,future_y15,future_x16,future_y16,future_x17,future_y17,future_x18,future_y18,future_x19,future_y19,future_x20,future_y20
75.31980388616735,198.63872685273796,102.84413322681985,196.21047567996482,124.62292764816434,179.20549926235344,133.653402547874,153.0916019565812,125.53721901989834,127.91399779308526,90.80544839619952,126.70113763709546,56.07367777250053,125.48827748110565,38.29452773658333,107.98186722363036,42.91678526839917,80.73999054965145,61.60944461332603,60.39129044312631,88.36204144056663,53.478716941902505,114.57250763240759,62.22494878293358,131.81309252840927,83.81771011293635,134.5402338859101,111.31403367494939,115.61385598455583,127.56746631994531,80.882085360857,126.35460616395552,46.15031473715803,125.14174600796572,36.262199193132986,149.66147505425178,43.43310940584972,176.3459865943181,63.96158998475238,194.8410290255298
