future_x1,future_y1,future_x2,future_y2,future_x3,future_y3,future_x4,future_y4,future_x5,future_y5,future_x6,future_y6,future_x7,future_y7,future_x8,future_y8,future_x9,future_y9,future_x10,future_y10,future_x11,future_y11,future_x12,future_y12,future_x13,future_y13,future_x14,future_y14,future_x15,future_y15,future_x16,future_y16,future_x17,future_y17,future_x18,future_y18,future_x19,future_y19,future_x20,future_y20
164.20373829302332,192.88906983437266,161.51495373590794,160.78686089167257,141.80198116216687,135.3078480830454,111.84944897641816,141.55192140719785,80.81113059875068,167.59616291026254,49.832865300246354,190.15128826958463,24.97299882984082,169.66303747873224,15.250925009815802,138.95045598460774,23.792693314371945,107.88891101938529,47.85177138719223,86.46597602715804,79.69216897027584,81.57001206216422,109.07587923858176,94.77527435654935,126.55482210809632,121.83572404903418,102.98135801137025,148.9931332652164,71.94303963370291,175.03737476828096,56.05793257259998,203.06612249503175,76.28988071968286,228.13502066724917,106.90103230992675,238.1718916793906,138.04863402703216,229.94946571938175,159.7174416162386,206.11159335087314
