future_x1,future_y1,future_x2,future_y2,future_x3,future_y3,future_x4,future_y4,future_x5,future_y5,future_x6,future_y6,future_x7,future_y7,future_x8,future_y8,future_x9,future_y9,future_x10,future_y10,future_x11,future_y11,future_x12,future_y12,future_x13,future_y13,future_x14,future_y14,future_x15,future_y15,future_x16,future_y16,future_x17,future_y17,future_x18,future_y18,future_x19,future_y19,future_x20,future_y20
188.46607196483222,135.6242646606269,168.73621715393784,121.34087066530756,144.41135381311068,120.08248346948487,129.09373684460604,135.78234202836578,133.35734572578266,166.11949556957813,137.6209546069593,196.4566491107905,119.90335261216536,210.03140729846263,95.66827939372719,207.59342842622698,76.6552147497163,192.36891241660746,68.97764658750955,169.25317184877863,75.10423111779849,145.6788748947288,93.06501761771347,129.2261346005104,117.08486919427477,125.18518853251298,130.3119108106565,144.45010018299797,134.57551969183314,174.7872537242103,140.98980460410704,202.6417850893823,165.33537725936088,203.40047275389395,186.17945229203445,190.79860579233736,196.819796104408,168.88820647057733,193.83509738001368,144.71437581821434
