future_x1,future_y1,future_x2,future_y2,future_x3,future_y3,future_x4,future_y4,future_x5,future_y5,future_x6,future_y6,future_x7,future_y7,future_x8,future_y8,future_x9,future_y9,future_x10,future_y10,future_x11,future_y11,future_x12,future_y12,future_x13,future_y13,future_x14,future_y14,future_x15,future_y15,future_x16,future_y16,future_x17,future_y17,future_x18,future_y18,future_x19,future_y19,future_x20,future_y20
97.1296224199874,86.10544816929426,92.82602382066646,101.35522629704487,97.50680734038141,116.49348773920713,109.66690717408636,126.65265433317667,125.39634748791293,128.5661331711744,132.3023188730993,111.94352737523084,137.46043019549538,92.69319384895222,146.95860066205975,80.30850130234477,162.2762685393967,84.36383663364562,172.92610305485647,96.09659925133376,175.48374123777268,111.73421993911681,169.12679646108327,126.24855585075304,155.89928980964766,134.9726467280837,140.05441262701822,135.10133595485397,128.6179536428164,125.69376560828695,133.77606496521247,106.4434320820084,138.93417628760855,87.19309855572978,131.3394781966921,75.14164783880825,115.57406641058527,73.55152675405346,101.47859870347003,80.78993016691756
