future_x1,future_y1,future_x2,future_y2,future_x3,future_y3,future_x4,future_y4,future_x5,future_y5,future_x6,future_y6,future_x7,future_y7,future_x8,future_y8,future_x9,future_y9,future_x10,future_y10,future_x11,future_y11,future_x12,future_y12,future_x13,future_y13,future_x14,future_y14,future_x15,future_y15,future_x16,future_y16,future_x17,future_y17,future_x18,future_y18,future_x19,future_y19,future_x20,future_y20
141.4695935218418,101.97631472552905,131.52796337122192,109.67099024658484,127.36884925817319,121.53462422697586,135.42507077542234,130.12910478378492,150.62431453237647,134.4874177981149,165.08448466369714,139.32889053850604,164.11011322120294,151.86263067136747,156.4768235997664,161.85147099351295,144.639034624964,166.0835855493936,132.40308583766188,163.1981741921398,123.70334165238519,154.1230162025072,121.33713021532098,141.77615081646056,126.06528652480544,130.12760672978894,139.76771184883785,131.3743370735935,154.96695560579198,135.73265008792347,167.75785039382282,135.2300994057395,171.67250549932663,123.2835720094204,168.46154334340258,111.12899412866807,159.15742127465984,102.67456606072736,146.75179996543196,100.63873665773686
