future_x1,future_y1,future_x2,future_y2,future_x3,future_y3,future_x4,future_y4,future_x5,future_y5,future_x6,future_y6,future_x7,future_y7,future_x8,future_y8,future_x9,future_y9,future_x10,future_y10,future_x11,future_y11,future_x12,future_y12,future_x13,future_y13,future_x14,future_y14,future_x15,future_y15,future_x16,future_y16,future_x17,future_y17,future_x18,future_y18,future_x19,future_y19,future_x20,future_y20
118.94350917118533,89.5629673732258,115.666339525333,106.40197032884734,122.07271732968276,122.31580659968627,138.3756736149457,123.38045247722721,158.0867603127872,114.60451126074456,177.21737958970445,107.72520541939683,186.88642130079865,121.89564979550046,187.29539242097547,139.0457111379562,178.31279179329445,153.66093427654422,162.826897627625,161.04191953034407,145.81706640801335,158.815374379791,132.75266351109184,147.69722532637198,127.83443566669402,131.26241786483706,144.0074126714719,120.87304070108928,163.7184993693134,112.09709948460663,175.83295165450158,100.02966725087725,169.10118393807426,84.25072036462402,154.87144763188763,74.66915128208188,137.71919243128843,74.36583138388202,123.15957892277058,83.43829058245208
