future_x1,future_y1,future_x2,future_y2,future_x3,future_y3,future_x4,future_y4,future_x5,future_y5,future_x6,future_y6,future_x7,future_y7,future_x8,future_y8,future_x9,future_y9,future_x10,future_y10,future_x11,future_y11,future_x12,future_y12,future_x13,future_y13,future_x14,future_y14,future_x15,future_y15,future_x16,future_y16,future_x17,future_y17,future_x18,future_y18,future_x19,future_y19,future_x20,future_y20
87.1154853785308,183.68889157605267,108.18742544424637,182.98935083121125,125.49122001953785,170.94382433035233,133.4629823313646,151.42544783458507,129.53946056281364,130.71018794438555,105.36376548013124,128.79047472782943,78.86227225541307,129.71592726391685,59.80542186698017,122.0223302872008,59.24970329746206,100.94610690021152,70.24410859322661,82.95613559452997,89.25348100374826,73.83693738718189,110.1655198276678,76.5207122685129,126.25613829295058,90.14451543765335,132.3515360022621,110.32772980385683,124.29340349778698,128.12943720205269,97.79191027306894,129.05488973814013,71.29041704835078,129.98034227422755,59.40523123864216,144.74113839202892,63.753248380028,165.37147436420824,78.62054866191043,180.32070169257344
