future_x1,future_y1,future_x2,future_y2,future_x3,future_y3,future_x4,future_y4,future_x5,future_y5,future_x6,future_y6,future_x7,future_y7,future_x8,future_y8,future_x9,future_y9,future_x10,future_y10,future_x11,future_y11,future_x12,future_y12,future_x13,future_y13,future_x14,future_y14,future_x15,future_y15,future_x16,future_y16,future_x17,future_y17,future_x18,future_y18,future_x19,future_y19,future_x20,future_y20
79.33276166021052,102.88823098223419,99.64022017120143,122.57845923240305,127.38994143023154,128.0603320661683,142.16094398490932,96.19399905669668,156.6311982044534,63.69327595185884,178.8291696421822,49.908189892634,203.6661660709521,63.444126067004646,217.14956043854005,88.30968530156566,214.9438829003928,116.50956023598829,197.75835015615928,138.97632288698549,171.11882290114863,148.48597836701785,143.5910127016475,141.9807784977128,131.82504811380642,119.40880127443803,146.29530233335046,86.9080781696002,160.76555655289454,54.407355064762356,145.01923448816748,33.736037037608384,117.16280993459105,28.825072691345113,91.11440963935357,39.851350475730754,75.24967336348769,63.2694653148161,74.6697710231642,91.54952318242047
