future_x1,future_y1,future_x2,future_y2,future_x3,future_y3,future_x4,future_y4,future_x5,future_y5,future_x6,future_y6,future_x7,future_y7,future_x8,future_y8,future_x9,future_y9,future_x10,future_y10,future_x11,future_y11,future_x12,future_y12,future_x13,future_y13,future_x14,future_y14,future_x15,future_y15,future_x16,future_y16,future_x17,future_y17,future_x18,future_y18,future_x19,future_y19,future_x20,future_y20
89.21709036560469,98.78898916256992,90.40813832649965,113.93285526464355,99.64259756351832,125.99436588158234,113.95120689053897,131.09524569680872,128.03625510472799,126.96178963821093,128.70304078290278,107.86754607257558,129.3698264610776,88.77330250694013,138.7525103714659,78.71478356984152,153.7525683134235,81.11343683794864,165.03672205603084,91.28315414355191,168.97664872014866,105.95395008801451,164.30549867011734,120.40855603120009,152.52524015140887,129.9992173741464,137.42371428003156,131.64213919785135,128.2267652984922,121.50629147660084,128.89355097666703,102.41204791096547,129.56033665484182,83.31780434533003,116.34588858380106,77.57350927539339,101.63891514382351,81.37616729294919,91.36419299347095,92.5647936829821
