future_x1,future_y1,future_x2,future_y2,future_x3,future_y3,future_x4,future_y4,future_x5,future_y5,future_x6,future_y6,future_x7,future_y7,future_x8,future_y8,future_x9,future_y9,future_x10,future_y10,future_x11,future_y11,future_x12,future_y12,future_x13,future_y13,future_x14,future_y14,future_x15,future_y15,future_x16,future_y16,future_x17,future_y17,future_x18,future_y18,future_x19,future_y19,future_x20,future_y20
183.79586850747137,178.42923224763285,183.69038181564656,154.72684418354638,170.7130238722567,134.89246725378598,149.03655284870038,125.30367528880946,127.55298385167467,131.18068516721115,123.40398811246553,160.70232382828334,119.25499237325637,190.22396248935564,101.99339560137615,202.738250620627,79.3075876819528,195.87032178977094,64.00361991683721,177.77051797793422,61.002351915918865,154.25867590272952,71.26881567030264,132.89482677944187,91.5019177903056,120.54833310778726,115.19587777944501,121.18910406197922,126.36755649761491,139.61543907037463,122.21856075840577,169.13707773144682,118.06956501919662,198.65871639251912,139.13291301624392,208.31087140855726,162.4568909748563,204.0911108029258,179.73644459365022,187.86670467764873
