future_x1,future_y1,future_x2,future_y2,future_x3,future_y3,future_x4,future_y4,future_x5,future_y5,future_x6,future_y6,future_x7,future_y7,future_x8,future_y8,future_x9,future_y9,future_x10,future_y10,future_x11,future_y11,future_x12,future_y12,future_x13,future_y13,future_x14,future_y14,future_x15,future_y15,future_x16,future_y16,future_x17,future_y17,future_x18,future_y18,future_x19,future_y19,future_x20,future_y20
170.89239322247633,68.74858344593596,146.30400078196186,76.11079632542025,129.67210901574725,95.6600008506301,126.34456010989382,121.11031793255887,150.97034935630944,132.88249847953625,182.54725543176303,139.59437706311178,206.4444623426739,151.8669991289384,202.73231500538688,177.2640695001026,185.80661134638143,196.55945176993833,161.10966624653503,203.54888121923778,136.58257063695257,195.98496673994902,120.11180180153282,176.29982017555284,116.99339422950105,150.82303161211226,128.41541644527103,128.088299491268,159.99232252072474,134.80017807484356,191.56922859617833,141.51205665841906,212.79372184259336,131.51173743057495,215.5980273978799,105.99846457811343,204.07793353578316,83.06205991870695,181.9376276577779,70.07752770071927
