future_x1,future_y1,future_x2,future_y2,future_x3,future_y3,future_x4,future_y4,future_x5,future_y5,future_x6,future_y6,future_x7,future_y7,future_x8,future_y8,future_x9,future_y9,future_x10,future_y10,future_x11,future_y11,future_x12,future_y12,future_x13,future_y13,future_x14,future_y14,future_x15,future_y15,future_x16,future_y16,future_x17,future_y17,future_x18,future_y18,future_x19,future_y19,future_x20,future_y20
89.77583779162336,34.480827846070056,76.63871110253088,63.895063918930916,81.60845571524283,95.72402902745552,103.08709286297797,119.73339236077172,132.39342117225087,121.72554431007084,155.6333887815791,88.53543089205482,178.87335639090736,55.345317474038794,207.93784427194174,54.81578771444812,230.1041460968149,78.19176779665816,235.99541874343677,109.8631158576173,223.71737400743143,139.64618149659927,197.21791189467473,157.96447533444965,165.0177072259603,158.92790705914916,137.47045970951768,142.22669346063483,139.0334119177733,112.24265476206617,162.27337952710144,79.05254134405028,183.78426124844952,46.03676669590833,161.8171953418808,22.47346054308416,130.56858949905552,14.643644818879494,100.08616498529292,25.06492963208852
