future_x1,future_y1,future_x2,future_y2,future_x3,future_y3,future_x4,future_y4,future_x5,future_y5,future_x6,future_y6,future_x7,future_y7,future_x8,future_y8,future_x9,future_y9,future_x10,future_y10,future_x11,future_y11,future_x12,future_y12,future_x13,future_y13,future_x14,future_y14,future_x15,future_y15,future_x16,future_y16,future_x17,future_y17,future_x18,future_y18,future_x19,future_y19,future_x20,future_y20
115.48897484625377,168.4523276929389,127.56249342764188,163.0517875927845,134.75825046616035,151.95418582703746,134.76251198661507,138.72786108628117,127.33081901564807,128.21743008216046,111.5097141445734,133.358018670939,95.68860927349871,138.49860725971755,84.54875228971729,134.02285313908945,81.95425754894244,121.05349381225331,86.82933015689564,108.75839920604211,97.60643231815376,101.09095156590107,110.82027924180976,100.51655293543065,122.22207175265251,107.21989626903586,128.1456612343188,119.04557899610039,122.81050333819812,129.68616967895434,106.98939846712351,134.82675826773288,91.16829359604883,139.96734685651143,90.16295900216343,152.39767577028275,97.57799726293464,163.3499765285617,109.75653161835703,168.50933552579158
