future_x1,future_y1,future_x2,future_y2,future_x3,future_y3,future_x4,future_y4,future_x5,future_y5,future_x6,future_y6,future_x7,future_y7,future_x8,future_y8,future_x9,future_y9,future_x10,future_y10,future_x11,future_y11,future_x12,future_y12,future_x13,future_y13,future_x14,future_y14,future_x15,future_y15,future_x16,future_y16,future_x17,future_y17,future_x18,future_y18,future_x19,future_y19,future_x20,future_y20
87.22060385176998,161.44142228074386,104.31482324441926,162.8834780297032,119.44495058214011,154.79823788661045,127.7460231538648,139.78544149199783,121.55443340746893,125.65400561733806,101.27918321310013,118.27441805428774,81.00393301873123,110.8948304912374,79.99992994587708,94.82781220150962,90.02663768459108,80.90815008816983,106.01054653193142,74.678662196935,122.81216765322388,78.14238694403501,135.0290838436375,90.18559333699929,138.73305045698055,106.93589162551864,132.73308878866317,123.00736702156911,115.76150478050643,123.54555202789511,95.4862545861376,116.16596446484479,76.53008995631544,112.1491792910756,68.53900762569405,127.3292472952831,70.08723999001533,144.41417743775665,80.67696620796248,157.91045692715852
