future_x1,future_y1,future_x2,future_y2,future_x3,future_y3,future_x4,future_y4,future_x5,future_y5,future_x6,future_y6,future_x7,future_y7,future_x8,future_y8,future_x9,future_y9,future_x10,future_y10,future_x11,future_y11,future_x12,future_y12,future_x13,future_y13,future_x14,future_y14,future_x15,future_y15,future_x16,future_y16,future_x17,future_y17,future_x18,future_y18,future_x19,future_y19,future_x20,future_y20
209.70097592613038,192.27703295965512,208.52959394731965,160.0837223865722,190.04053102149015,133.70312471479883,160.17878679662897,121.61769492334228,128.54614907654465,127.71339933424957,126.61265661694969,167.72831650743058,125.19861112702807,208.2212813104161,107.56298152504459,232.1612077443148,75.56654387643867,228.41829989157125,50.74950619262225,207.87819224834573,41.091574145333695,177.14538030467205,49.69817297173863,146.10173622030945,73.80192461711349,124.72907756460296,105.6524744192578,119.89959946688052,127.62268910975085,138.80477021958387,126.20864361982923,179.29773502256924,124.79459812990761,219.79069982555478,150.3258681647471,234.80620701179222,181.8266816662767,228.0623112432392,204.59590669869536,205.2731960164838
