future_x1,future_y1,future_x2,future_y2,future_x3,future_y3,future_x4,future_y4,future_x5,future_y5,future_x6,future_y6,future_x7,future_y7,future_x8,future_y8,future_x9,future_y9,future_x10,future_y10,future_x11,future_y11,future_x12,future_y12,future_x13,future_y13,future_x14,future_y14,future_x15,future_y15,future_x16,future_y16,future_x17,future_y17,future_x18,future_y18,future_x19,future_y19,future_x20,future_y20
171.80628341196336,122.09979317527568,152.72291144102593,116.91940357462688,133.89060636284108,122.94898130759154,132.45131838248702,142.55960638706424,139.7227746622972,166.34346820007434,143.01164581291445,188.3154394532521,125.01544046521485,196.50983481100116,105.45656829373466,193.6008759636835,90.62401693624375,180.52391368557528,85.2870660989535,161.48373306783907,91.16176656152189,142.6025409266958,106.35915876325646,129.95142269697604,125.99265155283236,127.59823696751434,134.52887731957566,149.35499547649576,141.80033359938585,173.13885728950586,155.0001985529461,186.62244947256858,173.7047354315872,180.20748085602457,185.91381360899015,164.65274099147734,187.70170868483942,144.9597231071249,178.49353832793153,127.4605482444677
