future_x1,future_y1,future_x2,future_y2,future_x3,future_y3,future_x4,future_y4,future_x5,future_y5,future_x6,future_y6,future_x7,future_y7,future_x8,future_y8,future_x9,future_y9,future_x10,future_y10,future_x11,future_y11,future_x12,future_y12,future_x13,future_y13,future_x14,future_y14,future_x15,future_y15,future_x16,future_y16,future_x17,future_y17,future_x18,future_y18,future_x19,future_y19,future_x20,future_y20
163.85506328131208,181.7079777109437,167.54365947027418,160.94959931711065,159.35129385034244,141.52278380514008,141.91215134057117,129.6740571262648,124.04119207389078,136.11675909897647,112.4166207225665,159.9506623973098,100.79204937124221,183.7845656956431,80.85163734077157,182.19802882011146,65.31029934406062,167.9508245800231,60.014865500815176,147.5431202554649,66.6680371572481,127.53683818465478,83.13054401533712,114.3648268221425,104.10900815382546,112.26243347717552,122.85798431034615,121.90566470270359,120.71988597351238,142.92644575564321,109.09531462218814,166.76034905397643,102.32594352770198,189.24426649601634,120.00468604743392,200.7324377302827,141.08821603600427,200.7603412754941,158.79730520784835,189.31900498594928
