future_x1,future_y1,future_x2,future_y2,future_x3,future_y3,future_x4,future_y4,future_x5,future_y5,future_x6,future_y6,future_x7,future_y7,future_x8,future_y8,future_x9,future_y9,future_x10,future_y10,future_x11,future_y11,future_x12,future_y12,future_x13,future_y13,future_x14,future_y14,future_x15,future_y15,future_x16,future_y16,future_x17,future_y17,future_x18,future_y18,future_x19,future_y19,future_x20,future_y20
180.98282558584583,166.18172504656036,175.21943947717833,144.54301749862978,158.61599011427586,129.51718131437678,136.51117427229758,125.93564527872451,124.99967702721902,145.0156771285161,120.10892717622393,172.75249784276582,112.1088124144038,196.58447245149225,89.73809838777854,195.5837538489746,71.50810847419095,182.5792257324706,63.280539615981496,161.752382609571,67.70089603162049,139.79991730516454,83.34785001832692,123.78045680487415,105.19025768761844,118.84492127254093,126.2048801427462,126.58028983847812,123.60231992693471,152.94048304687317,118.71157007593962,180.6773037611229,125.13165544412479,201.044951002219,147.30534711370103,204.17187945119468,167.6145125771058,194.73852999501025,179.52891382199635,175.7781152643609
