future_x1,future_y1,future_x2,future_y2,future_x3,future_y3,future_x4,future_y4,future_x5,future_y5,future_x6,future_y6,future_x7,future_y7,future_x8,future_y8,future_x9,future_y9,future_x10,future_y10,future_x11,future_y11,future_x12,future_y12,future_x13,future_y13,future_x14,future_y14,future_x15,future_y15,future_x16,future_y16,future_x17,future_y17,future_x18,future_y18,future_x19,future_y19,future_x20,future_y20
135.20956252288,180.93876923329083,139.54107646271262,153.64915405828808,128.33672523545667,128.39152901183792,94.51440245978107,134.50894080152975,60.39997069620003,141.14011459379302,37.00016846626684,131.00579951551708,33.961799541953496,103.54212489447498,46.346045586787,78.84160750491954,70.1708584746686,64.84648691708125,97.77557390908918,66.05677415380121,120.28413234074895,82.08331173180795,130.45909980721757,107.77290391360569,118.88185371948171,129.77238809277029,84.76742195590066,136.40356188503355,50.652990192319606,143.03473567729685,43.04733596382445,167.278912162665,54.767910887363726,192.30116691463343,78.2107051409011,206.92718848569027,105.83788924415424,206.45410505154683,128.76617904002043,191.0340325339626
