future_x1,future_y1,future_x2,future_y2,future_x3,future_y3,future_x4,future_y4,future_x5,future_y5,future_x6,future_y6,future_x7,future_y7,future_x8,future_y8,future_x9,future_y9,future_x10,future_y10,future_x11,future_y11,future_x12,future_y12,future_x13,future_y13,future_x14,future_y14,future_x15,future_y15,future_x16,future_y16,future_x17,future_y17,future_x18,future_y18,future_x19,future_y19,future_x20,future_y20
74.79532333950809,139.90110206605942,98.75927727042745,144.2613115657592,121.24151400722516,134.88946296502357,121.01808315197277,110.71914939780225,109.54189998426637,82.31459931201505,103.03905747724318,55.66565924389826,124.21638354664495,43.63223182546365,148.5325254760493,45.049185089897634,168.16883632858082,59.46090986479015,176.81142872258275,82.23343962315556,171.68135118030017,106.04446268590249,154.42813614723087,123.23774875655225,130.59940697831328,128.28494412416723,117.73917367548523,102.60356365900594,106.26299050777878,74.19901357321862,88.66705823155577,58.951000287182964,66.3819820807179,68.7824750410479,53.02583038253954,89.15146438023078,52.89315919227617,113.50849443809646,66.0266277935587,134.0217710506626
