future_x1,future_y1,future_x2,future_y2,future_x3,future_y3,future_x4,future_y4,future_x5,future_y5,future_x6,future_y6,future_x7,future_y7,future_x8,future_y8,future_x9,future_y9,future_x10,future_y10,future_x11,future_y11,future_x12,future_y12,future_x13,future_y13,future_x14,future_y14,future_x15,future_y15,future_x16,future_y16,future_x17,future_y17,future_x18,future_y18,future_x19,future_y19,future_x20,future_y20
171.85844012462508,130.00857087747582,154.78891409328295,121.39597995678487,135.78033291636157,123.45006927865599,129.7859910163357,140.7079864020853,133.13269476177538,164.52102090217673,134.4855601395143,187.03657424763918,116.30908156516472,192.96625113074472,97.83042225948925,188.05864564877933,84.99123667562189,173.8917562638495,81.91985484752507,155.02082478265697,89.60385326623698,137.51363741280582,105.57250812722319,126.99948013642233,124.69123538432497,126.85909007132167,130.74219208646133,147.51171054496865,134.088895831901,171.32474504506007,143.41030266275195,187.8599644653313,162.37270258291122,185.41602695185657,176.95754519639672,173.05367251422282,182.47519941963492,154.74791021994466,177.15151084867034,136.3848009706586
