future_x1,future_y1,future_x2,future_y2,future_x3,future_y3,future_x4,future_y4,future_x5,future_y5,future_x6,future_y6,future_x7,future_y7,future_x8,future_y8,future_x9,future_y9,future_x10,future_y10,future_x11,future_y11,future_x12,future_y12,future_x13,future_y13,future_x14,future_y14,future_x15,future_y15,future_x16,future_y16,future_x17,future_y17,future_x18,future_y18,future_x19,future_y19,future_x20,future_y20
153.18998882424344,119.29901897280986,140.6222825316886,118.98789203709458,129.90591144277707,125.56082381148498,133.2467372074176,138.75740545212534,140.17815863429433,152.9689254312557,142.18016134251306,165.74287396715556,131.15435907305965,171.78238766785742,118.61702993265938,170.85533888202144,108.59944460416838,163.25981219768602,104.32267175344971,151.4380840918038,107.16187101915243,139.19132987055474,116.20412222231019,130.45738834309756,128.29572190250565,128.6063197527465,135.2271433293824,142.81783973187686,142.1585647562591,157.02935971100723,152.57602239247,161.68427218835302,163.1551800651576,154.89269914799888,168.34041294956847,143.44030195961628,166.46445387287648,131.0095007397179,158.13050139064447,121.59731303175393
