future_x1,future_y1,future_x2,future_y2,future_x3,future_y3,future_x4,future_y4,future_x5,future_y5,future_x6,future_y6,future_x7,future_y7,future_x8,future_y8,future_x9,future_y9,future_x10,future_y10,future_x11,future_y11,future_x12,future_y12,future_x13,future_y13,future_x14,future_y14,future_x15,future_y15,future_x16,future_y16,future_x17,future_y17,future_x18,future_y18,future_x19,future_y19,future_x20,future_y20
83.74206006712788,151.6499870861702,98.69767170413277,156.88509686656465,114.0955950334902,153.14602599361663,124.98475983925746,141.63504064558782,125.86226914221713,126.86334834056306,108.26564299747575,117.50705625398311,90.6690168527343,108.15076416740311,87.07393020183677,94.36775401257268,96.6751754412073,81.76248591930458,111.58728552157596,76.40471895902486,127.01539931157131,80.01719715724934,137.99873911150317,91.43835912479558,141.00570618614853,106.99582816258243,135.0694360561127,121.68723350015793,120.83466167229102,124.19012203011165,103.23803552754964,114.83382994353168,85.64140938280819,105.4775378569517,74.90710123282474,116.82955267839937,72.34853923988251,132.46702224281321,78.70462655062177,146.98173367459685
