future_x1,future_y1,future_x2,future_y2,future_x3,future_y3,future_x4,future_y4,future_x5,future_y5,future_x6,future_y6,future_x7,future_y7,future_x8,future_y8,future_x9,future_y9,future_x10,future_y10,future_x11,future_y11,future_x12,future_y12,future_x13,future_y13,future_x14,future_y14,future_x15,future_y15,future_x16,future_y16,future_x17,future_y17,future_x18,future_y18,future_x19,future_y19,future_x20,future_y20
153.26177965039932,199.19927157415836,161.5961932088515,174.23190705898594,155.01398073313288,148.74649517058663,135.6315962051524,130.93765157516177,111.49212566287866,143.94146894328395,87.67774686107916,166.93874723118546,63.55054012522463,181.39607118250615,43.74189490406529,164.0625973616287,36.54345648081535,138.74433864457862,44.26982100693752,113.58216402857445,64.43664221933125,96.66675500649788,90.55945167902638,93.43711630699413,114.23868399618317,104.93171056111726,127.86048505851905,127.45454954768705,104.68801743379302,150.51211988268446,80.8736386319936,173.50939817058585,75.89499412962593,197.30735931799288,95.63894121292775,214.7144927341697,121.67425108609923,218.58675047413774,145.62949310107928,207.6790412645647
