future_x1,future_y1,future_x2,future_y2,future_x3,future_y3,future_x4,future_y4,future_x5,future_y5,future_x6,future_y6,future_x7,future_y7,future_x8,future_y8,future_x9,future_y9,future_x10,future_y10,future_x11,future_y11,future_x12,future_y12,future_x13,future_y13,future_x14,future_y14,future_x15,future_y15,future_x16,future_y16,future_x17,future_y17,future_x18,future_y18,future_x19,future_y19,future_x20,future_y20
183.69171681542127,139.72229258786686,158.45391222882586,125.55820160122082,129.57149044078116,127.39503732785671,123.22482778998342,161.97711576232567,118.15892691503751,198.0228734645189,101.08565029888058,219.05662452147635,72.7162102717429,213.33446353319562,52.019328964284526,193.10558917068735,45.64991109400626,164.87442253126162,55.655988362060356,137.7184531776389,78.82019242073989,120.36945020464307,107.6942720781272,118.40583675795433,126.84332841494479,136.23014597504473,121.77742753999888,172.27590367723798,116.71152666505297,208.32166137943125,136.8083727790083,225.30681435602685,165.64699251638626,222.87735650043896,188.5281217634403,205.15668557045294,198.09452960668324,177.842731356427,191.27021963198075,149.71806163039574
