future_x1,future_y1,future_x2,future_y2,future_x3,future_y3,future_x4,future_y4,future_x5,future_y5,future_x6,future_y6,future_x7,future_y7,future_x8,future_y8,future_x9,future_y9,future_x10,future_y10,future_x11,future_y11,future_x12,future_y12,future_x13,future_y13,future_x14,future_y14,future_x15,future_y15,future_x16,future_y16,future_x17,future_y17,future_x18,future_y18,future_x19,future_y19,future_x20,future_y20
213.07707526335153,126.83613156921732,184.60042602262413,110.42038344942475,151.77546997297262,112.1287741103509,129.7029259555741,133.2410671784987,142.47805205243986,172.55886245215942,155.25317814930565,211.8766577258202,140.24874090451036,237.3256616950951,107.7248670962848,242.07897325848086,77.84513475966556,228.38233375078104,60.21711562155512,200.63978016286657,60.508948083082004,167.77169272038992,78.6267959185809,140.34652311067552,108.74502050934976,127.1825994626176,133.35296198325008,144.47472297097332,146.12808808011584,183.79251824463407,158.90321417698158,223.11031351829465,191.49690816433878,221.03701107855068,217.7140567817964,201.21133437680768,228.9354945549509,170.3167446786888,221.55306438687808,138.28713239372004
