future_x1,future_y1,future_x2,future_y2,future_x3,future_y3,future_x4,future_y4,future_x5,future_y5,future_x6,future_y6,future_x7,future_y7,future_x8,future_y8,future_x9,future_y9,future_x10,future_y10,future_x11,future_y11,future_x12,future_y12,future_x13,future_y13,future_x14,future_y14,future_x15,future_y15,future_x16,future_y16,future_x17,future_y17,future_x18,future_y18,future_x19,future_y19,future_x20,future_y20
59.010024500805144,152.6225168272631,89.01871656674776,156.4382178039665,116.27778297998489,143.3224078125512,120.384316860824,116.27287635846935,99.66240345801694,84.36392792628676,78.94049005521005,52.45497949410445,96.88309605933718,29.51954785049722,126.01914674329483,21.38494743043225,154.89438822221675,30.40168758339935,174.22423419141296,53.67051282790473,177.79333842465712,83.70953192681043,164.4540860592932,110.85995586061512,138.49559931501528,126.39179861668661,114.46377017430765,107.15603394927427,93.74185677150068,75.24708551709182,70.83659029335688,51.310246067225606,43.852561849701374,64.9829700973617,28.641697522132873,91.13083386977122,30.094920308518155,121.34621599519392,47.74495888265942,145.9136194351895
