future_x1,future_y1,future_x2,future_y2,future_x3,future_y3,future_x4,future_y4,future_x5,future_y5,future_x6,future_y6,future_x7,future_y7,future_x8,future_y8,future_x9,future_y9,future_x10,future_y10,future_x11,future_y11,future_x12,future_y12,future_x13,future_y13,future_x14,future_y14,future_x15,future_y15,future_x16,future_y16,future_x17,future_y17,future_x18,future_y18,future_x19,future_y19,future_x20,future_y20
174.1378586316704,164.8174054148547,157.09461006672046,139.82522960310285,129.20122846402572,128.11880247017143,107.03598485414686,157.9397164438628,85.21308844050878,189.10604245834088,59.21269167938803,199.82218999121193,35.70300750915416,180.7860159095316,26.324439263650106,152.026258763189,34.092585145002815,122.79037185996329,56.50966445359464,102.47890394835024,86.36765755462318,97.62283337317163,114.06598278598392,109.78358798914618,122.62376800674551,135.67805500494987,100.80087159310743,166.84438101942794,78.97797517946935,198.010707033906,90.4618334832054,223.147214949552,118.58968966520709,234.27847184429714,148.24833980133295,228.32484727139507,169.90129925056223,207.20067816247587,176.5862445668693,177.69825996378975
