future_x1,future_y1,future_x2,future_y2,future_x3,future_y3,future_x4,future_y4,future_x5,future_y5,future_x6,future_y6,future_x7,future_y7,future_x8,future_y8,future_x9,future_y9,future_x10,future_y10,future_x11,future_y11,future_x12,future_y12,future_x13,future_y13,future_x14,future_y14,future_x15,future_y15,future_x16,future_y16,future_x17,future_y17,future_x18,future_y18,future_x19,future_y19,future_x20,future_y20
91.66796814239314,156.74888277746228,105.9907906729272,159.22841019930024,119.35923457295162,153.52087052193332,127.47479133510713,141.4614741889053,126.68768318854247,127.59878448694343,109.20418212070066,122.25354179118898,91.72068105285881,116.9082990954345,85.1513100954362,105.55346900465636,91.24073604978075,92.35459810509168,103.52841251214068,84.58901321835046,118.06334247761865,84.75367157819241,130.17194384662847,92.79562870088549,135.96079967504696,106.12906222997331,133.56855300821113,120.46672094267221,121.6923971691591,126.07157228815645,104.2088961013173,120.726329592402,86.72539503347542,115.3810868966475,78.41768032139282,126.57514433417916,78.46295452403453,141.11093642554428,86.40518977041206,153.28517976006066
