future_x1,future_y1,future_x2,future_y2,future_x3,future_y3,future_x4,future_y4,future_x5,future_y5,future_x6,future_y6,future_x7,future_y7,future_x8,future_y8,future_x9,future_y9,future_x10,future_y10,future_x11,future_y11,future_x12,future_y12,future_x13,future_y13,future_x14,future_y14,future_x15,future_y15,future_x16,future_y16,future_x17,future_y17,future_x18,future_y18,future_x19,future_y19,future_x20,future_y20
78.04768584290733,205.64595969919287,106.63518806426941,201.13785914876345,128.17525256237204,181.80928250052511,135.7418562946963,153.87516784143597,125.50911650981635,128.08698356819153,89.13129040632126,129.3573252481631,52.75346430282616,130.6276669281347,32.82287681011155,113.70851347540852,35.62170666353211,84.90339578287399,53.63414772660789,62.251238694014106,81.06845402449153,53.03564908818494,109.10335960455245,60.21982078339896,128.7244809648542,81.4937449722616,133.62281477472393,110.01697374665267,115.11545190881763,128.4499383338977,78.73762580532271,129.72028001386929,42.3597997018276,130.99062169384084,33.727979991210034,157.26399745043986,43.131760029420434,184.6343678319696,65.90708511421994,202.49081823822186
