future_x1,future_y1,future_x2,future_y2,future_x3,future_y3,future_x4,future_y4,future_x5,future_y5,future_x6,future_y6,future_x7,future_y7,future_x8,future_y8,future_x9,future_y9,future_x10,future_y10,future_x11,future_y11,future_x12,future_y12,future_x13,future_y13,future_x14,future_y14,future_x15,future_y15,future_x16,future_y16,future_x17,future_y17,future_x18,future_y18,future_x19,future_y19,future_x20,future_y20
110.35387443964427,195.81131615315823,129.7098082416592,179.96972618120543,137.3395711737294,156.1496744644711,130.78987838700397,132.01029438570816,102.85155732345652,131.534383125227,71.69888890210423,135.91260514837114,47.29811140859181,130.4835744227197,43.36171384106558,105.78311045181698,53.48973557421937,82.91323240316477,74.42559806321556,69.22755346387562,99.43755424079147,69.12658634802952,120.48322406488354,82.6427961659774,130.795552861179,105.4301615464806,125.10346333870828,128.40708168012407,93.95079491735586,132.7853037032682,62.79812649600356,137.16352572641233,49.13171813201764,155.06907012980466,56.175656189796854,179.0688843546196,75.13769944597809,195.37989479965862,99.9207654829545,198.75743591626352
