future_x1,future_y1,future_x2,future_y2,future_x3,future_y3,future_x4,future_y4,future_x5,future_y5,future_x6,future_y6,future_x7,future_y7,future_x8,future_y8,future_x9,future_y9,future_x10,future_y10,future_x11,future_y11,future_x12,future_y12,future_x13,future_y13,future_x14,future_y14,future_x15,future_y15,future_x16,future_y16,future_x17,future_y17,future_x18,future_y18,future_x19,future_y19,future_x20,future_y20
150.60810255613276,154.00124743267236,149.18832985810303,141.51011910445558,141.2044178081899,131.7992391337577,129.223524867409,127.99105770851074,121.28948563954184,140.6206419538003,113.86631175266845,154.58160153971087,103.96245486995673,161.29149703996592,93.08963461184084,154.98072679690097,87.39650163866936,143.77214622771928,88.71363404178331,131.26977830565278,96.61751919080882,121.49365223357995,108.56673058851428,117.58719752387242,120.7191017693487,120.80650119225699,126.59175270159423,130.6485279638642,119.16857881472085,144.60948754977477,111.7454049278475,158.5704471356853,116.72257715911732,168.76560564594587,128.77913350290927,172.32699449792761,140.83395258269343,168.7597296661943,149.0109106882872,159.21083456961824
