future_x1,future_y1,future_x2,future_y2,future_x3,future_y3,future_x4,future_y4,future_x5,future_y5,future_x6,future_y6,future_x7,future_y7,future_x8,future_y8,future_x9,future_y9,future_x10,future_y10,future_x11,future_y11,future_x12,future_y12,future_x13,future_y13,future_x14,future_y14,future_x15,future_y15,future_x16,future_y16,future_x17,future_y17,future_x18,future_y18,future_x19,future_y19,future_x20,future_y20
151.8780928260373,214.90635423273812,168.0423075544749,192.49646196116163,169.42178994710721,164.89968429167416,155.57297926905431,140.98952845332326,130.94884184621208,128.45410003656443,109.31289998696849,152.79861930339678,88.3980578882494,180.5535522055112,64.64338040054227,192.11886401980286,43.10489685680412,174.81051817027623,34.44106342013134,148.5727000522944,41.43766144341676,121.84195510361661,61.84499482511106,103.21332515777544,89.10126050049463,98.67668644131531,114.4424399524757,109.69075623377611,124.25207291462493,132.97366723045798,103.33723081590593,160.7286001325723,82.42238871718682,188.48353303468673,89.28342449316204,212.42136441646073,114.15974657738913,224.44857144770867,141.57681178805876,221.01496625133083
