future_x1,future_y1,future_x2,future_y2,future_x3,future_y3,future_x4,future_y4,future_x5,future_y5,future_x6,future_y6,future_x7,future_y7,future_x8,future_y8,future_x9,future_y9,future_x10,future_y10,future_x11,future_y11,future_x12,future_y12,future_x13,future_y13,future_x14,future_y14,future_x15,future_y15,future_x16,future_y16,future_x17,future_y17,future_x18,future_y18,future_x19,future_y19,future_x20,future_y20
90.45878444333763,107.92209126147026,95.94933224142979,121.38111003527705,107.87587523217142,129.69067523249458,122.40353578189898,130.17891741492812,128.37744618574368,117.19135542437293,129.0154911019282,98.92013959863564,131.72027933218945,82.60022984706276,146.172209440653,81.04041651948079,159.14888417263322,87.59001302439667,166.47776503750197,100.14305276564563,165.80231323518237,114.66321345138051,157.33971450099955,126.48166191727601,143.81104489476252,131.7982773972683,129.56633212579607,128.90354777147166,128.559744733225,111.97100804559085,129.19778964940951,93.69979221985356,123.55379487256887,80.88078081235842,109.01917224931103,80.69092118975115,96.71804983246105,88.435189312853,90.6057480582894,101.62348217047015
