future_x1,future_y1,future_x2,future_y2,future_x3,future_y3,future_x4,future_y4,future_x5,future_y5,future_x6,future_y6,future_x7,future_y7,future_x8,future_y8,future_x9,future_y9,future_x10,future_y10,future_x11,future_y11,future_x12,future_y12,future_x13,future_y13,future_x14,future_y14,future_x15,future_y15,future_x16,future_y16,future_x17,future_y17,future_x18,future_y18,future_x19,future_y19,future_x20,future_y20
146.94128246370917,228.65238386243595,166.42459838797646,202.99733013046244,168.82492122778507,170.87226465722256,153.37044775573716,142.6067267869286,125.32132598339099,130.67867401660902,96.67102299037384,159.32897700962624,68.02071999735657,187.97928000264358,39.011216450911064,188.1329232098915,19.79231396886921,162.27919680960014,17.721928403345288,130.13118155196213,33.46577448026072,102.02579608757736,61.961553490335476,87.00008612084903,94.04669203200756,89.88543985253678,119.40448892355397,109.75409653089162,117.13552512824324,138.86447487175678,88.48522213522608,167.514777864774,59.834919142208804,196.16508085779137,74.05711591953431,223.95852251021935,102.70565404388475,238.69088975831957,134.75947927490125,235.4762872238364
