future_x1,future_y1,future_x2,future_y2,future_x3,future_y3,future_x4,future_y4,future_x5,future_y5,future_x6,future_y6,future_x7,future_y7,future_x8,future_y8,future_x9,future_y9,future_x10,future_y10,future_x11,future_y11,future_x12,future_y12,future_x13,future_y13,future_x14,future_y14,future_x15,future_y15,future_x16,future_y16,future_x17,future_y17,future_x18,future_y18,future_x19,future_y19,future_x20,future_y20
103.71117913881665,166.54278047519117,120.43847637745958,154.81535219867783,128.09939996591703,135.87741945345792,113.36222111679758,121.78663149883606,89.71066111750179,111.74713991506493,70.29488872718983,99.68720448651491,75.83665293951948,80.02445044986942,91.1796312309427,66.53637927421306,111.39042049133448,63.559964591631314,129.97041473289724,72.05224702182471,140.94537612276613,89.28260596705691,140.78639993163324,109.71076725145323,129.54460359060437,126.76823077676926,106.60463254557024,118.91820533204432,82.95307254627446,108.87871374827319,63.590805748321216,110.54939304629525,56.32032773853973,129.6406265423253,60.60011698769374,149.61607274193452,75.05404396008213,164.05279820055358,95.0345723739797,168.30879763571426
