future_x1,future_y1,future_x2,future_y2,future_x3,future_y3,future_x4,future_y4,future_x5,future_y5,future_x6,future_y6,future_x7,future_y7,future_x8,future_y8,future_x9,future_y9,future_x10,future_y10,future_x11,future_y11,future_x12,future_y12,future_x13,future_y13,future_x14,future_y14,future_x15,future_y15,future_x16,future_y16,future_x17,future_y17,future_x18,future_y18,future_x19,future_y19,future_x20,future_y20
66.36050824057304,107.29097712413379,87.97852671905484,126.53232663224219,116.58401802886473,130.92483397470107,131.40221777185994,106.51924238966598,137.0964322993246,70.56738679200296,146.53503269205066,39.13939609447773,175.47108371008105,39.662086548863485,199.47083776187173,55.83552339088324,210.81737971970196,82.45927668429329,205.86232630878126,110.97270684490509,186.19893246592568,132.20756489505257,158.14979387610623,139.33596430854402,130.73387054350255,130.06582937695,133.02913620827843,96.24728364747642,138.72335073574308,60.29542804981344,130.48813055398423,33.73551253617953,101.79848302705663,29.93125457832477,75.65261988083994,42.33940086084708,60.4575192203956,66.97021834115267,61.099035371594795,95.90387885718339
