future_x1,future_y1,future_x2,future_y2,future_x3,future_y3,future_x4,future_y4,future_x5,future_y5,future_x6,future_y6,future_x7,future_y7,future_x8,future_y8,future_x9,future_y9,future_x10,future_y10,future_x11,future_y11,future_x12,future_y12,future_x13,future_y13,future_x14,future_y14,future_x15,future_y15,future_x16,future_y16,future_x17,future_y17,future_x18,future_y18,future_x19,future_y19,future_x20,future_y20
125.36771459480937,35.95806823322471,103.93822128932581,54.42086261515941,95.99361903769469,81.56826128948582,104.08842657235948,108.67125098981404,125.61982794006336,127.01509777455918,153.16456091925346,107.62214036522506,180.81267135979303,85.2331419824635,207.19501166560568,80.28730965631715,224.08553880213168,102.97669159522512,225.92258358667584,131.2029776806977,212.11546002064097,155.8902476502931,187.1037302965027,169.10052152807555,158.92970164216354,166.58614902109875,136.6524913911705,149.1556050493113,133.41591060458242,123.61428206719754,161.06402104512188,101.22528368443606,188.71213148566142,78.83628530167451,187.09643665155633,53.33680254664701,165.19294114113384,35.43890199534583,137.07840674925953,32.3290924115357
