future_x1,future_y1,future_x2,future_y2,future_x3,future_y3,future_x4,future_y4,future_x5,future_y5,future_x6,future_y6,future_x7,future_y7,future_x8,future_y8,future_x9,future_y9,future_x10,future_y10,future_x11,future_y11,future_x12,future_y12,future_x13,future_y13,future_x14,future_y14,future_x15,future_y15,future_x16,future_y16,future_x17,future_y17,future_x18,future_y18,future_x19,future_y19,future_x20,future_y20
153.16139258972416,154.7753095513885,149.66680214007857,140.66576884071816,139.0615856799245,130.7249094558312,125.92367725605203,131.45558134149033,116.50756939240235,147.1266164625619,107.09146152875265,162.7976515836335,93.90714780687168,163.25039519925565,83.37332152398648,153.23391850738366,79.97976280833836,139.09973792553646,84.81764136662824,125.39257802524868,96.3313788311792,116.51985853941946,110.81883164564326,115.33452633893927,123.62168358124623,122.21771482915548,123.23336072358066,135.93301994751084,113.81725285993097,151.6040550685824,105.70928602726715,167.04643855828837,116.51637106161665,176.76745777116707,130.87206694795728,179.048969790798,144.16042276799362,173.15737399025937,152.1086816497654,160.98706248129807
