future_x1,future_y1,future_x2,future_y2,future_x3,future_y3,future_x4,future_y4,future_x5,future_y5,future_x6,future_y6,future_x7,future_y7,future_x8,future_y8,future_x9,future_y9,future_x10,future_y10,future_x11,future_y11,future_x12,future_y12,future_x13,future_y13,future_x14,future_y14,future_x15,future_y15,future_x16,future_y16,future_x17,future_y17,future_x18,future_y18,future_x19,future_y19,future_x20,future_y20
87.42477784391569,150.23850412745966,105.88923536752422,150.26325423825247,121.39860745388428,140.2434647346773,123.9468911772308,123.80288294893053,107.81447207974762,107.09727393871299,91.68205298226444,90.39166492849547,96.3463274632526,74.15568873399135,112.26733646921167,64.80377575100815,130.71407538318778,65.61286638173328,145.7551534802946,76.32280447146347,152.55424106922464,93.48990126058845,148.92514983502784,111.59422397708343,136.03478294615385,124.81448288829014,119.33762857794983,119.02985180315405,103.20520948046665,102.3242427929365,86.86903963964298,87.98111295755801,71.56866167647192,98.31722626930289,64.3486844621577,115.31159984510472,67.53062976174401,133.49983858115502,80.0913703479701,147.03367026825165
