future_x1,future_y1,future_x2,future_y2,future_x3,future_y3,future_x4,future_y4,future_x5,future_y5,future_x6,future_y6,future_x7,future_y7,future_x8,future_y8,future_x9,future_y9,future_x10,future_y10,future_x11,future_y11,future_x12,future_y12,future_x13,future_y13,future_x14,future_y14,future_x15,future_y15,future_x16,future_y16,future_x17,future_y17,future_x18,future_y18,future_x19,future_y19,future_x20,future_y20
109.86504498297302,28.346428101992174,88.51154944190435,49.773266450890745,82.24250779553681,79.36685174041408,93.07367663090547,107.61162037306394,117.52238648164168,125.42570918183259,143.17003303755442,108.58324315348881,166.59414140465003,78.6017516574396,191.46394273214622,56.538783673777004,217.20499617503333,72.42838219301629,230.16723253440537,99.76080985716563,226.1827558545431,129.7475589147061,206.53274044667182,152.74664732974122,177.53548027470794,161.36291542977267,148.5147957078322,152.82587608805215,128.80203902855516,129.8805411034458,149.86263542815314,100.01710272604622,173.28674379524873,70.035611229997,177.10033147088586,41.86968981344829,152.29101935482717,24.5613332831429,122.05841946466529,23.52640462199993
