future_x1,future_y1,future_x2,future_y2,future_x3,future_y3,future_x4,future_y4,future_x5,future_y5,future_x6,future_y6,future_x7,future_y7,future_x8,future_y8,future_x9,future_y9,future_x10,future_y10,future_x11,future_y11,future_x12,future_y12,future_x13,future_y13,future_x14,future_y14,future_x15,future_y15,future_x16,future_y16,future_x17,future_y17,future_x18,future_y18,future_x19,future_y19,future_x20,future_y20
139.98609852868753,185.05155635082238,151.38619510283368,171.36859581526204,153.51300101090672,153.68633613085123,145.68266004961754,137.6903562812916,130.41295121324117,128.5240264285179,115.57093307859564,142.81238515617775,101.1724906216173,159.97178068204298,85.55252800626774,167.36329348263092,72.06833815578916,155.72876577439064,67.07860801055338,138.63232743199643,72.18774251395725,121.57119160979275,85.75294327507632,110.03122023946018,103.41243630497198,107.72299216480644,119.48796304248766,115.38869833116708,125.85553483358014,130.55567406627407,111.45709237660185,147.71506959213923,97.05864991962349,164.87446511800445,99.85048707171235,180.64160031161055,115.30517868661977,189.492482640829,133.08812108479086,188.51648541702008
