future_x1,future_y1,future_x2,future_y2,future_x3,future_y3,future_x4,future_y4,future_x5,future_y5,future_x6,future_y6,future_x7,future_y7,future_x8,future_y8,future_x9,future_y9,future_x10,future_y10,future_x11,future_y11,future_x12,future_y12,future_x13,future_y13,future_x14,future_y14,future_x15,future_y15,future_x16,future_y16,future_x17,future_y17,future_x18,future_y18,future_x19,future_y19,future_x20,future_y20
50.72775786786471,93.05033352724067,64.52926440745789,119.230753863394,90.34822205301967,133.69717767291894,119.88276636014797,131.79805042326478,127.99999999999979,101.9072526506211,127.99999999999947,64.68372323885653,135.36940420333198,34.08286494734425,164.87142206361145,31.73192175112395,190.9087700054032,45.80148122888215,205.10936205715586,71.7675971710057,202.90711960863666,101.28108764465256,185.0101548358791,124.85214285359001,157.17308330273852,134.90169210710974,128.34667666970262,128.198389013332,127.99999999999969,91.27195853297408,127.99999999999939,54.04842912120952,112.41186486236711,31.676294831585693,82.92253903339531,34.181420355953634,59.536464568891645,52.31943328132097,49.77323318732259,80.25821107724555
