future_x1,future_y1,future_x2,future_y2,future_x3,future_y3,future_x4,future_y4,future_x5,future_y5,future_x6,future_y6,future_x7,future_y7,future_x8,future_y8,future_x9,future_y9,future_x10,future_y10,future_x11,future_y11,future_x12,future_y12,future_x13,future_y13,future_x14,future_y14,future_x15,future_y15,future_x16,future_y16,future_x17,future_y17,future_x18,future_y18,future_x19,future_y19,future_x20,future_y20
93.639951467337,56.993281410582355,86.43556657345538,82.30984868376562,94.15602087778646,107.47383734875152,114.318868498369,124.393982620763,137.10261734651894,115.47132205528376,156.56176675770706,88.68810061797657,176.2972919222567,63.076133495823115,200.38758703147502,73.68223653829708,214.83750574871553,95.68295446435454,215.00080061232745,122.0041450716261,200.82496555910006,144.1824552133049,176.868118798671,155.08663943286587,150.83337898713302,151.210550793229,131.0919934741173,133.80051236066478,142.6623743211441,107.81897307319599,162.1215237323322,81.0357516358888,171.0136215521853,55.40771797652056,150.50762251228434,38.90511989099521,124.32464247396463,36.20636156358711,100.88359416068312,48.17920559377498
