future_x1,future_y1,future_x2,future_y2,future_x3,future_y3,future_x4,future_y4,future_x5,future_y5,future_x6,future_y6,future_x7,future_y7,future_x8,future_y8,future_x9,future_y9,future_x10,future_y10,future_x11,future_y11,future_x12,future_y12,future_x13,future_y13,future_x14,future_y14,future_x15,future_y15,future_x16,future_y16,future_x17,future_y17,future_x18,future_y18,future_x19,future_y19,future_x20,future_y20
71.23234592181308,135.74265508235638,88.18271293995046,145.92580686096164,107.94532837777555,145.25457422444313,124.16569269723671,133.94478627154044,119.24211469411314,114.51403926035809,105.69662151738666,93.65580889992717,97.3263846838889,73.58466238458178,112.61763076882592,61.047146068915865,132.26811429666387,58.84033404297425,149.95939078352552,67.67380779122796,160.00298197019612,84.70723957318849,159.169457230104,104.46367545376533,147.72682929630736,120.59060287855297,129.35437706527398,127.90254661562237,115.371973786477,108.55454487166354,101.82648060975052,87.69631451123263,85.2353940021726,79.31551505086614,69.250659728388,90.95595286016555,62.165613250202725,109.41709146529026,66.25839051143143,128.7629100441367
