future_x1,future_y1,future_x2,future_y2,future_x3,future_y3,future_x4,future_y4,future_x5,future_y5,future_x6,future_y6,future_x7,future_y7,future_x8,future_y8,future_x9,future_y9,future_x10,future_y10,future_x11,future_y11,future_x12,future_y12,future_x13,future_y13,future_x14,future_y14,future_x15,future_y15,future_x16,future_y16,future_x17,future_y17,future_x18,future_y18,future_x19,future_y19,future_x20,future_y20
127.73649494126337,37.54349977002492,137.83926860342245,30.982681841463076,147.94204226558153,24.421863912901244,158.04481592774061,17.8610459843394,168.1475895898997,11.300228055777552,178.25036325205878,4.739410127215706,188.35313691421783,-1.8214078013461403,198.4559105763769,-8.382225729907987,208.55868423853602,-14.943043658469833,218.6614579006951,-21.50386158703168,228.76423156285412,-28.06467951559347,238.8670052250132,-34.625497444155314,248.9697788871723,-41.18631537271722,259.07255254933136,-47.74713330127901,269.17532621149047,-54.30795122984091,279.2780998736495,-60.8687691584027,289.38087353580863,-67.42958708696455,299.4836471979677,-73.99040501552639,309.58642086012674,-80.55122294408824,319.68919452228585,-87.11204087265008
