future_x1,future_y1,future_x2,future_y2,future_x3,future_y3,future_x4,future_y4,future_x5,future_y5,future_x6,future_y6,future_x7,future_y7,future_x8,future_y8,future_x9,future_y9,future_x10,future_y10,future_x11,future_y11,future_x12,future_y12,future_x13,future_y13,future_x14,future_y14,future_x15,future_y15,future_x16,future_y16,future_x17,future_y17,future_x18,future_y18,future_x19,future_y19,future_x20,future_y20
107.3482221339788,235.92170286289542,93.7809771310855,241.40322565639522,80.21373212819222,246.88474844989506,66.64648712529896,252.36627124339483,53.079242122405645,257.84779403689464,39.51199711951239,263.3293168303945,25.9447521166191,268.81083962389425,12.377507113725827,274.2923624173941,-1.1897378891675032,279.77388521089387,-14.75698289206079,285.2554080043937,-28.324227894953992,290.7369307978935,-41.891472897847336,296.2184535913933,-55.45871790074062,301.6999763848931,-69.02596290363391,307.1814991783929,-82.5932079065272,312.6630219718927,-96.16045290942048,318.14454476539254,-109.72769791231377,323.6260675588924,-123.294942915207,329.10759035239215,-136.8621879181003,334.58911314589193,-150.42943292099363,340.07063593939176
