future_x1,future_y1,future_x2,future_y2,future_x3,future_y3,future_x4,future_y4,future_x5,future_y5,future_x6,future_y6,future_x7,future_y7,future_x8,future_y8,future_x9,future_y9,future_x10,future_y10,future_x11,future_y11,future_x12,future_y12,future_x13,future_y13,future_x14,future_y14,future_x15,future_y15,future_x16,future_y16,future_x17,future_y17,future_x18,future_y18,future_x19,future_y19,future_x20,future_y20
96.62722932245902,50.99626097652401,102.9784636953678,41.92575826650247,109.32969806827658,32.85525555648091,115.68093244118536,23.784752846459398,122.03216681409415,14.71425013643784,128.38340118700293,5.643747426416326,134.7346355599117,-3.426755283605246,141.08586993282051,-12.49725799362679,147.4371043057293,-21.567760703648332,153.78833867863807,-30.638263413669875,160.13957305154682,-39.70876612369136,166.49080742445562,-48.77926883371293,172.84204179736443,-57.84977154373445,179.19327617027318,-66.92027425375602,185.54451054318199,-75.99077696377756,191.89574491609073,-85.06127967379902,198.24697928899957,-94.13178238382062,204.59821366190832,-103.20228509384214,210.94944803481712,-112.27278780386368,217.3006824077259,-121.34329051388522
