future_x1,future_y1,future_x2,future_y2,future_x3,future_y3,future_x4,future_y4,future_x5,future_y5,future_x6,future_y6,future_x7,future_y7,future_x8,future_y8,future_x9,future_y9,future_x10,future_y10,future_x11,future_y11,future_x12,future_y12,future_x13,future_y13,future_x14,future_y14,future_x15,future_y15,future_x16,future_y16,future_x17,future_y17,future_x18,future_y18,future_x19,future_y19,future_x20,future_y20
147.5056732092295,226.8103581341172,137.85749287543246,236.12749757977946,128.2093125416354,245.44463702544166,118.56113220783834,254.7617764711039,108.91295187404128,264.0789159167661,99.26477154024424,273.39605536242834,89.61659120644717,282.7131948080906,79.96841087265011,292.0303342537528,70.32023053885302,301.34747369941505,60.67205020505598,310.6646131450773,51.02386987125897,319.98175259073946,41.37568953746188,329.2988920364017,31.727509203664837,338.61603148206393,22.07932886986775,347.93317092772617,12.431148536070708,357.2503103733884,2.7829682022736506,366.56744981905064,-6.865212131523407,375.8845892647129,-16.513392465320464,385.20172871037505,-26.16157279911755,394.5188681560373,-35.80975313291455,403.8360076016995
