future_x1,future_y1,future_x2,future_y2,future_x3,future_y3,future_x4,future_y4,future_x5,future_y5,future_x6,future_y6,future_x7,future_y7,future_x8,future_y8,future_x9,future_y9,future_x10,future_y10,future_x11,future_y11,future_x12,future_y12,future_x13,future_y13,future_x14,future_y14,future_x15,future_y15,future_x16,future_y16,future_x17,future_y17,future_x18,future_y18,future_x19,future_y19,future_x20,future_y20
173.83260359541325,213.59612494564652,167.5639676752732,224.90504350598906,161.29533175513316,236.2139620663316,155.02669583499312,247.52288062667407,148.75805991485308,258.8317991870166,142.48942399471304,270.1407177473591,136.220788074573,281.4496363077016,129.95215215443295,292.75855486804414,123.68351623429291,304.0674734283866,117.41488031415287,315.37639198872915,111.14624439401283,326.68531054907163,104.8776084738728,337.9942291094141,98.60897255373274,349.30314766975664,92.3403366335927,360.61206623009923,86.07170071345266,371.9209847904417,79.80306479331264,383.2299033507842,73.53442887317259,394.5388219111267,67.26579295303256,405.8477404714692,60.99715703289252,417.1566590318117,54.72852111275243,428.4655775921543
