future_x1,future_y1,future_x2,future_y2,future_x3,future_y3,future_x4,future_y4,future_x5,future_y5,future_x6,future_y6,future_x7,future_y7,future_x8,future_y8,future_x9,future_y9,future_x10,future_y10,future_x11,future_y11,future_x12,future_y12,future_x13,future_y13,future_x14,future_y14,future_x15,future_y15,future_x16,future_y16,future_x17,future_y17,future_x18,future_y18,future_x19,future_y19,future_x20,future_y20
233.71428925334237,64.06057897658582,248.5019185927378,71.27298771304167,263.28954793213325,78.48539644949756,278.0771772715287,85.69780518595341,292.8648066109241,92.91021392240928,307.6524359503195,100.12262265886514,322.44006528971494,107.33503139532101,337.2276946291104,114.5474401317769,352.0153239685058,121.75984886823275,366.80295330790125,128.97225760468865,381.5905826472966,136.18466634114446,396.37821198669207,143.39707507760033,411.16584132608756,150.60948381405623,425.953470665483,157.8218925505121,440.7411000048784,165.03430128696795,455.52872934427376,172.24671002342382,470.3163586836692,179.4591187598797,485.1039880230647,186.67152749633556,499.8916173624601,193.88393623279143,514.6792467018556,201.09634496924733
