future_x1,future_y1,future_x2,future_y2,future_x3,future_y3,future_x4,future_y4,future_x5,future_y5,future_x6,future_y6,future_x7,future_y7,future_x8,future_y8,future_x9,future_y9,future_x10,future_y10,future_x11,future_y11,future_x12,future_y12,future_x13,future_y13,future_x14,future_y14,future_x15,future_y15,future_x16,future_y16,future_x17,future_y17,future_x18,future_y18,future_x19,future_y19,future_x20,future_y20
193.23762098691114,22.91806345447182,209.70638684182686,22.630600077186656,226.17515269674251,22.34313669990152,242.64391855165817,22.055673322616343,259.11268440657386,21.76820994533118,275.5814502614895,21.480746568046044,292.0502161164052,21.193283190760866,308.51898197132084,20.905819813475702,324.98774782623656,20.61835643619054,341.4565136811522,20.33089305890539,357.9252795360678,20.043429681620225,374.39404539098354,19.75596630433506,390.86281124589925,19.46850292704991,407.33157710081485,19.181039549764748,423.80034295573057,18.893576172479584,440.2691088106462,18.606112795194434,456.7378746655619,18.31864941790927,473.20664052047755,18.031186040624107,489.6754063753932,17.743722663338943,506.1441722303089,17.456259286053793
