future_x1,future_y1,future_x2,future_y2,future_x3,future_y3,future_x4,future_y4,future_x5,future_y5,future_x6,future_y6,future_x7,future_y7,future_x8,future_y8,future_x9,future_y9,future_x10,future_y10,future_x11,future_y11,future_x12,future_y12,future_x13,future_y13,future_x14,future_y14,future_x15,future_y15,future_x16,future_y16,future_x17,future_y17,future_x18,future_y18,future_x19,future_y19,future_x20,future_y20
147.14121379955202,209.8215351240628,139.3677142190685,217.87122958389156,131.594214638585,225.92092404372033,123.82071505810147,233.97061850354908,116.04721547761795,242.02031296337785,108.27371589713445,250.07000742320662,100.50021631665092,258.11970188303536,92.72671673616739,266.16939634286416,84.95321715568389,274.2190908026929,77.17971757520036,282.26878526252165,69.4062179947169,290.3184797223504,61.632718414233366,298.3681741821792,53.859218833749836,306.41786864200793,46.085719253266305,314.46756310183673,38.31221967278279,322.5172575616655,30.538720092299315,330.5669520214942,22.765220511815784,338.61664648132296,14.991720931332253,346.66634094115176,7.2182213508487365,354.71603540098056,-0.55527822963478,362.7657298608093
