future_x1,future_y1,future_x2,future_y2,future_x3,future_y3,future_x4,future_y4,future_x5,future_y5,future_x6,future_y6,future_x7,future_y7,future_x8,future_y8,future_x9,future_y9,future_x10,future_y10,future_x11,future_y11,future_x12,future_y12,future_x13,future_y13,future_x14,future_y14,future_x15,future_y15,future_x16,future_y16,future_x17,future_y17,future_x18,future_y18,future_x19,future_y19,future_x20,future_y20
107.43957246403392,57.07766471736127,113.89101254097832,49.65613187176453,120.3424526179227,42.234599026167814,126.79389269486707,34.8130661805711,133.24533277181146,27.391533334974355,139.6967728487558,19.970000489377668,146.14821292570022,12.548467643780924,152.5996530026446,5.126934798184195,159.05109307958898,-2.294598047412535,165.5025331565334,-9.716130893009279,171.95397323347774,-17.137663738605994,178.40541331042212,-24.55919658420271,184.8568533873665,-31.980729429799425,191.3082934643109,-39.40226227539617,197.75973354125526,-46.823795120992884,204.21117361819964,-54.24532796658963,210.66261369514402,-61.66686081218634,217.1140537720884,-69.08839365778306,223.5654938490328,-76.5099265033798,230.01693392597718,-83.93145934897652
