future_x1,future_y1,future_x2,future_y2,future_x3,future_y3,future_x4,future_y4,future_x5,future_y5,future_x6,future_y6,future_x7,future_y7,future_x8,future_y8,future_x9,future_y9,future_x10,future_y10,future_x11,future_y11,future_x12,future_y12,future_x13,future_y13,future_x14,future_y14,future_x15,future_y15,future_x16,future_y16,future_x17,future_y17,future_x18,future_y18,future_x19,future_y19,future_x20,future_y20
202.43006919548253,117.31834370848985,208.99947125862008,124.8755762962559,215.56887332175762,132.43280888402197,222.13827538489517,139.990041471788,228.7076774480327,147.54727405955407,235.27707951117026,155.1045066473201,241.8464815743078,162.66173923508617,248.41588363744532,170.2189718228522,254.98528570058286,177.77620441061828,261.5546877637204,185.33343699838434,268.1240898268579,192.89066958615035,274.69349188999547,200.44790217391642,281.262893953133,208.00513476168248,287.83229601627056,215.56236734944855,294.4016980794081,223.11959993721462,300.9711001425456,230.67683252498063,307.54050220568314,238.2340651127467,314.1099042688207,245.79129770051276,320.67930633195823,253.34853028827882,327.2487083950958,260.9057628760449
