future_x1,future_y1,future_x2,future_y2,future_x3,future_y3,future_x4,future_y4,future_x5,future_y5,future_x6,future_y6,future_x7,future_y7,future_x8,future_y8,future_x9,future_y9,future_x10,future_y10,future_x11,future_y11,future_x12,future_y12,future_x13,future_y13,future_x14,future_y14,future_x15,future_y15,future_x16,future_y16,future_x17,future_y17,future_x18,future_y18,future_x19,future_y19,future_x20,future_y20
222.64207241672665,191.4365406651119,222.3772697914862,206.6070729048657,222.11246716624578,221.77760514461946,221.84766454100532,236.94813738437324,221.58286191576488,252.118669624127,221.31805929052442,267.28920186388075,221.05325666528398,282.45973410363456,220.78845404004352,297.63026634338837,220.52365141480308,312.8007985831422,220.25884878956265,327.971330822896,219.99404616432219,343.1418630626497,219.72924353908175,358.31239530240344,219.46444091384132,373.48292754215726,219.19963828860085,388.65345978191107,218.9348356633604,403.8239920216649,218.67003303811995,418.99452426141863,218.40523041287952,434.16505650117244,218.14042778763906,449.3355887409262,217.87562516239862,464.50612098067995,217.61082253715819,479.67665322043376
