future_x1,future_y1,future_x2,future_y2,future_x3,future_y3,future_x4,future_y4,future_x5,future_y5,future_x6,future_y6,future_x7,future_y7,future_x8,future_y8,future_x9,future_y9,future_x10,future_y10,future_x11,future_y11,future_x12,future_y12,future_x13,future_y13,future_x14,future_y14,future_x15,future_y15,future_x16,future_y16,future_x17,future_y17,future_x18,future_y18,future_x19,future_y19,future_x20,future_y20
190.15623378283092,79.1459748452622,200.1107831237999,82.57360106121232,210.06533246476891,86.00122727716244,220.01988180573787,89.42885349311254,229.97443114670688,92.85647970906267,239.92898048767583,96.28410592501277,249.88352982864484,99.7117321409629,259.8380791696138,103.13935835691301,269.79262851058286,106.56698457286312,279.74717785155184,109.99461078881323,289.70172719252076,113.42223700476333,299.65627653348974,116.84986322071344,309.6108258744588,120.27748943666357,319.56537521542776,123.70511565261369,329.51992455639675,127.1327418685638,339.4744738973657,130.56036808451393,349.4290232383347,133.98799430046404,359.3835725793037,137.41562051641415,369.33812192027267,140.84324673236426,379.2926712612417,144.27087294831438
