future_x1,future_y1,future_x2,future_y2,future_x3,future_y3,future_x4,future_y4,future_x5,future_y5,future_x6,future_y6,future_x7,future_y7,future_x8,future_y8,future_x9,future_y9,future_x10,future_y10,future_x11,future_y11,future_x12,future_y12,future_x13,future_y13,future_x14,future_y14,future_x15,future_y15,future_x16,future_y16,future_x17,future_y17,future_x18,future_y18,future_x19,future_y19,future_x20,future_y20
215.45771278630014,51.525746290549094,230.32975060126432,55.79023451082051,245.20178841622845,60.0547227310919,260.0738262311926,64.31921095136329,274.94586404615677,68.58369917163469,289.81790186112096,72.84818739190608,304.6899396760851,77.11267561217748,319.5619774910493,81.37716383244889,334.43401530601346,85.64165205272029,349.3060531209776,89.90614027299169,364.1780909359417,94.17062849326308,379.05012875090586,98.43511671353448,393.92216656587004,102.69960493380589,408.79420438083423,106.96409315407729,423.6662421957984,111.22858137434869,438.53828001076255,115.49306959462008,453.4103178257267,119.75755781489147,468.28235564069087,124.02204603516289,483.15439345565505,128.28653425543428,498.0264312706192,132.55102247570568
