future_x1,future_y1,future_x2,future_y2,future_x3,future_y3,future_x4,future_y4,future_x5,future_y5,future_x6,future_y6,future_x7,future_y7,future_x8,future_y8,future_x9,future_y9,future_x10,future_y10,future_x11,future_y11,future_x12,future_y12,future_x13,future_y13,future_x14,future_y14,future_x15,future_y15,future_x16,future_y16,future_x17,future_y17,future_x18,future_y18,future_x19,future_y19,future_x20,future_y20
144.29322799278808,42.85513152801748,154.99711109187223,38.530482037713995,165.70099419095638,34.20583254741055,176.4048772900405,29.881183057107094,187.10876038912465,25.55653356680361,197.81264348820878,21.23188407650018,208.51652658729296,16.90723458619668,219.2204096863771,12.582585095893222,229.92429278546126,8.257935605589779,240.6281758845454,3.9332861152863217,251.33205898362954,-0.3913633750171357,262.0359420827137,-4.716012865320607,272.7398251817978,-9.040662355624079,283.443708280882,-13.36531184592755,294.1475913799661,-17.689961336230994,304.85147447905024,-22.014610826534465,315.55535757813436,-26.33926031683791,326.25924067721854,-30.66390980714138,336.9631237763027,-34.98855929744485,347.66700687538685,-39.31320878774832
