future_x1,future_y1,future_x2,future_y2,future_x3,future_y3,future_x4,future_y4,future_x5,future_y5,future_x6,future_y6,future_x7,future_y7,future_x8,future_y8,future_x9,future_y9,future_x10,future_y10,future_x11,future_y11,future_x12,future_y12,future_x13,future_y13,future_x14,future_y14,future_x15,future_y15,future_x16,future_y16,future_x17,future_y17,future_x18,future_y18,future_x19,future_y19,future_x20,future_y20
98.53155866139063,214.39936148533025,86.73599694896208,217.34032532950346,74.9404352365335,220.2812891736767,63.14487352410495,223.2222530178499,51.34931181167643,226.16321686202312,39.55375009924788,229.10418070619633,27.75818838681934,232.04514455036954,15.962626674390776,234.98610839454278,4.167064961962211,237.927072238716,-7.628496750466354,240.8680360828892,-19.424058462894834,243.80899992706242,-31.219620175323428,246.74996377123563,-43.015181887751936,249.69092761540884,-54.81074360018056,252.63189145958205,-66.6063053126091,255.57285530375526,-78.4018670250376,258.5138191479285,-90.19742873746614,261.4547829921017,-101.9929904498947,264.39574683627495,-113.78855216232327,267.33671068044816,-125.58411387475181,270.2776745246214
