future_x1,future_y1,future_x2,future_y2,future_x3,future_y3,future_x4,future_y4,future_x5,future_y5,future_x6,future_y6,future_x7,future_y7,future_x8,future_y8,future_x9,future_y9,future_x10,future_y10,future_x11,future_y11,future_x12,future_y12,future_x13,future_y13,future_x14,future_y14,future_x15,future_y15,future_x16,future_y16,future_x17,future_y17,future_x18,future_y18,future_x19,future_y19,future_x20,future_y20
33.284831698498024,146.69726166095427,24.353840582296897,137.44894962793362,15.42284946609577,128.20063759491296,6.49185834989467,118.95232556189231,-2.4391327663064715,109.70401352887168,-11.370123882507585,100.45570149585103,-20.30111499870867,91.20738946283038,-29.23210611490981,81.95907742980974,-38.16309723111095,72.71076539678907,-47.09408834731204,63.46245336376845,-56.02507946351312,54.21414133074782,-64.9560705797143,44.96582929772714,-73.8870616959154,35.7175172647065,-82.81805281211655,26.469205231685834,-91.74904392831769,17.22089319866518,-100.68003504451872,7.972581165644598,-109.61102616071986,-1.2757308673760406,-118.54201727692097,-10.52404290039675,-127.47300839312211,-19.772354933417375,-136.40399950932323,-29.02066696643803
