future_x1,future_y1,future_x2,future_y2,future_x3,future_y3,future_x4,future_y4,future_x5,future_y5,future_x6,future_y6,future_x7,future_y7,future_x8,future_y8,future_x9,future_y9,future_x10,future_y10,future_x11,future_y11,future_x12,future_y12,future_x13,future_y13,future_x14,future_y14,future_x15,future_y15,future_x16,future_y16,future_x17,future_y17,future_x18,future_y18,future_x19,future_y19,future_x20,future_y20
92.2383575470441,61.21221629287484,97.12956378142565,52.38824666516966,102.02077001580717,43.56427703746448,106.9119762501887,34.74030740975931,111.80318248457023,25.916337782054143,116.69438871895176,17.092368154348975,121.5855949533333,8.268398526643779,126.47680118771483,-0.5555711010613891,131.36800742209635,-9.379540728766585,136.2592136564779,-18.20351035647178,141.1504198908594,-27.02747998417692,146.04162612524095,-35.85144961188212,150.9328323596225,-44.675419239587285,155.824038594004,-53.49938886729245,160.71524482838555,-62.32335849499765,165.60645106276706,-71.14732812270279,170.4976572971486,-79.97129775040798,175.38886353153015,-88.79526737811315,180.2800697659117,-97.61923700581832,185.1712760002932,-106.44320663352352
