future_x1,future_y1,future_x2,future_y2,future_x3,future_y3,future_x4,future_y4,future_x5,future_y5,future_x6,future_y6,future_x7,future_y7,future_x8,future_y8,future_x9,future_y9,future_x10,future_y10,future_x11,future_y11,future_x12,future_y12,future_x13,future_y13,future_x14,future_y14,future_x15,future_y15,future_x16,future_y16,future_x17,future_y17,future_x18,future_y18,future_x19,future_y19,future_x20,future_y20
100.43033268299385,26.29462136475965,109.82020312140367,15.866113743236696,119.21007355981347,5.437606121713799,128.59994399822324,-4.990901499809127,137.98981443663305,-15.419409121332052,147.37968487504284,-25.84791674285495,156.76955531345266,-36.276424364377874,166.15942575186247,-46.7049319859008,175.54929619027226,-57.133439607423725,184.93916662868205,-67.56194722894662,194.3290370670918,-77.99045485046949,203.71890750550165,-88.41896247199242,213.10877794391143,-98.84747009351537,222.49864838232122,-109.2759777150383,231.88851882073104,-119.70448533656122,241.2783892591408,-130.13299295808406,250.66825969755058,-140.561500579607,260.0581301359604,-150.9900082011299,269.4480005743702,-161.41851582265286,278.83787101278006,-171.84702344417576
