future_x1,future_y1,future_x2,future_y2,future_x3,future_y3,future_x4,future_y4,future_x5,future_y5,future_x6,future_y6,future_x7,future_y7,future_x8,future_y8,future_x9,future_y9,future_x10,future_y10,future_x11,future_y11,future_x12,future_y12,future_x13,future_y13,future_x14,future_y14,future_x15,future_y15,future_x16,future_y16,future_x17,future_y17,future_x18,future_y18,future_x19,future_y19,future_x20,future_y20
12.79275259167396,157.08112015897274,1.2202274850432389,146.28956591233285,-10.352297621587468,135.498011665693,-21.924822728218146,124.70645741905314,-33.49734783484885,113.91490317241328,-45.06987294147953,103.12334892577344,-56.64239804811024,92.33179467913358,-68.21492315474094,81.54024043249369,-79.78744826137162,70.74868618585383,-91.35997336800233,59.957131939213966,-102.93249847463298,49.165577692574146,-114.50502358126369,38.374023445934284,-126.07754868789439,27.582469199294408,-137.6500737945251,16.790914952654546,-149.22259890115578,5.999360706014684,-160.79512400778646,-4.792193540625135,-172.36764911441713,-15.583747787264997,-183.94017422104787,-26.37530203390486,-195.5126993276786,-37.16685628054472,-207.08522443430928,-47.95841052718464
