future_x1,future_y1,future_x2,future_y2,future_x3,future_y3,future_x4,future_y4,future_x5,future_y5,future_x6,future_y6,future_x7,future_y7,future_x8,future_y8,future_x9,future_y9,future_x10,future_y10,future_x11,future_y11,future_x12,future_y12,future_x13,future_y13,future_x14,future_y14,future_x15,future_y15,future_x16,future_y16,future_x17,future_y17,future_x18,future_y18,future_x19,future_y19,future_x20,future_y20
31.04634772416452,63.014057192812345,31.317618005908145,47.47299316014764,31.58888828765177,31.931929127482945,31.860158569395395,16.390865094818267,32.13142885113902,0.8498010621535741,32.402699132882645,-14.691262970511076,32.67396941462627,-30.232327003175754,32.945239696369896,-45.77339103584046,33.21650997811352,-61.31445506850514,33.487780259857146,-76.85551910116982,33.75905054160077,-92.39658313383447,34.0303208233444,-107.93764716649918,34.30159110508801,-123.47871119916385,34.57286138683163,-139.01977523182853,34.84413166857526,-154.56083926449327,35.11540195031888,-170.1019032971579,35.38667223206251,-185.64296732982262,35.657942513806134,-201.18403136248725,35.92921279554976,-216.72509539515193,36.20048307729337,-232.26615942781666
