future_x1,future_y1,future_x2,future_y2,future_x3,future_y3,future_x4,future_y4,future_x5,future_y5,future_x6,future_y6,future_x7,future_y7,future_x8,future_y8,future_x9,future_y9,future_x10,future_y10,future_x11,future_y11,future_x12,future_y12,future_x13,future_y13,future_x14,future_y14,future_x15,future_y15,future_x16,future_y16,future_x17,future_y17,future_x18,future_y18,future_x19,future_y19,future_x20,future_y20
110.09526823326544,44.955135742283304,118.09493362689498,36.95547034865369,126.09459902052456,28.955804955024092,134.09426441415408,20.956139561394508,142.09392980778364,12.956474167764895,150.09359520141317,4.956808774135311,158.09326059504272,-3.0428566194943016,166.09292598867228,-11.042522013123914,174.09259138230183,-19.0421874067535,182.0922567759314,-27.04185280038311,190.09192216956092,-35.04151819401267,198.09158756319044,-43.04118358764228,206.09125295682,-51.04084898127189,214.09091835044956,-59.040514374901505,222.0905837440791,-67.04017976853112,230.09024913770864,-75.03984516216067,238.08991453133817,-83.03951055579029,246.08957992496775,-91.03917594941987,254.0892453185973,-99.03884134304948,262.08891071222683,-107.03850673667912
