future_x1,future_y1,future_x2,future_y2,future_x3,future_y3,future_x4,future_y4,future_x5,future_y5,future_x6,future_y6,future_x7,future_y7,future_x8,future_y8,future_x9,future_y9,future_x10,future_y10,future_x11,future_y11,future_x12,future_y12,future_x13,future_y13,future_x14,future_y14,future_x15,future_y15,future_x16,future_y16,future_x17,future_y17,future_x18,future_y18,future_x19,future_y19,future_x20,future_y20
73.38106732313608,189.01698528404665,62.60974497580459,187.31097542250924,51.8384226284731,185.60496556097183,41.067100281141606,183.89895569943442,30.295777933810143,182.192945837897,19.524455586478638,180.48693597635963,8.753133239147203,178.78092611482222,-2.0181891081843446,177.0749162532848,-12.789511455515822,175.3689063917474,-23.5608338028473,173.66289653021,-34.33215615017875,171.9568866686726,-45.10347849751025,170.2508768071352,-55.87480084484173,168.5448669455978,-66.6461231921732,166.83885708406038,-77.41744553950474,165.13284722252297,-88.18876788683616,163.4268373609856,-98.96009023416764,161.72082749944818,-109.73141258149911,160.01481763791077,-120.50273492883065,158.30880777637336,-131.27405727616213,156.60279791483595
