future_x1,future_y1,future_x2,future_y2,future_x3,future_y3,future_x4,future_y4,future_x5,future_y5,future_x6,future_y6,future_x7,future_y7,future_x8,future_y8,future_x9,future_y9,future_x10,future_y10,future_x11,future_y11,future_x12,future_y12,future_x13,future_y13,future_x14,future_y14,future_x15,future_y15,future_x16,future_y16,future_x17,future_y17,future_x18,future_y18,future_x19,future_y19,future_x20,future_y20
244.6395192856244,87.45734882864944,257.5979698489058,97.58159999553907,270.55642041218715,107.70585116242869,283.51487097546845,117.8301023293183,296.4733215387498,127.95435349620791,309.4317721020312,138.0786046630975,322.39022266531254,148.20285582998713,335.3486732285939,158.32710699687672,348.30712379187526,168.45135816376634,361.2655743551567,178.575609330656,374.224024918438,188.69986049754556,387.1824754817193,198.82411166443518,400.1409260450007,208.9483628313248,413.09937660828206,219.07261399821442,426.0578271715634,229.19686516510404,439.0162777348447,239.32111633199364,451.9747282981261,249.44536749888323,464.9331788614075,259.56961866577285,477.89162942468886,269.69386983266253,490.8500799879702,279.8181209995521
