future_x1,future_y1,future_x2,future_y2,future_x3,future_y3,future_x4,future_y4,future_x5,future_y5,future_x6,future_y6,future_x7,future_y7,future_x8,future_y8,future_x9,future_y9,future_x10,future_y10,future_x11,future_y11,future_x12,future_y12,future_x13,future_y13,future_x14,future_y14,future_x15,future_y15,future_x16,future_y16,future_x17,future_y17,future_x18,future_y18,future_x19,future_y19,future_x20,future_y20
12.980305893209703,130.34285443175594,4.41325132070304,117.6416737074392,-4.153803251803623,104.94049298312248,-12.720857824310258,92.2393122588058,-21.28791239681692,79.53813153448908,-29.854966969323584,66.8369508101724,-38.42202154183025,54.135770085855654,-46.98907611433691,41.43458936153897,-55.556130686843574,28.733408637222226,-64.12318525935024,16.032227912905498,-72.69023983185684,3.331047188588812,-81.25729440436353,-9.370133535727888,-89.82434897687017,-22.071314260044574,-98.3914035493768,-34.772494984361316,-106.9584581218835,-47.47367570867806,-115.5255126943901,-60.17485643299469,-124.09256726689674,-72.87603715731137,-132.65962183940343,-85.57721788162812,-141.2266764119101,-98.27839860594486,-149.79373098441675,-110.97957933026154
