future_x1,future_y1,future_x2,future_y2,future_x3,future_y3,future_x4,future_y4,future_x5,future_y5,future_x6,future_y6,future_x7,future_y7,future_x8,future_y8,future_x9,future_y9,future_x10,future_y10,future_x11,future_y11,future_x12,future_y12,future_x13,future_y13,future_x14,future_y14,future_x15,future_y15,future_x16,future_y16,future_x17,future_y17,future_x18,future_y18,future_x19,future_y19,future_x20,future_y20
44.11336521200933,212.37679597146362,28.614904168852945,209.08249638095356,13.116443125696577,205.78819679044352,-2.3820179174597627,202.49389719993349,-17.88047896061613,199.19959760942345,-33.37894000377247,195.9052980189134,-48.87740104692887,192.61099842840338,-64.3758620900852,189.31669883789334,-79.8743231332416,186.0223992473833,-95.37278417639794,182.72809965687324,-110.87124521955428,179.43380006636323,-126.36970626271062,176.13950047585317,-141.86816730586702,172.84520088534313,-157.36662834902336,169.5509012948331,-172.8650893921798,166.25660170432303,-188.3635504353361,162.96230211381302,-203.86201147849243,159.668002523303,-219.36047252164883,156.37370293279292,-234.85893356480517,153.0794033422829,-250.3573946079615,149.78510375177285
