future_x1,future_y1,future_x2,future_y2,future_x3,future_y3,future_x4,future_y4,future_x5,future_y5,future_x6,future_y6,future_x7,future_y7,future_x8,future_y8,future_x9,future_y9,future_x10,future_y10,future_x11,future_y11,future_x12,future_y12,future_x13,future_y13,future_x14,future_y14,future_x15,future_y15,future_x16,future_y16,future_x17,future_y17,future_x18,future_y18,future_x19,future_y19,future_x20,future_y20
123.71930881607463,50.63245006695817,132.06741241332494,44.56719777536152,140.41551601057526,38.50194548376487,148.76361960782555,32.43669319216822,157.11172320507586,26.37144090057157,165.45982680232615,20.306188608974935,173.80793039957646,14.240936317378285,182.15603399682675,8.175684025781635,190.50413759407706,2.1104317341849708,198.85224119132738,-3.954820557411665,207.20034478857764,-10.02007284900833,215.54844838582795,-16.085325140604994,223.89655198307827,-22.15057743220163,232.24465558032858,-28.215829723798294,240.59275917757887,-34.28108201539493,248.94086277482916,-40.346334306991565,257.28896637207947,-46.41158659858823,265.6370699693298,-52.476838890184865,273.9851735665801,-58.54209118178156,282.33327716383036,-64.6073434733782
