future_x1,future_y1,future_x2,future_y2,future_x3,future_y3,future_x4,future_y4,future_x5,future_y5,future_x6,future_y6,future_x7,future_y7,future_x8,future_y8,future_x9,future_y9,future_x10,future_y10,future_x11,future_y11,future_x12,future_y12,future_x13,future_y13,future_x14,future_y14,future_x15,future_y15,future_x16,future_y16,future_x17,future_y17,future_x18,future_y18,future_x19,future_y19,future_x20,future_y20
196.45201280738613,101.49469073121487,204.36039187357613,107.24046445038904,212.26877093976617,112.98623816956321,220.1771500059562,118.73201188873736,228.08552907214624,124.47778560791153,235.99390813833628,130.2235593270857,243.90228720452632,135.96933304625986,251.81066627071633,141.715106765434,259.7190453369064,147.4608804846082,267.6274244030964,153.20665420378234,275.5358034692864,158.9524279229565,283.44418253547644,164.69820164213064,291.3525616016665,170.4439753613048,299.2609406678565,176.18974908047898,307.16931973404655,181.93552279965314,315.07769880023653,187.6812965188273,322.9860778664266,193.42707023800148,330.89445693261666,199.17284395717564,338.80283599880664,204.91861767634978,346.7112150649967,210.66439139552398
