future_x1,future_y1,future_x2,future_y2,future_x3,future_y3,future_x4,future_y4,future_x5,future_y5,future_x6,future_y6,future_x7,future_y7,future_x8,future_y8,future_x9,future_y9,future_x10,future_y10,future_x11,future_y11,future_x12,future_y12,future_x13,future_y13,future_x14,future_y14,future_x15,future_y15,future_x16,future_y16,future_x17,future_y17,future_x18,future_y18,future_x19,future_y19,future_x20,future_y20
204.15908842656282,148.16916729938123,207.4012220216635,158.14742849034624,210.6433556167642,168.12568968131123,213.88548921186492,178.1039508722762,217.12762280696563,188.0822120632412,220.36975640206632,198.06047325420616,223.61188999716703,208.03873444517117,226.85402359226774,218.01699563613616,230.09615718736842,227.99525682710114,233.33829078246913,237.97351801806616,236.58042437756984,247.9517792090311,239.82255797267052,257.9300403999961,243.06469156777123,267.90830159096106,246.30682516287192,277.8865627819261,249.54895875797266,287.8648239728911,252.79109235307334,297.843085163856,256.03322594817405,307.821346354821,259.27535954327476,317.79960754578605,262.51749313837547,327.77786873675103,265.7596267334761,337.756129927716
