future_x1,future_y1,future_x2,future_y2,future_x3,future_y3,future_x4,future_y4,future_x5,future_y5,future_x6,future_y6,future_x7,future_y7,future_x8,future_y8,future_x9,future_y9,future_x10,future_y10,future_x11,future_y11,future_x12,future_y12,future_x13,future_y13,future_x14,future_y14,future_x15,future_y15,future_x16,future_y16,future_x17,future_y17,future_x18,future_y18,future_x19,future_y19,future_x20,future_y20
213.77393520534363,181.25070758529117,214.0085793878525,194.6934637981012,214.24322357036135,208.1362200109112,214.47786775287022,221.57897622372116,214.71251193537907,235.02173243653118,214.94715611788794,248.46448864934118,215.1818003003968,261.9072448621512,215.41644448290566,275.3500010749612,215.6510886654145,288.7927572877712,215.88573284792335,302.23551350058125,216.12037703043222,315.67826971339116,216.3550212129411,329.1210259262012,216.58966539544994,342.5637821390112,216.8243095779588,356.0065383518212,217.05895376046766,369.44929456463126,217.29359794297653,382.89205077744117,217.52824212548538,396.3348069902512,217.76288630799422,409.77756320306116,217.9975304905031,423.2203194158712,218.23217467301194,436.6630756286812
