future_x1,future_y1,future_x2,future_y2,future_x3,future_y3,future_x4,future_y4,future_x5,future_y5,future_x6,future_y6,future_x7,future_y7,future_x8,future_y8,future_x9,future_y9,future_x10,future_y10,future_x11,future_y11,future_x12,future_y12,future_x13,future_y13,future_x14,future_y14,future_x15,future_y15,future_x16,future_y16,future_x17,future_y17,future_x18,future_y18,future_x19,future_y19,future_x20,future_y20
213.886017121517,107.90794705058603,222.33557988212232,116.06759496053051,230.78514264272764,124.227242870475,239.23470540333292,132.38689078041946,247.68426816393824,140.54653869036395,256.13383092454353,148.70618660030843,264.58339368514885,156.8658345102529,273.03295644575417,165.0254824201974,281.4825192063595,173.18513033014187,289.9320819669648,181.34477824008636,298.3816447275701,189.50442615003084,306.83120748817544,197.6640740599753,315.28077024878075,205.8237219699198,323.7303330093861,213.98336987986428,332.17989576999133,222.14301778980877,340.62945853059665,230.30266569975322,349.0790212912019,238.46231360969767,357.5285840518073,246.62196151964218,365.97814681241255,254.78160942958667,374.4277095730179,262.94125733953115
