future_x1,future_y1,future_x2,future_y2,future_x3,future_y3,future_x4,future_y4,future_x5,future_y5,future_x6,future_y6,future_x7,future_y7,future_x8,future_y8,future_x9,future_y9,future_x10,future_y10,future_x11,future_y11,future_x12,future_y12,future_x13,future_y13,future_x14,future_y14,future_x15,future_y15,future_x16,future_y16,future_x17,future_y17,future_x18,future_y18,future_x19,future_y19,future_x20,future_y20
53.91689273685107,184.16472375090393,42.2831295846114,179.93038025098576,30.649366432371707,175.6960367510676,19.015603280132083,171.46169325114946,7.381840127892403,167.2273497512313,-4.251923024347263,162.99300625131312,-15.885686176586916,158.75866275139495,-27.519449328826596,154.52431925147678,-39.15321248106628,150.28997575155861,-50.78697563330593,146.05563225164047,-62.42073878554555,141.8212887517223,-74.05450193778523,137.58694525180414,-85.68826509002488,133.352601751886,-97.3220282422646,129.11825825196783,-108.95579139450427,124.88391475204966,-120.58955454674393,120.6495712521315,-132.22331769898358,116.41522775221333,-143.85708085122326,112.18088425229519,-155.49084400346294,107.94654075237702,-167.12460715570262,103.71219725245885
