future_x1,future_y1,future_x2,future_y2,future_x3,future_y3,future_x4,future_y4,future_x5,future_y5,future_x6,future_y6,future_x7,future_y7,future_x8,future_y8,future_x9,future_y9,future_x10,future_y10,future_x11,future_y11,future_x12,future_y12,future_x13,future_y13,future_x14,future_y14,future_x15,future_y15,future_x16,future_y16,future_x17,future_y17,future_x18,future_y18,future_x19,future_y19,future_x20,future_y20
129.42304068789565,30.137780399702635,140.4762667756819,23.230958177720296,151.52949286346814,16.324135955737958,162.58271895125435,9.417313733755648,173.63594503904056,2.51049151177331,184.6891711268268,-4.396330710209014,195.74239721461305,-11.303152932191352,206.7956233023993,-18.20997515417369,217.84884939018553,-25.11679737615603,228.90207547797178,-32.02361959813837,239.95530156575794,-38.93044182012065,251.0085276535442,-45.83726404210299,262.06175374133045,-52.744086264085325,273.1149798291167,-59.650908486067664,284.16820591690293,-66.55773070805,295.2214320046891,-73.46455293003231,306.27465809247536,-80.37137515201462,317.3278841802616,-87.27819737399696,328.3811102680478,-94.1850195959793,339.43433635583403,-101.09184181796164
