future_x1,future_y1,future_x2,future_y2,future_x3,future_y3,future_x4,future_y4,future_x5,future_y5,future_x6,future_y6,future_x7,future_y7,future_x8,future_y8,future_x9,future_y9,future_x10,future_y10,future_x11,future_y11,future_x12,future_y12,future_x13,future_y13,future_x14,future_y14,future_x15,future_y15,future_x16,future_y16,future_x17,future_y17,future_x18,future_y18,future_x19,future_y19,future_x20,future_y20
150.94611999156902,52.157135157125026,161.08950419325856,49.24856654131179,171.2328883949481,46.33999792549858,181.37627259663762,43.431429309685356,191.51965679832716,40.52286069387212,201.66304100001668,37.61429207805891,211.80642520170625,34.705723462245686,221.9498094033958,31.79715484643245,232.0931936050853,28.88858623061924,242.23657780677485,25.980017614806002,252.37996200846436,23.071448998992807,262.52334621015393,20.16288038317957,272.66673041184345,17.25431176736633,282.81011461353296,14.345743151553123,292.95349881522253,11.4371745357399,303.09688301691205,8.528605919926662,313.24026721860156,5.620037304113453,323.38365142029113,2.7114686883002435,333.52703562198064,-0.1970999275129941,343.67041982367016,-3.1056685433262317
