future_x1,future_y1,future_x2,future_y2,future_x3,future_y3,future_x4,future_y4,future_x5,future_y5,future_x6,future_y6,future_x7,future_y7,future_x8,future_y8,future_x9,future_y9,future_x10,future_y10,future_x11,future_y11,future_x12,future_y12,future_x13,future_y13,future_x14,future_y14,future_x15,future_y15,future_x16,future_y16,future_x17,future_y17,future_x18,future_y18,future_x19,future_y19,future_x20,future_y20
22.128394387352316,59.683823529411754,22.1283943873523,42.904411764705884,22.1283943873523,26.12499999999997,22.1283943873523,9.345588235294116,22.128394387352273,-7.433823529411768,22.128394387352273,-24.213235294117624,22.128394387352273,-40.992647058823536,22.128394387352245,-57.77205882352945,22.128394387352245,-74.55147058823533,22.128394387352245,-91.33088235294116,22.12839438735223,-108.11029411764702,22.12839438735223,-124.88970588235298,22.12839438735223,-141.66911764705884,22.128394387352202,-158.4485294117647,22.128394387352202,-175.2279411764706,22.128394387352202,-192.00735294117646,22.128394387352188,-208.78676470588232,22.128394387352188,-225.56617647058818,22.128394387352188,-242.34558823529414,22.128394387352188,-259.125
