future_x1,future_y1,future_x2,future_y2,future_x3,future_y3,future_x4,future_y4,future_x5,future_y5,future_x6,future_y6,future_x7,future_y7,future_x8,future_y8,future_x9,future_y9,future_x10,future_y10,future_x11,future_y11,future_x12,future_y12,future_x13,future_y13,future_x14,future_y14,future_x15,future_y15,future_x16,future_y16,future_x17,future_y17,future_x18,future_y18,future_x19,future_y19,future_x20,future_y20
203.3620606718604,208.3453929419741,199.8131138990791,222.57944099237903,196.26416712629782,236.81348904278394,192.71522035351651,251.0475370931888,189.1662735807352,265.2815851435937,185.61732680795393,279.5156331939986,182.06838003517262,293.7496812444035,178.51943326239132,307.9837292948084,174.97048648961004,322.21777734521334,171.42153971682873,336.45182539561824,167.87259294404745,350.6858734460231,164.32364617126615,364.919921496428,160.77469939848484,379.15396954683285,157.22575262570354,393.3880175972378,153.67680585292226,407.6220656476427,150.12785908014098,421.8561136980476,146.57891230735964,436.0901617484525,143.02996553457837,450.3242097988574,139.48101876179706,464.5582578492623,135.93207198901575,478.7923058996672
