future_x1,future_y1,future_x2,future_y2,future_x3,future_y3,future_x4,future_y4,future_x5,future_y5,future_x6,future_y6,future_x7,future_y7,future_x8,future_y8,future_x9,future_y9,future_x10,future_y10,future_x11,future_y11,future_x12,future_y12,future_x13,future_y13,future_x14,future_y14,future_x15,future_y15,future_x16,future_y16,future_x17,future_y17,future_x18,future_y18,future_x19,future_y19,future_x20,future_y20
204.823621687341,122.40303725846289,210.99688679100518,130.5952367467706,217.17015189466937,138.78743623507833,223.34341699833357,146.97963572338605,229.5166821019978,155.1718352116938,235.68994720566195,163.36403470000153,241.86321230932617,171.55623418830925,248.03647741299037,179.74843367661697,254.20974251665456,187.94063316492472,260.3830076203188,196.13283265323244,266.55627272398294,204.32503214154016,272.7295378276471,212.51723162984788,278.9028029313114,220.70943111815563,285.07606803497555,228.90163060646339,291.2493331386397,237.09383009477105,297.42259824230393,245.2860295830788,303.5958633459681,253.47822907138652,309.7691284496323,261.67042855969424,315.9423935532965,269.86262804800197,322.11565865696076,278.05482753630974
