future_x1,future_y1,future_x2,future_y2,future_x3,future_y3,future_x4,future_y4,future_x5,future_y5,future_x6,future_y6,future_x7,future_y7,future_x8,future_y8,future_x9,future_y9,future_x10,future_y10,future_x11,future_y11,future_x12,future_y12,future_x13,future_y13,future_x14,future_y14,future_x15,future_y15,future_x16,future_y16,future_x17,future_y17,future_x18,future_y18,future_x19,future_y19,future_x20,future_y20
175.39508334186405,195.26927027081894,171.28998269621147,205.4297509108246,167.18488205055888,215.59023155083025,163.07978140490633,225.75071219083588,158.97468075925374,235.9111928308415,154.86958011360116,246.07167347084714,150.7644794679486,256.2321541108528,146.65937882229602,266.3926347508584,142.55427817664344,276.55311539086404,138.44917753099085,286.7135960308697,134.34407688533832,296.8740766708753,130.2389762396857,307.034557310881,126.13387559403316,317.19503795088656,122.02877494838057,327.3555185908923,117.923674302728,337.51599923089793,113.81857365707545,347.6764798709035,109.71347301142285,357.8369605109092,105.60837236577028,367.9974411509148,101.5032717201177,378.15792179092045,97.39817107446513,388.3184024309261
