future_x1,future_y1,future_x2,future_y2,future_x3,future_y3,future_x4,future_y4,future_x5,future_y5,future_x6,future_y6,future_x7,future_y7,future_x8,future_y8,future_x9,future_y9,future_x10,future_y10,future_x11,future_y11,future_x12,future_y12,future_x13,future_y13,future_x14,future_y14,future_x15,future_y15,future_x16,future_y16,future_x17,future_y17,future_x18,future_y18,future_x19,future_y19,future_x20,future_y20
90.5049283771721,51.68871687886505,96.3366237090923,41.98314599063079,102.1683190410125,32.2775751023965,108.00001437293267,22.572004214162234,113.83170970485288,12.866433325927943,119.66340503677307,3.1608624376936802,125.49510036869326,-6.544708450540583,131.32679570061345,-16.250279338774874,137.15849103253368,-25.955850227009165,142.99018636445385,-35.66142111524343,148.82188169637402,-45.36699200347769,154.65357702829422,-55.072562891711954,160.48527236021442,-64.77813377994624,166.31696769213463,-74.48370466818056,172.14866302405483,-84.18927555641486,177.980358355975,-93.89484644464909,183.8120536878952,-103.60041733288335,189.6437490198154,-113.30598822111764,195.47544435173558,-123.01155910935191,201.30713968365578,-132.7171299975862
