future_x1,future_y1,future_x2,future_y2,future_x3,future_y3,future_x4,future_y4,future_x5,future_y5,future_x6,future_y6,future_x7,future_y7,future_x8,future_y8,future_x9,future_y9,future_x10,future_y10,future_x11,future_y11,future_x12,future_y12,future_x13,future_y13,future_x14,future_y14,future_x15,future_y15,future_x16,future_y16,future_x17,future_y17,future_x18,future_y18,future_x19,future_y19,future_x20,future_y20
198.57437046084002,116.611276012827,204.9444938333764,123.68601475137174,211.31461720591284,130.76075348991648,217.6847405784492,137.8354922284612,224.05486395098563,144.91023096700593,230.424987323522,151.98496970555067,236.79511069605843,159.0597084440954,243.16523406859483,166.13444718264012,249.53535744113123,173.20918592118488,255.90548081366765,180.2839246597296,262.275604186204,187.3586633982743,268.6457275587404,194.43340213681904,275.0158509312768,201.50814087536378,281.38597430381327,208.58287961390852,287.75609767634967,215.65761835245326,294.12622104888607,222.732357090998,300.49634442142246,229.8070958295427,306.86646779395886,236.8818345680874,313.23659116649526,243.95657330663215,319.60671453903166,251.0313120451769
