future_x1,future_y1,future_x2,future_y2,future_x3,future_y3,future_x4,future_y4,future_x5,future_y5,future_x6,future_y6,future_x7,future_y7,future_x8,future_y8,future_x9,future_y9,future_x10,future_y10,future_x11,future_y11,future_x12,future_y12,future_x13,future_y13,future_x14,future_y14,future_x15,future_y15,future_x16,future_y16,future_x17,future_y17,future_x18,future_y18,future_x19,future_y19,future_x20,future_y20
161.5027090281818,52.15786549983572,172.40824079120597,50.43059895510778,183.31377255423016,48.703332410379815,194.21930431725428,46.97606586565186,205.12483608027844,45.24879932092391,216.03036784330257,43.52153277619597,226.93589960632673,41.794266231468015,237.8414313693509,40.06699968674005,248.74696313237501,38.33973314201209,259.6524948953992,36.612466597284154,270.5580266584233,34.8852000525562,281.46355842144743,33.15793350782825,292.36909018447164,31.430666963100293,303.27462194749575,29.703400418372354,314.1801537105199,27.976133873644386,325.085685473544,26.248867328916432,335.9912172365682,24.521600784188465,346.8967489995923,22.794334239460525,357.80228076261653,21.06706769473257,368.70781252564063,19.339801150004632
