future_x1,future_y1,future_x2,future_y2,future_x3,future_y3,future_x4,future_y4,future_x5,future_y5,future_x6,future_y6,future_x7,future_y7,future_x8,future_y8,future_x9,future_y9,future_x10,future_y10,future_x11,future_y11,future_x12,future_y12,future_x13,future_y13,future_x14,future_y14,future_x15,future_y15,future_x16,future_y16,future_x17,future_y17,future_x18,future_y18,future_x19,future_y19,future_x20,future_y20
219.30532645145723,106.6401615174374,228.28804694643125,115.31467386666321,237.27076744140527,123.98918621588902,246.25348793637926,132.66369856511483,255.2362084313533,141.3382109143406,264.2189289263273,150.0127232635664,273.2016494213013,158.6872356127922,282.18436991627533,167.361747962018,291.1670904112493,176.0362603112438,300.14981090622337,184.71077266046962,309.1325314011973,193.3852850096954,318.11525189617134,202.05979735892117,327.0979723911454,210.73430970814698,336.0806928861194,219.4088220573728,345.06341338109337,228.08333440659862,354.04613387606736,236.75784675582435,363.02885437104135,245.43235910505018,372.0115748660154,254.10687145427602,380.99429536098944,262.7813838035018,389.97701585596343,271.45589615272763
