future_x1,future_y1,future_x2,future_y2,future_x3,future_y3,future_x4,future_y4,future_x5,future_y5,future_x6,future_y6,future_x7,future_y7,future_x8,future_y8,future_x9,future_y9,future_x10,future_y10,future_x11,future_y11,future_x12,future_y12,future_x13,future_y13,future_x14,future_y14,future_x15,future_y15,future_x16,future_y16,future_x17,future_y17,future_x18,future_y18,future_x19,future_y19,future_x20,future_y20
159.56453686116924,35.455036421887414,172.1991189957305,32.30488129151891,184.83370113029176,29.154726161150364,197.46828326485297,26.00457103078186,210.10286539941424,22.854415900413343,222.73744753397546,19.70426077004481,235.37202966853675,16.554105639676294,248.006611803098,13.40395050930779,260.64119393765924,10.253795378939259,273.27577607222054,7.103640248570713,285.9103582067818,3.9534851182022095,298.54494034134296,0.8033299878336919,311.17952247590426,-2.3468251425348114,323.8141046104655,-5.4969802729033574,336.44868674502675,-8.647135403271875,349.083268879588,-11.797290533640393,361.71785101414923,-14.94744566400891,374.3524331487105,-18.097600794377428,386.9870152832717,-21.247755924745945,399.62159741783296,-24.397911055114463
