future_x1,future_y1,future_x2,future_y2,future_x3,future_y3,future_x4,future_y4,future_x5,future_y5,future_x6,future_y6,future_x7,future_y7,future_x8,future_y8,future_x9,future_y9,future_x10,future_y10,future_x11,future_y11,future_x12,future_y12,future_x13,future_y13,future_x14,future_y14,future_x15,future_y15,future_x16,future_y16,future_x17,future_y17,future_x18,future_y18,future_x19,future_y19,future_x20,future_y20
226.89048489723683,136.36159157962356,233.0951499455619,148.0308693446177,239.29981499388697,159.70014710961183,245.50448004221204,171.36942487460595,251.7091450905371,183.03870263960007,257.9138101388622,194.70798040459417,264.11847518718724,206.37725816958832,270.3231402355123,218.04653593458244,276.5278052838374,229.7158136995766,282.73247033216245,241.38509146457073,288.93713538048746,253.05436922956477,295.1418004288126,264.7236469945589,301.3464654771376,276.392924759553,307.5511305254627,288.06220252454716,313.75579557378774,299.7314802895413,319.9604606221128,311.40075805453546,326.1651256704379,323.07003581952955,332.36979071876294,334.7393135845237,338.574455767088,346.4085913495178,344.7791208154131,358.07786911451194
