future_x1,future_y1,future_x2,future_y2,future_x3,future_y3,future_x4,future_y4,future_x5,future_y5,future_x6,future_y6,future_x7,future_y7,future_x8,future_y8,future_x9,future_y9,future_x10,future_y10,future_x11,future_y11,future_x12,future_y12,future_x13,future_y13,future_x14,future_y14,future_x15,future_y15,future_x16,future_y16,future_x17,future_y17,future_x18,future_y18,future_x19,future_y19,future_x20,future_y20
144.46741643087265,219.82634650586266,135.38135050706057,228.29924005345873,126.29528458324855,236.7721336010548,117.20921865943652,245.24502714865088,108.12315273562447,253.71792069624695,99.03708681181243,262.190814243843,89.95102088800039,270.6637077914391,80.86495496418831,279.13660133903517,71.77888904037627,287.60949488663124,62.69282311656423,296.0823884342273,53.60675719275223,304.5552819818234,44.52069126894014,313.02817552941946,35.4346253451281,321.50106907701553,26.348559421316054,329.9739626246116,17.26249349750401,338.4468561722077,8.176427573691996,346.9197497198037,-0.9096383501200194,355.3926432673998,-9.995704273932091,363.8655368149959,-19.081770197744163,372.338430362592,-28.167836121556235,380.81132391018804
