future_x1,future_y1,future_x2,future_y2,future_x3,future_y3,future_x4,future_y4,future_x5,future_y5,future_x6,future_y6,future_x7,future_y7,future_x8,future_y8,future_x9,future_y9,future_x10,future_y10,future_x11,future_y11,future_x12,future_y12,future_x13,future_y13,future_x14,future_y14,future_x15,future_y15,future_x16,future_y16,future_x17,future_y17,future_x18,future_y18,future_x19,future_y19,future_x20,future_y20
194.47768600433156,198.87353711236298,191.3471218039402,211.42954431850234,188.21655760354886,223.9855515246417,185.0859934031575,236.541558730781,181.95542920276614,249.09756593692035,178.8248650023748,261.6535731430597,175.69430080198345,274.20958034919903,172.5637366015921,286.76558755533836,169.43317240120072,299.3215947614777,166.30260820080937,311.87760196761707,163.17204400041803,324.43360917375634,160.04147980002665,336.98961637989566,156.9109155996353,349.54562358603505,153.78035139924395,362.1016307921744,150.6497871988526,374.6576379983137,147.51922299846126,387.213645204453,144.3886587980699,399.7696524105923,141.25809459767856,412.3256596167316,138.1275303972872,424.881666822871,134.9969661968958,437.4376740290104
