future_x1,future_y1,future_x2,future_y2,future_x3,future_y3,future_x4,future_y4,future_x5,future_y5,future_x6,future_y6,future_x7,future_y7,future_x8,future_y8,future_x9,future_y9,future_x10,future_y10,future_x11,future_y11,future_x12,future_y12,future_x13,future_y13,future_x14,future_y14,future_x15,future_y15,future_x16,future_y16,future_x17,future_y17,future_x18,future_y18,future_x19,future_y19,future_x20,future_y20
197.49495406994285,124.15489391260094,202.9430318466327,131.65352966575736,208.3911096233225,139.15216541891377,213.83918740001235,146.65080117207015,219.2872651767022,154.14943692522658,224.735342953392,161.64807267838296,230.18342073008185,169.14670843153937,235.6314985067717,176.6453441846958,241.0795762834615,184.14397993785218,246.52765406015135,191.64261569100861,251.97573183684113,199.141251444165,257.423809613531,206.6398871973214,262.8718873902208,214.1385229504778,268.31996516691066,221.63715870363424,273.7680429436005,229.13579445679065,279.2161207202903,236.63443020994703,284.66419849698013,244.13306596310343,290.11227627367,251.63170171625984,295.5603540503598,259.1303374694163,301.00843182704966,266.62897322257265
