future_x1,future_y1,future_x2,future_y2,future_x3,future_y3,future_x4,future_y4,future_x5,future_y5,future_x6,future_y6,future_x7,future_y7,future_x8,future_y8,future_x9,future_y9,future_x10,future_y10,future_x11,future_y11,future_x12,future_y12,future_x13,future_y13,future_x14,future_y14,future_x15,future_y15,future_x16,future_y16,future_x17,future_y17,future_x18,future_y18,future_x19,future_y19,future_x20,future_y20
178.2825339049187,183.51831823011742,175.700813930021,193.15342834735088,173.11909395512333,202.78853846458435,170.53737398022565,212.42364858181776,167.95565400532797,222.05875869905122,165.3739340304303,231.6938688162847,162.7922140555326,241.32897893351813,160.21049408063493,250.9640890507516,157.62877410573728,260.59919916798503,155.0470541308396,270.2343092852185,152.46533415594192,279.8694194024519,149.88361418104424,289.5045295196854,147.30189420614656,299.13963963691884,144.7201742312489,308.77474975415225,142.13845425635122,318.4098598713857,139.55673428145354,328.0449699886192,136.97501430655586,337.68008010585265,134.39329433165818,347.31519022308606,131.81157435676053,356.95030034031953,129.22985438186282,366.585410457553
