future_x1,future_y1,future_x2,future_y2,future_x3,future_y3,future_x4,future_y4,future_x5,future_y5,future_x6,future_y6,future_x7,future_y7,future_x8,future_y8,future_x9,future_y9,future_x10,future_y10,future_x11,future_y11,future_x12,future_y12,future_x13,future_y13,future_x14,future_y14,future_x15,future_y15,future_x16,future_y16,future_x17,future_y17,future_x18,future_y18,future_x19,future_y19,future_x20,future_y20
60.41300841595867,154.17036433278412,52.60456674319151,148.49719938006947,44.79612507042437,142.82403442735483,36.98768339765722,137.1508694746402,29.17924172489009,131.47770452192555,21.370800052122945,125.8045395692109,13.5623583793558,120.13137461649626,5.75391670658864,114.4582096637816,-2.054524966178491,108.78504471106696,-9.862966638945636,103.11187975835232,-17.671408311712753,97.43871480563769,-25.4798499844799,91.76554985292304,-33.28829165724704,86.0923849002084,-41.09673333001419,80.41921994749374,-48.90517500278136,74.7460549947791,-56.71361667554845,69.07289004206447,-64.5220583483156,63.39972508934983,-72.33050002108277,57.72656013663517,-80.13894169384994,52.05339518392053,-87.94738336661709,46.38023023120587
