future_x1,future_y1,future_x2,future_y2,future_x3,future_y3,future_x4,future_y4,future_x5,future_y5,future_x6,future_y6,future_x7,future_y7,future_x8,future_y8,future_x9,future_y9,future_x10,future_y10,future_x11,future_y11,future_x12,future_y12,future_x13,future_y13,future_x14,future_y14,future_x15,future_y15,future_x16,future_y16,future_x17,future_y17,future_x18,future_y18,future_x19,future_y19,future_x20,future_y20
195.49907982539216,49.89281808299549,209.11274155786455,51.80609346623319,222.7264032903369,53.71936884947088,236.3400650228092,55.632644232708586,249.95372675528156,57.545919615946275,263.5673884877539,59.45919499918398,277.18105022022627,61.37247038242167,290.7947119526986,63.28574576565936,304.408373685171,65.19902114889707,318.02203541764334,67.11229653213476,331.6356971501156,69.02557191537247,345.2493588825879,70.93884729861016,358.8630206150603,72.85212268184785,372.47668234753263,74.76539806508555,386.090344080005,76.67867344832325,399.7040058124773,78.59194883156094,413.31766754494964,80.50522421479864,426.93132927742204,82.41849959803633,440.5449910098944,84.33177498127404,454.1586527423667,86.24505036451173
