future_x1,future_y1,future_x2,future_y2,future_x3,future_y3,future_x4,future_y4,future_x5,future_y5,future_x6,future_y6,future_x7,future_y7,future_x8,future_y8,future_x9,future_y9,future_x10,future_y10,future_x11,future_y11,future_x12,future_y12,future_x13,future_y13,future_x14,future_y14,future_x15,future_y15,future_x16,future_y16,future_x17,future_y17,future_x18,future_y18,future_x19,future_y19,future_x20,future_y20
20.370594585005534,163.31787316663923,8.647347756427095,153.82457506765243,-3.075899072151344,144.33127696866563,-14.79914590072977,134.83797886967886,-26.522392729308166,125.3446807706921,-38.24563955788659,115.85138267170532,-49.968886386465016,106.35808457271855,-61.69213321504344,96.86478647373175,-73.41538004362187,87.37148837474498,-85.13862687220029,77.8781902757582,-96.86187370077869,68.38489217677144,-108.58512052935708,58.891594077784674,-120.30836735793554,49.39829597879789,-132.031614186514,39.90499787981112,-143.7548610150924,30.411699780824307,-155.47810784367078,20.91840168183758,-167.20135467224924,11.42510358285081,-178.92460150082763,1.9318054838639966,-190.6478483294061,-7.5614926151227735,-202.37109515798454,-17.0547907141096
