future_x1,future_y1,future_x2,future_y2,future_x3,future_y3,future_x4,future_y4,future_x5,future_y5,future_x6,future_y6,future_x7,future_y7,future_x8,future_y8,future_x9,future_y9,future_x10,future_y10,future_x11,future_y11,future_x12,future_y12,future_x13,future_y13,future_x14,future_y14,future_x15,future_y15,future_x16,future_y16,future_x17,future_y17,future_x18,future_y18,future_x19,future_y19,future_x20,future_y20
54.82810895678854,172.25672613925576,44.59260711070833,167.26453832859625,34.35710526462813,162.27235051793673,24.12160341854795,157.28016270727724,13.886101572467737,152.28797489661773,3.6505997263875543,147.29578708595824,-6.584902119692629,142.30359927529872,-16.82040396577284,137.31141146463924,-27.05590581185305,132.31922365397972,-37.29140765793326,127.32703584332022,-47.52690950401342,122.33484803266073,-57.76241135009363,117.34266022200123,-67.99791319617384,112.35047241134171,-78.23341504225405,107.35828460068221,-88.46891688833426,102.3660967900227,-98.70441873441442,97.37390897936321,-108.93992058049463,92.3817211687037,-119.17542242657478,87.38953335804422,-129.410924272655,82.3973455473847,-139.64642611873518,77.40515773672522
