future_x1,future_y1,future_x2,future_y2,future_x3,future_y3,future_x4,future_y4,future_x5,future_y5,future_x6,future_y6,future_x7,future_y7,future_x8,future_y8,future_x9,future_y9,future_x10,future_y10,future_x11,future_y11,future_x12,future_y12,future_x13,future_y13,future_x14,future_y14,future_x15,future_y15,future_x16,future_y16,future_x17,future_y17,future_x18,future_y18,future_x19,future_y19,future_x20,future_y20
199.07796764079268,103.29405757432393,206.97460795149433,109.46358914676878,214.871248262196,115.63312071921365,222.76788857289765,121.80265229165849,230.6645288835993,127.97218386410336,238.56116919430096,134.1417154365482,246.45780950500264,140.31124700899306,254.3544498157043,146.48077858143793,262.251090126406,152.65031015388277,270.1477304371076,158.81984172632764,278.0443707478093,164.98937329877248,285.941011058511,171.15890487121735,293.8376513692126,177.3284364436622,301.7342916799143,183.49796801610705,309.630931990616,189.6674995885519,317.5275723013176,195.83703116099673,325.42421261201923,202.00656273344157,333.3208529227209,208.17609430588647,341.2174932334226,214.34562587833133,349.11413354412423,220.51515745077617
