future_x1,future_y1,future_x2,future_y2,future_x3,future_y3,future_x4,future_y4,future_x5,future_y5,future_x6,future_y6,future_x7,future_y7,future_x8,future_y8,future_x9,future_y9,future_x10,future_y10,future_x11,future_y11,future_x12,future_y12,future_x13,future_y13,future_x14,future_y14,future_x15,future_y15,future_x16,future_y16,future_x17,future_y17,future_x18,future_y18,future_x19,future_y19,future_x20,future_y20
186.64206028529597,29.756094003262646,201.86944518631026,29.224342005172105,217.09683008732455,28.69259000708155,232.32421498833884,28.16083800899102,247.5515998893531,27.629086010900465,262.7789847903674,27.09733401280991,278.0063696913816,26.565582014719368,293.23375459239594,26.033830016628826,308.46113949341026,25.502078018538285,323.6885243944245,24.970326020447743,338.91590929543884,24.438574022357187,354.1432941964531,23.906822024266646,369.37067909746736,23.375070026176104,384.5980639984817,22.843318028085562,399.825448899496,22.31156602999502,415.0528338005102,21.779814031904465,430.28021870152446,21.248062033813923,445.5076036025388,20.71631003572338,460.7349885035531,20.18455803763284,475.96237340456736,19.6528060395423
