future_x1,future_y1,future_x2,future_y2,future_x3,future_y3,future_x4,future_y4,future_x5,future_y5,future_x6,future_y6,future_x7,future_y7,future_x8,future_y8,future_x9,future_y9,future_x10,future_y10,future_x11,future_y11,future_x12,future_y12,future_x13,future_y13,future_x14,future_y14,future_x15,future_y15,future_x16,future_y16,future_x17,future_y17,future_x18,future_y18,future_x19,future_y19,future_x20,future_y20
13.975019924075951,186.51764705882357,-0.8059960116920024,177.9838235294118,-15.587011947459956,169.45000000000005,-30.36802788322788,160.91617647058828,-45.149043818995835,152.38235294117652,-59.930059754763704,143.8485294117648,-74.71107569053169,135.31470588235302,-89.49209162629964,126.78088235294123,-104.27310756206757,118.24705882352949,-119.05412349783555,109.71323529411771,-133.8351394336034,101.17941176470599,-148.61615536937137,92.64558823529421,-163.3971713051393,84.11176470588245,-178.17818724090728,75.57794117647067,-192.9592031766752,67.04411764705894,-207.74021911244307,58.510294117647206,-222.521235048211,49.97647058823543,-237.30225098397898,41.442647058823695,-252.08326691974696,32.90882352941189,-266.8642828555149,24.375000000000142
