future_x1,future_y1,future_x2,future_y2,future_x3,future_y3,future_x4,future_y4,future_x5,future_y5,future_x6,future_y6,future_x7,future_y7,future_x8,future_y8,future_x9,future_y9,future_x10,future_y10,future_x11,future_y11,future_x12,future_y12,future_x13,future_y13,future_x14,future_y14,future_x15,future_y15,future_x16,future_y16,future_x17,future_y17,future_x18,future_y18,future_x19,future_y19,future_x20,future_y20
123.41183698322912,45.07532357535908,132.35956494101603,38.57441868500432,141.30729289880293,32.07351379464953,150.25502085658982,25.572608904294768,159.20274881437675,19.07170401393998,168.15047677216361,12.570799123585218,177.0982047299505,6.069894233230428,186.04593268773743,-0.4310106571243466,194.99366064552436,-6.931915547479122,203.94138860331128,-13.432820437833897,212.88911656109812,-19.933725328188643,221.83684451888504,-26.434630218543447,230.78457247667194,-32.93553510889822,239.73230043445886,-39.43643999925297,248.6800283922458,-45.93734488960777,257.62775635003266,-52.43824977996252,266.5754843078196,-58.93915467031732,275.52321226560645,-65.44005956067207,284.47094022339337,-71.94096445102687,293.4186681811803,-78.44186934138165
