future_x1,future_y1,future_x2,future_y2,future_x3,future_y3,future_x4,future_y4,future_x5,future_y5,future_x6,future_y6,future_x7,future_y7,future_x8,future_y8,future_x9,future_y9,future_x10,future_y10,future_x11,future_y11,future_x12,future_y12,future_x13,future_y13,future_x14,future_y14,future_x15,future_y15,future_x16,future_y16,future_x17,future_y17,future_x18,future_y18,future_x19,future_y19,future_x20,future_y20
228.6274457582897,87.00248715612172,240.48065614817546,95.30219442310523,252.3338665380612,103.60190169008872,264.1870769279469,111.9016089570722,276.0402873178326,120.20131622405569,287.8934977077184,128.50102349103918,299.74670809760414,136.80073075802267,311.59991848748984,145.10043802500618,323.4531288773756,153.40014529198965,335.30633926726136,161.69985255897316,347.15954965714707,169.99955982595662,359.01276004703277,178.2992670929401,370.8659704369185,186.5989743599236,382.7191808268043,194.89868162690712,394.57239121669005,203.1983888938906,406.4256016065757,211.49809616087404,418.27881199646146,219.79780342785756,430.13202238634716,228.09751069484108,441.9852327762329,236.39721796182454,453.8384431661187,244.69692522880803
