future_x1,future_y1,future_x2,future_y2,future_x3,future_y3,future_x4,future_y4,future_x5,future_y5,future_x6,future_y6,future_x7,future_y7,future_x8,future_y8,future_x9,future_y9,future_x10,future_y10,future_x11,future_y11,future_x12,future_y12,future_x13,future_y13,future_x14,future_y14,future_x15,future_y15,future_x16,future_y16,future_x17,future_y17,future_x18,future_y18,future_x19,future_y19,future_x20,future_y20
125.01777106046026,221.18168026925326,114.37570287820402,227.5760799449772,103.73363469594781,233.97047962070118,93.0915665136916,240.36487929642516,82.44949833143536,246.75927897214916,71.80743014917917,253.15367864787308,61.16536196692293,259.54807832359705,50.523293784666706,265.94247799932106,39.881225602410495,272.336877675045,29.23915742015427,278.731277350769,18.597089237898075,285.12567702649295,7.955021055641851,291.5200767022169,-2.6870471266143454,297.9144763779409,-13.329115308870598,304.30887605366485,-23.971183491126823,310.70327572938885,-34.61325167338299,317.0976754051128,-45.255319855639186,323.49207508083674,-55.89738803789544,329.8864747565607,-66.53945622015164,336.2808744322847,-77.18152440240792,342.6752741080087
