future_x1,future_y1,future_x2,future_y2,future_x3,future_y3,future_x4,future_y4,future_x5,future_y5,future_x6,future_y6,future_x7,future_y7,future_x8,future_y8,future_x9,future_y9,future_x10,future_y10,future_x11,future_y11,future_x12,future_y12,future_x13,future_y13,future_x14,future_y14,future_x15,future_y15,future_x16,future_y16,future_x17,future_y17,future_x18,future_y18,future_x19,future_y19,future_x20,future_y20
220.78664427746725,55.07085391638954,235.6467664636045,60.1876043219349,250.50688864974177,65.30435472748027,265.367010835879,70.42110513302563,280.22713302201623,75.53785553857101,295.08725520815346,80.65460594411637,309.9473773942907,85.77135634966173,324.80749958042793,90.8881067552071,339.6676217665653,96.0048571607525,354.5277439527025,101.12160756629785,369.3878661388397,106.2383579718432,384.2479883249769,111.35510837738858,399.1081105111142,116.47185878293394,413.96823269725144,121.58860918847934,428.82835488338867,126.70535959402469,443.6884770695259,131.82210999957005,458.54859925566313,136.9388604051154,473.40872144180037,142.05561081066077,488.26884362793766,147.17236121620618,503.1289658140749,152.28911162175152
