future_x1,future_y1,future_x2,future_y2,future_x3,future_y3,future_x4,future_y4,future_x5,future_y5,future_x6,future_y6,future_x7,future_y7,future_x8,future_y8,future_x9,future_y9,future_x10,future_y10,future_x11,future_y11,future_x12,future_y12,future_x13,future_y13,future_x14,future_y14,future_x15,future_y15,future_x16,future_y16,future_x17,future_y17,future_x18,future_y18,future_x19,future_y19,future_x20,future_y20
41.43474407293509,58.31738522967228,42.981642354633635,43.59963120398106,44.52854063633218,28.88187717828987,46.07543891803074,14.164123152598705,47.62233719972929,-0.5536308730925157,49.16923548142783,-15.27138489878368,50.71613376312639,-29.9891389244749,52.26303204482494,-44.70689295016612,53.8099303265235,-59.424646975857314,55.356828608222045,-74.1424010015485,56.90372688992059,-88.86015502723967,58.45062517161914,-103.57790905293086,59.9975234533177,-118.29566307862206,61.54442173501624,-133.01341710431325,63.0913200167148,-147.73117113000444,64.63821829841334,-162.44892515569563,66.1851165801119,-177.16667918138683,67.73201486181044,-191.88443320707802,69.278913143509,-206.6021872327692,70.82581142520755,-221.3199412584604
