future_x1,future_y1,future_x2,future_y2,future_x3,future_y3,future_x4,future_y4,future_x5,future_y5,future_x6,future_y6,future_x7,future_y7,future_x8,future_y8,future_x9,future_y9,future_x10,future_y10,future_x11,future_y11,future_x12,future_y12,future_x13,future_y13,future_x14,future_y14,future_x15,future_y15,future_x16,future_y16,future_x17,future_y17,future_x18,future_y18,future_x19,future_y19,future_x20,future_y20
174.5062265910517,27.5037926672762,189.1093797114274,25.45145333845167,203.71253283180306,23.399114009627098,218.3156859521787,21.346774680802554,232.91883907255442,19.294435351978024,247.52199219293007,17.24209602315345,262.1251453133058,15.189756694328906,276.7282984336814,13.137417365504376,291.33145155405714,11.085078036679803,305.93460467443276,9.032738707855259,320.53775779480844,6.980399379030729,335.1409109151841,4.928060050206184,349.74406403555975,2.87572072138164,364.3472171559355,0.8233813925570814,378.95037027631116,-1.2289579362674772,393.5535233966868,-3.2812972650920074,408.15667651706246,-5.333636593916566,422.75982963743814,-7.385975922741125,437.3629827578139,-9.438315251565655,451.9661358781895,-11.490654580390213
