future_x1,future_y1,future_x2,future_y2,future_x3,future_y3,future_x4,future_y4,future_x5,future_y5,future_x6,future_y6,future_x7,future_y7,future_x8,future_y8,future_x9,future_y9,future_x10,future_y10,future_x11,future_y11,future_x12,future_y12,future_x13,future_y13,future_x14,future_y14,future_x15,future_y15,future_x16,future_y16,future_x17,future_y17,future_x18,future_y18,future_x19,future_y19,future_x20,future_y20
102.30856094584723,18.17870000458379,112.74219346261776,7.374357250516866,123.17582597938826,-3.42998550355,133.60945849615877,-14.23432825761688,144.04309101292924,-25.03867101168379,154.47672352969974,-35.84301376575064,164.9103560464702,-46.64735651981752,175.34398856324077,-57.45169927388446,185.77762108001122,-68.25604202795131,196.21125359678177,-79.06038478201822,206.64488611355222,-89.8647275360851,217.07851863032272,-100.66907029015198,227.5121511470932,-111.47341304421883,237.94578366386375,-122.27775579828577,248.37941618063425,-133.0820985523527,258.81304869740467,-143.8864413064195,269.24668121417517,-154.6907840604864,279.6803137309457,-165.49512681455332,290.1139462477162,-176.29946956862022,300.54757876448673,-187.10381232268708
