future_x1,future_y1,future_x2,future_y2,future_x3,future_y3,future_x4,future_y4,future_x5,future_y5,future_x6,future_y6,future_x7,future_y7,future_x8,future_y8,future_x9,future_y9,future_x10,future_y10,future_x11,future_y11,future_x12,future_y12,future_x13,future_y13,future_x14,future_y14,future_x15,future_y15,future_x16,future_y16,future_x17,future_y17,future_x18,future_y18,future_x19,future_y19,future_x20,future_y20
67.9393487609506,45.83799267037497,72.79639390300841,33.18495748407565,77.65343904506621,20.531922297776305,82.510484187124,7.878887111476985,87.3675293291818,-4.774148074822364,92.2245744712396,-17.427183261121684,97.08161961329742,-30.080218447421032,101.93866475535523,-42.73325363372035,106.79570989741303,-55.38628882001967,111.65275503947083,-68.03932400631902,116.50980018152863,-80.69235919261831,121.36684532358643,-93.34539437891763,126.22389046564425,-105.99842956521698,131.08093560770206,-118.65146475151633,135.93798074975984,-131.30449993781565,140.79502589181766,-143.957535124115,145.65207103387547,-156.61057031041435,150.50911617593326,-169.2636054967137,155.36616131799107,-181.916640683013,160.22320646004886,-194.56967586931233
