future_x1,future_y1,future_x2,future_y2,future_x3,future_y3,future_x4,future_y4,future_x5,future_y5,future_x6,future_y6,future_x7,future_y7,future_x8,future_y8,future_x9,future_y9,future_x10,future_y10,future_x11,future_y11,future_x12,future_y12,future_x13,future_y13,future_x14,future_y14,future_x15,future_y15,future_x16,future_y16,future_x17,future_y17,future_x18,future_y18,future_x19,future_y19,future_x20,future_y20
101.53636084035904,244.1695132228261,86.62657125722265,249.59623283026013,71.71678167408625,255.02295243769416,56.806992090949876,260.4496720451282,41.897202507813475,265.8763916525622,26.987412924677116,271.3031112599962,12.077623341540715,276.7298308674302,-2.8321662415957007,282.1565504748642,-17.74195582473206,287.5832700822982,-32.6517454078685,293.0099896897322,-47.561534991004805,298.4367092971662,-62.47132457414125,303.86342890460026,-77.38111415727764,309.29014851203425,-92.29090374041408,314.7168681194683,-107.20069332355041,320.1435877269023,-122.11048290668677,325.5703073343363,-137.02027248982313,330.9970269417703,-151.93006207295957,336.42374654920434,-166.8398516560959,341.85046615663833,-181.7496412392323,347.2771857640723
