future_x1,future_y1,future_x2,future_y2,future_x3,future_y3,future_x4,future_y4,future_x5,future_y5,future_x6,future_y6,future_x7,future_y7,future_x8,future_y8,future_x9,future_y9,future_x10,future_y10,future_x11,future_y11,future_x12,future_y12,future_x13,future_y13,future_x14,future_y14,future_x15,future_y15,future_x16,future_y16,future_x17,future_y17,future_x18,future_y18,future_x19,future_y19,future_x20,future_y20
197.92516496288633,47.085451320802875,212.02813562344278,49.06749458922084,226.13110628399917,51.049537857638825,240.23407694455557,53.03158112605679,254.337047605112,55.01362439447476,268.4400182656684,56.99566766289273,282.54298892622484,58.97771093131071,296.64595958678126,60.95975419972868,310.7489302473377,62.94179746814666,324.8519009078941,64.92384073656463,338.95487156845047,66.9058840049826,353.0578422290069,68.88792727340056,367.1608128895633,70.86997054181855,381.26378355011974,72.85201381023651,395.36675421067616,74.83405707865448,409.46972487123253,76.81610034707245,423.57269553178895,78.79814361549043,437.6756661923454,80.7801868839084,451.7786368529018,82.76223015232637,465.8816075134582,84.74427342074435
