future_x1,future_y1,future_x2,future_y2,future_x3,future_y3,future_x4,future_y4,future_x5,future_y5,future_x6,future_y6,future_x7,future_y7,future_x8,future_y8,future_x9,future_y9,future_x10,future_y10,future_x11,future_y11,future_x12,future_y12,future_x13,future_y13,future_x14,future_y14,future_x15,future_y15,future_x16,future_y16,future_x17,future_y17,future_x18,future_y18,future_x19,future_y19,future_x20,future_y20
207.6295055128623,35.855984272032316,223.68971188575503,38.11309908117133,239.74991825864774,40.37021389031035,255.81012463154042,42.62732869944938,271.8703310044331,44.884443508588404,287.9305373773258,47.141558317727416,303.9907437502185,49.39867312686644,320.05095012311125,51.65578793600547,336.1111564960039,53.91290274514449,352.1713628688966,56.17001755428352,368.23156924178926,58.42713236342253,384.29177561468197,60.684247172561555,400.3519819875747,62.94136198170057,416.4121883604674,65.19847679083959,432.4723947333601,67.45559159997863,448.53260110625274,69.71270640911764,464.5928074791454,71.96982121825667,480.65301385203816,74.22693602739568,496.71322022493075,76.4840508365347,512.7734265978236,78.74116564567375
