future_x1,future_y1,future_x2,future_y2,future_x3,future_y3,future_x4,future_y4,future_x5,future_y5,future_x6,future_y6,future_x7,future_y7,future_x8,future_y8,future_x9,future_y9,future_x10,future_y10,future_x11,future_y11,future_x12,future_y12,future_x13,future_y13,future_x14,future_y14,future_x15,future_y15,future_x16,future_y16,future_x17,future_y17,future_x18,future_y18,future_x19,future_y19,future_x20,future_y20
47.460551788731905,184.7446895872854,35.29571781605975,179.8297776293956,23.130883843387622,174.91486567150585,10.966049870715509,169.99995371361607,-1.198784101956619,165.0850417557263,-13.363618074628732,160.17012979783652,-25.528452047300874,155.25521783994677,-37.693286019973044,150.34030588205698,-49.85811999264516,145.4253939241672,-62.0229539653173,140.5104819662774,-74.18778793798941,135.59557000838765,-86.35262191066153,130.68065805049787,-98.5174558833337,125.7657460926081,-110.68228985600581,120.85083413471833,-122.84712382867798,115.93592217682854,-135.01195780135004,111.02101021893878,-147.1767917740222,106.106098261049,-159.34162574669438,101.19118630315921,-171.5064597193665,96.27627434526946,-183.6712936920386,91.36136238737967
