future_x1,future_y1,future_x2,future_y2,future_x3,future_y3,future_x4,future_y4,future_x5,future_y5,future_x6,future_y6,future_x7,future_y7,future_x8,future_y8,future_x9,future_y9,future_x10,future_y10,future_x11,future_y11,future_x12,future_y12,future_x13,future_y13,future_x14,future_y14,future_x15,future_y15,future_x16,future_y16,future_x17,future_y17,future_x18,future_y18,future_x19,future_y19,future_x20,future_y20
202.6000406485124,118.61959732893487,209.03610913648157,126.28980507165468,215.47217762445072,133.96001281437447,221.9082461124199,141.63022055709425,228.34431460038905,149.30042829981406,234.78038308835823,156.97063604253384,241.21645157632742,164.64084378525365,247.65252006429654,172.3110515279734,254.08858855226575,179.98125927069322,260.5246570402349,187.65146701341303,266.9607255282041,195.32167475613278,273.3967940161732,202.99188249885256,279.83286250414244,210.66209024157237,286.26893099211156,218.33229798429215,292.70499948008074,226.00250572701196,299.14106796804987,233.67271346973172,305.57713645601905,241.34292121245153,312.0132049439882,249.0131289551713,318.4492734319574,256.68333669789115,324.8853419199266,264.3535444406109
