future_x1,future_y1,future_x2,future_y2,future_x3,future_y3,future_x4,future_y4,future_x5,future_y5,future_x6,future_y6,future_x7,future_y7,future_x8,future_y8,future_x9,future_y9,future_x10,future_y10,future_x11,future_y11,future_x12,future_y12,future_x13,future_y13,future_x14,future_y14,future_x15,future_y15,future_x16,future_y16,future_x17,future_y17,future_x18,future_y18,future_x19,future_y19,future_x20,future_y20
199.6986206511182,24.966246469308658,216.40471205814939,25.54963603644164,233.11080346518057,26.133025603574623,249.8168948722117,26.71641517070762,266.5229862792429,27.299804737840603,283.2290776862741,27.8831943049736,299.9351690933052,28.466583872106582,316.6412605003364,29.049973439239565,333.34735190736757,29.633363006372548,350.05344331439875,30.216752573505545,366.7595347214299,30.800142140638542,383.46562612846105,31.383531707771525,400.17171753549223,31.966921274904507,416.8778089425234,32.55031084203749,433.5839003495546,33.13370040917049,450.28999175658566,33.71708997630347,466.9960831636169,34.30047954343647,483.702174570648,34.88386911056945,500.4082659776792,35.467258677702446,517.1143573847104,36.05064824483543
