future_x1,future_y1,future_x2,future_y2,future_x3,future_y3,future_x4,future_y4,future_x5,future_y5,future_x6,future_y6,future_x7,future_y7,future_x8,future_y8,future_x9,future_y9,future_x10,future_y10,future_x11,future_y11,future_x12,future_y12,future_x13,future_y13,future_x14,future_y14,future_x15,future_y15,future_x16,future_y16,future_x17,future_y17,future_x18,future_y18,future_x19,future_y19,future_x20,future_y20
234.68950744950703,127.6892072448566,242.42770682141028,139.60498934066234,250.16590619331356,151.5207714364681,257.9041055652168,163.43655353227382,265.64230493712006,175.35233562807954,273.3805043090233,187.26811772388527,281.1187036809266,199.183899819691,288.8569030528299,211.09968191549675,296.59510242473317,223.0154640113025,304.3333017966364,234.93124610710825,312.07150116853967,246.84702820291392,319.8097005404429,258.7628102987196,327.5478999123462,270.67859239452537,335.2860992842494,282.5943744903311,343.0242986561527,294.5101565861369,350.762498028056,306.4259386819425,358.5006973999592,318.34172077774826,366.23889677186247,330.257502873554,373.9770961437658,342.17328496935977,381.715295515669,354.0890670651655
