future_x1,future_y1,future_x2,future_y2,future_x3,future_y3,future_x4,future_y4,future_x5,future_y5,future_x6,future_y6,future_x7,future_y7,future_x8,future_y8,future_x9,future_y9,future_x10,future_y10,future_x11,future_y11,future_x12,future_y12,future_x13,future_y13,future_x14,future_y14,future_x15,future_y15,future_x16,future_y16,future_x17,future_y17,future_x18,future_y18,future_x19,future_y19,future_x20,future_y20
154.31132102208886,250.03590152521755,142.5556707848625,261.79155176244393,130.80002054763617,273.54720199967034,119.04437031040985,285.3028522368967,107.2887200731835,297.0585024741231,95.53306983595719,308.8141527113494,83.77741959873083,320.5698029485758,72.0217693615045,332.3254531858022,60.26611912427816,344.08110342302854,48.510468887051815,355.8367536602549,36.75481864982552,367.5924038974813,24.99916841259919,379.3480541347077,13.243518175372813,391.10370437193404,1.4878679381464792,402.85935460916045,-10.267782299079869,414.61500484638674,-22.02343253630616,426.3706550836131,-33.77908277353248,438.1263053208395,-45.534733010758885,449.8819555580659,-57.290383247985204,461.63760579529225,-69.04603348521155,473.39325603251865
