future_x1,future_y1,future_x2,future_y2,future_x3,future_y3,future_x4,future_y4,future_x5,future_y5,future_x6,future_y6,future_x7,future_y7,future_x8,future_y8,future_x9,future_y9,future_x10,future_y10,future_x11,future_y11,future_x12,future_y12,future_x13,future_y13,future_x14,future_y14,future_x15,future_y15,future_x16,future_y16,future_x17,future_y17,future_x18,future_y18,future_x19,future_y19,future_x20,future_y20
40.91176470588323,123.69025004940231,35.1058823529421,113.63416683134064,29.30000000000095,103.57808361327895,23.494117647059824,93.52200039521726,17.688235294118684,83.46591717715557,11.882352941177558,73.40983395909393,6.076470588236404,63.35375074103224,0.2705882352952784,53.297667522970556,-5.535294117645861,43.241584304908855,-11.341176470587016,33.18550108684717,-17.147058823528113,23.129417868785524,-22.952941176469295,13.073334650723808,-28.75882352941042,3.0172514326621496,-34.564705882351575,-7.0388317853995375,-40.3705882352927,-17.094915003461267,-46.176470588233826,-27.150998221522883,-51.98235294117495,-37.207081439584584,-57.78823529411608,-47.26316465764626,-63.59411764705726,-57.31924787570796,-69.39999999999839,-67.37533109376963
