future_x1,future_y1,future_x2,future_y2,future_x3,future_y3,future_x4,future_y4,future_x5,future_y5,future_x6,future_y6,future_x7,future_y7,future_x8,future_y8,future_x9,future_y9,future_x10,future_y10,future_x11,future_y11,future_x12,future_y12,future_x13,future_y13,future_x14,future_y14,future_x15,future_y15,future_x16,future_y16,future_x17,future_y17,future_x18,future_y18,future_x19,future_y19,future_x20,future_y20
249.51157793471307,125.5249113546625,258.5621699002208,138.94296574465923,267.61276186572854,152.36102013465597,276.6633538312363,165.77907452465269,285.71394579674404,179.1971289146494,294.76453776225173,192.6151833046461,303.8151297277594,206.03323769464285,312.8657216932672,219.4512920846396,321.9163136587749,232.86934647463633,330.9669056242827,246.28740086463307,340.01749758979037,259.7054552546297,349.0680895552981,273.12350964462644,358.1186815208058,286.5415640346232,367.16927348631356,299.9596184246199,376.2198654518213,313.3776728146167,385.270457417329,326.7957272046133,394.32104938283675,340.21378159461,403.3716413483445,353.6318359846068,412.42223331385225,367.04989037460354,421.47282527936,380.46794476460025
