future_x1,future_y1,future_x2,future_y2,future_x3,future_y3,future_x4,future_y4,future_x5,future_y5,future_x6,future_y6,future_x7,future_y7,future_x8,future_y8,future_x9,future_y9,future_x10,future_y10,future_x11,future_y11,future_x12,future_y12,future_x13,future_y13,future_x14,future_y14,future_x15,future_y15,future_x16,future_y16,future_x17,future_y17,future_x18,future_y18,future_x19,future_y19,future_x20,future_y20
6.979562286987857,170.06541162766547,-6.4656008005800345,159.56089896131002,-19.910763888147898,149.05638629495456,-33.35592697571576,138.55187362859914,-46.80109006328365,128.04736096224366,-60.24625315085149,117.54284829588826,-73.69141623841941,107.0383356295328,-87.13657932598727,96.53382296317734,-100.58174241355513,86.02931029682188,-114.02690550112303,75.52479763046645,-127.47206858869086,65.02028496411103,-140.91723167625872,54.515772297755575,-154.36239476382661,44.01125963140012,-167.8075578513945,33.506746965044655,-181.2527209389624,23.002234298689245,-194.69788402653023,12.497721632333835,-208.14304711409807,1.9932089659783685,-221.58821020166596,-8.511303700377084,-235.03337328923385,-19.015816366732537,-248.4785363768018,-29.52032903308799
