future_x1,future_y1,future_x2,future_y2,future_x3,future_y3,future_x4,future_y4,future_x5,future_y5,future_x6,future_y6,future_x7,future_y7,future_x8,future_y8,future_x9,future_y9,future_x10,future_y10,future_x11,future_y11,future_x12,future_y12,future_x13,future_y13,future_x14,future_y14,future_x15,future_y15,future_x16,future_y16,future_x17,future_y17,future_x18,future_y18,future_x19,future_y19,future_x20,future_y20
36.389873022285144,61.848220040667755,37.17742141324325,46.82090154459472,37.964969804201345,31.793583048521697,38.75251819515945,16.76626455244869,39.54006658611756,1.7389460563756813,40.327614977075655,-13.288372439697326,41.11516336803376,-28.31569093577039,41.90271175899187,-43.34300943184343,42.69026014994998,-58.37032792791641,43.47780854090807,-73.39764642398947,44.26535693186618,-88.4249649200624,45.05290532282427,-103.45228341613546,45.84045371378238,-118.47960191220855,46.62800210474049,-133.50692040828153,47.41555049569858,-148.5342389043546,48.20309888665669,-163.5615574004275,48.990647277614784,-178.58887589650055,49.778195668572906,-193.61619439257368,50.565744059531,-208.64351288864663,51.35329245048911,-223.67083138471963
