future_x1,future_y1,future_x2,future_y2,future_x3,future_y3,future_x4,future_y4,future_x5,future_y5,future_x6,future_y6,future_x7,future_y7,future_x8,future_y8,future_x9,future_y9,future_x10,future_y10,future_x11,future_y11,future_x12,future_y12,future_x13,future_y13,future_x14,future_y14,future_x15,future_y15,future_x16,future_y16,future_x17,future_y17,future_x18,future_y18,future_x19,future_y19,future_x20,future_y20
83.70650548915671,238.55639508930508,68.13741716988095,241.58271928979838,52.568328850605184,244.60904349029173,36.99924053132948,247.63536769078502,21.430152212053713,250.66169189127837,5.8610638927779775,253.68801609177166,-9.708024426497815,256.714340292265,-25.277112745773564,259.74066449275836,-40.84620106504934,262.7669886932516,-56.41528938432509,265.793312893745,-71.98437770360076,268.81963709423826,-87.55346602287653,271.8459612947316,-103.12255434215231,274.8722854952249,-118.69164266142806,277.8986096957182,-134.26073098070384,280.92493389621154,-149.82981929997948,283.95125809670486,-165.39890761925528,286.9775822971982,-180.96799593853103,290.0039064976915,-196.53708425780678,293.0302306981848,-212.10617257708248,296.05655489867814
