future_x1,future_y1,future_x2,future_y2,future_x3,future_y3,future_x4,future_y4,future_x5,future_y5,future_x6,future_y6,future_x7,future_y7,future_x8,future_y8,future_x9,future_y9,future_x10,future_y10,future_x11,future_y11,future_x12,future_y12,future_x13,future_y13,future_x14,future_y14,future_x15,future_y15,future_x16,future_y16,future_x17,future_y17,future_x18,future_y18,future_x19,future_y19,future_x20,future_y20
105.08103358694487,11.898840350395673,116.41754674624265,0.9512968470090755,127.7540599055404,-9.996246656377537,139.09057306483814,-20.94379015976412,150.4270862241359,-31.891333663150732,161.76359938343367,-42.838877166537316,173.1001125427314,-53.7864206699239,184.43662570202918,-64.73396417331054,195.77313886132694,-75.68150767669712,207.10965202062474,-86.62905118008376,218.44616517992245,-97.57659468347029,229.7826783392202,-108.5241381868569,241.11919149851798,-119.47168169024354,252.45570465781572,-130.4192251936301,263.7922178171135,-141.3667686970167,275.1287309764112,-152.31431220040326,286.465244135709,-163.26185570378988,297.8017572950068,-174.2093992071765,309.1382704543045,-185.1569427105631,320.47478361360226,-196.10448621394966
