future_x1,future_y1,future_x2,future_y2,future_x3,future_y3,future_x4,future_y4,future_x5,future_y5,future_x6,future_y6,future_x7,future_y7,future_x8,future_y8,future_x9,future_y9,future_x10,future_y10,future_x11,future_y11,future_x12,future_y12,future_x13,future_y13,future_x14,future_y14,future_x15,future_y15,future_x16,future_y16,future_x17,future_y17,future_x18,future_y18,future_x19,future_y19,future_x20,future_y20
186.96863986818155,238.12874395241312,178.90335653183445,252.6789002509781,170.83807319548737,267.2290565495431,162.77278985914032,281.77921284810805,154.70750652279324,296.329369146673,146.64222318644616,310.87952544523796,138.5769398500991,325.4296817438029,130.511656513752,339.97983804236793,122.44637317740494,354.52999434093283,114.38108984105784,369.0801506394979,106.31580650471078,383.63030693806274,98.25052316836373,398.18046323662776,90.18523983201662,412.7306195351927,82.11995649566954,427.28077583375773,74.05467315932246,441.8309321323227,65.98938982297541,456.38108843088764,57.92410648662833,470.93124472945254,49.85882315028127,485.48140102801756,41.793539813934146,500.0315573265826,33.728256477587095,514.5817136251476
