future_x1,future_y1,future_x2,future_y2,future_x3,future_y3,future_x4,future_y4,future_x5,future_y5,future_x6,future_y6,future_x7,future_y7,future_x8,future_y8,future_x9,future_y9,future_x10,future_y10,future_x11,future_y11,future_x12,future_y12,future_x13,future_y13,future_x14,future_y14,future_x15,future_y15,future_x16,future_y16,future_x17,future_y17,future_x18,future_y18,future_x19,future_y19,future_x20,future_y20
189.62890483269024,36.05477075223371,204.36714998071466,36.31202777822047,219.10539512873905,36.569284804207214,233.84364027676344,36.826541830193975,248.58188542478783,37.08379885618072,263.3201305728122,37.34105588216747,278.05837572083664,37.59831290815423,292.79662086886105,37.85556993414099,307.5348660168855,38.11282696012775,322.2731111649099,38.370083986114494,337.01135631293425,38.627341012101255,351.7496014609586,38.884598038088,366.4878466089831,39.14185506407475,381.22609175700745,39.39911209006151,395.9643369050319,39.65636911604827,410.70258205305623,39.913626142035014,425.44082720108065,40.170883168021774,440.179072349105,40.428140194008535,454.9173174971295,40.68539721999528,469.6555626451539,40.94265424598203
