future_x1,future_y1,future_x2,future_y2,future_x3,future_y3,future_x4,future_y4,future_x5,future_y5,future_x6,future_y6,future_x7,future_y7,future_x8,future_y8,future_x9,future_y9,future_x10,future_y10,future_x11,future_y11,future_x12,future_y12,future_x13,future_y13,future_x14,future_y14,future_x15,future_y15,future_x16,future_y16,future_x17,future_y17,future_x18,future_y18,future_x19,future_y19,future_x20,future_y20
59.36768090539596,68.6889575136519,61.0488646761502,56.72671341346329,62.73004844690446,44.76446931327466,64.41123221765869,32.802225213086075,66.09241598841295,20.839981112897448,67.7735997591672,8.87773701270882,69.45478352992146,-3.0845070874797784,71.1359673006757,-15.046751187668406,72.81715107142995,-27.008995287857005,74.4983348421842,-38.97123938804563,76.17951861293845,-50.9334834882342,77.8607023836927,-62.89572758842283,79.54188615444696,-74.85797168861149,81.2230699252012,-86.82021578880011,82.90425369595545,-98.78245988898871,84.58543746670969,-110.74470398917728,86.26662123746394,-122.70694808936591,87.9478050082182,-134.66919218955456,89.62898877897244,-146.63143628974314,91.3101725497267,-158.59368038993176
