future_x1,future_y1,future_x2,future_y2,future_x3,future_y3,future_x4,future_y4,future_x5,future_y5,future_x6,future_y6,future_x7,future_y7,future_x8,future_y8,future_x9,future_y9,future_x10,future_y10,future_x11,future_y11,future_x12,future_y12,future_x13,future_y13,future_x14,future_y14,future_x15,future_y15,future_x16,future_y16,future_x17,future_y17,future_x18,future_y18,future_x19,future_y19,future_x20,future_y20
90.26676665728306,47.6924264014753,96.528438151496,37.67165729977441,102.79010964570895,27.650888198073545,109.0517811399219,17.63011909637268,115.31345263413485,7.609349994671817,121.5751241283478,-2.411419107029076,127.83679562256074,-12.43218820872994,134.0984671167737,-22.452957310430804,140.36013861098667,-32.4737264121317,146.6218101051996,-42.49449551383256,152.88348159941253,-52.515264615533425,159.1451530936255,-62.53603371723432,165.40682458783846,-72.55680281893518,171.6684960820514,-82.5775719206361,177.93016757626432,-92.59834102233694,184.19183907047727,-102.6191101240378,190.45351056469022,-112.6398792257387,196.71518205890317,-122.66064832743959,202.97685355311611,-132.68141742914042,209.2385250473291,-142.70218653084135
