future_x1,future_y1,future_x2,future_y2,future_x3,future_y3,future_x4,future_y4,future_x5,future_y5,future_x6,future_y6,future_x7,future_y7,future_x8,future_y8,future_x9,future_y9,future_x10,future_y10,future_x11,future_y11,future_x12,future_y12,future_x13,future_y13,future_x14,future_y14,future_x15,future_y15,future_x16,future_y16,future_x17,future_y17,future_x18,future_y18,future_x19,future_y19,future_x20,future_y20
96.1894189815105,233.14220258784673,82.12747974873125,237.17439877766688,68.06554051595195,241.206594967487,54.003601283172685,245.23879115730716,39.941662050393404,249.27098734712732,25.879722817614166,253.30318353694744,11.817783584834842,257.3353797267676,-2.2441556479444387,261.3675759165877,-16.30609488072369,265.3997721064079,-30.368034113502972,269.43196829622804,-44.429973346282225,273.46416448604816,-58.49191257906145,277.49636067586835,-72.55385181184073,281.5285568656885,-86.61579104462007,285.5607530555086,-100.67773027739935,289.5929492453288,-114.73966951017854,293.6251454351489,-128.80160874295785,297.65734162496904,-142.8635479757371,301.6895378147892,-156.92548720851642,305.72173400460935,-170.98742644129572,309.75393019442953
