future_x1,future_y1,future_x2,future_y2,future_x3,future_y3,future_x4,future_y4,future_x5,future_y5,future_x6,future_y6,future_x7,future_y7,future_x8,future_y8,future_x9,future_y9,future_x10,future_y10,future_x11,future_y11,future_x12,future_y12,future_x13,future_y13,future_x14,future_y14,future_x15,future_y15,future_x16,future_y16,future_x17,future_y17,future_x18,future_y18,future_x19,future_y19,future_x20,future_y20
169.23145745051255,56.1021458914352,180.25368408308165,55.52449547086779,191.27591071565072,54.94684505030038,202.2981373482198,54.369194629732974,213.3203639807889,53.791544209165565,224.34259061335797,53.213893788598156,235.36481724592704,52.63624336803075,246.38704387849614,52.05859294746334,257.40927051106524,51.480942526895916,268.4314971436343,50.90329210632851,279.4537237762034,50.3256416857611,290.4759504087724,49.74799126519369,301.49817704134153,49.17034084462628,312.5204036739106,48.59269042405887,323.54263030647974,48.015040003491464,334.5648569390488,47.437389582924055,345.5870835716179,46.85973916235665,356.60931020418695,46.28208874178924,367.631536836756,45.70443832122183,378.65376346932516,45.12678790065442
