future_x1,future_y1,future_x2,future_y2,future_x3,future_y3,future_x4,future_y4,future_x5,future_y5,future_x6,future_y6,future_x7,future_y7,future_x8,future_y8,future_x9,future_y9,future_x10,future_y10,future_x11,future_y11,future_x12,future_y12,future_x13,future_y13,future_x14,future_y14,future_x15,future_y15,future_x16,future_y16,future_x17,future_y17,future_x18,future_y18,future_x19,future_y19,future_x20,future_y20
48.64155189291303,136.57471014592056,41.95206123028598,128.3138771479745,35.26257056765894,120.05304415002846,28.573079905031932,111.7922111520824,21.88358924240488,103.53137815413633,15.194098579777872,95.27054515619031,8.504607917150821,87.00971215824424,1.8151172545237841,78.74887916029817,-4.874373408103253,70.4880461623521,-11.56386407073029,62.22721316440604,-18.2533547333573,53.96638016646001,-24.942845395984335,45.70554716851396,-31.632336058611372,37.44471417056789,-38.32182672123844,29.183881172621824,-45.011317383865446,20.923048174675756,-51.700808046492455,12.662215176729745,-58.39029870911949,4.401382178783706,-65.07978937174656,-3.85945081916239,-71.7692800343736,-12.120283817108486,-78.45877069700063,-20.381116815054526
