future_x1,future_y1,future_x2,future_y2,future_x3,future_y3,future_x4,future_y4,future_x5,future_y5,future_x6,future_y6,future_x7,future_y7,future_x8,future_y8,future_x9,future_y9,future_x10,future_y10,future_x11,future_y11,future_x12,future_y12,future_x13,future_y13,future_x14,future_y14,future_x15,future_y15,future_x16,future_y16,future_x17,future_y17,future_x18,future_y18,future_x19,future_y19,future_x20,future_y20
200.4315794616188,34.73305859766563,216.09771775058022,36.10366809917912,231.76385603954165,37.4742776006926,247.42999432850306,38.8448871022061,263.0961326174645,40.215496603719586,278.7622709064259,41.58610610523307,294.4284091953873,42.956715606746556,310.09454748434877,44.327325108260055,325.76068577331023,45.69793460977354,341.42682406227163,47.068544111287025,357.092962351233,48.43915361280051,372.7591006401944,49.809763114313995,388.42523892915585,51.180372615827494,404.0913772181173,52.55098211734098,419.7575155070787,53.921591618854464,435.4236537960401,55.292201120367935,451.0897920850015,56.662810621881434,466.755930373963,58.03342012339492,482.4220686629244,59.40402962490842,498.08820695188587,60.7746391264219
