future_x1,future_y1,future_x2,future_y2,future_x3,future_y3,future_x4,future_y4,future_x5,future_y5,future_x6,future_y6,future_x7,future_y7,future_x8,future_y8,future_x9,future_y9,future_x10,future_y10,future_x11,future_y11,future_x12,future_y12,future_x13,future_y13,future_x14,future_y14,future_x15,future_y15,future_x16,future_y16,future_x17,future_y17,future_x18,future_y18,future_x19,future_y19,future_x20,future_y20
219.38039243490638,155.6469705361477,222.88482415814767,167.8683763452333,226.38925588138892,180.08978215431887,229.8936876046302,192.31118796340445,233.39811932787148,204.53259377249003,236.90255105111274,216.75399958157556,240.406982774354,228.97540539066114,243.91141449759525,241.19681119974672,247.4158462208365,253.4182170088323,250.92027794407778,265.6396228179179,254.42470966731904,277.86102862700335,257.92914139056035,290.082434436089,261.4335731138016,302.3038402451745,264.93800483704285,314.52524605426015,268.44243656028414,326.7466518633457,271.94686828352536,338.96805767243126,275.45130000676664,351.1894634815168,278.9557317300079,363.4108692906024,282.4601634532492,375.63227509968794,285.96459517649043,387.8536809087736
