future_x1,future_y1,future_x2,future_y2,future_x3,future_y3,future_x4,future_y4,future_x5,future_y5,future_x6,future_y6,future_x7,future_y7,future_x8,future_y8,future_x9,future_y9,future_x10,future_y10,future_x11,future_y11,future_x12,future_y12,future_x13,future_y13,future_x14,future_y14,future_x15,future_y15,future_x16,future_y16,future_x17,future_y17,future_x18,future_y18,future_x19,future_y19,future_x20,future_y20
16.688939142500843,126.38139611731665,8.832938003112574,113.80916623376788,0.9769368637242621,101.2369363502191,-6.879064275664007,88.66470646667035,-14.735065415052304,76.09247658312157,-22.591066554440573,63.52024669957282,-30.447067693828842,50.94801681602405,-38.30306883321714,38.37578693247528,-46.15906997260544,25.803557048926493,-54.015071111993706,13.231327165377735,-61.871072251381975,0.6590972818289913,-69.72707339077027,-11.91313260171981,-77.58307453015854,-24.485362485268553,-85.43907566954687,-37.057592368817325,-93.29507680893511,-49.629822252366125,-101.15107794832338,-62.20205213591481,-109.00707908771165,-74.77428201946361,-116.8630802271,-87.34651190301238,-124.71908136648827,-99.91874178656116,-132.57508250587654,-112.49097167010996
