future_x1,future_y1,future_x2,future_y2,future_x3,future_y3,future_x4,future_y4,future_x5,future_y5,future_x6,future_y6,future_x7,future_y7,future_x8,future_y8,future_x9,future_y9,future_x10,future_y10,future_x11,future_y11,future_x12,future_y12,future_x13,future_y13,future_x14,future_y14,future_x15,future_y15,future_x16,future_y16,future_x17,future_y17,future_x18,future_y18,future_x19,future_y19,future_x20,future_y20
218.3501056878337,158.81593131739757,221.42554964456113,171.15086330119715,224.50099360128854,183.4857952849967,227.57643755801598,195.82072726879625,230.6518815147434,208.1556592525958,233.7273254714708,220.49059123639532,236.80276942819825,232.82552322019487,239.8782133849257,245.16045520399445,242.9536573416531,257.495387187794,246.0291012983805,269.8303191715936,249.10454525510792,282.16525115539304,252.17998921183533,294.50018313919264,255.25543316856277,306.8351151229922,258.3308771252902,319.1700471067918,261.4063210820176,331.5049790905913,264.48176503874504,343.8399110743909,267.5572089954725,356.17484305819033,270.6326529521999,368.50977504199,273.7080969089273,380.8447070257895,276.78354086565474,393.17963900958904
