future_x1,future_y1,future_x2,future_y2,future_x3,future_y3,future_x4,future_y4,future_x5,future_y5,future_x6,future_y6,future_x7,future_y7,future_x8,future_y8,future_x9,future_y9,future_x10,future_y10,future_x11,future_y11,future_x12,future_y12,future_x13,future_y13,future_x14,future_y14,future_x15,future_y15,future_x16,future_y16,future_x17,future_y17,future_x18,future_y18,future_x19,future_y19,future_x20,future_y20
149.45907448410054,4.191619126779344,164.86227927744525,-2.3466533969145473,180.26548407078997,-8.884925920608481,195.66868886413462,-15.423198444302358,211.07189365747936,-21.961470967996263,226.47509845082405,-28.49974349169014,241.87830324416873,-35.03801601538407,257.28150803751345,-41.57628853907798,272.68471283085813,-48.114561062771884,288.08791762420293,-54.65283358646579,303.4911224175475,-61.191106110159666,318.89432721089224,-67.72937863385354,334.2975320042369,-74.26765115754748,349.70073679758167,-80.80592368124138,365.10394159092635,-87.34419620493526,380.50714638427104,-93.88246872862914,395.9103511776157,-100.42074125232307,411.31355597096046,-106.959013776017,426.71676076430515,-113.49728629971088,442.11996555764983,-120.03555882340478
