future_x1,future_y1,future_x2,future_y2,future_x3,future_y3,future_x4,future_y4,future_x5,future_y5,future_x6,future_y6,future_x7,future_y7,future_x8,future_y8,future_x9,future_y9,future_x10,future_y10,future_x11,future_y11,future_x12,future_y12,future_x13,future_y13,future_x14,future_y14,future_x15,future_y15,future_x16,future_y16,future_x17,future_y17,future_x18,future_y18,future_x19,future_y19,future_x20,future_y20
38.75530133765169,110.92223303003229,34.2224146527725,99.70294478826261,29.689527967893326,88.483656546493,25.15664128301414,77.26436830472338,20.62375459813498,66.0450800629537,16.090867913255806,54.82579182118408,11.55798122837659,43.60650357941445,7.025094543497431,32.387215337644804,2.4922078586182295,21.16792709587517,-2.040678826260944,9.948638854105496,-6.573565511140089,-1.270649387664065,-11.10645219601929,-12.48993762943374,-15.639338880898492,-23.709225871203387,-20.172225565777666,-34.928514112973005,-24.70511225065684,-46.14780235474268,-29.237998935536012,-57.36709059651224,-33.770885620415186,-68.58637883828197,-38.30377230529439,-79.80566708005159,-42.83665899017356,-91.02495532182121,-47.369545675052734,-102.24424356359086
