future_x1,future_y1,future_x2,future_y2,future_x3,future_y3,future_x4,future_y4,future_x5,future_y5,future_x6,future_y6,future_x7,future_y7,future_x8,future_y8,future_x9,future_y9,future_x10,future_y10,future_x11,future_y11,future_x12,future_y12,future_x13,future_y13,future_x14,future_y14,future_x15,future_y15,future_x16,future_y16,future_x17,future_y17,future_x18,future_y18,future_x19,future_y19,future_x20,future_y20
167.7416347760363,216.56593109491257,160.70089374485548,227.40772152812013,153.66015271367468,238.24951196132773,146.61941168249388,249.09130239453526,139.57867065131308,259.9330928277428,132.53792962013227,270.7748832609504,125.49718858895147,281.61667369415795,118.45644755777067,292.4584641273655,111.41570652658984,303.3002545605731,104.37496549540904,314.1420449937807,97.33422446422827,324.9838354269882,90.29348343304747,335.82562586019577,83.25274240186664,346.66741629340333,76.21200137068584,357.5092067266109,69.17126033950504,368.35099715981846,62.13051930832427,379.19278759302597,55.089778277143466,390.0345780262336,48.04903724596264,400.87636845944115,41.008296214781836,411.7181588926487,33.967555183601036,422.5599493258563
