future_x1,future_y1,future_x2,future_y2,future_x3,future_y3,future_x4,future_y4,future_x5,future_y5,future_x6,future_y6,future_x7,future_y7,future_x8,future_y8,future_x9,future_y9,future_x10,future_y10,future_x11,future_y11,future_x12,future_y12,future_x13,future_y13,future_x14,future_y14,future_x15,future_y15,future_x16,future_y16,future_x17,future_y17,future_x18,future_y18,future_x19,future_y19,future_x20,future_y20
127.63921739437015,4.149884918417911,141.47160840574531,-4.832974836446141,155.30399941712048,-13.815834591310164,169.13639042849564,-22.798694346174187,182.96878143987078,-31.78155410103824,196.80117245124592,-40.764413855902234,210.6335634626211,-49.747273610766285,224.46595447399625,-58.73013336563031,238.2983454853714,-67.71299312049433,252.13073649674658,-76.69585287535836,265.9631275081217,-85.67871263022238,279.79551851949685,-94.6615723850864,293.62790953087205,-103.64443213995045,307.4603005422472,-112.6272918948145,321.2926915536224,-121.61015164967847,335.12508256499746,-130.5930114045425,348.95747357637265,-139.57587115940657,362.78986458774784,-148.55873091427054,376.622255599123,-157.54159066913462,390.4546466104981,-166.52445042399864
