future_x1,future_y1,future_x2,future_y2,future_x3,future_y3,future_x4,future_y4,future_x5,future_y5,future_x6,future_y6,future_x7,future_y7,future_x8,future_y8,future_x9,future_y9,future_x10,future_y10,future_x11,future_y11,future_x12,future_y12,future_x13,future_y13,future_x14,future_y14,future_x15,future_y15,future_x16,future_y16,future_x17,future_y17,future_x18,future_y18,future_x19,future_y19,future_x20,future_y20
200.69951496469784,208.26951892713643,196.96681147157966,222.20015801304368,193.23410797846148,236.13079709895092,189.5014044853433,250.0614361848581,185.76870099222515,263.9920752707653,182.03599749910697,277.92271435667254,178.3032940059888,291.85335344257976,174.5705905128706,305.78399252848703,170.83788701975243,319.71463161439425,167.10518352663425,333.64527070030147,163.3724800335161,347.5759097862086,159.63977654039792,361.50654887211584,155.90707304727974,375.43718795802306,152.17436955416156,389.36782704393033,148.4416660610434,403.2984661298375,144.70896256792523,417.2291052157447,140.97625907480705,431.1597443016519,137.24355558168887,445.0903833875592,133.5108520885707,459.0210224734664,129.77814859545254,472.95166155937363
