future_x1,future_y1,future_x2,future_y2,future_x3,future_y3,future_x4,future_y4,future_x5,future_y5,future_x6,future_y6,future_x7,future_y7,future_x8,future_y8,future_x9,future_y9,future_x10,future_y10,future_x11,future_y11,future_x12,future_y12,future_x13,future_y13,future_x14,future_y14,future_x15,future_y15,future_x16,future_y16,future_x17,future_y17,future_x18,future_y18,future_x19,future_y19,future_x20,future_y20
58.77178967926514,149.38590025456085,51.38021182713089,143.18363000501674,43.988633974996645,136.98135975547262,36.597056122862426,130.77908950592854,29.20547827072818,124.57681925638441,21.813900418593946,118.3745490068403,14.422322566459712,112.1722787572962,7.030744714325493,105.97000850775208,-0.36083313780875415,99.76773825820797,-7.75241098994303,93.56546800866386,-15.14398884207722,87.36319775911977,-22.535566694211468,81.16092750957564,-29.927144546345687,74.95865726003153,-37.318722398479935,68.75638701048743,-44.71030025061421,62.55411676094329,-52.1018781027484,56.35184651139923,-59.49345595488265,50.1495762618551,-66.8850338070169,43.94730601231099,-74.27661165915111,37.74503576276689,-81.66818951128539,31.542765513222747
