future_x1,future_y1,future_x2,future_y2,future_x3,future_y3,future_x4,future_y4,future_x5,future_y5,future_x6,future_y6,future_x7,future_y7,future_x8,future_y8,future_x9,future_y9,future_x10,future_y10,future_x11,future_y11,future_x12,future_y12,future_x13,future_y13,future_x14,future_y14,future_x15,future_y15,future_x16,future_y16,future_x17,future_y17,future_x18,future_y18,future_x19,future_y19,future_x20,future_y20
69.87720064862492,35.58422251210928,76.02153154321661,22.407662386756243,82.1658624378083,9.231102261403208,88.31019333239998,-3.945457863949798,94.45452422699167,-17.122017989302833,100.59885512158334,-30.29857811465584,106.74318601617503,-43.475138240008874,112.88751691076672,-56.65169836536194,119.03184780535841,-69.82825849071497,125.1761786999501,-83.00481861606801,131.32050959454176,-96.18137874142099,137.46484048913345,-109.35793886677396,143.60917138372514,-122.53449899212706,149.75350227831683,-135.71105911748003,155.89783317290852,-148.88761924283313,162.04216406750018,-162.0641793681861,168.18649496209184,-175.24073949353908,174.33082585668353,-188.41729961889217,180.47515675127522,-201.59385974424515,186.6194876458669,-214.77041986959824
