future_x1,future_y1,future_x2,future_y2,future_x3,future_y3,future_x4,future_y4,future_x5,future_y5,future_x6,future_y6,future_x7,future_y7,future_x8,future_y8,future_x9,future_y9,future_x10,future_y10,future_x11,future_y11,future_x12,future_y12,future_x13,future_y13,future_x14,future_y14,future_x15,future_y15,future_x16,future_y16,future_x17,future_y17,future_x18,future_y18,future_x19,future_y19,future_x20,future_y20
177.72743631076926,207.06707420193703,172.47060376583283,218.340387974513,167.21377122089643,229.61370174708895,161.95693867596,240.8870155196649,156.70010613102357,252.16032929224087,151.44327358608717,263.4336430648168,146.18644104115077,274.7069568373928,140.92960849621434,285.9802706099688,135.6727759512779,297.2535843825448,130.41594340634148,308.52689815512076,125.15911086140508,319.80021192769664,119.90227831646868,331.0735257002726,114.64544577153224,342.3468394728486,109.38861322659584,353.6201532454246,104.1317806816594,364.8934670180006,98.87494813672302,376.16678079057647,93.61811559178659,387.44009456315246,88.36128304685016,398.71340833572845,83.10445050191375,409.98672210830443,77.84761795697732,421.26003588088037
