future_x1,future_y1,future_x2,future_y2,future_x3,future_y3,future_x4,future_y4,future_x5,future_y5,future_x6,future_y6,future_x7,future_y7,future_x8,future_y8,future_x9,future_y9,future_x10,future_y10,future_x11,future_y11,future_x12,future_y12,future_x13,future_y13,future_x14,future_y14,future_x15,future_y15,future_x16,future_y16,future_x17,future_y17,future_x18,future_y18,future_x19,future_y19,future_x20,future_y20
73.23628099898035,55.76486381603277,77.3650006311068,44.42129985550639,81.49372026323321,33.07773589498001,85.62243989535963,21.734171934453684,89.75115952748607,10.390607973927303,93.8798791596125,-0.9529559865990507,98.00859879173893,-12.296519947125432,102.13731842386537,-23.640083907651785,106.2660380559918,-34.98364786817817,110.39475768811823,-46.32721182870455,114.52347732024464,-57.670775789230845,118.65219695237107,-69.01433974975723,122.78091658449752,-80.35790371028367,126.90963621662394,-91.70146767080996,131.03835584875037,-103.04503163133637,135.1670754808768,-114.38859559186272,139.2957951130032,-125.73215955238908,143.42451474512964,-137.0757235129155,147.55323437725608,-148.41928747344178,151.6819540093825,-159.7628514339682
