future_x1,future_y1,future_x2,future_y2,future_x3,future_y3,future_x4,future_y4,future_x5,future_y5,future_x6,future_y6,future_x7,future_y7,future_x8,future_y8,future_x9,future_y9,future_x10,future_y10,future_x11,future_y11,future_x12,future_y12,future_x13,future_y13,future_x14,future_y14,future_x15,future_y15,future_x16,future_y16,future_x17,future_y17,future_x18,future_y18,future_x19,future_y19,future_x20,future_y20
109.7396194548235,14.842910338089311,121.08306949971339,4.629222041379833,132.42651954460328,-5.584466255329687,143.76996958949314,-15.798154552039136,155.11341963438304,-26.011842848748643,166.45686967927287,-36.22553114545809,177.80031972416276,-46.4392194421676,189.14376976905265,-56.652907738877104,200.48721981394254,-66.86659603558658,211.83066985883244,-77.08028433229612,223.1741199037223,-87.29397262900557,234.51756994861213,-97.50766092571502,245.86101999350205,-107.72134922242452,257.20447003839195,-117.935037519134,268.54792008328184,-128.14872581584348,279.8913701281717,-138.36241411255298,291.23482017306156,-148.5761024092625,302.57827021795146,-158.78979070597194,313.92172026284135,-169.00347900268144,325.26517030773124,-179.21716729939095
