future_x1,future_y1,future_x2,future_y2,future_x3,future_y3,future_x4,future_y4,future_x5,future_y5,future_x6,future_y6,future_x7,future_y7,future_x8,future_y8,future_x9,future_y9,future_x10,future_y10,future_x11,future_y11,future_x12,future_y12,future_x13,future_y13,future_x14,future_y14,future_x15,future_y15,future_x16,future_y16,future_x17,future_y17,future_x18,future_y18,future_x19,future_y19,future_x20,future_y20
150.68943092499896,254.52182295176084,138.17030468417457,266.1960970365915,125.65117844335016,277.8703711214221,113.13205220252578,289.5446452062527,100.6129259617014,301.21891929108335,88.09379972087702,312.89319337591394,75.57467348005264,324.5674674607445,63.05554723922823,336.24174154557517,50.53642099840381,347.9160156304058,38.017294757579435,359.59028971523645,25.4981685167551,371.264563800067,12.979042275930667,382.9388378848976,0.4599160351062892,394.61311196972827,-12.05921020571813,406.28738605455885,-24.578336446542522,417.9616601393895,-37.09746268736686,429.63593422422,-49.61658892819122,441.31020830905067,-62.1357151690157,452.98448239388136,-74.65484140984003,464.65875647871195,-87.17396765066445,476.3330305635426
