future_x1,future_y1,future_x2,future_y2,future_x3,future_y3,future_x4,future_y4,future_x5,future_y5,future_x6,future_y6,future_x7,future_y7,future_x8,future_y8,future_x9,future_y9,future_x10,future_y10,future_x11,future_y11,future_x12,future_y12,future_x13,future_y13,future_x14,future_y14,future_x15,future_y15,future_x16,future_y16,future_x17,future_y17,future_x18,future_y18,future_x19,future_y19,future_x20,future_y20
202.77733523787407,41.47071779641712,217.85892375459864,43.59029683519552,232.94051227132323,45.70987587397394,248.02210078804774,47.82945491275237,263.10368930477233,49.94903395153078,278.1852778214969,52.068612990309205,293.26686633822146,54.18819202908762,308.34845485494606,56.30777106786604,323.43004337167065,58.42735010664447,338.51163188839524,60.54692914542288,353.5932204051197,62.66650818420128,368.6748089218443,64.7860872229797,383.7563974385689,66.90566626175811,398.83798595529345,69.02524530053654,413.91957447201804,71.14482433931497,429.0011629887425,73.26440337809338,444.0827515054672,75.3839824168718,459.1643400221917,77.50356145565021,474.24592853891625,79.62314049442863,489.32751705564084,81.74271953320705
