future_x1,future_y1,future_x2,future_y2,future_x3,future_y3,future_x4,future_y4,future_x5,future_y5,future_x6,future_y6,future_x7,future_y7,future_x8,future_y8,future_x9,future_y9,future_x10,future_y10,future_x11,future_y11,future_x12,future_y12,future_x13,future_y13,future_x14,future_y14,future_x15,future_y15,future_x16,future_y16,future_x17,future_y17,future_x18,future_y18,future_x19,future_y19,future_x20,future_y20
217.6126193340956,100.31697122097923,227.1806646334445,108.3455145027502,236.74870993279342,116.37405778452117,246.31675523214233,124.40260106629214,255.88480053149124,132.4311443480631,265.45284583084015,140.45968762983406,275.02089113018906,148.48823091160506,284.58893642953797,156.51677419337602,294.1569817288869,164.545317475147,303.7250270282358,172.57386075691798,313.29307232758464,180.60240403868892,322.86111762693355,188.63094732045988,332.42916292628246,196.65949060223085,341.99720822563137,204.68803388400184,351.5652535249803,212.7165771657728,361.1332988243292,220.74512044754377,370.70134412367804,228.77366372931473,380.269389423027,236.80220701108573,389.8374347223759,244.83075029285666,399.4054800217248,252.85929357462766
