future_x1,future_y1,future_x2,future_y2,future_x3,future_y3,future_x4,future_y4,future_x5,future_y5,future_x6,future_y6,future_x7,future_y7,future_x8,future_y8,future_x9,future_y9,future_x10,future_y10,future_x11,future_y11,future_x12,future_y12,future_x13,future_y13,future_x14,future_y14,future_x15,future_y15,future_x16,future_y16,future_x17,future_y17,future_x18,future_y18,future_x19,future_y19,future_x20,future_y20
153.05754628757822,235.11164533044672,142.88134599044835,245.64940921732924,132.7051456933185,256.18717310421175,122.52894539618869,266.7249369910943,112.35274509905885,277.2627008779768,102.176544801929,287.8004647648594,92.00034450479916,298.3382286517419,81.82414420766929,308.8759925386244,71.64794391053945,319.41375642550696,61.4717436134096,329.9515203123895,51.295543316279776,340.489284199272,41.11934301914994,351.02704808615454,30.9431427220201,361.5648119730371,20.76694242489023,372.1025758599196,10.590742127760379,382.64033974680217,0.4145418306305402,393.17810363368466,-9.761658466499313,403.7158675205672,-19.93785876362915,414.2536314074497,-30.11405906075899,424.79139529433223,-40.29025935788883,435.3291591812148
