future_x1,future_y1,future_x2,future_y2,future_x3,future_y3,future_x4,future_y4,future_x5,future_y5,future_x6,future_y6,future_x7,future_y7,future_x8,future_y8,future_x9,future_y9,future_x10,future_y10,future_x11,future_y11,future_x12,future_y12,future_x13,future_y13,future_x14,future_y14,future_x15,future_y15,future_x16,future_y16,future_x17,future_y17,future_x18,future_y18,future_x19,future_y19,future_x20,future_y20
197.65564747935426,155.90695225530573,199.5623718393293,165.71619871876356,201.46909619930435,175.5254451822214,203.3758205592794,185.33469164567924,205.28254491925443,195.14393810913708,207.18926927922948,204.95318457259492,209.09599363920455,214.76243103605276,211.0027179991796,224.5716774995106,212.90944235915464,234.38092396296847,214.81616671912968,244.1901704264263,216.72289107910473,253.99941688988412,218.62961543907977,263.808663353342,220.53633979905482,273.61790981679985,222.4430641590299,283.4271562802577,224.34978851900493,293.2364027437155,226.25651287897998,303.0456492071733,228.16323723895502,312.8548956706312,230.06996159893006,322.664142134089,231.9766859589051,332.4733885975469,233.88341031888018,342.2826350610047
