future_x1,future_y1,future_x2,future_y2,future_x3,future_y3,future_x4,future_y4,future_x5,future_y5,future_x6,future_y6,future_x7,future_y7,future_x8,future_y8,future_x9,future_y9,future_x10,future_y10,future_x11,future_y11,future_x12,future_y12,future_x13,future_y13,future_x14,future_y14,future_x15,future_y15,future_x16,future_y16,future_x17,future_y17,future_x18,future_y18,future_x19,future_y19,future_x20,future_y20
114.49271400023713,2.9908467063828965,127.50556598015092,-7.546753053281321,140.51841796006468,-18.084352812945554,153.53126993997842,-28.62195257260973,166.54412191989218,-39.15955233227396,179.5569738998059,-49.697152091938136,192.56982587971967,-60.23475185160237,205.58267785963346,-70.77235161126663,218.5955298395472,-81.30995137093083,231.608381819461,-91.84755113059504,244.6212337993747,-102.38515089025924,257.63408577928845,-112.92275064992344,270.6469377592022,-123.46035040958765,283.659789739116,-133.9979501692519,296.6726417190298,-144.5355499289161,309.6854936989435,-155.07314968858032,322.69834567885727,-165.61074944824452,335.711197658771,-176.14834920790872,348.72404963868473,-186.68594896757293,361.7369016185986,-197.2235487272372
