future_x1,future_y1,future_x2,future_y2,future_x3,future_y3,future_x4,future_y4,future_x5,future_y5,future_x6,future_y6,future_x7,future_y7,future_x8,future_y8,future_x9,future_y9,future_x10,future_y10,future_x11,future_y11,future_x12,future_y12,future_x13,future_y13,future_x14,future_y14,future_x15,future_y15,future_x16,future_y16,future_x17,future_y17,future_x18,future_y18,future_x19,future_y19,future_x20,future_y20
158.8392808694548,51.02527136939179,169.6792358755327,48.91819756427142,180.5191908816106,46.81112375915106,191.3591458876885,44.70404995403071,202.1991008937664,42.59697614891036,213.0390558998443,40.48990234379001,223.8790109059222,38.382828538669656,234.7189659120001,36.27575473354929,245.558920918078,34.16868092842894,256.39887592415596,32.06160712330856,267.2388309302338,29.954533318188226,278.07878593631165,27.847459513067875,288.9187409423896,25.74038570794751,299.7586959484675,23.63331190282716,310.5986509545454,21.526238097706795,321.43860596062325,19.419164292586444,332.27856096670115,17.312090487466094,343.1185159727791,15.205016682345743,353.958470978857,13.097942877225393,364.7984259849349,10.990869072105028
