future_x1,future_y1,future_x2,future_y2,future_x3,future_y3,future_x4,future_y4,future_x5,future_y5,future_x6,future_y6,future_x7,future_y7,future_x8,future_y8,future_x9,future_y9,future_x10,future_y10,future_x11,future_y11,future_x12,future_y12,future_x13,future_y13,future_x14,future_y14,future_x15,future_y15,future_x16,future_y16,future_x17,future_y17,future_x18,future_y18,future_x19,future_y19,future_x20,future_y20
193.1228288805596,195.0447124190355,190.32287192875148,207.17265840482656,187.52291497694335,219.30060439061762,184.72295802513523,231.42855037640865,181.9230010733271,243.55649636219974,179.123044121519,255.6844423479907,176.32308716971087,267.81238833378177,173.52313021790275,279.9403343195728,170.72317326609462,292.0682803053639,167.9232163142865,304.1962262911549,165.1232593624784,316.32417227694594,162.32330241067027,328.452118262737,159.52334545886214,340.58006424852806,156.723388507054,352.70801023431915,153.92343155524588,364.8359562201102,151.12347460343778,376.9639022059012,148.32351765162966,389.0918481916922,145.52356069982153,401.21979417748327,142.7236037480134,413.34774016327435,139.92364679620528,425.4756861490654
