future_x1,future_y1,future_x2,future_y2,future_x3,future_y3,future_x4,future_y4,future_x5,future_y5,future_x6,future_y6,future_x7,future_y7,future_x8,future_y8,future_x9,future_y9,future_x10,future_y10,future_x11,future_y11,future_x12,future_y12,future_x13,future_y13,future_x14,future_y14,future_x15,future_y15,future_x16,future_y16,future_x17,future_y17,future_x18,future_y18,future_x19,future_y19,future_x20,future_y20
215.5505350748523,84.98259223295327,226.68555849102214,91.67318929567936,237.82058190719198,98.36378635840548,248.95560532336182,105.05438342113158,260.09062873953167,111.74498048385769,271.2256521557015,118.43557754658377,282.36067557187135,125.12617460930988,293.4956989880412,131.816771672036,304.63072240421104,138.5073687347621,315.7657458203809,145.19796579748822,326.90076923655073,151.88856286021428,338.03579265272054,158.5791599229404,349.1708160688904,165.2697569856665,360.30583948506023,171.96035404839262,371.4408629012301,178.6509511111187,382.5758863173999,185.34154817384479,393.7109097335698,192.0321452365709,404.8459331497396,198.72274229929698,415.9809565659094,205.41333936202312,427.1159799820793,212.1039364247492
