future_x1,future_y1,future_x2,future_y2,future_x3,future_y3,future_x4,future_y4,future_x5,future_y5,future_x6,future_y6,future_x7,future_y7,future_x8,future_y8,future_x9,future_y9,future_x10,future_y10,future_x11,future_y11,future_x12,future_y12,future_x13,future_y13,future_x14,future_y14,future_x15,future_y15,future_x16,future_y16,future_x17,future_y17,future_x18,future_y18,future_x19,future_y19,future_x20,future_y20
89.62741683785018,33.81538335120459,97.39572240644966,22.721093237645462,105.16402797504915,11.626803124086337,112.93233354364864,0.5325130105272109,120.70063911224813,-10.561777103031915,128.46894468084759,-21.656067216591026,136.23725024944707,-32.750357330150166,144.0055558180466,-43.844647443709334,151.77386138664608,-54.938937557268446,159.5421669552456,-66.03322767082759,167.31047252384502,-77.12751778438664,175.0787780924445,-88.22180789794578,182.847083661044,-99.31609801150495,190.61538922964354,-110.41038812506409,198.383694798243,-121.50467823862317,206.1520003668425,-132.59896835218228,213.92030593544195,-143.69325846574145,221.68861150404146,-154.78754857930056,229.45691707264095,-165.88183869285973,237.22522264124044,-176.97612880641884
