future_x1,future_y1,future_x2,future_y2,future_x3,future_y3,future_x4,future_y4,future_x5,future_y5,future_x6,future_y6,future_x7,future_y7,future_x8,future_y8,future_x9,future_y9,future_x10,future_y10,future_x11,future_y11,future_x12,future_y12,future_x13,future_y13,future_x14,future_y14,future_x15,future_y15,future_x16,future_y16,future_x17,future_y17,future_x18,future_y18,future_x19,future_y19,future_x20,future_y20
8.231019246148847,153.8225658328239,-3.306259779240463,142.28528680743457,-14.843538804629816,130.74800778204525,-26.38081783001914,119.21072875665591,-37.918096855408464,107.67344973126657,-49.45537588079782,96.13617070587725,-60.99265490618714,84.59889168048792,-72.52993393157647,73.06161265509859,-84.06721295696579,61.52433362970926,-95.60449198235514,49.98705460431991,-107.14177100774447,38.4497755789306,-118.67905003313382,26.912496553541246,-130.21632905852312,15.375217528151936,-141.75360808391247,3.837938502762583,-153.29088710930176,-7.699340522626727,-164.82816613469106,-19.236619548016023,-176.3654451600804,-30.773898573405376,-187.90272418546976,-42.31117759879473,-199.44000321085912,-53.84845662418405,-210.97728223624847,-65.3857356495734
