future_x1,future_y1,future_x2,future_y2,future_x3,future_y3,future_x4,future_y4,future_x5,future_y5,future_x6,future_y6,future_x7,future_y7,future_x8,future_y8,future_x9,future_y9,future_x10,future_y10,future_x11,future_y11,future_x12,future_y12,future_x13,future_y13,future_x14,future_y14,future_x15,future_y15,future_x16,future_y16,future_x17,future_y17,future_x18,future_y18,future_x19,future_y19,future_x20,future_y20
68.75306579935042,49.85135636265457,73.21978180841029,37.5791549886456,77.68649781747017,25.306953614636626,82.15321382653003,13.034752240627682,86.6199298355899,0.7625508666186818,91.08664584464977,-11.50965050739029,95.55336185370963,-23.781851881399234,100.02007786276951,-36.054053255408235,104.48679387182939,-48.32625462941718,108.95350988088924,-60.59845600342618,113.4202258899491,-72.8706573774351,117.88694189900897,-85.1428587514441,122.35365790806885,-97.41506012545307,126.82037391712872,-109.68726149946207,131.2870899261886,-121.95946287347101,135.75380593524844,-134.2316642474799,140.22052194430833,-146.5038656214889,144.6872379533682,-158.7760669954979,149.15395396242806,-171.0482683695069,153.62066997148793,-183.32046974351584
