future_x1,future_y1,future_x2,future_y2,future_x3,future_y3,future_x4,future_y4,future_x5,future_y5,future_x6,future_y6,future_x7,future_y7,future_x8,future_y8,future_x9,future_y9,future_x10,future_y10,future_x11,future_y11,future_x12,future_y12,future_x13,future_y13,future_x14,future_y14,future_x15,future_y15,future_x16,future_y16,future_x17,future_y17,future_x18,future_y18,future_x19,future_y19,future_x20,future_y20
209.1179164699873,64.24232855596021,222.10924900082236,68.71560307975504,235.1005815316574,73.18887760354987,248.09191406249244,77.6621521273447,261.0832465933275,82.13542665113953,274.07457912416254,86.60870117493435,287.0659116549976,91.08197569872918,300.0572441858326,95.55525022252401,313.04857671666764,100.02852474631884,326.0399092475027,104.50179927011368,339.0312417783377,108.97507379390848,352.02257430917274,113.44834831770332,365.01390684000773,117.92162284149813,378.00523937084284,122.39489736529298,390.99657190167784,126.8681718890878,403.9879044325129,131.34144641288262,416.97923696334794,135.81472093667745,429.970569494183,140.28799546047227,442.96190202501805,144.76126998426713,455.9532345558531,149.23454450806196
