future_x1,future_y1,future_x2,future_y2,future_x3,future_y3,future_x4,future_y4,future_x5,future_y5,future_x6,future_y6,future_x7,future_y7,future_x8,future_y8,future_x9,future_y9,future_x10,future_y10,future_x11,future_y11,future_x12,future_y12,future_x13,future_y13,future_x14,future_y14,future_x15,future_y15,future_x16,future_y16,future_x17,future_y17,future_x18,future_y18,future_x19,future_y19,future_x20,future_y20
105.40321841632237,23.19269633716621,115.49924744358721,13.096667309901065,125.59527647085206,3.000638282635947,135.6913054981169,-7.095390744629185,145.7873345253817,-17.191419771894346,155.88336355264656,-27.28744879915945,165.9793925799114,-37.38347782642458,176.07542160717622,-47.47950685368971,186.17145063444107,-57.575535880954845,196.26747966170595,-67.67156490822,206.36350868897074,-77.76759393548508,216.4595377162356,-87.86362296275018,226.55556674350044,-97.95965199001535,236.6515957707653,-108.0556810172805,246.74762479803013,-118.15171004454564,256.84365382529495,-128.24773907181077,266.93968285255977,-138.34376809907587,277.0357118798246,-148.43979712634098,287.13174090708947,-158.53582615360614,297.2277699343543,-168.6318551808713
