future_x1,future_y1,future_x2,future_y2,future_x3,future_y3,future_x4,future_y4,future_x5,future_y5,future_x6,future_y6,future_x7,future_y7,future_x8,future_y8,future_x9,future_y9,future_x10,future_y10,future_x11,future_y11,future_x12,future_y12,future_x13,future_y13,future_x14,future_y14,future_x15,future_y15,future_x16,future_y16,future_x17,future_y17,future_x18,future_y18,future_x19,future_y19,future_x20,future_y20
133.79764304891444,41.46815066191172,143.89890043716372,35.86893226055102,154.00015782541297,30.26971385919032,164.1014152136622,24.67049545782963,174.20267260191144,19.071277056468915,184.30392999016067,13.472058655108228,194.40518737840992,7.872840253747512,204.5064447666592,2.2736218523868104,214.60770215490845,-3.3255965489738912,224.7089595431577,-8.924814950334593,234.81021693140693,-14.524033351695294,244.91147431965615,-20.123251753055968,255.0127317079054,-25.72247015441667,265.1139890961546,-31.32168855577737,275.2152464844039,-36.9209069571381,285.31650387265313,-42.520125358498774,295.41776126090235,-48.119343759859476,305.51901864915163,-53.71856216122018,315.6202760374009,-59.31778056258091,325.72153342565014,-64.91699896394158
