future_x1,future_y1,future_x2,future_y2,future_x3,future_y3,future_x4,future_y4,future_x5,future_y5,future_x6,future_y6,future_x7,future_y7,future_x8,future_y8,future_x9,future_y9,future_x10,future_y10,future_x11,future_y11,future_x12,future_y12,future_x13,future_y13,future_x14,future_y14,future_x15,future_y15,future_x16,future_y16,future_x17,future_y17,future_x18,future_y18,future_x19,future_y19,future_x20,future_y20
161.80870949624966,207.00763303922616,155.40913047586258,216.49539910976486,149.0095514554755,225.98316518030356,142.60997243508845,235.47093125084223,136.21039341470137,244.95869732138092,129.81081439431432,254.44646339191956,123.41123537392725,263.93422946245823,117.01165635354018,273.42199553299696,110.61207733315311,282.9097616035357,104.21249831276603,292.39752767407435,97.81291929237898,301.88529374461297,91.41334027199191,311.3730598151517,85.01376125160485,320.86082588569036,78.61418223121777,330.34859195622903,72.2146032108307,339.8363580267677,65.81502419044367,349.32412409730637,59.415445170056586,358.81189016784504,53.01586614966952,368.29965623838376,46.616287129282426,377.7874223089225,40.21670810889536,387.27518837946116
