future_x1,future_y1,future_x2,future_y2,future_x3,future_y3,future_x4,future_y4,future_x5,future_y5,future_x6,future_y6,future_x7,future_y7,future_x8,future_y8,future_x9,future_y9,future_x10,future_y10,future_x11,future_y11,future_x12,future_y12,future_x13,future_y13,future_x14,future_y14,future_x15,future_y15,future_x16,future_y16,future_x17,future_y17,future_x18,future_y18,future_x19,future_y19,future_x20,future_y20
164.3556123413105,21.40794592410346,178.90795544074672,17.779639282432257,193.46029854018295,14.15133264076107,208.01264163961912,10.523025999089896,222.56498473905535,6.894719357418694,237.11732783849152,3.2664127157475207,251.66967093792772,-0.3618939259236811,266.222014037364,-3.990200567594883,280.7743571368002,-7.618507209266085,295.32670023623643,-11.246813850937258,309.8790433356726,-14.87512049260846,324.4313864351088,-18.503427134279633,338.983729534545,-22.131733775950835,353.53607263398123,-25.760040417622037,368.0884157334175,-29.38834705929324,382.64075883285363,-33.01665370096441,397.19310193228984,-36.64496034263561,411.74544503172604,-40.27326698430679,426.2977881311623,-43.90157362597796,440.8501312305985,-47.52988026764916
