future_x1,future_y1,future_x2,future_y2,future_x3,future_y3,future_x4,future_y4,future_x5,future_y5,future_x6,future_y6,future_x7,future_y7,future_x8,future_y8,future_x9,future_y9,future_x10,future_y10,future_x11,future_y11,future_x12,future_y12,future_x13,future_y13,future_x14,future_y14,future_x15,future_y15,future_x16,future_y16,future_x17,future_y17,future_x18,future_y18,future_x19,future_y19,future_x20,future_y20
79.08433869856808,198.2937398872241,67.68677621387951,197.89572823492838,56.28921372919095,197.49771658263268,44.891651244502384,197.09970493033697,33.494088759813835,196.70169327804126,22.096526275125285,196.30368162574553,10.698963790436707,195.90566997344982,-0.6985986942518707,195.5076583211541,-12.096161178940434,195.1096466688584,-23.493723663628998,194.7116350165627,-34.89128614831753,194.31362336426696,-46.2888486330061,193.91561171197125,-57.68641111769466,193.51760005967554,-69.08397360238322,193.11958840737984,-80.48153608707179,192.72157675508413,-91.87909857176032,192.3235651027884,-103.27666105644889,191.92555345049269,-114.67422354113742,191.52754179819698,-126.07178602582604,191.12953014590127,-137.46934851051458,190.73151849360556
