future_x1,future_y1,future_x2,future_y2,future_x3,future_y3,future_x4,future_y4,future_x5,future_y5,future_x6,future_y6,future_x7,future_y7,future_x8,future_y8,future_x9,future_y9,future_x10,future_y10,future_x11,future_y11,future_x12,future_y12,future_x13,future_y13,future_x14,future_y14,future_x15,future_y15,future_x16,future_y16,future_x17,future_y17,future_x18,future_y18,future_x19,future_y19,future_x20,future_y20
217.79368508516708,160.38631622996027,220.65323201235137,172.77237475644247,223.51277893953568,185.1584332829247,226.37232586671996,197.54449180940688,229.23187279390424,209.93055033588908,232.09141972108853,222.31660886237125,234.95096664827284,234.70266738885346,237.81051357545712,247.08872591533566,240.67006050264143,259.47478444181786,243.52960742982572,271.8608429683001,246.38915435701,284.2469014947822,249.24870128419428,296.6329600212644,252.10824821137857,309.0190185477466,254.96779513856288,321.4050770742288,257.8273420657472,333.791135600711,260.6868889929315,346.1771941271933,263.54643592011575,358.5632526536754,266.40598284730004,370.9493111801577,269.2655297744843,383.3353697066398,272.12507670166866,395.7214282331221
