future_x1,future_y1,future_x2,future_y2,future_x3,future_y3,future_x4,future_y4,future_x5,future_y5,future_x6,future_y6,future_x7,future_y7,future_x8,future_y8,future_x9,future_y9,future_x10,future_y10,future_x11,future_y11,future_x12,future_y12,future_x13,future_y13,future_x14,future_y14,future_x15,future_y15,future_x16,future_y16,future_x17,future_y17,future_x18,future_y18,future_x19,future_y19,future_x20,future_y20
27.941176470588033,123.04837239718549,21.2705882352939,111.49457465728486,14.599999999999753,99.94077691738423,7.929411764705634,88.38697917748364,1.2588235294114867,76.83318143758302,-5.411764705882632,65.27938369768239,-12.082352941176794,53.725585957781774,-18.752941176470898,42.17178821788116,-25.42352941176506,30.617990477980513,-32.09411764705919,19.064192738079896,-38.764705882353326,7.510394998179294,-45.43529411764743,-4.043402741721309,-52.10588235294159,-15.597200481621968,-58.776470588235725,-27.15099822152257,-65.44705882352986,-38.7047959614232,-72.11764705882396,-50.258593701323775,-78.78823529411812,-61.812391441224406,-85.45882352941226,-73.36618918112501,-92.12941176470636,-84.9199869210257,-98.8000000000005,-96.47378466092633
