future_x1,future_y1,future_x2,future_y2,future_x3,future_y3,future_x4,future_y4,future_x5,future_y5,future_x6,future_y6,future_x7,future_y7,future_x8,future_y8,future_x9,future_y9,future_x10,future_y10,future_x11,future_y11,future_x12,future_y12,future_x13,future_y13,future_x14,future_y14,future_x15,future_y15,future_x16,future_y16,future_x17,future_y17,future_x18,future_y18,future_x19,future_y19,future_x20,future_y20
78.95409828983293,195.921094279961,67.81262354223136,195.33719433050123,56.671148794629815,194.75329438104148,45.529674047028266,194.16939443158168,34.38819929942672,193.58549448212193,23.246724551825167,193.00159453266215,12.105249804223604,192.41769458320238,0.9637750566220404,191.8337946337426,-10.177699690979523,191.24989468428282,-21.319174438581058,190.66599473482304,-32.46064918618259,190.08209478536327,-43.602123933784156,189.4981948359035,-54.74359868138572,188.9142948864437,-65.88507342898725,188.33039493698394,-77.02654817658882,187.74649498752416,-88.16802292419032,187.16259503806438,-99.30949767179192,186.5786950886046,-110.45097241939348,185.99479513914483,-121.59244716699504,185.41089518968505,-132.73392191459664,184.82699524022527
