future_x1,future_y1,future_x2,future_y2,future_x3,future_y3,future_x4,future_y4,future_x5,future_y5,future_x6,future_y6,future_x7,future_y7,future_x8,future_y8,future_x9,future_y9,future_x10,future_y10,future_x11,future_y11,future_x12,future_y12,future_x13,future_y13,future_x14,future_y14,future_x15,future_y15,future_x16,future_y16,future_x17,future_y17,future_x18,future_y18,future_x19,future_y19,future_x20,future_y20
168.1667070100872,45.033508153395886,180.3506002552694,43.537514171198225,192.53449350045156,42.041520189000565,204.71838674563372,40.545526206802904,216.9022799908159,39.049532224605244,229.08617323599805,37.5535382424076,241.27006648118024,36.05754426020994,253.45395972636243,34.56155027801228,265.6378529715446,33.065556295814616,277.82174621672675,31.569562313616956,290.0056394619089,30.07356833141931,302.18953270709113,28.57757434922165,314.3734259522733,27.08158036702399,326.5573191974555,25.585586384826343,338.7412124426377,24.089592402628682,350.9251056878198,22.59359842043102,363.108998933002,21.09760443823336,375.29289217818416,19.60161045603573,387.4767854233663,18.10561647383807,399.6606786685485,16.60962249164041
