future_x1,future_y1,future_x2,future_y2,future_x3,future_y3,future_x4,future_y4,future_x5,future_y5,future_x6,future_y6,future_x7,future_y7,future_x8,future_y8,future_x9,future_y9,future_x10,future_y10,future_x11,future_y11,future_x12,future_y12,future_x13,future_y13,future_x14,future_y14,future_x15,future_y15,future_x16,future_y16,future_x17,future_y17,future_x18,future_y18,future_x19,future_y19,future_x20,future_y20
163.94405859103367,208.10287031183395,157.57610695604768,217.90865592581468,151.20815532106167,227.71444153979542,144.8402036860757,237.52022715377615,138.4722520510897,247.32601276775685,132.10430041610374,257.13179838173755,125.73634878111774,266.9375839957183,119.36839714613174,276.743369609699,113.00044551114576,286.54915522367975,106.63249387615977,296.3549408376605,100.26454224117381,306.16072645164115,93.8965906061878,315.9665120656219,87.5286389712018,325.7722976796026,81.16068733621583,335.5780832935833,74.79273570122982,345.3838689075641,68.42478406624386,355.18965452154475,62.05683243125786,364.9954401355255,55.68888079627189,374.8012257495062,49.320929161285875,384.60701136348695,42.952977526299904,394.4127969774676
