future_x1,future_y1,future_x2,future_y2,future_x3,future_y3,future_x4,future_y4,future_x5,future_y5,future_x6,future_y6,future_x7,future_y7,future_x8,future_y8,future_x9,future_y9,future_x10,future_y10,future_x11,future_y11,future_x12,future_y12,future_x13,future_y13,future_x14,future_y14,future_x15,future_y15,future_x16,future_y16,future_x17,future_y17,future_x18,future_y18,future_x19,future_y19,future_x20,future_y20
81.11578600618762,190.59601093325895,70.7262542231286,189.869504098084,60.33672244006959,189.1429972629091,49.94719065701062,188.41649042773415,39.55765887395161,187.6899835925592,29.168127090892625,186.96347675738429,18.778595307833626,186.23696992220934,8.389063524774613,185.5104630870344,-2.0004682582844,184.78395625185945,-12.390000041343399,184.0574494166845,-22.77953182440237,183.3309425815096,-33.16906360746134,182.60443574633464,-43.55859539052034,181.8779289111597,-53.948127173579365,181.15142207598475,-64.33765895663836,180.42491524080984,-74.72719073969733,179.6984084056349,-85.11672252275633,178.97190157045995,-95.50625430581536,178.245394735285,-105.89578608887433,177.5188879001101,-116.28531787193339,176.79238106493514
