future_x1,future_y1,future_x2,future_y2,future_x3,future_y3,future_x4,future_y4,future_x5,future_y5,future_x6,future_y6,future_x7,future_y7,future_x8,future_y8,future_x9,future_y9,future_x10,future_y10,future_x11,future_y11,future_x12,future_y12,future_x13,future_y13,future_x14,future_y14,future_x15,future_y15,future_x16,future_y16,future_x17,future_y17,future_x18,future_y18,future_x19,future_y19,future_x20,future_y20
1.830883887056146,128.3675379908306,-7.320173216856631,114.27614577464877,-16.471230320769422,100.18475355846692,-25.622287424682185,86.0933613422851,-34.773344528595004,72.00196912610325,-43.92440163250777,57.910576909921446,-53.07545873642053,43.819184693739615,-62.22651584033332,29.72779247755777,-71.37757294424614,15.636400261375883,-80.52863004815896,1.5450080451940522,-89.67968715207166,-12.546384170987693,-98.83074425598448,-26.637776387169595,-107.98180135989725,-40.72916860335141,-117.13285846381004,-54.82056081953323,-126.2839155677228,-68.9119530357151,-135.4349726716356,-83.00334525189692,-144.58602977554835,-97.0947374680787,-153.73708687946112,-111.1861296842606,-162.88814398337394,-125.27752190044248,-172.0392010872867,-139.3689141166243
