future_x1,future_y1,future_x2,future_y2,future_x3,future_y3,future_x4,future_y4,future_x5,future_y5,future_x6,future_y6,future_x7,future_y7,future_x8,future_y8,future_x9,future_y9,future_x10,future_y10,future_x11,future_y11,future_x12,future_y12,future_x13,future_y13,future_x14,future_y14,future_x15,future_y15,future_x16,future_y16,future_x17,future_y17,future_x18,future_y18,future_x19,future_y19,future_x20,future_y20
22.93110037808455,175.14690833678725,10.069100547384977,166.79422798302602,-2.792899283314597,158.4415476292648,-15.654899114014114,150.08886727550356,-28.516898944713688,141.73618692174233,-41.378898775413234,133.38350656798113,-54.24089860611281,125.0308262142199,-67.10289843681238,116.67814586045867,-79.96489826751196,108.32546550669744,-92.8268980982115,99.97278515293624,-105.68889792891099,91.62010479917504,-118.55089775961059,83.26742444541381,-131.41289759031014,74.91474409165258,-144.27489742100977,66.56206373789135,-157.13689725170929,58.209383384130135,-169.9988970824088,49.856703030368934,-182.86089691310838,41.504022676607704,-195.72289674380795,33.15134232284649,-208.58489657450752,24.798661969085245,-221.4468964052071,16.44598161532403
