future_x1,future_y1,future_x2,future_y2,future_x3,future_y3,future_x4,future_y4,future_x5,future_y5,future_x6,future_y6,future_x7,future_y7,future_x8,future_y8,future_x9,future_y9,future_x10,future_y10,future_x11,future_y11,future_x12,future_y12,future_x13,future_y13,future_x14,future_y14,future_x15,future_y15,future_x16,future_y16,future_x17,future_y17,future_x18,future_y18,future_x19,future_y19,future_x20,future_y20
185.4094326429966,35.52737045214353,199.9020289357208,35.27440124287561,214.39462522844502,35.021432033607695,228.88722152116924,34.76846282433978,243.37981781389345,34.51549361507186,257.87241410661767,34.262524405803944,272.3650103993419,34.00955519653603,286.85760669206616,33.75658598726811,301.3502029847903,33.50361677800018,315.8427992775146,33.25064756873226,330.3353955702387,32.997678359464345,344.82799186296296,32.74470915019643,359.3205881556872,32.49173994092851,373.81318444841133,32.238770731660594,388.30578074113566,31.985801522392677,402.79837703385977,31.73283231312476,417.29097332658404,31.479863103856843,431.7835696193082,31.226893894588926,446.2761659120324,30.97392468532101,460.7687622047567,30.720955476053092
