future_x1,future_y1,future_x2,future_y2,future_x3,future_y3,future_x4,future_y4,future_x5,future_y5,future_x6,future_y6,future_x7,future_y7,future_x8,future_y8,future_x9,future_y9,future_x10,future_y10,future_x11,future_y11,future_x12,future_y12,future_x13,future_y13,future_x14,future_y14,future_x15,future_y15,future_x16,future_y16,future_x17,future_y17,future_x18,future_y18,future_x19,future_y19,future_x20,future_y20
99.77298987955068,7.340081344705524,111.23635127488394,-4.530576878098657,122.69971267021722,-16.401235100902824,134.16307406555046,-28.271893323706962,145.62643546088376,-40.14255154651113,157.08979685621696,-52.01320976931527,168.55315825155026,-63.88386799211946,180.01651964688352,-75.75452621492363,191.4798810422168,-87.6251844377278,202.94324243755005,-99.49584266053199,214.40660383288326,-111.36650088333607,225.86996522821656,-123.23715910614027,237.33332662354982,-135.1078173289444,248.79668801888312,-146.9784755517486,260.2600494142164,-158.8491337745528,271.7234108095496,-170.71979199735688,283.1867722048829,-182.59045022016107,294.6501336002161,-194.46110844296527,306.1134949955494,-206.3317666657694,317.57685639088265,-218.2024248885736
