future_x1,future_y1,future_x2,future_y2,future_x3,future_y3,future_x4,future_y4,future_x5,future_y5,future_x6,future_y6,future_x7,future_y7,future_x8,future_y8,future_x9,future_y9,future_x10,future_y10,future_x11,future_y11,future_x12,future_y12,future_x13,future_y13,future_x14,future_y14,future_x15,future_y15,future_x16,future_y16,future_x17,future_y17,future_x18,future_y18,future_x19,future_y19,future_x20,future_y20
109.03326782295306,31.919768420959784,118.41486928956577,22.860061194938183,127.79647075617848,13.800353968916625,137.17807222279117,4.740646742895052,146.55967368940387,-4.3190604831265205,155.94127515601656,-13.378767709148093,165.32287662262925,-22.438474935169694,174.70447808924195,-31.498182161191238,184.08607955585467,-40.55788938721284,193.46768102246736,-49.61759661323444,202.84928248908005,-58.67730383925601,212.23088395569272,-67.73701106527756,221.61248542230544,-76.79671829129916,230.99408688891816,-85.8564255173207,240.37568835553083,-94.9161327433423,249.7572898221435,-103.97583996936382,259.1388912887562,-113.03554719538542,268.52049275536893,-122.09525442140702,277.90209422198166,-131.1549616474286,287.2836956885943,-140.2146688734502
