future_x1,future_y1,future_x2,future_y2,future_x3,future_y3,future_x4,future_y4,future_x5,future_y5,future_x6,future_y6,future_x7,future_y7,future_x8,future_y8,future_x9,future_y9,future_x10,future_y10,future_x11,future_y11,future_x12,future_y12,future_x13,future_y13,future_x14,future_y14,future_x15,future_y15,future_x16,future_y16,future_x17,future_y17,future_x18,future_y18,future_x19,future_y19,future_x20,future_y20
222.91819933808338,105.79497116200523,232.2563583226365,114.81272647075195,241.59451730718962,123.83048177949868,250.9326762917427,132.84823708824538,260.2708352762958,141.8659923969921,269.60899426084893,150.88374770573884,278.94715324540203,159.90150301448554,288.28531222995514,168.91925832323227,297.62347121450824,177.937013631979,306.96163019906135,186.95476894072573,316.2997891836144,195.9725242494724,325.63794816816755,204.99027955821913,334.9761071527206,214.0080348669659,344.31426613727376,223.0257901757126,353.65242512182687,232.04354548445932,362.9905841063799,241.06130079320596,372.328743090933,250.07905610195272,381.6669020754861,259.09681141069944,391.0050610600393,268.11456671944615,400.3432200445924,277.1323220281929
