future_x1,future_y1,future_x2,future_y2,future_x3,future_y3,future_x4,future_y4,future_x5,future_y5,future_x6,future_y6,future_x7,future_y7,future_x8,future_y8,future_x9,future_y9,future_x10,future_y10,future_x11,future_y11,future_x12,future_y12,future_x13,future_y13,future_x14,future_y14,future_x15,future_y15,future_x16,future_y16,future_x17,future_y17,future_x18,future_y18,future_x19,future_y19,future_x20,future_y20
143.59240881800878,27.66254439326886,155.94569292406067,22.16250795148855,168.2989770301125,16.662471509708283,180.6522611361643,11.16243506792803,193.00554524221613,5.662398626147748,205.35882934826796,0.16236218436748118,217.71211345431982,-5.337674257412829,230.06539756037165,-10.83771069919311,242.4186816664235,-16.33774714097339,254.77196577247534,-21.837783582753673,267.12524987852714,-27.337820024533926,279.4785339845789,-32.83785646631418,291.8318180906308,-38.33789290809449,304.1851021966827,-43.83792934987477,316.53838630273447,-49.33796579165505,328.8916704087863,-54.83800223343533,341.24495451483807,-60.338038675215614,353.59823862088996,-65.83807511699587,365.95152272694185,-71.33811155877615,378.3048068329937,-76.83814800055643
