future_x1,future_y1,future_x2,future_y2,future_x3,future_y3,future_x4,future_y4,future_x5,future_y5,future_x6,future_y6,future_x7,future_y7,future_x8,future_y8,future_x9,future_y9,future_x10,future_y10,future_x11,future_y11,future_x12,future_y12,future_x13,future_y13,future_x14,future_y14,future_x15,future_y15,future_x16,future_y16,future_x17,future_y17,future_x18,future_y18,future_x19,future_y19,future_x20,future_y20
17.974574454657343,94.71200881035716,13.755107002502626,79.99697707239628,9.535639550347923,65.28194533443536,5.316172098193235,50.56691359647452,1.096704646038532,35.85188185851362,-3.122762806116185,21.13685012055275,-7.34223025827086,6.421818382591894,-11.561697710425591,-8.293213355369033,-15.781165162580294,-23.00824509332989,-20.000632614734997,-37.723276831290775,-24.22010006688967,-52.438308569251575,-28.439567519044374,-67.15334030721255,-32.659034971199105,-81.86837204517343,-36.87850242335381,-96.58340378313432,-41.09796987550848,-111.29843552109514,-45.317437327663185,-126.01346725905597,-49.53690477981792,-140.72849899701686,-53.75637223197259,-155.4435307349778,-57.97583968412732,-170.15856247293868,-62.195307136282,-184.87359421089957
