future_x1,future_y1,future_x2,future_y2,future_x3,future_y3,future_x4,future_y4,future_x5,future_y5,future_x6,future_y6,future_x7,future_y7,future_x8,future_y8,future_x9,future_y9,future_x10,future_y10,future_x11,future_y11,future_x12,future_y12,future_x13,future_y13,future_x14,future_y14,future_x15,future_y15,future_x16,future_y16,future_x17,future_y17,future_x18,future_y18,future_x19,future_y19,future_x20,future_y20
96.54728094820562,11.969920148528601,107.2596683497719,0.07260863665047168,117.97205575133816,-11.824702875227644,128.6844431529044,-23.72201438710576,139.39683055447068,-35.619325898983874,150.10921795603693,-47.51663741086199,160.8216053576032,-59.41394892274013,171.53399275916945,-71.31126043461825,182.24638016073573,-83.20857194649639,192.95876756230197,-95.1058834583745,203.6711549638682,-107.00319497025257,214.3835423654345,-118.90050648213074,225.09592976700074,-130.79781799400882,235.80831716856702,-142.695129505887,246.5207045701333,-154.5924410177651,257.2330919716995,-166.48975252964317,267.94547937326575,-178.38706404152128,278.65786677483203,-190.28437555339946,289.3702541763983,-202.18168706527757,300.0826415779646,-214.0789985771557
