future_x1,future_y1,future_x2,future_y2,future_x3,future_y3,future_x4,future_y4,future_x5,future_y5,future_x6,future_y6,future_x7,future_y7,future_x8,future_y8,future_x9,future_y9,future_x10,future_y10,future_x11,future_y11,future_x12,future_y12,future_x13,future_y13,future_x14,future_y14,future_x15,future_y15,future_x16,future_y16,future_x17,future_y17,future_x18,future_y18,future_x19,future_y19,future_x20,future_y20
69.4692280075776,18.68901001447921,77.4746230967178,4.246894973855007,85.48001818585801,-10.195220066769195,93.4854132749982,-24.637335107393397,101.4908083641384,-39.0794501480176,109.49620345327858,-53.52156518864177,117.50159854241879,-67.963680229266,125.506993631559,-82.40579526989023,133.51238872069922,-96.84791031051446,141.51778380983941,-111.2900253511387,149.52317889897958,-125.73214039176281,157.5285739881198,-140.17425543238704,165.53396907726,-154.61637047301122,173.5393641664002,-169.05848551363545,181.5447592555404,-183.50060055425968,189.55015434468058,-197.94271559488385,197.55554943382077,-212.38483063550802,205.56094452296097,-226.82694567613225,213.56633961210122,-241.26906071675648,221.57173470124138,-255.71117575738072
