future_x1,future_y1,future_x2,future_y2,future_x3,future_y3,future_x4,future_y4,future_x5,future_y5,future_x6,future_y6,future_x7,future_y7,future_x8,future_y8,future_x9,future_y9,future_x10,future_y10,future_x11,future_y11,future_x12,future_y12,future_x13,future_y13,future_x14,future_y14,future_x15,future_y15,future_x16,future_y16,future_x17,future_y17,future_x18,future_y18,future_x19,future_y19,future_x20,future_y20
137.00152837951143,39.88784895468338,147.5109503323134,34.5330310102557,158.02037228511534,29.178213065828032,168.52979423791726,23.82339512140038,179.03921619071923,18.468577176972715,189.54863814352117,13.11375923254505,200.05806009632312,7.75894128811737,210.56748204912506,2.4041233436897045,221.076904001927,-2.950694600737961,231.586325954729,-8.30551254516564,242.0957479075309,-13.660330489593264,252.60516986033286,-19.015148434020972,263.1145918131348,-24.369966378448623,273.6240137659368,-29.724784322876303,284.1334357187387,-35.079602267303954,294.64285767154064,-40.434420211731606,305.1522796243426,-45.789238156159286,315.6617015771445,-51.144056100586965,326.1711235299465,-56.49887404501462,336.68054548274847,-61.853691989442325
