future_x1,future_y1,future_x2,future_y2,future_x3,future_y3,future_x4,future_y4,future_x5,future_y5,future_x6,future_y6,future_x7,future_y7,future_x8,future_y8,future_x9,future_y9,future_x10,future_y10,future_x11,future_y11,future_x12,future_y12,future_x13,future_y13,future_x14,future_y14,future_x15,future_y15,future_x16,future_y16,future_x17,future_y17,future_x18,future_y18,future_x19,future_y19,future_x20,future_y20
18.17612038840396,168.33531273557207,5.732987653871959,158.95873966749895,-6.710145080660055,149.58216659942582,-19.15327781519204,140.20559353135272,-31.596410549724055,130.8290204632796,-44.03954328425601,121.45244739520646,-56.48267601878803,112.07587432713333,-68.92580875332004,102.6993012590602,-81.36894148785208,93.32272819098708,-93.81207422238407,83.94615512291394,-106.25520695691603,74.56958205484084,-118.69833969144801,65.19300898676772,-131.14147242598006,55.81643591869458,-143.58460516051207,46.439862850621466,-156.02773789504408,37.063289782548324,-168.47087062957604,27.686716714475253,-180.91400336410805,18.310143646402068,-193.35713609864007,8.933570578328982,-205.80026883317203,-0.443002489744174,-218.24340156770404,-9.819575557817245
