future_x1,future_y1,future_x2,future_y2,future_x3,future_y3,future_x4,future_y4,future_x5,future_y5,future_x6,future_y6,future_x7,future_y7,future_x8,future_y8,future_x9,future_y9,future_x10,future_y10,future_x11,future_y11,future_x12,future_y12,future_x13,future_y13,future_x14,future_y14,future_x15,future_y15,future_x16,future_y16,future_x17,future_y17,future_x18,future_y18,future_x19,future_y19,future_x20,future_y20
69.19346457307121,77.18025549488,70.63396074569474,66.93059264298566,72.07445691831825,56.6809297910913,73.51495309094176,46.43126693919697,74.95544926356527,36.18160408730263,76.39594543618878,25.931941235408303,77.83644160881231,15.682278383513946,79.27693778143582,5.432615531619604,80.71743395405933,-4.817047320274753,82.15793012668286,-15.066710172169081,83.59842629930637,-25.31637302406338,85.03892247192988,-35.56603587595774,86.47941864455339,-45.815698727852066,87.91991481717692,-56.06536157974642,89.36041098980043,-66.31502443164078,90.80090716242394,-76.56468728353508,92.24140333504747,-86.81435013542941,93.68189950767098,-97.06401298732376,95.12239568029449,-107.31367583921809,96.56289185291801,-117.5633386911125
