future_x1,future_y1,future_x2,future_y2,future_x3,future_y3,future_x4,future_y4,future_x5,future_y5,future_x6,future_y6,future_x7,future_y7,future_x8,future_y8,future_x9,future_y9,future_x10,future_y10,future_x11,future_y11,future_x12,future_y12,future_x13,future_y13,future_x14,future_y14,future_x15,future_y15,future_x16,future_y16,future_x17,future_y17,future_x18,future_y18,future_x19,future_y19,future_x20,future_y20
198.9878186657552,63.706852932719826,211.30763438840972,67.00793760650541,223.6274501110643,70.30902228029099,235.94726583371877,73.61010695407658,248.26708155637334,76.91119162786217,260.5868972790278,80.21227630164775,272.90671300168236,83.51336097543333,285.22652872433696,86.81444564921892,297.54634444699144,90.1155303230045,309.866160169646,93.41661499679009,322.18597589230046,96.71769967057567,334.50579161495506,100.01878434436125,346.82560733760954,103.31986901814685,359.1454230602641,106.62095369193243,371.4652387829186,109.92203836571801,383.78505450557316,113.22312303950359,396.1048702282277,116.52420771328919,408.42468595088224,119.82529238707477,420.7445016735367,123.12637706086035,433.0643173961913,126.42746173464593
