future_x1,future_y1,future_x2,future_y2,future_x3,future_y3,future_x4,future_y4,future_x5,future_y5,future_x6,future_y6,future_x7,future_y7,future_x8,future_y8,future_x9,future_y9,future_x10,future_y10,future_x11,future_y11,future_x12,future_y12,future_x13,future_y13,future_x14,future_y14,future_x15,future_y15,future_x16,future_y16,future_x17,future_y17,future_x18,future_y18,future_x19,future_y19,future_x20,future_y20
111.80850530024318,27.663513968519055,121.86675194107211,18.607028014571284,131.924998581901,9.550542060623485,141.98324522272992,0.4940561066757283,152.0414918635588,-8.562429847272057,162.0997385043877,-17.618915801219828,172.15798514521663,-26.6754017551676,182.21623178604554,-35.731887709115426,192.27447842687445,-44.7883736630632,202.33272506770334,-53.84485961701097,212.39097170853222,-62.90134557095871,222.4492183493611,-71.95783152490648,232.50746499019002,-81.01431747885425,242.56571163101893,-90.07080343280208,252.6239582718478,-99.12728938674985,262.6822049126767,-108.18377534069754,272.7404515535056,-117.24026129464536,282.7986981943345,-126.29674724859314,292.85694483516346,-135.35323320254093,302.91519147599234,-144.40971915648868
