future_x1,future_y1,future_x2,future_y2,future_x3,future_y3,future_x4,future_y4,future_x5,future_y5,future_x6,future_y6,future_x7,future_y7,future_x8,future_y8,future_x9,future_y9,future_x10,future_y10,future_x11,future_y11,future_x12,future_y12,future_x13,future_y13,future_x14,future_y14,future_x15,future_y15,future_x16,future_y16,future_x17,future_y17,future_x18,future_y18,future_x19,future_y19,future_x20,future_y20
66.36826836386054,216.56723587427706,52.00780601553883,216.0657574788166,37.647343667217186,215.56427908335618,23.286881318895553,215.06280068789573,8.926418970573906,214.5613222924353,-5.4340433777477415,214.05984389697485,-19.794505726069417,213.55836550151443,-34.15496807439109,213.05688710605398,-48.51543042271277,212.55540871059355,-62.87589277103439,212.0539303151331,-77.236355119356,211.55245191967268,-91.59681746767768,211.05097352421222,-105.95727981599936,210.5494951287518,-120.317742164321,210.04801673329135,-134.6782045126427,209.54653833783092,-149.03866686096427,209.04505994237047,-163.39912920928595,208.54358154691005,-177.75959155760768,208.0421031514496,-192.12005390592924,207.54062475598917,-206.48051625425097,207.03914636052872
