future_x1,future_y1,future_x2,future_y2,future_x3,future_y3,future_x4,future_y4,future_x5,future_y5,future_x6,future_y6,future_x7,future_y7,future_x8,future_y8,future_x9,future_y9,future_x10,future_y10,future_x11,future_y11,future_x12,future_y12,future_x13,future_y13,future_x14,future_y14,future_x15,future_y15,future_x16,future_y16,future_x17,future_y17,future_x18,future_y18,future_x19,future_y19,future_x20,future_y20
206.37470915085476,227.71495141315873,200.87589494051988,243.68466745713164,195.377080730185,259.6543835011045,189.87826651985014,275.6240995450774,184.37945230951527,291.5938155890503,178.88063809918043,307.56353163302316,173.38182388884556,323.53324767699604,167.8830096785107,339.502963720969,162.38419546817582,355.47267976494186,156.88538125784095,371.44239580891474,151.3865670475061,387.4121118528876,145.88775283717123,403.3818278968605,140.38893862683636,419.35154394083344,134.89012441650146,435.3212599848063,129.39131020616662,451.2909760287792,123.89249599583177,467.260692072752,118.3936817854969,483.23040811672496,112.89486757516201,499.2001241606979,107.39605336482714,515.1698402046708,101.89723915449228,531.1395562486437
