future_x1,future_y1,future_x2,future_y2,future_x3,future_y3,future_x4,future_y4,future_x5,future_y5,future_x6,future_y6,future_x7,future_y7,future_x8,future_y8,future_x9,future_y9,future_x10,future_y10,future_x11,future_y11,future_x12,future_y12,future_x13,future_y13,future_x14,future_y14,future_x15,future_y15,future_x16,future_y16,future_x17,future_y17,future_x18,future_y18,future_x19,future_y19,future_x20,future_y20
112.31670196003088,202.85568941362695,102.80818531615692,206.50566697974597,93.29966867228296,210.15564454586496,83.79115202840902,213.80562211198395,74.28263538453504,217.45559967810297,64.77411874066112,221.10557724422196,55.26560209678716,224.75555481034098,45.7570854529132,228.40553237645997,36.24856880903924,232.055509942579,26.74005216516528,235.705487508698,17.231535521291363,239.35546507481698,7.723018877417388,243.005442640936,-1.785497766456558,246.655420207055,-11.294014410330504,250.30539777317398,-20.802531054204508,253.955375339293,-30.311047698078426,257.605352905412,-39.81956434195237,261.255330471531,-49.32808098582635,264.90530803765,-58.836597629700265,268.555285603769,-68.34511427357427,272.20526316988804
