future_x1,future_y1,future_x2,future_y2,future_x3,future_y3,future_x4,future_y4,future_x5,future_y5,future_x6,future_y6,future_x7,future_y7,future_x8,future_y8,future_x9,future_y9,future_x10,future_y10,future_x11,future_y11,future_x12,future_y12,future_x13,future_y13,future_x14,future_y14,future_x15,future_y15,future_x16,future_y16,future_x17,future_y17,future_x18,future_y18,future_x19,future_y19,future_x20,future_y20
86.5394060086623,64.56162760946593,90.64433576469267,55.34180442312825,94.74926552072304,46.12198123679056,98.8541952767534,36.9021580504529,102.95912503278376,27.68233486411522,107.06405478881413,18.46251167777757,111.1689845448445,9.242688491439893,115.27391430087486,0.02286530510221496,119.37884405690525,-9.196957881235505,123.48377381293562,-18.416781067573197,127.58870356896597,-27.636604253910832,131.69363332499634,-36.856427440248524,135.7985630810267,-46.07625062658619,139.90349283705706,-55.29607381292385,144.00842259308746,-64.51589699926157,148.1133523491178,-73.73572018559923,152.21828210514818,-82.95554337193693,156.32321186117855,-92.17536655827462,160.42814161720892,-101.39518974461231,164.5330713732393,-110.61501293094997
