future_x1,future_y1,future_x2,future_y2,future_x3,future_y3,future_x4,future_y4,future_x5,future_y5,future_x6,future_y6,future_x7,future_y7,future_x8,future_y8,future_x9,future_y9,future_x10,future_y10,future_x11,future_y11,future_x12,future_y12,future_x13,future_y13,future_x14,future_y14,future_x15,future_y15,future_x16,future_y16,future_x17,future_y17,future_x18,future_y18,future_x19,future_y19,future_x20,future_y20
56.18125571266883,119.39405736856187,51.958624152441445,110.73637965905341,47.735992592214046,102.07870194954495,43.51336103198665,93.42102424003649,39.29072947175925,84.76334653052804,35.068097911531865,76.10566882101958,30.84546635130448,67.44799111151112,26.622834791077082,58.79031340200267,22.400203230849684,50.13263569249419,18.17757167062227,41.47495798298573,13.954940110394915,32.81728027347732,9.732308550167517,24.159602563968832,5.509676989940132,15.50192485446037,1.2870454297127196,6.844247144951936,-2.9355861305146504,-1.8134305645565405,-7.1582176907420205,-10.47110827406496,-11.380849250969419,-19.128785983573437,-15.603480811196818,-27.786463693081885,-19.826112371424244,-36.44414140259036,-24.048743931651643,-45.10181911209884
