future_x1,future_y1,future_x2,future_y2,future_x3,future_y3,future_x4,future_y4,future_x5,future_y5,future_x6,future_y6,future_x7,future_y7,future_x8,future_y8,future_x9,future_y9,future_x10,future_y10,future_x11,future_y11,future_x12,future_y12,future_x13,future_y13,future_x14,future_y14,future_x15,future_y15,future_x16,future_y16,future_x17,future_y17,future_x18,future_y18,future_x19,future_y19,future_x20,future_y20
70.12901248529799,48.833417516053984,74.80898169934535,36.64168089343569,79.48895091339271,24.449944270817383,84.16892012744006,12.25820764819909,88.84888934148742,0.0664710255808103,93.52885855553477,-12.125265597037469,98.20882776958214,-24.31700221965579,102.88879698362948,-36.508738842274084,107.56876619767685,-48.700475464892406,112.24873541172421,-60.8922120875107,116.92870462577156,-73.08394871012896,121.6086738398189,-85.27568533274726,126.28864305386627,-97.46742195536552,130.9686122679136,-109.65915857798387,135.648581481961,-121.85089520060214,140.32855069600834,-134.0426318232204,145.0085199100557,-146.2343684458387,149.68848912410306,-158.426105068457,154.3684583381504,-170.61784169107534,159.04842755219775,-182.80957831369358
