future_x1,future_y1,future_x2,future_y2,future_x3,future_y3,future_x4,future_y4,future_x5,future_y5,future_x6,future_y6,future_x7,future_y7,future_x8,future_y8,future_x9,future_y9,future_x10,future_y10,future_x11,future_y11,future_x12,future_y12,future_x13,future_y13,future_x14,future_y14,future_x15,future_y15,future_x16,future_y16,future_x17,future_y17,future_x18,future_y18,future_x19,future_y19,future_x20,future_y20
42.87990694316987,59.48070100213185,44.400980545708165,45.0086523858846,45.922054148246474,30.53660376963731,47.44312775078478,16.064555153390046,48.96420135332309,1.592506537142782,50.4852749558614,-12.879542079104482,52.006348558399694,-27.351590695351717,53.527422160938,-41.82363931159904,55.04849576347631,-56.2956879278463,56.56956936601462,-70.76773654409357,58.09064296855291,-85.23978516034077,59.61171657109122,-99.7118337765881,61.132790173629516,-114.18388239283536,62.653863776167825,-128.65593100908262,64.17493737870613,-143.12797962532989,65.69601098124443,-157.6000282415771,67.21708458378274,-172.07207685782436,68.73815818632104,-186.54412547407168,70.25923178885935,-201.01617409031894,71.78030539139766,-215.48822270656626
