future_x1,future_y1,future_x2,future_y2,future_x3,future_y3,future_x4,future_y4,future_x5,future_y5,future_x6,future_y6,future_x7,future_y7,future_x8,future_y8,future_x9,future_y9,future_x10,future_y10,future_x11,future_y11,future_x12,future_y12,future_x13,future_y13,future_x14,future_y14,future_x15,future_y15,future_x16,future_y16,future_x17,future_y17,future_x18,future_y18,future_x19,future_y19,future_x20,future_y20
167.95958697887585,186.87186435129496,164.25725630854663,195.59400882005238,160.5549256382174,204.3161532888098,156.8525949678882,213.03829775756722,153.15026429755898,221.76044222632464,149.44793362722976,230.48258669508203,145.74560295690054,239.2047311638395,142.04327228657132,247.92687563259693,138.3409416162421,256.6490201013543,134.6386109459129,265.3711645701118,130.93628027558367,274.0933090388691,127.23394960525445,282.81545350762656,123.53161893492523,291.537597976384,119.82928826459602,300.2597424451414,116.1269575942668,308.98188691389885,112.42462692393758,317.70403138265624,108.72229625360836,326.4261758514137,105.01996558327914,335.14832032017114,101.31763491294993,343.87046478892853,97.61530424262071,352.5926092576859
