future_x1,future_y1,future_x2,future_y2,future_x3,future_y3,future_x4,future_y4,future_x5,future_y5,future_x6,future_y6,future_x7,future_y7,future_x8,future_y8,future_x9,future_y9,future_x10,future_y10,future_x11,future_y11,future_x12,future_y12,future_x13,future_y13,future_x14,future_y14,future_x15,future_y15,future_x16,future_y16,future_x17,future_y17,future_x18,future_y18,future_x19,future_y19,future_x20,future_y20
194.6674562159434,166.23196698125412,195.2030839422332,176.45235284032913,195.73871166852302,186.6727386994041,196.27433939481287,196.8931245584791,196.8099671211027,207.11351041755407,197.3455948473925,217.33389627662902,197.88122257368235,227.554282135704,198.41685029997217,237.774667994779,198.95247802626199,247.99505385385396,199.48810575255183,258.21543971292897,200.02373347884165,268.4358255720039,200.55936120513147,278.6562114310789,201.0949889314213,288.8765972901539,201.63061665771113,299.0969831492289,202.16624438400095,309.31736900830384,202.7018721102908,319.5377548673788,203.2374998365806,329.7581407264538,203.77312756287043,339.97852658552875,204.30875528916027,350.19891244460376,204.8443830154501,360.4192983036788
