future_x1,future_y1,future_x2,future_y2,future_x3,future_y3,future_x4,future_y4,future_x5,future_y5,future_x6,future_y6,future_x7,future_y7,future_x8,future_y8,future_x9,future_y9,future_x10,future_y10,future_x11,future_y11,future_x12,future_y12,future_x13,future_y13,future_x14,future_y14,future_x15,future_y15,future_x16,future_y16,future_x17,future_y17,future_x18,future_y18,future_x19,future_y19,future_x20,future_y20
40.97042729614539,191.61885479111226,27.567781943864475,186.47406126603724,14.165136591583547,181.32926774096217,0.7624912393026477,176.18447421588715,-12.64015411297828,171.0396806908121,-26.04279946525918,165.8948871657371,-39.44544481754011,160.75009364066204,-52.848090169821035,155.605300115587,-66.25073552210193,150.46050659051195,-79.65338087438286,145.3157130654369,-93.0560262266637,140.1709195403619,-106.45867157894463,135.02612601528685,-119.86131693122556,129.8813324902118,-133.2639622835065,124.73653896513676,-146.6666076357874,119.59174544006173,-160.06925298806829,114.4469519149867,-173.47189834034918,109.30215838991167,-186.87454369263014,104.15736486483661,-200.27718904491104,99.01257133976158,-213.67983439719194,93.86777781468655
