future_x1,future_y1,future_x2,future_y2,future_x3,future_y3,future_x4,future_y4,future_x5,future_y5,future_x6,future_y6,future_x7,future_y7,future_x8,future_y8,future_x9,future_y9,future_x10,future_y10,future_x11,future_y11,future_x12,future_y12,future_x13,future_y13,future_x14,future_y14,future_x15,future_y15,future_x16,future_y16,future_x17,future_y17,future_x18,future_y18,future_x19,future_y19,future_x20,future_y20
182.94882969025514,178.94216061503442,181.2160932664373,188.76899719362095,179.48335684261943,198.59583377220744,177.7506204188016,208.4226703507939,176.01788399498372,218.2495069293804,174.28514757116588,228.0763435079669,172.55241114734804,237.9031800865534,170.81967472353017,247.73001666513989,169.0869382997123,257.5568532437264,167.35420187589446,267.3836898223129,165.62146545207662,277.2105264008993,163.88872902825875,287.0373629794858,162.1559926044409,296.86419955807236,160.42325618062307,306.6910361366588,158.6905197568052,316.51787271524535,156.95778333298733,326.3447092938318,155.2250469091695,336.1715458724183,153.49231048535165,345.9983824510048,151.75957406153378,355.82521902959127,150.02683763771591,365.6520556081778
