future_x1,future_y1,future_x2,future_y2,future_x3,future_y3,future_x4,future_y4,future_x5,future_y5,future_x6,future_y6,future_x7,future_y7,future_x8,future_y8,future_x9,future_y9,future_x10,future_y10,future_x11,future_y11,future_x12,future_y12,future_x13,future_y13,future_x14,future_y14,future_x15,future_y15,future_x16,future_y16,future_x17,future_y17,future_x18,future_y18,future_x19,future_y19,future_x20,future_y20
89.608823529414,187.4959452399915,80.1794117647081,187.49594523999176,70.7500000000022,187.49594523999198,61.320588235296356,187.49594523999224,51.89117647059045,187.49594523999247,42.461764705884576,187.49594523999272,33.03235294117869,187.49594523999295,23.602941176472797,187.4959452399932,14.173529411766907,187.49594523999343,4.744117647061017,187.49594523999366,-4.6852941176448155,187.49594523999392,-14.114705882350734,187.49594523999414,-23.544117647056595,187.4959452399944,-32.97352941176251,187.49594523999463,-42.402941176468374,187.49594523999488,-51.832352941174236,187.4959452399951,-61.261764705880125,187.49594523999536,-70.69117647058604,187.4959452399956,-80.12058823529188,187.49594523999582,-89.54999999999777,187.49594523999608
