future_x1,future_y1,future_x2,future_y2,future_x3,future_y3,future_x4,future_y4,future_x5,future_y5,future_x6,future_y6,future_x7,future_y7,future_x8,future_y8,future_x9,future_y9,future_x10,future_y10,future_x11,future_y11,future_x12,future_y12,future_x13,future_y13,future_x14,future_y14,future_x15,future_y15,future_x16,future_y16,future_x17,future_y17,future_x18,future_y18,future_x19,future_y19,future_x20,future_y20
110.48627238467785,46.76867235937618,118.31124080883784,38.94370393521625,126.13620923299784,31.118735511056315,133.9611776571578,23.293767086896395,141.7861460813178,15.46879866273646,149.61111450547776,7.643830238576541,157.43608292963776,-0.1811381855833929,165.26105135379777,-8.006106609743313,173.08601977795774,-15.831075033903232,180.91098820211772,-23.65604345806318,188.7359566262777,-31.481011882223072,196.56092505043767,-39.30598030638299,204.38589347459768,-47.13094873054294,212.21086189875766,-54.95591715470289,220.03583032291766,-62.78088557886281,227.8607987470776,-70.6058540030227,235.68576717123761,-78.43082242718265,243.5107355953976,-86.2557908513426,251.33570401955757,-94.08075927550254,259.1606724437176,-101.90572769966246
