future_x1,future_y1,future_x2,future_y2,future_x3,future_y3,future_x4,future_y4,future_x5,future_y5,future_x6,future_y6,future_x7,future_y7,future_x8,future_y8,future_x9,future_y9,future_x10,future_y10,future_x11,future_y11,future_x12,future_y12,future_x13,future_y13,future_x14,future_y14,future_x15,future_y15,future_x16,future_y16,future_x17,future_y17,future_x18,future_y18,future_x19,future_y19,future_x20,future_y20
24.103599831546333,70.80429712348727,23.0018715563275,55.048848754001256,21.90014328110867,39.29340038451525,20.798415005889836,23.537952015029276,19.69668673067102,7.7825036455432866,18.594958455452186,-7.972944723942703,17.493230180233354,-23.728393093428707,16.391501905014522,-39.48384146291468,15.28977362979569,-55.239289832400715,14.188045354576872,-70.99473820188669,13.08631707935804,-86.75018657137267,11.984588804139207,-102.50563494085864,10.882860528920375,-118.26108331034465,9.781132253701543,-134.01653167983062,8.679403978482725,-149.7719800493166,7.577675703263893,-165.52742841880257,6.475947428045089,-181.28287678828855,5.374219152826257,-197.03832515777458,4.272490877607424,-212.79377352726056,3.170762602388578,-228.5492218967466
