future_x1,future_y1,future_x2,future_y2,future_x3,future_y3,future_x4,future_y4,future_x5,future_y5,future_x6,future_y6,future_x7,future_y7,future_x8,future_y8,future_x9,future_y9,future_x10,future_y10,future_x11,future_y11,future_x12,future_y12,future_x13,future_y13,future_x14,future_y14,future_x15,future_y15,future_x16,future_y16,future_x17,future_y17,future_x18,future_y18,future_x19,future_y19,future_x20,future_y20
158.22524152877895,21.421270487610315,172.33345558491243,17.107956590063935,186.44166964104593,12.79464269251757,200.5498836971794,8.481328794971205,214.6580977533129,4.16801489742484,228.76631180944636,-0.14529900012152552,242.87452586557987,-4.458612897667905,256.98273992171335,-8.771926795214256,271.0909539778469,-13.085240692760635,285.1991680339803,-17.398554590307015,299.3073820901137,-21.711868487853366,313.41559614624725,-26.025182385399745,327.5238102023808,-30.338496282946096,341.63202425851426,-34.651810180492475,355.7402383146478,-38.965124078038855,369.8484523707812,-43.278437975585206,383.9566664269147,-47.591751873131585,398.06488048304817,-51.905065770677936,412.1730945391817,-56.218379668224316,426.2813085953152,-60.531693565770695
