future_x1,future_y1,future_x2,future_y2,future_x3,future_y3,future_x4,future_y4,future_x5,future_y5,future_x6,future_y6,future_x7,future_y7,future_x8,future_y8,future_x9,future_y9,future_x10,future_y10,future_x11,future_y11,future_x12,future_y12,future_x13,future_y13,future_x14,future_y14,future_x15,future_y15,future_x16,future_y16,future_x17,future_y17,future_x18,future_y18,future_x19,future_y19,future_x20,future_y20
22.98584014437634,65.3167563872331,22.417443674748256,49.04001111784875,21.849047205120172,32.763265848464385,21.280650735492102,16.48652057908012,20.71225426586402,0.20977530969575753,20.143857796235963,-16.06696995968855,19.575461326607893,-32.3437152290729,19.00706485697981,-48.62046049845725,18.438668387351726,-64.89720576784163,17.870271917723656,-81.17395103722598,17.301875448095572,-97.45069630661027,16.733478978467517,-113.72744157599465,16.165082508839447,-130.00418684537897,15.596686039211363,-146.2809321147633,15.02828956958328,-162.55767738414767,14.45989309995521,-178.83442265353193,13.891496630327126,-195.11116792291625,13.32310016069907,-211.38791319230063,12.754703691071,-227.664658461685,12.186307221442917,-243.94140373106939
