future_x1,future_y1,future_x2,future_y2,future_x3,future_y3,future_x4,future_y4,future_x5,future_y5,future_x6,future_y6,future_x7,future_y7,future_x8,future_y8,future_x9,future_y9,future_x10,future_y10,future_x11,future_y11,future_x12,future_y12,future_x13,future_y13,future_x14,future_y14,future_x15,future_y15,future_x16,future_y16,future_x17,future_y17,future_x18,future_y18,future_x19,future_y19,future_x20,future_y20
171.65028120108315,220.90081606083356,164.40670048196756,232.49296839953027,157.163119762852,244.08512073822695,149.91953904373645,255.67727307692357,142.6759583246209,267.2694254156202,135.43237760550534,278.8615777543169,128.18879688638975,290.4537300930136,120.94521616727421,302.0458824317102,113.70163544815863,313.63803477040693,106.45805472904307,325.23018710910355,99.21447400992753,336.8223394478002,91.97089329081197,348.4144917864968,84.7273125716964,360.0066441251935,77.48373185258085,371.59879646389015,70.24015113346528,383.19094880258683,62.99657041434975,394.78310114128345,55.75298969523418,406.37525347998013,48.50940897611859,417.9674058186768,41.26582825700304,429.55955815737343,34.022247537887466,441.15171049607017
