future_x1,future_y1,future_x2,future_y2,future_x3,future_y3,future_x4,future_y4,future_x5,future_y5,future_x6,future_y6,future_x7,future_y7,future_x8,future_y8,future_x9,future_y9,future_x10,future_y10,future_x11,future_y11,future_x12,future_y12,future_x13,future_y13,future_x14,future_y14,future_x15,future_y15,future_x16,future_y16,future_x17,future_y17,future_x18,future_y18,future_x19,future_y19,future_x20,future_y20
161.81351419334732,196.81844848532492,156.55442001529755,205.57105102160205,151.2953258372478,214.3236535578792,146.03623165919805,223.07625609415632,140.7771374811483,231.82885863043344,135.51804330309852,240.58146116671057,130.2589491250488,249.3340637029877,124.99985494699902,258.08666623926484,119.74076076894924,266.839268775542,114.4816665908995,275.5918713118191,109.22257241284974,284.3444738480962,103.9634782348,293.09707638437334,98.70438405675023,301.8496789206505,93.44528987870045,310.6022814569276,88.1861957006507,319.35488399320474,82.92710152260096,328.10748652948183,77.6680073445512,336.860089065759,72.40891316650142,345.6126916020361,67.14981898845166,354.3652941383133,61.89072481040192,363.1178966745903
