future_x1,future_y1,future_x2,future_y2,future_x3,future_y3,future_x4,future_y4,future_x5,future_y5,future_x6,future_y6,future_x7,future_y7,future_x8,future_y8,future_x9,future_y9,future_x10,future_y10,future_x11,future_y11,future_x12,future_y12,future_x13,future_y13,future_x14,future_y14,future_x15,future_y15,future_x16,future_y16,future_x17,future_y17,future_x18,future_y18,future_x19,future_y19,future_x20,future_y20
64.26985059972174,43.93784890927682,69.07456298571522,30.73701012178529,73.8792753717087,17.536171334293755,78.68398775770216,4.335332546802277,83.48870014369564,-8.865506240689285,88.29341252968909,-22.066345028180734,93.09812491568258,-35.26718381567224,97.90283730167604,-48.468022603163774,102.70754968766951,-61.66886139065528,107.512262073663,-74.86970017814684,112.31697445965645,-88.07053896563829,117.12168684564992,-101.2713777531298,121.92639923164339,-114.47221654062133,126.73111161763686,-127.67305532811284,131.53582400363035,-140.87389411560434,136.3405363896238,-154.07473290309582,141.14524877561726,-167.27557169058736,145.94996116161073,-180.47641047807895,150.75467354760423,-193.67724926557042,155.5593859335977,-206.87808805306196
