future_x1,future_y1,future_x2,future_y2,future_x3,future_y3,future_x4,future_y4,future_x5,future_y5,future_x6,future_y6,future_x7,future_y7,future_x8,future_y8,future_x9,future_y9,future_x10,future_y10,future_x11,future_y11,future_x12,future_y12,future_x13,future_y13,future_x14,future_y14,future_x15,future_y15,future_x16,future_y16,future_x17,future_y17,future_x18,future_y18,future_x19,future_y19,future_x20,future_y20
179.13436333103732,241.95511344414774,170.0752541112712,255.90491833503526,161.01614489150506,269.85472322592284,151.957035671739,283.80452811681033,142.89792645197286,297.7543330076978,133.83881723220676,311.7041378985854,124.77970801244062,325.6539427894729,115.72059879267451,339.6037476803604,106.66148957290838,353.55355257124796,97.60238035314228,367.5033574621355,88.5432711333762,381.453162353023,79.4841619136101,395.4029672439105,70.42505269384397,409.3527721347981,61.36594347407784,423.30257702568554,52.30683425431171,437.25238191657314,43.24772503454565,451.2021868074606,34.18861581477954,465.1519916983481,25.129506595013396,479.10179658923573,16.070397375247282,493.0516014801232,7.011288155481182,507.0014063710108
