future_x1,future_y1,future_x2,future_y2,future_x3,future_y3,future_x4,future_y4,future_x5,future_y5,future_x6,future_y6,future_x7,future_y7,future_x8,future_y8,future_x9,future_y9,future_x10,future_y10,future_x11,future_y11,future_x12,future_y12,future_x13,future_y13,future_x14,future_y14,future_x15,future_y15,future_x16,future_y16,future_x17,future_y17,future_x18,future_y18,future_x19,future_y19,future_x20,future_y20
128.239185672012,210.1080965170736,119.06881634715685,216.06340398905976,109.89844702230171,222.01871146104594,100.72807769744657,227.97401893303208,91.55770837259142,233.92932640501826,82.3873390477363,239.88463387700443,73.21696972288115,245.83994134899058,64.046600398026,251.79524882097675,54.87623107317083,257.7505562929629,45.7058617483157,263.7058637649491,36.53549242346057,269.6611712369352,27.365123098605437,275.6164787089214,18.194753773750293,281.57178618090757,9.02438444889512,287.52709365289377,-0.14598487596001064,293.4824011248799,-9.316354200815113,299.43770859686606,-18.48672352567027,305.39301606885226,-27.65709285052543,311.3483235408384,-36.82746217538056,317.30363101282455,-45.99783150023572,323.25893848481076
