future_x1,future_y1,future_x2,future_y2,future_x3,future_y3,future_x4,future_y4,future_x5,future_y5,future_x6,future_y6,future_x7,future_y7,future_x8,future_y8,future_x9,future_y9,future_x10,future_y10,future_x11,future_y11,future_x12,future_y12,future_x13,future_y13,future_x14,future_y14,future_x15,future_y15,future_x16,future_y16,future_x17,future_y17,future_x18,future_y18,future_x19,future_y19,future_x20,future_y20
243.97118870012667,169.82788118389755,247.66437776987942,185.82484053870152,251.35756683963214,201.82179989350547,255.05075590938486,217.81875924830942,258.7439449791376,233.81571860311337,262.4371340488903,249.8126779579173,266.13032311864305,265.80963731272124,269.82351218839574,281.8065966675252,273.5167012581485,297.80355602232925,277.20989032790123,313.8005153771332,280.9030793976539,329.79747473193703,284.5962684674067,345.794434086741,288.2894575371594,361.791393441545,291.98264660691217,377.78835279634893,295.67583567666486,393.7853121511529,299.3690247464176,409.78227150595677,303.06221381617036,425.7792308607608,306.75540288592305,441.7761902155647,310.4485919556758,457.7731495703687,314.1417810254285,473.7701089251726
