future_x1,future_y1,future_x2,future_y2,future_x3,future_y3,future_x4,future_y4,future_x5,future_y5,future_x6,future_y6,future_x7,future_y7,future_x8,future_y8,future_x9,future_y9,future_x10,future_y10,future_x11,future_y11,future_x12,future_y12,future_x13,future_y13,future_x14,future_y14,future_x15,future_y15,future_x16,future_y16,future_x17,future_y17,future_x18,future_y18,future_x19,future_y19,future_x20,future_y20
197.98522058623436,174.90958448296556,197.7894062970284,186.12777759833645,197.5935920078224,197.34597071370735,197.39777771861642,208.56416382907818,197.20196342941045,219.78235694444908,197.00614914020446,231.00055005981991,196.81033485099846,242.2187431751908,196.6145205617925,253.4369362905617,196.41870627258652,264.6551294059326,196.22289198338052,275.87332252130346,196.02707769417455,287.0915156366743,195.83126340496855,298.3097087520452,195.63544911576258,309.52790186741606,195.43963482655658,320.74609498278693,195.24382053735062,331.9642880981578,195.04800624814462,343.1824812135286,194.85219195893865,354.4006743288995,194.65637766973265,365.6188674442704,194.46056338052668,376.83706055964126,194.26474909132068,388.0552536750121
