future_x1,future_y1,future_x2,future_y2,future_x3,future_y3,future_x4,future_y4,future_x5,future_y5,future_x6,future_y6,future_x7,future_y7,future_x8,future_y8,future_x9,future_y9,future_x10,future_y10,future_x11,future_y11,future_x12,future_y12,future_x13,future_y13,future_x14,future_y14,future_x15,future_y15,future_x16,future_y16,future_x17,future_y17,future_x18,future_y18,future_x19,future_y19,future_x20,future_y20
50.86342465248971,172.83493173607843,40.276956841419846,167.44085696608474,29.690489030349994,162.04678219609104,19.104021219280156,156.65270742609738,8.517553408210318,151.2586326561037,-2.0689144028595194,145.86455788611002,-12.655382213929386,140.47048311611636,-23.241850024999223,135.07640834612266,-33.82831783606909,129.68233357612897,-44.41478564713893,124.2882588061353,-55.00125345820874,118.89418403614164,-65.58772126927857,113.50010926614797,-76.17418908034847,108.10603449615427,-86.76065689141834,102.71195972616059,-97.34712470248814,97.31788495616692,-107.93359251355801,91.92381018617324,-118.52006032462788,86.52973541617956,-129.10652813569766,81.13566064618588,-139.6929959467676,75.74158587619219,-150.2794637578374,70.34751110619851
