future_x1,future_y1,future_x2,future_y2,future_x3,future_y3,future_x4,future_y4,future_x5,future_y5,future_x6,future_y6,future_x7,future_y7,future_x8,future_y8,future_x9,future_y9,future_x10,future_y10,future_x11,future_y11,future_x12,future_y12,future_x13,future_y13,future_x14,future_y14,future_x15,future_y15,future_x16,future_y16,future_x17,future_y17,future_x18,future_y18,future_x19,future_y19,future_x20,future_y20
64.10279821878187,210.2776007177917,50.2825501056963,209.0684856807813,36.46230199261076,207.8593706437709,22.64205387952522,206.65025560676048,8.821805766439667,205.44114056975008,-4.998442346645845,204.23202553273967,-18.818690459731414,203.02291049572926,-32.638938572816954,201.81379545871886,-46.45918668590252,200.60468042170845,-60.27943479898809,199.39556538469805,-74.0996829120736,198.18645034768764,-87.91993102515917,196.97733531067723,-101.74017913824468,195.76822027366683,-115.56042725133025,194.55910523665642,-129.38067536441582,193.34999019964602,-143.2009234775013,192.14087516263564,-157.02117159058685,190.93176012562523,-170.84141970367244,189.7226450886148,-184.66166781675798,188.5135300516044,-198.48191592984352,187.30441501459399
