future_x1,future_y1,future_x2,future_y2,future_x3,future_y3,future_x4,future_y4,future_x5,future_y5,future_x6,future_y6,future_x7,future_y7,future_x8,future_y8,future_x9,future_y9,future_x10,future_y10,future_x11,future_y11,future_x12,future_y12,future_x13,future_y13,future_x14,future_y14,future_x15,future_y15,future_x16,future_y16,future_x17,future_y17,future_x18,future_y18,future_x19,future_y19,future_x20,future_y20
79.0939861983523,70.05969674200796,82.04610916316615,60.40373761246008,84.99823212798,50.747778482912196,87.95035509279384,41.0918193533643,90.90247805760768,31.43586022381642,93.85460102242153,21.779901094268553,96.80672398723537,12.123941964720672,99.75884695204923,2.467982835172762,102.71096991686308,-7.187976294375119,105.66309288167693,-16.84393542392303,108.61521584649077,-26.499894553470853,111.56733881130461,-36.15585368301876,114.51946177611846,-45.81181281256664,117.47158474093231,-55.46777194211455,120.42370770574617,-65.1237310716624,123.37583067056,-74.77969020121031,126.32795363537385,-84.43564933075817,129.2800766001877,-94.09160846030608,132.23219956500157,-103.74756758985396,135.1843225298154,-113.40352671940187
