future_x1,future_y1,future_x2,future_y2,future_x3,future_y3,future_x4,future_y4,future_x5,future_y5,future_x6,future_y6,future_x7,future_y7,future_x8,future_y8,future_x9,future_y9,future_x10,future_y10,future_x11,future_y11,future_x12,future_y12,future_x13,future_y13,future_x14,future_y14,future_x15,future_y15,future_x16,future_y16,future_x17,future_y17,future_x18,future_y18,future_x19,future_y19,future_x20,future_y20
215.89747557660343,70.55398727271047,228.67206535253285,76.24160108400328,241.44665512846228,81.92921489529608,254.22124490439165,87.61682870658886,266.9958346803211,93.30444251788165,279.77042445625045,98.99205632917446,292.5450142321799,104.67967014046725,305.31960400810925,110.36728395176004,318.0941937840387,116.05489776305284,330.86878355996805,121.74251157434564,343.6433733358975,127.43012538563843,356.41796311182685,133.1177391969312,369.1925528877563,138.80535300822402,381.96714266368565,144.49296681951682,394.7417324396151,150.1805806308096,407.51632221554445,155.86819444210238,420.2909119914739,161.55580825339518,433.0655017674033,167.243422064688,445.84009154333273,172.9310358759808,458.6146813192621,178.6186496872736
