future_x1,future_y1,future_x2,future_y2,future_x3,future_y3,future_x4,future_y4,future_x5,future_y5,future_x6,future_y6,future_x7,future_y7,future_x8,future_y8,future_x9,future_y9,future_x10,future_y10,future_x11,future_y11,future_x12,future_y12,future_x13,future_y13,future_x14,future_y14,future_x15,future_y15,future_x16,future_y16,future_x17,future_y17,future_x18,future_y18,future_x19,future_y19,future_x20,future_y20
255.09671652548838,127.62975985508899,264.3150525690206,141.8247525531935,273.5333886125529,156.01974525129802,282.75172465608523,170.2147379494025,291.97006069961753,184.40973064750702,301.1883967431498,198.6047233456115,310.406732786682,212.79971604371602,319.6250688302144,226.99470874182052,328.84340487374664,241.18970143992505,338.06174091727894,255.38469413802954,347.28007696081124,269.57968683613404,356.4984130043435,283.77467953423854,365.7167490478758,297.96967223234304,374.93508509140804,312.1646649304476,384.15342113494034,326.3596576285521,393.37175717847265,340.55465032665654,402.5900932220049,354.74964302476104,411.80842926553726,368.9446357228656,421.02676530906945,383.1396284209701,430.2451013526018,397.3346211190746
