future_x1,future_y1,future_x2,future_y2,future_x3,future_y3,future_x4,future_y4,future_x5,future_y5,future_x6,future_y6,future_x7,future_y7,future_x8,future_y8,future_x9,future_y9,future_x10,future_y10,future_x11,future_y11,future_x12,future_y12,future_x13,future_y13,future_x14,future_y14,future_x15,future_y15,future_x16,future_y16,future_x17,future_y17,future_x18,future_y18,future_x19,future_y19,future_x20,future_y20
104.79876588463353,42.4099102330203,112.70080473949265,33.6338069881473,120.60284359435178,24.857703743274286,128.5048824492109,16.081600498401286,136.40692130407,7.305497253528273,144.3089601589291,-1.470605991344712,152.21099901378824,-10.246709236217754,160.11303786864738,-19.02281248109074,168.0150767235065,-27.79891572596378,175.91711557836558,-36.575018970836766,183.8191544332247,-45.35112221570972,191.72119328808384,-54.12722546058279,199.62323214294292,-62.90332870545578,207.52527099780207,-71.67943195032882,215.42730985266118,-80.4555351952018,223.32934870752027,-89.23163844007476,231.2313875623794,-98.0077416849478,239.13342641723852,-106.78384492982082,247.0354652720976,-115.55994817469383,254.93750412695678,-124.33605141956687
