future_x1,future_y1,future_x2,future_y2,future_x3,future_y3,future_x4,future_y4,future_x5,future_y5,future_x6,future_y6,future_x7,future_y7,future_x8,future_y8,future_x9,future_y9,future_x10,future_y10,future_x11,future_y11,future_x12,future_y12,future_x13,future_y13,future_x14,future_y14,future_x15,future_y15,future_x16,future_y16,future_x17,future_y17,future_x18,future_y18,future_x19,future_y19,future_x20,future_y20
149.7127260212714,46.01240990813868,160.4546296503204,42.522153844025,171.19653327936942,39.03189777991133,181.9384369084184,35.54164171579767,192.68034053746737,32.05138565168399,203.42224416651635,28.56112958757032,214.16414779556538,25.07087352345664,224.90605142461436,21.58061745934296,235.64795505366337,18.09036139522928,246.38985868271234,14.6001053311156,257.1317623117613,11.109849267001934,267.8736659408103,7.619593202888268,278.6155695698593,4.129337138774602,289.3574731989083,0.6390810746609077,300.09937682795726,-2.8511749894527725,310.8412804570063,-6.341431053566424,321.58318408605527,-9.831687117680133,332.32508771510425,-13.321943181793756,343.0669913441533,-16.812199245907465,353.80889497320226,-20.302455310021145
