future_x1,future_y1,future_x2,future_y2,future_x3,future_y3,future_x4,future_y4,future_x5,future_y5,future_x6,future_y6,future_x7,future_y7,future_x8,future_y8,future_x9,future_y9,future_x10,future_y10,future_x11,future_y11,future_x12,future_y12,future_x13,future_y13,future_x14,future_y14,future_x15,future_y15,future_x16,future_y16,future_x17,future_y17,future_x18,future_y18,future_x19,future_y19,future_x20,future_y20
238.54364300957104,108.17597048676984,248.7435971101489,119.11408210791748,258.9435512107268,130.05219372906515,269.14350531130464,140.9903053502128,279.34345941188246,151.92841697136046,289.54341351246035,162.8665285925081,299.74336761303823,173.80464021365574,309.94332171361606,184.7427518348034,320.14327581419394,195.68086345595108,330.3432299147718,206.61897507709875,340.54318401534965,217.55708669824634,350.74313811592754,228.495198319394,360.9430922165054,239.4333099405417,371.1430463170833,250.37142156168937,381.34300041766113,261.309533182837,391.54295451823896,272.24764480398466,401.74290861881684,283.1857564251323,411.9428627193947,294.12386804628,422.1428168199726,305.06197966742764,432.3427709205505,316.0000912885753
