future_x1,future_y1,future_x2,future_y2,future_x3,future_y3,future_x4,future_y4,future_x5,future_y5,future_x6,future_y6,future_x7,future_y7,future_x8,future_y8,future_x9,future_y9,future_x10,future_y10,future_x11,future_y11,future_x12,future_y12,future_x13,future_y13,future_x14,future_y14,future_x15,future_y15,future_x16,future_y16,future_x17,future_y17,future_x18,future_y18,future_x19,future_y19,future_x20,future_y20
35.53571061448909,45.231230395093945,38.12097418982597,28.908518580476255,40.70623776516287,12.585806765858521,43.291501340499764,-3.7369050487591835,45.87676491583666,-20.059616863376903,48.462028491173555,-36.382328677994565,51.04729206651045,-52.70504049261231,53.63255564184735,-69.02775230723,56.21781921718426,-85.3504641218477,58.80308279252115,-101.67317593646544,61.38834636785802,-117.9958877510831,63.97360994319493,-134.31859956570082,66.55887351853183,-150.64131138031854,69.14413709386872,-166.9640231949362,71.72940066920562,-183.28673500955404,74.31466424454251,-199.60944682417164,76.89992781987941,-215.93215863878936,79.4851913952163,-232.25487045340708,82.0704549705532,-248.57758226802486,84.6557185458901,-264.9002940826425
