future_x1,future_y1,future_x2,future_y2,future_x3,future_y3,future_x4,future_y4,future_x5,future_y5,future_x6,future_y6,future_x7,future_y7,future_x8,future_y8,future_x9,future_y9,future_x10,future_y10,future_x11,future_y11,future_x12,future_y12,future_x13,future_y13,future_x14,future_y14,future_x15,future_y15,future_x16,future_y16,future_x17,future_y17,future_x18,future_y18,future_x19,future_y19,future_x20,future_y20
70.60695847542887,210.47607054525923,57.23412941498492,210.00908106418694,43.861300354540944,209.54209158311468,30.48847129409704,209.07510210204242,17.115642233653077,208.60811262097013,3.7428131732091003,208.14112313989784,-9.630015887234833,207.67413365882558,-23.002844947678796,207.2071441777533,-36.37567400812276,206.74015469668103,-49.74850306856675,206.27316521560874,-63.121332129010625,205.80617573453648,-76.49416118945459,205.3391862534642,-89.86699024989858,204.87219677239193,-103.23981931034254,204.40520729131964,-116.61264837078653,203.93821781024735,-129.98547743123038,203.4712283291751,-143.35830649167434,203.00423884810283,-156.7311355521183,202.53724936703054,-170.10396461256227,202.07025988595825,-183.47679367300623,201.603270404886
