future_x1,future_y1,future_x2,future_y2,future_x3,future_y3,future_x4,future_y4,future_x5,future_y5,future_x6,future_y6,future_x7,future_y7,future_x8,future_y8,future_x9,future_y9,future_x10,future_y10,future_x11,future_y11,future_x12,future_y12,future_x13,future_y13,future_x14,future_y14,future_x15,future_y15,future_x16,future_y16,future_x17,future_y17,future_x18,future_y18,future_x19,future_y19,future_x20,future_y20
229.2577317222334,100.55167804970691,239.64033922218263,109.90021983301818,250.02294672213185,119.24876161632943,260.4055542220811,128.59730339964068,270.7881617220303,137.94584518295193,281.1707692219795,147.29438696626318,291.55337672192877,156.64292874957445,301.935984221878,165.99147053288573,312.31859172182726,175.34001231619698,322.7011992217765,184.68855409950822,333.08380672172564,194.03709588281944,343.4664142216749,203.38563766613072,353.8490217216241,212.73417944944197,364.23162922157337,222.08272123275322,374.6142367215226,231.4312630160645,384.9968442214718,240.77980479937574,395.37945172142105,250.128346582687,405.7620592213703,259.47688836599826,416.14466672131954,268.82543014930945,426.5272742212688,278.17397193262076
