future_x1,future_y1,future_x2,future_y2,future_x3,future_y3,future_x4,future_y4,future_x5,future_y5,future_x6,future_y6,future_x7,future_y7,future_x8,future_y8,future_x9,future_y9,future_x10,future_y10,future_x11,future_y11,future_x12,future_y12,future_x13,future_y13,future_x14,future_y14,future_x15,future_y15,future_x16,future_y16,future_x17,future_y17,future_x18,future_y18,future_x19,future_y19,future_x20,future_y20
206.5584716819162,64.00479718985996,219.39158075679535,68.17452709219333,232.22468983167454,72.3442569945267,245.0577989065537,76.51398689686006,257.89090798143286,80.68371679919342,270.72401705631205,84.85344670152679,283.5571261311912,89.02317660386015,296.3902352060704,93.19290650619352,309.22334428094956,97.3626364085269,322.05645335582875,101.53236631086027,334.8895624307079,105.70209621319361,347.7226715055871,109.87182611552699,360.55578058046626,114.04155601786036,373.38888965534545,118.21128592019372,386.2219987302246,122.38101582252709,399.0551078051037,126.55074572486043,411.8882168799829,130.72047562719382,424.7213259548621,134.89020552952718,437.5544350297413,139.05993543186054,450.3875441046204,143.22966533419392
