future_x1,future_y1,future_x2,future_y2,future_x3,future_y3,future_x4,future_y4,future_x5,future_y5,future_x6,future_y6,future_x7,future_y7,future_x8,future_y8,future_x9,future_y9,future_x10,future_y10,future_x11,future_y11,future_x12,future_y12,future_x13,future_y13,future_x14,future_y14,future_x15,future_y15,future_x16,future_y16,future_x17,future_y17,future_x18,future_y18,future_x19,future_y19,future_x20,future_y20
9.468769672601141,171.5332849385414,-3.960912809636312,161.41329331245686,-17.390595291873723,151.29330168637227,-30.820277774111133,141.17331006028775,-44.249960256348544,131.05331843420316,-57.67964273858598,120.93332680811861,-71.1093252208234,110.81333518203405,-84.5390077030608,100.6933435559495,-97.96869018529824,90.57335192986493,-111.39837266753565,80.45336030378037,-124.82805514977304,70.33336867769583,-138.2577376320105,60.213377051611275,-151.6874201142479,50.09338542552669,-165.11710259648532,39.97339379944215,-178.5467850787228,29.853402173357566,-191.9764675609601,19.733410547273067,-205.4061500431975,9.613418921188483,-218.83583252543497,-0.5065727048960582,-232.26551500767243,-10.62656433098067,-245.69519748990984,-20.746555957065226
