future_x1,future_y1,future_x2,future_y2,future_x3,future_y3,future_x4,future_y4,future_x5,future_y5,future_x6,future_y6,future_x7,future_y7,future_x8,future_y8,future_x9,future_y9,future_x10,future_y10,future_x11,future_y11,future_x12,future_y12,future_x13,future_y13,future_x14,future_y14,future_x15,future_y15,future_x16,future_y16,future_x17,future_y17,future_x18,future_y18,future_x19,future_y19,future_x20,future_y20
236.2817882946595,135.2548912571794,243.28838050538258,147.89511820703615,250.29497271610563,160.53534515689287,257.3015649268287,173.17557210674957,264.30815713755175,185.81579905660635,271.3147493482748,198.45602600646305,278.3213415589979,211.09625295631977,285.32793376972097,223.73647990617656,292.334525980444,236.37670685603325,299.3411181911671,249.01693380589,306.34771040189014,261.6571607557467,313.3543026126132,274.2973877056034,320.3608948233363,286.93761465546015,327.36748703405937,299.57784160531685,334.3740792447825,312.2180685551736,341.3806714555055,324.8582955050303,348.3872636662286,337.49852245488705,355.39385587695165,350.1387494047438,362.40044808767476,362.77897635460056,369.4070402983978,375.41920330445726
