future_x1,future_y1,future_x2,future_y2,future_x3,future_y3,future_x4,future_y4,future_x5,future_y5,future_x6,future_y6,future_x7,future_y7,future_x8,future_y8,future_x9,future_y9,future_x10,future_y10,future_x11,future_y11,future_x12,future_y12,future_x13,future_y13,future_x14,future_y14,future_x15,future_y15,future_x16,future_y16,future_x17,future_y17,future_x18,future_y18,future_x19,future_y19,future_x20,future_y20
10.473835887461405,101.2273131512106,4.983741959352443,86.1434040530462,-0.5063519687565474,71.05949495488179,-5.996445896865509,55.9755858567174,-11.4865398249745,40.89167675855299,-16.97663375308349,25.80776766038862,-22.46672768119248,10.723858562224223,-27.956821609301443,-4.360050535940161,-33.44691553741043,-19.4439596341046,-38.937009465519395,-34.52786873226901,-44.427103393628386,-49.61177783043337,-49.91719732173735,-64.69568692859775,-55.40729124984631,-79.77959602676214,-60.8973851779553,-94.86350512492658,-66.38747910606429,-109.94741422309099,-71.87757303417328,-125.03132332125534,-77.36766696228224,-140.11523241941973,-82.85776089039123,-155.1991415175841,-88.34785481850022,-170.2830506157485,-93.83794874660916,-185.36695971391293
