future_x1,future_y1,future_x2,future_y2,future_x3,future_y3,future_x4,future_y4,future_x5,future_y5,future_x6,future_y6,future_x7,future_y7,future_x8,future_y8,future_x9,future_y9,future_x10,future_y10,future_x11,future_y11,future_x12,future_y12,future_x13,future_y13,future_x14,future_y14,future_x15,future_y15,future_x16,future_y16,future_x17,future_y17,future_x18,future_y18,future_x19,future_y19,future_x20,future_y20
37.03192126738459,154.37170058507076,27.512739735580638,146.0968023246084,17.993558203776658,137.82190406414605,8.474376671972735,129.54700580368376,-1.0448048598312312,121.2721075432214,-10.563986391635154,112.99720928275909,-20.083167923439106,104.72231102229674,-29.602349455243058,96.44741276183441,-39.12153098704701,88.17251450137206,-48.64071251885096,79.89761624090974,-58.159894050654856,71.6227179804474,-67.67907558245881,63.34781971998508,-77.19825711426273,55.07292145952273,-86.71743864606668,46.798023199060395,-96.23662017787069,38.523124938598045,-105.75580170967459,30.24822667813575,-115.27498324147851,21.97332841767343,-124.79416477328246,13.698430157211078,-134.31334630508638,5.42353189674877,-143.83252783689034,-2.8513663637135664
