future_x1,future_y1,future_x2,future_y2,future_x3,future_y3,future_x4,future_y4,future_x5,future_y5,future_x6,future_y6,future_x7,future_y7,future_x8,future_y8,future_x9,future_y9,future_x10,future_y10,future_x11,future_y11,future_x12,future_y12,future_x13,future_y13,future_x14,future_y14,future_x15,future_y15,future_x16,future_y16,future_x17,future_y17,future_x18,future_y18,future_x19,future_y19,future_x20,future_y20
161.2607823087895,56.12613019874895,171.70480954045058,54.65831789395675,182.14883677211168,53.19050558916453,192.59286400377272,51.722693284372326,203.03689123543384,50.25488097958012,213.4809184670949,48.7870686747879,223.924945698756,47.3192563699957,234.3689729304171,45.85144406520348,244.8130001620782,44.383631760411276,255.2570273937393,42.91581945561907,265.70105462540033,41.448007150826854,276.1450818570614,39.98019484603465,286.5891090887225,38.51238254124243,297.0331363203836,37.04457023645023,307.4771635520447,35.57675793165802,317.92119078370575,34.10894562686582,328.36521801536685,32.641133322073614,338.809245247028,31.17332101728138,349.2532724786891,29.705508712489177,359.6972997103502,28.237696407696973
