future_x1,future_y1,future_x2,future_y2,future_x3,future_y3,future_x4,future_y4,future_x5,future_y5,future_x6,future_y6,future_x7,future_y7,future_x8,future_y8,future_x9,future_y9,future_x10,future_y10,future_x11,future_y11,future_x12,future_y12,future_x13,future_y13,future_x14,future_y14,future_x15,future_y15,future_x16,future_y16,future_x17,future_y17,future_x18,future_y18,future_x19,future_y19,future_x20,future_y20
138.35222408458935,200.13457669065306,131.02806357306858,206.50137228895528,123.70390306154778,212.86816788725753,116.37974255002698,219.23496348555975,109.05558203850619,225.60175908386196,101.7314215269854,231.9685546821642,94.40726101546461,238.3353502804664,87.08310050394381,244.70214587876865,79.75893999242302,251.06894147707087,72.43477948090221,257.43573707537314,65.11061896938143,263.8025326736753,57.78645845786065,270.1693282719775,50.46229794633986,276.53612387027977,43.13813743481904,282.902919468582,35.81397692329823,289.26971506688426,28.48981641177747,295.63651066518645,21.16565590025671,302.00330626348864,13.841495388735893,308.3701018617909,6.517334877215077,314.73689746009313,-0.8068256343057385,321.1036930583954
