future_x1,future_y1,future_x2,future_y2,future_x3,future_y3,future_x4,future_y4,future_x5,future_y5,future_x6,future_y6,future_x7,future_y7,future_x8,future_y8,future_x9,future_y9,future_x10,future_y10,future_x11,future_y11,future_x12,future_y12,future_x13,future_y13,future_x14,future_y14,future_x15,future_y15,future_x16,future_y16,future_x17,future_y17,future_x18,future_y18,future_x19,future_y19,future_x20,future_y20
152.15122918267036,42.839147935326565,163.42428090347823,39.39263015060554,174.6973326242861,35.94611236588453,185.97038434509398,32.49959458116351,197.24343606590185,29.05307679644247,208.5164877867097,25.606559011721473,219.78953950751756,22.16004122700045,231.06259122832543,18.71352344227941,242.3356429491333,15.267005657558414,253.60869466994117,11.82048787283739,264.881746390749,8.373970088116351,276.1547981115569,4.927452303395327,287.42784983236476,1.4809345186743315,298.7009015531727,-1.965583266046707,309.9739532739805,-5.412101050767717,321.2470049947883,-8.858618835488727,332.52005671559624,-12.305136620209765,343.7931084364041,-15.751654404930775,355.066160157212,-19.198172189651814,366.33921187801985,-22.644689974372824
