future_x1,future_y1,future_x2,future_y2,future_x3,future_y3,future_x4,future_y4,future_x5,future_y5,future_x6,future_y6,future_x7,future_y7,future_x8,future_y8,future_x9,future_y9,future_x10,future_y10,future_x11,future_y11,future_x12,future_y12,future_x13,future_y13,future_x14,future_y14,future_x15,future_y15,future_x16,future_y16,future_x17,future_y17,future_x18,future_y18,future_x19,future_y19,future_x20,future_y20
75.84938434010004,70.4190817117975,78.52701960818283,60.42601084717458,81.20465487626558,50.432939982551645,83.88229014434835,40.43986911792874,86.55992541243111,30.446798253305815,89.23756068051388,20.453727388682935,91.91519594859665,10.46065652406,94.59283121667943,0.4675856594370771,97.2704664847622,-9.525485205185845,99.94810175284496,-19.518556069808767,102.62573702092772,-29.511626934431632,105.3033722890105,-39.50469779905458,107.98100755709325,-49.497768663677505,110.65864282517603,-59.49083952830043,113.33627809325881,-69.48391039292338,116.01391336134155,-79.47698125754624,118.69154862942432,-89.4700521221692,121.3691838975071,-99.46312298679203,124.04681916558987,-109.45619385141498,126.72445443367265,-119.44926471603793
