future_x1,future_y1,future_x2,future_y2,future_x3,future_y3,future_x4,future_y4,future_x5,future_y5,future_x6,future_y6,future_x7,future_y7,future_x8,future_y8,future_x9,future_y9,future_x10,future_y10,future_x11,future_y11,future_x12,future_y12,future_x13,future_y13,future_x14,future_y14,future_x15,future_y15,future_x16,future_y16,future_x17,future_y17,future_x18,future_y18,future_x19,future_y19,future_x20,future_y20
240.0995905055379,121.79760986079823,248.88767153937204,133.89336571140285,257.6757525732062,145.98912156200748,266.46383360704027,158.08487741261212,275.2519146408744,170.18063326321675,284.03999567470856,182.27638911382138,292.82807670854265,194.372144964426,301.6161577423768,206.46790081503065,310.40423877621095,218.56365666563528,319.1923198100451,230.65941251623994,327.9804008438792,242.75516836684454,336.76848187771327,254.85092421744918,345.5565629115475,266.9466800680538,354.34464394538156,279.04243591865844,363.1327249792157,291.13819176926313,371.92080601304986,303.2339476198677,380.70888704688394,315.32970347047234,389.4969680807181,327.4254593210769,398.2850491145522,339.5212151716816,407.0731301483864,351.6169710222863
