future_x1,future_y1,future_x2,future_y2,future_x3,future_y3,future_x4,future_y4,future_x5,future_y5,future_x6,future_y6,future_x7,future_y7,future_x8,future_y8,future_x9,future_y9,future_x10,future_y10,future_x11,future_y11,future_x12,future_y12,future_x13,future_y13,future_x14,future_y14,future_x15,future_y15,future_x16,future_y16,future_x17,future_y17,future_x18,future_y18,future_x19,future_y19,future_x20,future_y20
33.83985969293616,172.24198598692084,22.09056903053984,164.90021434531513,10.341278368143506,157.55844270370946,-1.408012294252785,150.21667106210379,-13.157302956649119,142.87489942049808,-24.906593619045424,135.5331277788924,-36.65588428144176,128.1913561372867,-48.40517494383809,120.84958449568101,-60.154465606234425,113.50781285407533,-71.90375626863073,106.16604121246964,-83.65304693102703,98.82426957086396,-95.4023375934234,91.48249792925824,-107.1516282558197,84.14072628765258,-118.90091891821604,76.7989546460469,-130.65020958061234,69.45718300444118,-142.39950024300867,62.11541136283553,-154.148790905405,54.77363972122984,-165.89808156780128,47.43186807962414,-177.64737223019767,40.090096438018435,-189.396662892594,32.74832479641276
