future_x1,future_y1,future_x2,future_y2,future_x3,future_y3,future_x4,future_y4,future_x5,future_y5,future_x6,future_y6,future_x7,future_y7,future_x8,future_y8,future_x9,future_y9,future_x10,future_y10,future_x11,future_y11,future_x12,future_y12,future_x13,future_y13,future_x14,future_y14,future_x15,future_y15,future_x16,future_y16,future_x17,future_y17,future_x18,future_y18,future_x19,future_y19,future_x20,future_y20
52.46640607964069,175.50513432943316,41.69689281221153,170.48322781822912,30.92737954478237,165.46132130702512,20.15786627735322,160.43941479582108,9.388353009924074,155.41750828461707,-1.381160257505087,150.39560177341303,-12.150673524934234,145.37369526220903,-22.92018679236338,140.351788751005,-33.68970005979253,135.32988223980095,-44.459213327221704,130.30797572859694,-55.22872659465082,125.28606921739292,-65.99823986207997,120.2641627061889,-76.7677531295092,115.24225619498486,-87.53726639693832,110.22034968378085,-98.30677966436741,105.19844317257682,-109.07629293179662,100.1765366613728,-119.8458061992257,95.15463015016877,-130.6153194666549,90.13272363896475,-141.3848327340841,85.11081712776073,-152.1543460015132,80.08891061655672
