future_x1,future_y1,future_x2,future_y2,future_x3,future_y3,future_x4,future_y4,future_x5,future_y5,future_x6,future_y6,future_x7,future_y7,future_x8,future_y8,future_x9,future_y9,future_x10,future_y10,future_x11,future_y11,future_x12,future_y12,future_x13,future_y13,future_x14,future_y14,future_x15,future_y15,future_x16,future_y16,future_x17,future_y17,future_x18,future_y18,future_x19,future_y19,future_x20,future_y20
136.24436083258465,30.495974284519107,147.75003360243144,24.378299555180973,159.25570637227827,18.26062482584284,170.76137914212507,12.142950096504734,182.26705191197186,6.025275367166586,193.7727246818187,-0.092399362171534,205.27839745166548,-6.210074091509654,216.7840702215123,-12.327748820847773,228.28974299135913,-18.44542355018592,239.79541576120596,-24.56309827952404,251.3010885310527,-30.680773008862133,262.8067613008995,-36.79844773820028,274.31243407074635,-42.9161224675384,285.81810684059315,-49.03379719687655,297.32377961044,-55.15147192621467,308.82945238028674,-61.26914665555279,320.33512515013354,-67.38682138489088,331.8407979199804,-73.50449611422903,343.3464706898272,-79.62217084356718,354.85214345967404,-85.73984557290532
