future_x1,future_y1,future_x2,future_y2,future_x3,future_y3,future_x4,future_y4,future_x5,future_y5,future_x6,future_y6,future_x7,future_y7,future_x8,future_y8,future_x9,future_y9,future_x10,future_y10,future_x11,future_y11,future_x12,future_y12,future_x13,future_y13,future_x14,future_y14,future_x15,future_y15,future_x16,future_y16,future_x17,future_y17,future_x18,future_y18,future_x19,future_y19,future_x20,future_y20
208.798210369854,202.90669834590284,206.25034897087033,217.35633837686433,203.7024875718867,231.8059784078258,201.15462617290305,246.25561843878725,198.6067647739194,260.7052584697487,196.05890337493577,275.15489850071015,193.5110419759521,289.60453853167166,190.96318057696845,304.0541785626332,188.41531917798483,318.5038185935946,185.86745777900117,332.9534586245561,183.31959638001754,347.4030986555175,180.7717349810339,361.85273868647903,178.22387358205023,376.3023787174405,175.6760121830666,390.7520187484019,173.12815078408295,405.2016587793634,170.58028938509932,419.6512988103248,168.03242798611566,434.10093884128634,165.484566587132,448.5505788722478,162.93670518814838,463.00021890320926,160.38884378916472,477.4498589341707
