future_x1,future_y1,future_x2,future_y2,future_x3,future_y3,future_x4,future_y4,future_x5,future_y5,future_x6,future_y6,future_x7,future_y7,future_x8,future_y8,future_x9,future_y9,future_x10,future_y10,future_x11,future_y11,future_x12,future_y12,future_x13,future_y13,future_x14,future_y14,future_x15,future_y15,future_x16,future_y16,future_x17,future_y17,future_x18,future_y18,future_x19,future_y19,future_x20,future_y20
130.2011749172029,236.0641042911584,118.26807312040037,244.11308308544943,106.33497132359786,252.16206187974052,94.40186952679534,260.21104067403155,82.46876772999282,268.26001946832264,70.53566593319032,276.30899826261367,58.6025641363878,284.3579770569047,46.66946233958525,292.40695585119573,34.736360542782705,300.4559346454868,22.8032587459802,308.50491343977785,10.870156949177726,316.5538922340689,-1.0629448476248058,324.60287102835997,-12.99604664442731,332.651849822651,-24.92914844122984,340.70082861694203,-36.8622502380324,348.74980741123306,-48.79535203483488,356.79878620552415,-60.72845383163741,364.8477649998152,-72.66155562843991,372.8967437941062,-84.59465742524245,380.9457225883973,-96.52775922204495,388.99470138268833
