future_x1,future_y1,future_x2,future_y2,future_x3,future_y3,future_x4,future_y4,future_x5,future_y5,future_x6,future_y6,future_x7,future_y7,future_x8,future_y8,future_x9,future_y9,future_x10,future_y10,future_x11,future_y11,future_x12,future_y12,future_x13,future_y13,future_x14,future_y14,future_x15,future_y15,future_x16,future_y16,future_x17,future_y17,future_x18,future_y18,future_x19,future_y19,future_x20,future_y20
148.79715974261674,59.26000491348107,157.99059120949656,56.62383086106318,167.1840226763764,53.98765680864531,176.37745414325622,51.35148275622744,185.57088561013603,48.71530870380957,194.76431707701585,46.0791346513917,203.95774854389566,43.442960598973826,213.1511800107755,40.80678654655594,222.34461147765535,38.17061249413807,231.53804294453516,35.534438441720184,240.73147441141495,32.89826438930233,249.9249058782948,30.26209033688444,259.1183373451746,27.62591628446657,268.3117688120545,24.989742232048684,277.5052002789343,22.353568179630813,286.69863174581405,19.71739412721294,295.89206321269387,17.081220074795084,305.08549467957374,14.445046022377213,314.27892614645356,11.808871969959313,323.47235761333343,9.172697917541456
