future_x1,future_y1,future_x2,future_y2,future_x3,future_y3,future_x4,future_y4,future_x5,future_y5,future_x6,future_y6,future_x7,future_y7,future_x8,future_y8,future_x9,future_y9,future_x10,future_y10,future_x11,future_y11,future_x12,future_y12,future_x13,future_y13,future_x14,future_y14,future_x15,future_y15,future_x16,future_y16,future_x17,future_y17,future_x18,future_y18,future_x19,future_y19,future_x20,future_y20
242.93251405895566,167.2003134076435,246.8447231604629,182.89132707997425,250.75693226197012,198.58234075230493,254.66914136347737,214.2733544246356,258.58135046498455,229.96436809696633,262.4935595664918,245.65538176929704,266.40576866799904,261.3463954416277,270.31797776950623,277.03740911395846,274.2301868710135,292.7284227862892,278.1423959725207,308.4194364586198,282.05460507402796,324.11045013095054,285.96681417553515,339.8014638032812,289.8790232770424,355.49247747561196,293.79123237854964,371.1834911479426,297.7034414800568,386.87450482027333,301.61565058156407,402.565518492604,305.5278596830713,418.2565321649347,309.44006878457856,433.94754583726547,313.35227788608574,449.6385595095961,317.264486987593,465.3295731819268
