future_x1,future_y1,future_x2,future_y2,future_x3,future_y3,future_x4,future_y4,future_x5,future_y5,future_x6,future_y6,future_x7,future_y7,future_x8,future_y8,future_x9,future_y9,future_x10,future_y10,future_x11,future_y11,future_x12,future_y12,future_x13,future_y13,future_x14,future_y14,future_x15,future_y15,future_x16,future_y16,future_x17,future_y17,future_x18,future_y18,future_x19,future_y19,future_x20,future_y20
11.83522788994955,103.66188011868766,6.1710116427098,88.90609231294266,0.5067953954700499,74.15030450719762,-5.1574208517697,59.39451670145266,-10.82163709900945,44.638728895707615,-16.485853346249172,29.882941089962657,-22.150069593488922,15.127153284217613,-27.8142858407287,0.3713654784725833,-33.47850208796845,-14.384422327272432,-39.1427183352082,-29.140210133017433,-44.80693458244795,-43.895997938762406,-50.4711508296877,-58.651785744507436,-56.13536707692748,-73.40757355025244,-61.79958332416723,-88.16336135599744,-67.46379957140698,-102.91914916174247,-73.1280158186467,-117.67493696748744,-78.79223206588645,-132.43072477323244,-84.4564483131262,-147.18651257897744,-90.12066456036595,-161.9423003847225,-95.7848808076057,-176.6980881904675
