future_x1,future_y1,future_x2,future_y2,future_x3,future_y3,future_x4,future_y4,future_x5,future_y5,future_x6,future_y6,future_x7,future_y7,future_x8,future_y8,future_x9,future_y9,future_x10,future_y10,future_x11,future_y11,future_x12,future_y12,future_x13,future_y13,future_x14,future_y14,future_x15,future_y15,future_x16,future_y16,future_x17,future_y17,future_x18,future_y18,future_x19,future_y19,future_x20,future_y20
95.43581994575212,209.28007048428722,83.98956579695655,211.504996904199,72.54331164816098,213.7299233241108,61.09705749936542,215.95484974402257,49.65080335056983,218.17977616393438,38.2045492017743,220.40470258384613,26.75829505297871,222.62962900375794,15.312040904183135,224.85455542366972,3.865786755387532,227.0794818435815,-7.580467393408014,229.3044082634933,-19.026721542203575,231.52933468340507,-30.472975690999107,233.75426110331685,-41.919229839794696,235.97918752322863,-53.365483988590256,238.2041139431404,-64.81173813738587,240.4290403630522,-76.25799228618138,242.65396678296398,-87.704246434977,244.87889320287576,-99.15050058377255,247.10381962278754,-110.59675473256817,249.32874604269932,-122.04300888136373,251.55367246261113
