future_x1,future_y1,future_x2,future_y2,future_x3,future_y3,future_x4,future_y4,future_x5,future_y5,future_x6,future_y6,future_x7,future_y7,future_x8,future_y8,future_x9,future_y9,future_x10,future_y10,future_x11,future_y11,future_x12,future_y12,future_x13,future_y13,future_x14,future_y14,future_x15,future_y15,future_x16,future_y16,future_x17,future_y17,future_x18,future_y18,future_x19,future_y19,future_x20,future_y20
76.8769948526946,187.15745627220403,66.56616838478972,185.70836411393321,56.25534191688482,184.25927195566243,45.944515448979956,182.8101797973916,35.63368898107505,181.3610876391208,25.32286251317018,179.91199548084998,15.01203604526529,178.46290332257917,4.701209577360402,177.01381116430835,-5.609616890544487,175.56471900603754,-15.920443358449376,174.11562684776672,-26.231269826354207,172.6665346894959,-36.542096294259125,171.21744253122512,-46.85292276216401,169.76835037295427,-57.163749230068845,168.3192582146835,-67.47457569797376,166.87016605641264,-77.78540216587862,165.42107389814186,-88.09622863378348,163.97198173987104,-98.4070551016884,162.52288958160023,-108.71788156959332,161.0737974233294,-119.02870803749823,159.6247052650586
