future_x1,future_y1,future_x2,future_y2,future_x3,future_y3,future_x4,future_y4,future_x5,future_y5,future_x6,future_y6,future_x7,future_y7,future_x8,future_y8,future_x9,future_y9,future_x10,future_y10,future_x11,future_y11,future_x12,future_y12,future_x13,future_y13,future_x14,future_y14,future_x15,future_y15,future_x16,future_y16,future_x17,future_y17,future_x18,future_y18,future_x19,future_y19,future_x20,future_y20
148.27977046150926,45.64095380458403,158.95977356450183,41.96353382620444,169.63977666749443,38.28611384782482,180.31977977048697,34.60869386944523,190.99978287347955,30.931273891065615,201.67978597647212,27.253853912686026,212.35978907946472,23.576433934306422,223.03979218245726,19.899013955926804,233.71979528544983,16.221593977547215,244.39979838844243,12.544173999167612,255.07980149143498,8.866754020788022,265.7598045944276,5.1893340424084045,276.4398076974201,1.5119140640288151,287.1198108004127,-2.1655059143508026,297.79981390340527,-5.84292589273042,308.4798170063978,-9.52034587111001,319.15982010939047,-13.197765849489599,329.83982321238295,-16.87518582786919,340.51982631537555,-20.552605806248806,351.19982941836815,-24.230025784628424
