future_x1,future_y1,future_x2,future_y2,future_x3,future_y3,future_x4,future_y4,future_x5,future_y5,future_x6,future_y6,future_x7,future_y7,future_x8,future_y8,future_x9,future_y9,future_x10,future_y10,future_x11,future_y11,future_x12,future_y12,future_x13,future_y13,future_x14,future_y14,future_x15,future_y15,future_x16,future_y16,future_x17,future_y17,future_x18,future_y18,future_x19,future_y19,future_x20,future_y20
220.0434251184857,164.8764280162315,222.56298307537605,177.83843002182124,225.08254103226642,190.800432027411,227.6020989891568,203.76243403300072,230.12165694604715,216.72443603859045,232.64121490293752,229.68643804418016,235.1607728598279,242.64844004976993,237.68033081671825,255.61044205535967,240.19988877360862,268.5724440609494,242.719446730499,281.53444606653915,245.23900468738935,294.4964480721288,247.75856264427972,307.45845007771857,250.2781206011701,320.4204520833083,252.79767855806048,333.38245408889804,255.31723651495085,346.34445609448784,257.8367944718412,359.3064581000775,260.35635242873155,372.26846010566726,262.875910385622,385.230462111257,265.39546834251234,398.19246411684674,267.9150262994027,411.15446612243653
