future_x1,future_y1,future_x2,future_y2,future_x3,future_y3,future_x4,future_y4,future_x5,future_y5,future_x6,future_y6,future_x7,future_y7,future_x8,future_y8,future_x9,future_y9,future_x10,future_y10,future_x11,future_y11,future_x12,future_y12,future_x13,future_y13,future_x14,future_y14,future_x15,future_y15,future_x16,future_y16,future_x17,future_y17,future_x18,future_y18,future_x19,future_y19,future_x20,future_y20
123.85071946245489,211.84558823529318,114.16906487485284,217.43529411764592,104.48741028725078,223.02499999999864,94.80575569964877,228.61470588235133,85.1241011120467,234.20441176470405,75.44244652444466,239.7941176470568,65.76079193684262,245.38382352940948,56.079137349240554,250.97352941176223,46.397482761638514,256.5632352941149,36.715828174036474,262.15294117646766,27.03417358643445,267.74264705882035,17.352518998832423,273.3323529411731,7.670864411230326,278.92205882352584,-2.010790176371671,284.51176470587853,-11.692444763973697,290.1014705882312,-21.37409935157575,295.69117647058397,-31.055753939177805,301.2808823529367,-40.73740852677983,306.8705882352894,-50.419063114381885,312.4602941176421,-60.10071770198397,318.04999999999484
