future_x1,future_y1,future_x2,future_y2,future_x3,future_y3,future_x4,future_y4,future_x5,future_y5,future_x6,future_y6,future_x7,future_y7,future_x8,future_y8,future_x9,future_y9,future_x10,future_y10,future_x11,future_y11,future_x12,future_y12,future_x13,future_y13,future_x14,future_y14,future_x15,future_y15,future_x16,future_y16,future_x17,future_y17,future_x18,future_y18,future_x19,future_y19,future_x20,future_y20
51.22044630679049,40.193139141008075,55.50195918727411,25.261729280118317,59.7834720677577,10.330319419228516,64.06498494824129,-4.601090441661228,68.34649782872489,-19.532500302551,72.6280107092085,-34.46391016344077,76.9095235896921,-49.395320024330545,81.1910364701757,-64.32672988522032,85.4725493506593,-79.25813974611009,89.75406223114291,-94.18954960699989,94.0355751116265,-109.12095946788963,98.31708799211009,-124.05236932877938,102.59860087259369,-138.98377918966918,106.8801137530773,-153.91518905055898,111.1616266335609,-168.84659891144872,115.44313951404449,-183.77800877233847,119.72465239452809,-198.7094186332282,124.0061652750117,-213.640828494118,128.28767815549529,-228.5722383550078,132.5691910359789,-243.50364821589756
