future_x1,future_y1,future_x2,future_y2,future_x3,future_y3,future_x4,future_y4,future_x5,future_y5,future_x6,future_y6,future_x7,future_y7,future_x8,future_y8,future_x9,future_y9,future_x10,future_y10,future_x11,future_y11,future_x12,future_y12,future_x13,future_y13,future_x14,future_y14,future_x15,future_y15,future_x16,future_y16,future_x17,future_y17,future_x18,future_y18,future_x19,future_y19,future_x20,future_y20
93.28853979922039,38.35496722065409,100.81322829665622,27.998122015605773,108.33791679409207,17.64127681055747,115.86260529152788,7.284431605509184,123.38729378896373,-3.072413599539118,130.91198228639956,-13.429258804587391,138.43667078383538,-23.786104009635693,145.96135928127123,-34.142949214683995,153.48604777870707,-44.4997944197323,161.01073627614292,-54.8566396247806,168.5354247735787,-65.21348482982884,176.0601132710146,-75.57033003487717,183.5848017684504,-85.9271752399255,191.10949026588625,-96.2840204449738,198.63417876332207,-106.64086565002208,206.1588672607579,-116.99771085507035,213.68355575819376,-127.35455606011868,221.2082442556296,-137.71140126516696,228.73293275306543,-148.06824647021529,236.25762125050124,-158.42509167526356
