future_x1,future_y1,future_x2,future_y2,future_x3,future_y3,future_x4,future_y4,future_x5,future_y5,future_x6,future_y6,future_x7,future_y7,future_x8,future_y8,future_x9,future_y9,future_x10,future_y10,future_x11,future_y11,future_x12,future_y12,future_x13,future_y13,future_x14,future_y14,future_x15,future_y15,future_x16,future_y16,future_x17,future_y17,future_x18,future_y18,future_x19,future_y19,future_x20,future_y20
162.97903891295863,40.6924509205611,175.27411186155894,38.30253083994123,187.56918481015921,35.91261075932138,199.8642577587595,33.52269067870152,212.1593307073598,31.132770598081663,224.45440365596005,28.742850517461804,236.74947660456036,26.35293043684196,249.0445495531607,23.9630103562221,261.33962250176097,21.573090275602226,273.6346954503613,19.183170194982353,285.9297683989615,16.793250114362536,298.22484134756183,14.403330033742662,310.5199142961621,12.013409953122803,322.81498724476245,9.62348987250293,335.11006019336276,7.233569791883085,347.40513314196295,4.8436497112632395,359.70020609056326,2.4537296306433802,371.99527903916356,0.06380955002350674,384.2903519877638,-2.3261105305963383,396.5854249363642,-4.716030611216212
