future_x1,future_y1,future_x2,future_y2,future_x3,future_y3,future_x4,future_y4,future_x5,future_y5,future_x6,future_y6,future_x7,future_y7,future_x8,future_y8,future_x9,future_y9,future_x10,future_y10,future_x11,future_y11,future_x12,future_y12,future_x13,future_y13,future_x14,future_y14,future_x15,future_y15,future_x16,future_y16,future_x17,future_y17,future_x18,future_y18,future_x19,future_y19,future_x20,future_y20
88.12534183723857,218.26670604410842,75.14566455896461,220.32248496542087,62.165987280690686,222.37826388673332,49.18631000241676,224.43404280804575,36.20663272414281,226.4898217293582,23.22695544586888,228.54560065067065,10.247278167594942,230.60137957198307,-2.7323991106790118,232.65715849329553,-15.712076388952966,234.71293741460798,-28.69175366722689,236.7687163359204,-41.67143094550079,238.82449525723285,-54.65110822377474,240.88027417854528,-67.6307855020487,242.93605309985773,-80.61046278032262,244.99183202117018,-93.59014005859657,247.0476109424826,-106.56981733687047,249.10338986379506,-119.54949461514443,251.1591687851075,-132.52917189341838,253.21494770641993,-145.5088491716923,255.2707266277324,-158.48852644996623,257.32650554904484
