future_x1,future_y1,future_x2,future_y2,future_x3,future_y3,future_x4,future_y4,future_x5,future_y5,future_x6,future_y6,future_x7,future_y7,future_x8,future_y8,future_x9,future_y9,future_x10,future_y10,future_x11,future_y11,future_x12,future_y12,future_x13,future_y13,future_x14,future_y14,future_x15,future_y15,future_x16,future_y16,future_x17,future_y17,future_x18,future_y18,future_x19,future_y19,future_x20,future_y20
71.01930159353908,213.01048967044113,57.39265182424738,212.77263561396424,43.76600205495565,212.53478155748732,30.139352285663946,212.29692750101043,16.51270251637223,212.0590734445335,2.886052747080541,211.8212193880566,-10.740597022211176,211.5833653315797,-24.367246791502907,211.34551127510278,-37.99389656079464,211.1076572186259,-51.62054633008637,210.86980316214897,-65.24719609937804,210.63194910567205,-78.87384586866969,210.39409504919516,-92.50049563796148,210.15624099271824,-106.12714540725315,209.91838693624135,-119.75379517654488,209.68053287976443,-133.38044494583653,209.44267882328754,-147.0070947151283,209.20482476681062,-160.63374448442,208.96697071033373,-174.2603942537117,208.7291166538568,-187.8870440230034,208.4912625973799
