future_x1,future_y1,future_x2,future_y2,future_x3,future_y3,future_x4,future_y4,future_x5,future_y5,future_x6,future_y6,future_x7,future_y7,future_x8,future_y8,future_x9,future_y9,future_x10,future_y10,future_x11,future_y11,future_x12,future_y12,future_x13,future_y13,future_x14,future_y14,future_x15,future_y15,future_x16,future_y16,future_x17,future_y17,future_x18,future_y18,future_x19,future_y19,future_x20,future_y20
127.72568632494122,33.833098119845346,138.2428619147909,27.003164432805335,148.76003750464056,20.173230745765338,159.2772130944902,13.343297058725355,169.79438868433988,6.513363371685358,180.31156427418955,-0.3165703153546531,190.82873986403922,-7.146504002394636,201.3459154538889,-13.976437689434647,211.86309104373856,-20.80637137647463,222.38026663358823,-27.63630506351464,232.89744222343785,-34.46623875055462,243.41461781328752,-41.296172437594635,253.93179340313722,-48.12610612463462,264.4489689929869,-54.95603981167463,274.9661445828366,-61.78597349871461,285.4833201726862,-68.6159071857546,296.0004957625359,-75.44584087279458,306.51767135238555,-82.27577455983459,317.0348469422352,-89.10570824687457,327.5520225320849,-95.93564193391461
