future_x1,future_y1,future_x2,future_y2,future_x3,future_y3,future_x4,future_y4,future_x5,future_y5,future_x6,future_y6,future_x7,future_y7,future_x8,future_y8,future_x9,future_y9,future_x10,future_y10,future_x11,future_y11,future_x12,future_y12,future_x13,future_y13,future_x14,future_y14,future_x15,future_y15,future_x16,future_y16,future_x17,future_y17,future_x18,future_y18,future_x19,future_y19,future_x20,future_y20
120.28002952741551,243.22325817441583,106.82949314300309,250.6790122391905,93.37895675859066,258.13476630396525,79.92842037417826,265.59052036873993,66.47788398976584,273.04627443351467,53.02734760535344,280.50202849828935,39.57681122094101,287.95778256306403,26.12627483652861,295.41353662783877,12.675738452116136,302.8692906926135,-0.7747979322962806,310.3250447573882,-14.225334316708626,317.78079882216286,-27.675870701121028,325.23655288693755,-41.12640708553349,332.6923069517123,-54.57694346994589,340.148061016487,-68.02747985435832,347.60381508126164,-81.47801623877066,355.0595691460364,-94.92855262318307,362.51532321081106,-108.37908900759552,369.9710772755858,-121.82962539200793,377.42683134036054,-135.28016177642036,384.88258540513516
