future_x1,future_y1,future_x2,future_y2,future_x3,future_y3,future_x4,future_y4,future_x5,future_y5,future_x6,future_y6,future_x7,future_y7,future_x8,future_y8,future_x9,future_y9,future_x10,future_y10,future_x11,future_y11,future_x12,future_y12,future_x13,future_y13,future_x14,future_y14,future_x15,future_y15,future_x16,future_y16,future_x17,future_y17,future_x18,future_y18,future_x19,future_y19,future_x20,future_y20
168.08882557104315,199.8278978122479,162.94608678709025,209.49998274759093,157.80334800313736,219.17206768293397,152.6606092191845,228.84415261827698,147.51787043523157,238.51623755362002,142.3751316512787,248.18832248896302,137.2323928673258,257.86040742430606,132.08965408337292,267.5324923596491,126.94691529942,277.20457729499213,121.80417651546712,286.87666223033517,116.66143773151424,296.5487471656782,111.51869894756135,306.22083210102124,106.37596016360847,315.8929170363642,101.23322137965556,325.5650019717073,96.09048259570265,335.23708690705035,90.9477438117498,344.90917184239333,85.8050050277969,354.58125677773637,80.66226624384399,364.25334171307946,75.51952745989111,373.9254266484225,70.37678867593823,383.5975115837655
