future_x1,future_y1,future_x2,future_y2,future_x3,future_y3,future_x4,future_y4,future_x5,future_y5,future_x6,future_y6,future_x7,future_y7,future_x8,future_y8,future_x9,future_y9,future_x10,future_y10,future_x11,future_y11,future_x12,future_y12,future_x13,future_y13,future_x14,future_y14,future_x15,future_y15,future_x16,future_y16,future_x17,future_y17,future_x18,future_y18,future_x19,future_y19,future_x20,future_y20
251.82118243109224,99.03344831854749,264.0028493322781,110.79714730346157,276.184516233464,122.56084628837564,288.3661831346499,134.3245452732897,300.5478500358357,146.0882442582038,312.7295169370216,157.85194324311783,324.9111838382075,169.6156422280319,337.0928507393934,181.37934121294597,349.27451764057923,193.14304019786007,361.4561845417651,204.90673918277415,373.63785144295093,216.67043816768813,385.8195183441368,228.4341371526022,398.0011852453227,240.19783613751633,410.1828521465086,251.9615351224304,422.36451904769444,263.7252341073445,434.5461859488803,275.4889330922585,446.7278528500662,287.2526320771726,458.9095197512521,299.0163310620867,471.0911866524379,310.7800300470007,483.2728535536238,322.54372903191484
