future_x1,future_y1,future_x2,future_y2,future_x3,future_y3,future_x4,future_y4,future_x5,future_y5,future_x6,future_y6,future_x7,future_y7,future_x8,future_y8,future_x9,future_y9,future_x10,future_y10,future_x11,future_y11,future_x12,future_y12,future_x13,future_y13,future_x14,future_y14,future_x15,future_y15,future_x16,future_y16,future_x17,future_y17,future_x18,future_y18,future_x19,future_y19,future_x20,future_y20
198.13689849312198,154.68887599628954,200.21467009035877,164.46402281326996,202.29244168759558,174.2391696302504,204.37021328483237,184.01431644723078,206.44798488206916,193.7894632642112,208.52575647930595,203.5646100811916,210.60352807654274,213.33975689817203,212.68129967377953,223.11490371515242,214.75907127101635,232.89005053213288,216.83684286825314,242.66519734911327,218.91461446548993,252.44034416609367,220.99238606272672,262.2154909830741,223.0701576599635,271.9906378000545,225.1479292572003,281.7657846170349,227.2257008544371,291.5409314340153,229.30347245167388,301.3160782509957,231.38124404891067,311.09122506797615,233.4590156461475,320.86637188495655,235.53678724338428,330.641518701937,237.61455884062107,340.4166655189174
