future_x1,future_y1,future_x2,future_y2,future_x3,future_y3,future_x4,future_y4,future_x5,future_y5,future_x6,future_y6,future_x7,future_y7,future_x8,future_y8,future_x9,future_y9,future_x10,future_y10,future_x11,future_y11,future_x12,future_y12,future_x13,future_y13,future_x14,future_y14,future_x15,future_y15,future_x16,future_y16,future_x17,future_y17,future_x18,future_y18,future_x19,future_y19,future_x20,future_y20
112.83491054667513,225.58764714004246,100.82017563963203,230.93695176703588,88.80544073258893,236.2862563940293,76.79070582554587,241.6355610210227,64.77597091850278,246.98486564801613,52.761236011459715,252.3341702750095,40.74650110441662,257.68347490200296,28.731766197373503,263.03277952899634,16.71703129033044,268.3820841559898,4.702296383287347,273.7313887829832,-7.312438523755702,279.08069340997656,-19.327173430798837,284.42999803697,-31.341908337841886,289.77930266396345,-43.35664324488499,295.12860729095684,-55.37137815192807,300.4779119179502,-67.38611305897109,305.8272165449436,-79.40084796601423,311.17652117193705,-91.41558287305733,316.52582579893044,-103.43031778010044,321.8751304259239,-115.44505268714346,327.22443505291733
