future_x1,future_y1,future_x2,future_y2,future_x3,future_y3,future_x4,future_y4,future_x5,future_y5,future_x6,future_y6,future_x7,future_y7,future_x8,future_y8,future_x9,future_y9,future_x10,future_y10,future_x11,future_y11,future_x12,future_y12,future_x13,future_y13,future_x14,future_y14,future_x15,future_y15,future_x16,future_y16,future_x17,future_y17,future_x18,future_y18,future_x19,future_y19,future_x20,future_y20
196.29606572674558,148.66284972706086,198.91521511895075,157.79690914801523,201.53436451115596,166.9309685689696,204.1535139033611,176.06502798992395,206.77266329556628,185.1990874108783,209.39181268777148,194.33314683183266,212.01096207997665,203.467206252787,214.63011147218182,212.60126567374138,217.249260864387,221.73532509469575,219.8684102565922,230.8693845156501,222.48755964879734,240.00344393660444,225.10670904100252,249.1375033575588,227.7258584332077,258.27156277851316,230.3450078254129,267.40562219946753,232.96415721761804,276.5396816204219,235.5833066098232,285.67374104137616,238.2024560020284,294.8078004623306,240.8216053942336,303.94185988328496,243.44075478643876,313.0759193042393,246.05990417864393,322.20997872519365
