future_x1,future_y1,future_x2,future_y2,future_x3,future_y3,future_x4,future_y4,future_x5,future_y5,future_x6,future_y6,future_x7,future_y7,future_x8,future_y8,future_x9,future_y9,future_x10,future_y10,future_x11,future_y11,future_x12,future_y12,future_x13,future_y13,future_x14,future_y14,future_x15,future_y15,future_x16,future_y16,future_x17,future_y17,future_x18,future_y18,future_x19,future_y19,future_x20,future_y20
152.21235593214604,231.49877244382054,142.37939859453712,241.68109784112397,132.54644125692818,251.86342323842743,122.71348391931929,262.0457486357309,112.88052658171034,272.2280740330343,103.04756924410144,282.41039943033775,93.2146119064925,292.5927248276412,83.38165456888358,302.7750502249446,73.54869723127463,312.9573756222481,63.7157398936657,323.1397010195515,53.882782556056824,333.3220264168549,44.04982521844791,343.5043518141583,34.21686788083893,353.6866772114618,24.383910543230016,363.86900260876524,14.550953205621084,374.0513280060687,4.71799586801221,384.23365340337205,-5.11496146959675,394.41597880067553,-14.947918807205667,404.59830419797896,-24.780876144814556,414.7806295952824,-34.61383348242353,424.9629549925859
