future_x1,future_y1,future_x2,future_y2,future_x3,future_y3,future_x4,future_y4,future_x5,future_y5,future_x6,future_y6,future_x7,future_y7,future_x8,future_y8,future_x9,future_y9,future_x10,future_y10,future_x11,future_y11,future_x12,future_y12,future_x13,future_y13,future_x14,future_y14,future_x15,future_y15,future_x16,future_y16,future_x17,future_y17,future_x18,future_y18,future_x19,future_y19,future_x20,future_y20
127.73109063310127,35.68829894493459,138.04106525910558,28.992923137133516,148.35103988510986,22.297547329332446,158.6610145111141,15.602171521531389,168.9709891371184,8.906795713730318,179.28096376312266,2.2114199059292616,189.59093838912693,-4.483955901871809,199.9009130151312,-11.17933170967288,210.2108876411355,-17.87470751747395,220.5208622671398,-24.570083325274993,230.83083689314404,-31.265459133076064,241.14081151914834,-37.960834940877135,251.4507861451526,-44.656210748678205,261.7607607711569,-51.351586556479276,272.0707353971612,-58.04696236428035,282.3807100231654,-64.74233817208139,292.69068464916967,-71.43771397988246,303.000659275174,-78.13308978768356,313.3106339011782,-84.82846559548457,323.6206085271825,-91.52384140328567
