future_x1,future_y1,future_x2,future_y2,future_x3,future_y3,future_x4,future_y4,future_x5,future_y5,future_x6,future_y6,future_x7,future_y7,future_x8,future_y8,future_x9,future_y9,future_x10,future_y10,future_x11,future_y11,future_x12,future_y12,future_x13,future_y13,future_x14,future_y14,future_x15,future_y15,future_x16,future_y16,future_x17,future_y17,future_x18,future_y18,future_x19,future_y19,future_x20,future_y20
177.22453777320277,78.48783645957408,186.3190089362607,80.42092598020106,195.41348009931863,82.35401550082803,204.50795126237654,84.28710502145499,213.60242242543444,86.22019454208196,222.69689358849237,88.15328406270892,231.79136475155028,90.08637358333588,240.8858359146082,92.01946310396285,249.98030707766614,93.95255262458981,259.0747782407241,95.88564214521678,268.1692494037819,97.81873166584374,277.2637205668399,99.7518211864707,286.3581917298978,101.68491070709767,295.45266289295574,103.61800022772464,304.54713405601365,105.5510897483516,313.64160521907155,107.48417926897856,322.7360763821295,109.41726878960554,331.8305475451874,111.35035831023251,340.9250187082454,113.28344783085947,350.0194898713033,115.21653735148644
