future_x1,future_y1,future_x2,future_y2,future_x3,future_y3,future_x4,future_y4,future_x5,future_y5,future_x6,future_y6,future_x7,future_y7,future_x8,future_y8,future_x9,future_y9,future_x10,future_y10,future_x11,future_y11,future_x12,future_y12,future_x13,future_y13,future_x14,future_y14,future_x15,future_y15,future_x16,future_y16,future_x17,future_y17,future_x18,future_y18,future_x19,future_y19,future_x20,future_y20
25.54023314306076,171.8442762992277,13.23617767163644,163.54508609205047,0.9321222002121203,155.24589588487322,-11.371933271212185,146.946705677696,-23.67598874263649,138.64751547051878,-35.9800442140608,130.34832526334156,-48.2840996854851,122.04913505616435,-60.58815515690941,113.74994484898711,-72.89221062833374,105.45075464180987,-85.19626609975802,97.15156443463263,-97.5003215711823,88.85237422745547,-109.80437704260657,80.55318402027824,-122.10843251403094,72.253993813101,-134.4124879854553,63.95480360592376,-146.71654345687955,55.655613398746524,-159.02059892830385,47.35642319156935,-171.3246543997281,39.057232984392115,-183.62870987115247,30.758042777214882,-195.93276534257683,22.458852570037635,-208.23682081400113,14.159662362860416
