future_x1,future_y1,future_x2,future_y2,future_x3,future_y3,future_x4,future_y4,future_x5,future_y5,future_x6,future_y6,future_x7,future_y7,future_x8,future_y8,future_x9,future_y9,future_x10,future_y10,future_x11,future_y11,future_x12,future_y12,future_x13,future_y13,future_x14,future_y14,future_x15,future_y15,future_x16,future_y16,future_x17,future_y17,future_x18,future_y18,future_x19,future_y19,future_x20,future_y20
69.64284380533903,182.73761947938303,59.30424771483629,180.15991796393564,48.96565162433356,177.58221644848825,38.62705553383084,175.00451493304087,28.288459443328136,172.42681341759345,17.949863352825403,169.84911190214606,7.611267262322684,167.27141038669868,-2.727328828180049,164.69370887125126,-13.065924918682782,162.1160073558039,-23.404521009185515,159.5383058403565,-33.74311709968816,156.9606043249091,-44.081713190190925,154.3829028094617,-54.42030928069366,151.8052012940143,-64.75890537119636,149.2274997785669,-75.0975014616991,146.64979826311952,-85.43609755220172,144.07209674767213,-95.7746936427045,141.49439523222475,-106.11328973320724,138.91669371677733,-116.45188582370992,136.33899220132994,-126.7904819142127,133.76129068588253
