future_x1,future_y1,future_x2,future_y2,future_x3,future_y3,future_x4,future_y4,future_x5,future_y5,future_x6,future_y6,future_x7,future_y7,future_x8,future_y8,future_x9,future_y9,future_x10,future_y10,future_x11,future_y11,future_x12,future_y12,future_x13,future_y13,future_x14,future_y14,future_x15,future_y15,future_x16,future_y16,future_x17,future_y17,future_x18,future_y18,future_x19,future_y19,future_x20,future_y20
34.20667776233293,191.66270984097315,20.3107545437296,185.7642403866938,6.4148313251263005,179.86577093241448,-7.481091893476986,173.96730147813517,-21.3770151120803,168.06883202385586,-35.27293833068356,162.17036256957655,-49.16886154928687,156.27189311529722,-63.06478476789022,150.3734236610179,-76.96070798649353,144.47495420673857,-90.85663120509679,138.57648475245924,-104.75255442370008,132.67801529817993,-118.64847764230336,126.77954584390064,-132.54440086090665,120.88107638962128,-146.44032407951005,114.98260693534196,-160.33624729811334,109.08413748106265,-174.23217051671656,103.18566802678333,-188.12809373531985,97.28719857250402,-202.0240169539232,91.3887291182247,-215.91994017252648,85.49025966394535,-229.81586339112977,79.59179020966606
