future_x1,future_y1,future_x2,future_y2,future_x3,future_y3,future_x4,future_y4,future_x5,future_y5,future_x6,future_y6,future_x7,future_y7,future_x8,future_y8,future_x9,future_y9,future_x10,future_y10,future_x11,future_y11,future_x12,future_y12,future_x13,future_y13,future_x14,future_y14,future_x15,future_y15,future_x16,future_y16,future_x17,future_y17,future_x18,future_y18,future_x19,future_y19,future_x20,future_y20
101.56181960388696,215.38502819695458,89.87476220813177,218.73623797828571,78.18770481237657,222.08744775961685,66.5006474166214,225.438657540948,54.813590020866215,228.78986732227912,43.126532625111054,232.14107710361023,31.439475229355864,235.49228688494136,19.752417833600674,238.8434966662725,8.06536043784547,242.19470644760364,-3.6216969579097054,245.54591622893477,-15.308754353664824,248.89712601026585,-26.995811749420056,252.248335791597,-38.682869145175204,255.59954557292812,-50.36992654093041,258.9507553542593,-62.05698393668564,262.3019651355904,-73.74404133244076,265.6531749169215,-85.4310987281959,269.00438469825264,-97.11815612395111,272.3555944795838,-108.80521351970634,275.7068042609149,-120.49227091546155,279.05801404224604
