future_x1,future_y1,future_x2,future_y2,future_x3,future_y3,future_x4,future_y4,future_x5,future_y5,future_x6,future_y6,future_x7,future_y7,future_x8,future_y8,future_x9,future_y9,future_x10,future_y10,future_x11,future_y11,future_x12,future_y12,future_x13,future_y13,future_x14,future_y14,future_x15,future_y15,future_x16,future_y16,future_x17,future_y17,future_x18,future_y18,future_x19,future_y19,future_x20,future_y20
47.357448753976385,106.6434798376279,43.924451721173185,96.07780138659834,40.491454688369984,85.5121229355688,37.0584576555668,74.94644448453926,33.6254606227636,64.38076603350973,30.19246358996041,53.81508758248022,26.75946655715721,43.24940913145065,23.326469524354025,32.68373068042111,19.893472491550796,22.118052229391537,16.460475458747624,11.55237377836201,13.027478425944452,0.9866953273325123,9.594481393141251,-9.578983123697043,6.161484360338051,-20.14466157472657,2.7284873275348502,-30.710340025756153,-0.7045097052683502,-41.27601847678565,-4.137506738071522,-51.84169692781515,-7.570503770874723,-62.40737537884473,-11.003500803677923,-72.97305382987429,-14.436497836481124,-83.53873228090379,-17.869494869284324,-94.10441073193337
