future_x1,future_y1,future_x2,future_y2,future_x3,future_y3,future_x4,future_y4,future_x5,future_y5,future_x6,future_y6,future_x7,future_y7,future_x8,future_y8,future_x9,future_y9,future_x10,future_y10,future_x11,future_y11,future_x12,future_y12,future_x13,future_y13,future_x14,future_y14,future_x15,future_y15,future_x16,future_y16,future_x17,future_y17,future_x18,future_y18,future_x19,future_y19,future_x20,future_y20
121.64426189260162,222.86161319379707,110.57063318288571,228.99982582002008,99.49700447316982,235.13803844624306,88.42337576345395,241.27625107246607,77.34974705373806,247.41446369868905,66.2761183440222,253.55267632491203,55.2024896343063,259.690888951135,44.1288609245904,265.829101577358,33.05523221487452,271.967314203581,21.98160350515863,278.105526829804,10.907974795442811,284.24373945602696,-0.16565391427312193,290.38195208224994,-11.239282623988998,296.5201647084729,-22.312911333704903,302.65837733469596,-33.38654004342078,308.79658996091894,-44.46016875313666,314.9348025871419,-55.53379746285253,321.0730152133649,-66.60742617256841,327.2112278395879,-77.68105488228434,333.3494404658109,-88.75468359200016,339.48765309203384
