future_x1,future_y1,future_x2,future_y2,future_x3,future_y3,future_x4,future_y4,future_x5,future_y5,future_x6,future_y6,future_x7,future_y7,future_x8,future_y8,future_x9,future_y9,future_x10,future_y10,future_x11,future_y11,future_x12,future_y12,future_x13,future_y13,future_x14,future_y14,future_x15,future_y15,future_x16,future_y16,future_x17,future_y17,future_x18,future_y18,future_x19,future_y19,future_x20,future_y20
185.67181065604754,212.96701969495786,180.3284092460633,225.55528454821552,174.9850078360791,238.14354940147314,169.64160642609485,250.73181425473075,164.29820501611061,263.3200791079884,158.9548036061264,275.90834396124603,153.61140219614217,288.4966088145037,148.26800078615793,301.08487366776137,142.9245993761737,313.673138521019,137.58119796618945,326.2614033742766,132.23779655620524,338.84966822753427,126.894395146221,351.43793308079194,121.55099373623678,364.02619793404955,116.20759232625252,376.6144627873072,110.86419091626831,389.20272764056483,105.52078950628409,401.79099249382244,100.17738809629984,414.37925734708017,94.8339866863156,426.9675222003378,89.49058527633137,439.5557870535954,84.14718386634713,452.14405190685306
