future_x1,future_y1,future_x2,future_y2,future_x3,future_y3,future_x4,future_y4,future_x5,future_y5,future_x6,future_y6,future_x7,future_y7,future_x8,future_y8,future_x9,future_y9,future_x10,future_y10,future_x11,future_y11,future_x12,future_y12,future_x13,future_y13,future_x14,future_y14,future_x15,future_y15,future_x16,future_y16,future_x17,future_y17,future_x18,future_y18,future_x19,future_y19,future_x20,future_y20
96.37139365845876,199.59961345782796,86.07590469403748,201.23025871532514,75.7804157296162,202.86090397282234,65.48492676519493,204.49154923031955,55.18943780077366,206.12219448781673,44.89394883635241,207.7528397453139,34.59845987193111,209.38348500281114,24.30297090750983,211.01413026030832,14.00748194308855,212.6447755178055,3.7119929786672685,214.27542077530273,-6.583495985753956,215.9060660327999,-16.878984950175266,217.5367112902971,-27.174473914596547,219.1673565477943,-37.46996287901783,220.7980018052915,-47.76545184343908,222.42864706278868,-58.060940807860334,224.0592923202859,-68.35642977228159,225.68993757778307,-78.65191873670292,227.32058283528028,-88.9474077011242,228.95122809277748,-99.24289666554546,230.5818733502747
