future_x1,future_y1,future_x2,future_y2,future_x3,future_y3,future_x4,future_y4,future_x5,future_y5,future_x6,future_y6,future_x7,future_y7,future_x8,future_y8,future_x9,future_y9,future_x10,future_y10,future_x11,future_y11,future_x12,future_y12,future_x13,future_y13,future_x14,future_y14,future_x15,future_y15,future_x16,future_y16,future_x17,future_y17,future_x18,future_y18,future_x19,future_y19,future_x20,future_y20
12.901394753705333,86.48683764790039,9.235993755371553,70.6102416540405,5.570592757037758,54.733645660180585,1.9051917587039782,38.857049666320705,-1.760209239629802,22.98045367246081,-5.425610237963582,7.1038576786009315,-9.091011236297362,-8.772738315258948,-12.756412234631142,-24.64933430911887,-16.42181323296495,-40.525930302978765,-20.08721423129873,-56.40252629683863,-23.752615229632482,-72.27912229069847,-27.41801622796629,-88.15571828455842,-31.08341722630007,-104.03231427841834,-34.74881822463385,-119.9089102722782,-38.41421922296763,-135.7855062661381,-42.07962022130141,-151.66210225999794,-45.74502121963519,-167.5386982538579,-49.41042221796897,-183.41529424771772,-53.07582321630275,-199.29189024157762,-56.74122421463653,-215.16848623543757
