future_x1,future_y1,future_x2,future_y2,future_x3,future_y3,future_x4,future_y4,future_x5,future_y5,future_x6,future_y6,future_x7,future_y7,future_x8,future_y8,future_x9,future_y9,future_x10,future_y10,future_x11,future_y11,future_x12,future_y12,future_x13,future_y13,future_x14,future_y14,future_x15,future_y15,future_x16,future_y16,future_x17,future_y17,future_x18,future_y18,future_x19,future_y19,future_x20,future_y20
72.46312828126301,84.86978390775698,73.27927345464937,75.54120188930274,74.09541862803573,66.2126198708485,74.91156380142208,56.88403785239427,75.72770897480844,47.55545583394003,76.54385414819478,38.2268738154858,77.35999932158114,28.89829179703156,78.17614449496749,19.56970977857732,78.99228966835385,10.24112776012305,79.8084348417402,0.9125457416688079,80.62458001512655,-8.416036276785405,81.4407251885129,-17.744618295239633,82.25687036189926,-27.07320031369389,83.0730155352856,-36.401782332148116,83.88916070867197,-45.73036435060234,84.70530588205831,-55.05894636905654,85.52145105544467,-64.3875283875108,86.33759622883102,-73.71611040596503,87.15374140221738,-83.04469242441928,87.96988657560374,-92.37327444287354
