future_x1,future_y1,future_x2,future_y2,future_x3,future_y3,future_x4,future_y4,future_x5,future_y5,future_x6,future_y6,future_x7,future_y7,future_x8,future_y8,future_x9,future_y9,future_x10,future_y10,future_x11,future_y11,future_x12,future_y12,future_x13,future_y13,future_x14,future_y14,future_x15,future_y15,future_x16,future_y16,future_x17,future_y17,future_x18,future_y18,future_x19,future_y19,future_x20,future_y20
129.58488609047873,19.00770487650115,141.89521876786154,11.31535527459667,154.20555144524437,3.623005672692173,166.5158841226272,-4.069343929212295,178.82621680001003,-11.761693531116777,191.13654947739283,-19.45404313302123,203.44688215477566,-27.14639273492574,215.75721483215847,-34.838742336830194,228.06754750954133,-42.531091938734704,240.37788018692413,-50.22344154063916,252.68821286430688,-57.91579114254361,264.99854554168974,-65.60814074444812,277.3088782190726,-73.30049034635263,289.6192108964554,-80.99283994825709,301.92954357383826,-88.68518955016162,314.23987625122106,-96.37753915206605,326.55020892860387,-104.06988875397056,338.86054160598667,-111.76223835587498,351.1708742833695,-119.4545879577795,363.48120696075233,-127.14693755968398
