future_x1,future_y1,future_x2,future_y2,future_x3,future_y3,future_x4,future_y4,future_x5,future_y5,future_x6,future_y6,future_x7,future_y7,future_x8,future_y8,future_x9,future_y9,future_x10,future_y10,future_x11,future_y11,future_x12,future_y12,future_x13,future_y13,future_x14,future_y14,future_x15,future_y15,future_x16,future_y16,future_x17,future_y17,future_x18,future_y18,future_x19,future_y19,future_x20,future_y20
138.43266811066627,4.615402891743813,152.992300789931,-3.126091125347898,167.55193346919575,-10.867585142439623,182.11156614846044,-18.609079159531348,196.6711988277252,-26.350573176623044,211.2308315069899,-34.09206719371474,225.7904641862546,-41.833561210806465,240.35009686551933,-49.57505522789819,254.90972954478406,-57.316549244989915,269.4693622240488,-65.05804326208164,284.0289949033135,-72.79953727917331,298.5886275825782,-80.54103129626506,313.14826026184295,-88.28252531335676,327.7078929411077,-96.02401933044848,342.2675256203724,-103.7655133475402,356.82715829963706,-111.50700736463187,371.3867909789018,-119.2485013817236,385.94642365816657,-126.98999539881532,400.5060563374313,-134.73148941590705,415.065689016696,-142.47298343299877
