future_x1,future_y1,future_x2,future_y2,future_x3,future_y3,future_x4,future_y4,future_x5,future_y5,future_x6,future_y6,future_x7,future_y7,future_x8,future_y8,future_x9,future_y9,future_x10,future_y10,future_x11,future_y11,future_x12,future_y12,future_x13,future_y13,future_x14,future_y14,future_x15,future_y15,future_x16,future_y16,future_x17,future_y17,future_x18,future_y18,future_x19,future_y19,future_x20,future_y20
240.6056645921618,182.51596947972828,242.63609148911547,199.0524695251964,244.66651838606913,215.58896957066452,246.69694528302279,232.1254696161326,248.72737217997647,248.6619696616007,250.75779907693013,265.19846970706874,252.78822597388378,281.73496975253687,254.81865287083744,298.271469798005,256.8490797677911,314.80796984347313,258.8795066647448,331.3444698889412,260.90993356169844,347.8809699344093,262.9403604586521,364.4174699798774,264.97078735560575,380.9539700253455,267.0012142525594,397.4904700708136,269.0316411495131,414.02697011628175,271.0620680464668,430.5634701617497,273.09249494342043,447.09997020721784,275.1229218403741,463.636470252686,277.15334873732775,480.17297029815415,279.1837756342814,496.70947034362223
