future_x1,future_y1,future_x2,future_y2,future_x3,future_y3,future_x4,future_y4,future_x5,future_y5,future_x6,future_y6,future_x7,future_y7,future_x8,future_y8,future_x9,future_y9,future_x10,future_y10,future_x11,future_y11,future_x12,future_y12,future_x13,future_y13,future_x14,future_y14,future_x15,future_y15,future_x16,future_y16,future_x17,future_y17,future_x18,future_y18,future_x19,future_y19,future_x20,future_y20
170.04337799971879,189.9418826270204,166.14798018354767,199.1188647880719,162.2525823673766,208.29584694912342,158.35718455120548,217.47282911017493,154.46178673503437,226.64981127122644,150.56638891886328,235.82679343227792,146.67099110269217,245.00377559332944,142.77559328652106,254.18075775438098,138.88019547034995,263.3577399154325,134.98479765417886,272.534722076484,131.08939983800775,281.71170423753546,127.19400202183667,290.88868639858697,123.29860420566555,300.06566855963854,119.40320638949444,309.24265072069005,115.50780857332333,318.41963288174156,111.61241075715226,327.596615042793,107.71701294098115,336.7735972038446,103.82161512481005,345.9505793648961,99.92621730863894,355.1275615259476,96.03081949246784,364.3045436869991
