future_x1,future_y1,future_x2,future_y2,future_x3,future_y3,future_x4,future_y4,future_x5,future_y5,future_x6,future_y6,future_x7,future_y7,future_x8,future_y8,future_x9,future_y9,future_x10,future_y10,future_x11,future_y11,future_x12,future_y12,future_x13,future_y13,future_x14,future_y14,future_x15,future_y15,future_x16,future_y16,future_x17,future_y17,future_x18,future_y18,future_x19,future_y19,future_x20,future_y20
126.4286010264028,236.06478882989873,114.22302723148633,243.69167781680966,102.01745343656987,251.31856680372056,89.8118796416534,258.9454557906315,77.60630584673694,266.5723447775424,65.40073205182048,274.1992337644533,53.19515825690402,281.82612275136427,40.98958446198752,289.4530117382752,28.784010667071044,297.0799007251861,16.578436872154583,304.7067897120971,4.372863077238122,312.333678699008,-7.832710717678367,319.96056768591893,-20.038284512594828,327.58745667282983,-32.24385830751129,335.21434565974073,-44.44943210242778,342.8412346466517,-56.65500589734421,350.4681236335626,-68.86057969226067,358.09501262047354,-81.06615348717713,365.72190160738444,-93.27172728209362,373.34879059429534,-105.47730107701008,380.9756795812063
