future_x1,future_y1,future_x2,future_y2,future_x3,future_y3,future_x4,future_y4,future_x5,future_y5,future_x6,future_y6,future_x7,future_y7,future_x8,future_y8,future_x9,future_y9,future_x10,future_y10,future_x11,future_y11,future_x12,future_y12,future_x13,future_y13,future_x14,future_y14,future_x15,future_y15,future_x16,future_y16,future_x17,future_y17,future_x18,future_y18,future_x19,future_y19,future_x20,future_y20
168.6562331726413,195.21901332184638,164.07018333621284,204.62180891914937,159.48413349978435,214.0246045164524,154.89808366335586,223.42740011375543,150.31203382692738,232.83019571105842,145.72598399049892,242.2329913083614,141.13993415407043,251.63578690566445,136.55388431764194,261.0385825029675,131.96783448121346,270.44137810027047,127.38178464478499,279.8441736975735,122.79573480835654,289.24696929487646,118.20968497192806,298.6497648921795,113.62363513549955,308.0525604894825,109.03758529907108,317.4553560867855,104.45153546264262,326.8581516840885,99.86548562621415,336.26094728139157,95.27943578978568,345.6637428786945,90.6933859533572,355.0665384759976,86.10733611692872,364.4693340733006,81.52128628050022,373.8721296706036
