future_x1,future_y1,future_x2,future_y2,future_x3,future_y3,future_x4,future_y4,future_x5,future_y5,future_x6,future_y6,future_x7,future_y7,future_x8,future_y8,future_x9,future_y9,future_x10,future_y10,future_x11,future_y11,future_x12,future_y12,future_x13,future_y13,future_x14,future_y14,future_x15,future_y15,future_x16,future_y16,future_x17,future_y17,future_x18,future_y18,future_x19,future_y19,future_x20,future_y20
220.36215976177027,194.69482371327427,219.56814634092328,209.8455023283464,218.77413292007628,224.99618094341855,217.9801194992293,240.14685955849063,217.1861060783823,255.29753817356274,216.39209265753533,270.44821678863485,215.5980792366883,285.59889540370693,214.80406581584134,300.7495740187791,214.01005239499435,315.9002526338512,213.21603897414735,331.05093124892335,212.42202555330036,346.2016098639954,211.62801213245336,361.3522884790675,210.83399871160637,376.5029670941396,210.03998529075938,391.6536457092118,209.24597186991238,406.80432432428387,208.4519584490654,421.95500293935595,207.6579450282184,437.1056815544281,206.8639316073714,452.2563601695002,206.0699181865244,467.4070387845723,205.2759047656774,482.55771739964445
