future_x1,future_y1,future_x2,future_y2,future_x3,future_y3,future_x4,future_y4,future_x5,future_y5,future_x6,future_y6,future_x7,future_y7,future_x8,future_y8,future_x9,future_y9,future_x10,future_y10,future_x11,future_y11,future_x12,future_y12,future_x13,future_y13,future_x14,future_y14,future_x15,future_y15,future_x16,future_y16,future_x17,future_y17,future_x18,future_y18,future_x19,future_y19,future_x20,future_y20
172.16879524712382,32.554793408124496,186.0379849753734,30.60560590707044,199.90717470362299,28.6564184060164,213.77636443187254,26.707230904962344,227.64555416012215,24.758043403908275,241.5147438883717,22.808855902854248,255.38393361662128,20.859668401800178,269.2531233448709,18.910480900746137,283.1223130731205,16.961293399692067,296.9915028013701,15.012105898638012,310.8606925296196,13.062918397583985,324.7298822578692,11.11373089652993,338.5990719861188,9.16454339547586,352.4682617143684,7.215355894421833,366.337451442618,5.2661683933677494,380.2066411708675,3.3169808923137225,394.0758308991171,1.367793391259653,407.9450206273667,-0.5813941097943882,421.81421035561624,-2.5305816108484294,435.6834000838659,-4.479769111902499
