future_x1,future_y1,future_x2,future_y2,future_x3,future_y3,future_x4,future_y4,future_x5,future_y5,future_x6,future_y6,future_x7,future_y7,future_x8,future_y8,future_x9,future_y9,future_x10,future_y10,future_x11,future_y11,future_x12,future_y12,future_x13,future_y13,future_x14,future_y14,future_x15,future_y15,future_x16,future_y16,future_x17,future_y17,future_x18,future_y18,future_x19,future_y19,future_x20,future_y20
82.34189817198583,247.98698085844552,65.61902648508739,251.54153696546163,48.89615479818896,255.09609307247774,32.173283111290544,258.6506491794938,15.45041142439213,262.20520528650997,-1.2724602625062857,265.75976139352605,-17.995331949404772,269.31431750054213,-34.71820363630317,272.8688736075582,-51.44107532320163,276.42342971457435,-68.16394701010003,279.97798582159044,-84.88681869699843,283.5325419286065,-101.60969038389686,287.08709803562266,-118.33256207079529,290.64165414263874,-135.05543375769378,294.1962102496548,-151.7783054445922,297.75076635667097,-168.50117713149052,301.30532246368705,-185.224048818389,304.85987857070313,-201.9469205052875,308.4144346777192,-218.6697921921858,311.96899078473535,-235.3926638790843,315.52354689175144
