future_x1,future_y1,future_x2,future_y2,future_x3,future_y3,future_x4,future_y4,future_x5,future_y5,future_x6,future_y6,future_x7,future_y7,future_x8,future_y8,future_x9,future_y9,future_x10,future_y10,future_x11,future_y11,future_x12,future_y12,future_x13,future_y13,future_x14,future_y14,future_x15,future_y15,future_x16,future_y16,future_x17,future_y17,future_x18,future_y18,future_x19,future_y19,future_x20,future_y20
104.15003882534123,218.05782316689096,92.35078412817592,221.8916334188687,80.55152943101061,225.72544367084652,68.75227473384531,229.55925392282427,56.95302003667999,233.39306417480208,45.153765339514706,237.22687442677983,33.35451064234941,241.0606846787576,21.555255945184086,244.8944949307354,9.756001248018762,248.72830518271317,-2.0432534491465617,252.56211543469095,-13.842508146311815,256.3959256866687,-25.641762843477125,260.2297359386465,-37.44101754064246,264.06354619062427,-49.24027223780777,267.897356442602,-61.03952693497308,271.7311666945798,-72.8387816321383,275.5649769465576,-84.63803632930367,279.3987871985354,-96.43729102646898,283.23259745051314,-108.2365457236343,287.0664077024909,-120.0358004207996,290.9002179544687
