future_x1,future_y1,future_x2,future_y2,future_x3,future_y3,future_x4,future_y4,future_x5,future_y5,future_x6,future_y6,future_x7,future_y7,future_x8,future_y8,future_x9,future_y9,future_x10,future_y10,future_x11,future_y11,future_x12,future_y12,future_x13,future_y13,future_x14,future_y14,future_x15,future_y15,future_x16,future_y16,future_x17,future_y17,future_x18,future_y18,future_x19,future_y19,future_x20,future_y20
213.8709766859027,147.56157410200157,217.88233646492705,158.58269451617988,221.89369624395144,169.6038149303582,225.90505602297577,180.62493534453648,229.91641580200016,191.6460557587148,233.92777558102452,202.66717617289308,237.93913536004888,213.6882965870714,241.95049513907324,224.7094170012497,245.96185491809763,235.730537415428,249.97321469712202,246.7516578296063,253.98457447614632,257.77277824378456,257.9959342551707,268.79389865796287,262.00729403419507,279.8150190721412,266.01865381321943,290.8361394863195,270.0300135922438,301.8572599004978,274.04137337126815,312.87838031467606,278.0527331502925,323.8995007288544,282.0640929293169,334.9206211430327,286.0754527083413,345.941741557211,290.08681248736565,356.9628619713893
