future_x1,future_y1,future_x2,future_y2,future_x3,future_y3,future_x4,future_y4,future_x5,future_y5,future_x6,future_y6,future_x7,future_y7,future_x8,future_y8,future_x9,future_y9,future_x10,future_y10,future_x11,future_y11,future_x12,future_y12,future_x13,future_y13,future_x14,future_y14,future_x15,future_y15,future_x16,future_y16,future_x17,future_y17,future_x18,future_y18,future_x19,future_y19,future_x20,future_y20
148.6080553141054,55.332909779826394,158.22726233930658,52.39202306091987,167.84646936450775,49.45113634201334,177.4656763897089,46.51024962310683,187.08488341491008,43.56936290420029,196.70409044011123,40.62847618529375,206.3232974653124,37.68758946638722,215.9425044905136,34.7467027474807,225.56171151571476,31.80581602857417,235.18091854091594,28.86492930966763,244.80012556611706,25.924042590761104,254.41933259131827,22.983155871854564,264.0385396165194,20.04226915294805,273.6577466417206,17.10138243404151,283.27695366692177,14.160495715135,292.8961606921229,11.219608996228473,302.51536771732407,8.278722277321933,312.1345747425253,5.337835558415392,321.7537817677265,2.3969488395088803,331.3729887929277,-0.5439378793976744
