future_x1,future_y1,future_x2,future_y2,future_x3,future_y3,future_x4,future_y4,future_x5,future_y5,future_x6,future_y6,future_x7,future_y7,future_x8,future_y8,future_x9,future_y9,future_x10,future_y10,future_x11,future_y11,future_x12,future_y12,future_x13,future_y13,future_x14,future_y14,future_x15,future_y15,future_x16,future_y16,future_x17,future_y17,future_x18,future_y18,future_x19,future_y19,future_x20,future_y20
207.5424986818642,81.76664724286817,218.4591630283686,87.32896555100051,229.37582737487304,92.89128385913287,240.29249172137744,98.45360216726519,251.2091560678819,104.01592047539754,262.1258204143863,109.57823878352987,273.0424847608907,115.14055709166222,283.95914910739515,120.70287539979455,294.8758134538996,126.2651937079269,305.79247780040396,131.82751201605925,316.70914214690833,137.38983032419156,327.6258064934128,142.9521486323239,338.5424708399172,148.51446694045626,349.4591351864216,154.07678524858858,360.37579953292607,159.63910355672095,371.29246387943044,165.20142186485327,382.2091282259349,170.7637401729856,393.1257925724393,176.32605848111794,404.0424569189437,181.8883767892503,414.9591212654482,187.45069509738263
