future_x1,future_y1,future_x2,future_y2,future_x3,future_y3,future_x4,future_y4,future_x5,future_y5,future_x6,future_y6,future_x7,future_y7,future_x8,future_y8,future_x9,future_y9,future_x10,future_y10,future_x11,future_y11,future_x12,future_y12,future_x13,future_y13,future_x14,future_y14,future_x15,future_y15,future_x16,future_y16,future_x17,future_y17,future_x18,future_y18,future_x19,future_y19,future_x20,future_y20
184.6799371384374,15.953656737760724,201.31009826763383,14.20575636993155,217.94025939683024,12.45785600210236,234.57042052602665,10.709955634273186,251.20058165522306,8.962055266443983,267.83074278441944,7.214154898614808,284.4609039136159,5.466254530785633,301.0910650428123,3.7183541629564445,317.72122617200876,1.9704537951272414,334.35138730120514,0.2225534272980667,350.9815484304015,-1.525346940531108,367.6117095595979,-3.273247308360311,384.2418706887944,-5.021147676189514,400.8720318179908,-6.769048044018689,417.5021929471872,-8.516948411847864,434.1323540763836,-10.264848779677038,450.76251520558003,-12.012749147506241,467.3926763347764,-13.760649515335416,484.02283746397285,-15.50854988316459,500.65299859316934,-17.256450250993794
