future_x1,future_y1,future_x2,future_y2,future_x3,future_y3,future_x4,future_y4,future_x5,future_y5,future_x6,future_y6,future_x7,future_y7,future_x8,future_y8,future_x9,future_y9,future_x10,future_y10,future_x11,future_y11,future_x12,future_y12,future_x13,future_y13,future_x14,future_y14,future_x15,future_y15,future_x16,future_y16,future_x17,future_y17,future_x18,future_y18,future_x19,future_y19,future_x20,future_y20
151.4821484904097,15.920741563222009,165.7189754120136,10.455735734994121,179.9558023336175,4.990729906766234,194.1926292552214,-0.4742759214616683,208.42945617682528,-5.939281749689542,222.66628309842915,-11.404287577917415,236.90311002003304,-16.869293406145346,251.1399369416369,-22.33429923437319,265.37676386324085,-27.799305062601093,279.6135907848447,-33.264310890828995,293.8504177064485,-38.72931671905684,308.0872446280524,-44.19432254728474,322.32407154965637,-49.659328375512644,336.56089847126026,-55.124334203740545,350.79772539286415,-60.58934003196842,365.034552314468,-66.05434586019629,379.2713792360718,-71.51935168842414,393.5082061576758,-76.98435751665207,407.74503307927966,-82.44936334487997,421.98186000088356,-87.91436917310784
