future_x1,future_y1,future_x2,future_y2,future_x3,future_y3,future_x4,future_y4,future_x5,future_y5,future_x6,future_y6,future_x7,future_y7,future_x8,future_y8,future_x9,future_y9,future_x10,future_y10,future_x11,future_y11,future_x12,future_y12,future_x13,future_y13,future_x14,future_y14,future_x15,future_y15,future_x16,future_y16,future_x17,future_y17,future_x18,future_y18,future_x19,future_y19,future_x20,future_y20
245.74726039379982,123.54471720821746,254.747630640875,136.3985780365189,263.7480008879502,149.2524388648203,272.74837113502537,162.1062996931217,281.74874138210055,174.96016052142315,290.7491116291757,187.81402134972456,299.74948187625085,200.667882178026,308.74985212332604,213.52174300632743,317.7502223704012,226.37560383462883,326.7505926174764,239.22946466293027,335.7509628645515,252.08332549123162,344.75133311162676,264.9371863195331,353.7517033587019,277.7910471478345,362.7520736057771,290.644907976136,371.75244385285225,303.49876880443736,380.75281409992743,316.3526296327388,389.7531843470026,329.2064904610402,398.7535545940778,342.0603512893416,407.753924841153,354.914212117643,416.7542950882281,367.7680729459445
