future_x1,future_y1,future_x2,future_y2,future_x3,future_y3,future_x4,future_y4,future_x5,future_y5,future_x6,future_y6,future_x7,future_y7,future_x8,future_y8,future_x9,future_y9,future_x10,future_y10,future_x11,future_y11,future_x12,future_y12,future_x13,future_y13,future_x14,future_y14,future_x15,future_y15,future_x16,future_y16,future_x17,future_y17,future_x18,future_y18,future_x19,future_y19,future_x20,future_y20
226.15249386547833,73.21880319786911,239.36935369568158,80.24633222653583,252.58621352588477,87.27386125520255,265.80307335608796,94.30139028386922,279.01993318629115,101.32891931253593,292.23679301649435,108.35644834120264,305.4536528466976,115.38397736986936,318.6705126769008,122.41150639853603,331.88737250710403,129.43903542720278,345.1042323373073,136.46656445586947,358.3210921675104,143.49409348453617,371.5379519977136,150.52162251320289,384.7548118279168,157.54915154186958,397.97167165812004,164.5766805705363,411.1885314883233,171.604209599203,424.4053913185264,178.63173862786968,437.6222511487296,185.65926765653637,450.8391109789328,192.6867966852031,464.05597080913606,199.7143257138698,477.2728306393393,206.74185474253653
