future_x1,future_y1,future_x2,future_y2,future_x3,future_y3,future_x4,future_y4,future_x5,future_y5,future_x6,future_y6,future_x7,future_y7,future_x8,future_y8,future_x9,future_y9,future_x10,future_y10,future_x11,future_y11,future_x12,future_y12,future_x13,future_y13,future_x14,future_y14,future_x15,future_y15,future_x16,future_y16,future_x17,future_y17,future_x18,future_y18,future_x19,future_y19,future_x20,future_y20
224.58293148535174,181.16958665769113,225.607106975055,195.81597852424122,226.63128246475827,210.4623703907913,227.65545795446153,225.10876225734134,228.67963344416478,239.75515412389146,229.70380893386803,254.40154599044152,230.72798442357129,269.04793785699155,231.75215991327454,283.69432972354167,232.77633540297782,298.34072159009173,233.80051089268107,312.9871134566418,234.82468638238433,327.63350532319186,235.84886187208758,342.279897189742,236.87303736179086,356.926289056292,237.8972128514941,371.57268092284204,238.92138834119737,386.21907278939216,239.94556383090062,400.8654646559422,240.96973932060388,415.5118565224922,241.99391481030713,430.15824838904234,243.0180903000104,444.8046402555924,244.04226578971367,459.4510321221425
