future_x1,future_y1,future_x2,future_y2,future_x3,future_y3,future_x4,future_y4,future_x5,future_y5,future_x6,future_y6,future_x7,future_y7,future_x8,future_y8,future_x9,future_y9,future_x10,future_y10,future_x11,future_y11,future_x12,future_y12,future_x13,future_y13,future_x14,future_y14,future_x15,future_y15,future_x16,future_y16,future_x17,future_y17,future_x18,future_y18,future_x19,future_y19,future_x20,future_y20
20.853169305723966,69.01491213734445,19.71697312583163,52.76654976655358,18.580776945939277,36.51818739576274,17.44458076604697,20.269825024971894,16.30838458615463,4.02146265418105,15.17218840626228,-12.22689971660975,14.035992226369942,-28.475262087400637,12.899796046477633,-44.723624458191495,11.763599866585281,-60.971986828982324,10.627403686692944,-77.22034919977324,9.491207506800635,-93.46871157056404,8.355011326908283,-109.71707394135487,7.218815147015945,-125.96543631214573,6.082618967123608,-142.2137986829366,4.946422787231285,-158.46216105372747,3.8102266073389472,-174.71052342451821,2.674030427446638,-190.95888579530913,1.5378342475542865,-207.20724816609993,0.4016380676619491,-223.4556105368908,-0.7345581122303884,-239.7039729076817
