future_x1,future_y1,future_x2,future_y2,future_x3,future_y3,future_x4,future_y4,future_x5,future_y5,future_x6,future_y6,future_x7,future_y7,future_x8,future_y8,future_x9,future_y9,future_x10,future_y10,future_x11,future_y11,future_x12,future_y12,future_x13,future_y13,future_x14,future_y14,future_x15,future_y15,future_x16,future_y16,future_x17,future_y17,future_x18,future_y18,future_x19,future_y19,future_x20,future_y20
178.70918230174527,35.88641048765409,192.67781741650117,34.909628366876944,206.64645253125707,33.932846246099814,220.61508764601297,32.95606412532268,234.5837227607689,31.97928200454554,248.55235787552473,31.002499883768422,262.52099299028066,30.025717762991277,276.48962810503656,29.048935642214147,290.45826321979246,28.072153521437002,304.42689833454835,27.09537140065987,318.3955334493042,26.11858927988274,332.3641685640601,25.14180715910561,346.33280367881605,24.165025038328466,360.30143879357195,23.188242917551335,374.27007390832784,22.21146079677419,388.2387090230837,21.23467867599706,402.20734413783964,20.257896555219943,416.17597925259554,19.2811144344428,430.1446143673514,18.304332313665668,444.1132494821073,17.327550192888523
