future_x1,future_y1,future_x2,future_y2,future_x3,future_y3,future_x4,future_y4,future_x5,future_y5,future_x6,future_y6,future_x7,future_y7,future_x8,future_y8,future_x9,future_y9,future_x10,future_y10,future_x11,future_y11,future_x12,future_y12,future_x13,future_y13,future_x14,future_y14,future_x15,future_y15,future_x16,future_y16,future_x17,future_y17,future_x18,future_y18,future_x19,future_y19,future_x20,future_y20
142.56594153549725,218.26315460757093,133.5174975692875,226.41041014934865,124.4690536030778,234.55766569112635,115.42060963686811,242.70492123290404,106.37216567065839,250.85217677468174,97.32372170444869,258.99943231645943,88.27527773823897,267.14668785823716,79.22683377202925,275.2939434000149,70.17838980581955,283.44119894179255,61.12994583960983,291.5884544835703,52.08150187340016,299.73571002534794,43.03305790719041,307.88296556712567,33.984613940980736,316.03022110890333,24.93616997477099,324.17747665068106,15.887726008561273,332.3247321924588,6.839282042351627,340.47198773423645,-2.209161923858119,348.6192432760141,-11.257605890067822,356.76649881779184,-20.306049856277525,364.91375435956957,-29.354493822487257,373.0610099013473
