future_x1,future_y1,future_x2,future_y2,future_x3,future_y3,future_x4,future_y4,future_x5,future_y5,future_x6,future_y6,future_x7,future_y7,future_x8,future_y8,future_x9,future_y9,future_x10,future_y10,future_x11,future_y11,future_x12,future_y12,future_x13,future_y13,future_x14,future_y14,future_x15,future_y15,future_x16,future_y16,future_x17,future_y17,future_x18,future_y18,future_x19,future_y19,future_x20,future_y20
242.09228213137274,125.67603617018482,250.59025993345062,138.274806370833,259.0882377355285,150.8735765714812,267.58621553760634,163.47234677212936,276.08419333968425,176.07111697277753,284.5821711417621,188.6698871734257,293.08014894383996,201.26865737407388,301.57812674591787,213.86742757472206,310.0761045479957,226.46619777537023,318.5740823500736,239.0649679760184,327.07206015215144,251.66373817666656,335.5700379542293,264.26250837731476,344.06801575630715,276.86127857796293,352.56599355838506,289.4600487786111,361.0639713604629,302.0588189792593,369.5619491625408,314.65758917990746,378.0599269646187,327.25635938055564,386.55790476669654,339.8551295812038,395.05588256877445,352.45389978185193,403.5538603708523,365.05266998250016
