future_x1,future_y1,future_x2,future_y2,future_x3,future_y3,future_x4,future_y4,future_x5,future_y5,future_x6,future_y6,future_x7,future_y7,future_x8,future_y8,future_x9,future_y9,future_x10,future_y10,future_x11,future_y11,future_x12,future_y12,future_x13,future_y13,future_x14,future_y14,future_x15,future_y15,future_x16,future_y16,future_x17,future_y17,future_x18,future_y18,future_x19,future_y19,future_x20,future_y20
198.9059868112887,97.65812267205008,207.42085290697614,103.40147237336399,215.93571900266357,109.14482207467788,224.45058509835098,114.88817177599176,232.9654511940384,120.63152147730565,241.48031728972583,126.37487117861953,249.99518338541327,132.11822087993343,258.51004948110074,137.86157058124732,267.02491557678815,143.6049202825612,275.53978167247556,149.3482699838751,284.05464776816297,155.09161968518896,292.56951386385043,160.83496938650288,301.08437995953784,166.57831908781677,309.5992460552253,172.32166878913068,318.1141121509127,178.06501849044454,326.6289782466001,183.80836819175843,335.1438443422875,189.5517178930723,343.65871043797495,195.2950675943862,352.1735765336624,201.0384172957001,360.6884426293499,206.781766997014
