future_x1,future_y1,future_x2,future_y2,future_x3,future_y3,future_x4,future_y4,future_x5,future_y5,future_x6,future_y6,future_x7,future_y7,future_x8,future_y8,future_x9,future_y9,future_x10,future_y10,future_x11,future_y11,future_x12,future_y12,future_x13,future_y13,future_x14,future_y14,future_x15,future_y15,future_x16,future_y16,future_x17,future_y17,future_x18,future_y18,future_x19,future_y19,future_x20,future_y20
76.69800365833794,57.81969205309396,80.84674508835357,47.01185112151862,84.9954865183692,36.204010189943276,89.14422794838484,25.396169258367962,93.29296937840047,14.588328326792606,97.4417108084161,3.780487395217307,101.59045223843174,-7.027353536358021,105.73919366844737,-17.835194467933377,109.887935098463,-28.643035399508733,114.03667652847865,-39.45087633108409,118.18541795849426,-50.25871726265933,122.3341593885099,-61.06655819423469,126.48290081852554,-71.87439912581004,130.63164224854117,-82.6822400573854,134.7803836785568,-93.49008098896076,138.9291251085724,-104.297921920536,143.07786653858807,-115.10576285211135,147.2266079686037,-125.91360378368671,151.37534939861933,-136.721444715262,155.52409082863497,-147.52928564683737
