future_x1,future_y1,future_x2,future_y2,future_x3,future_y3,future_x4,future_y4,future_x5,future_y5,future_x6,future_y6,future_x7,future_y7,future_x8,future_y8,future_x9,future_y9,future_x10,future_y10,future_x11,future_y11,future_x12,future_y12,future_x13,future_y13,future_x14,future_y14,future_x15,future_y15,future_x16,future_y16,future_x17,future_y17,future_x18,future_y18,future_x19,future_y19,future_x20,future_y20
204.95691144231358,130.46296404763075,210.2379199855112,139.25203821219284,215.5189285287088,148.04111237675494,220.7999370719064,156.830186541317,226.08094561510404,165.6192607058791,231.36195415830161,174.40833487044114,236.64296270149924,183.19740903500323,241.92397124469684,191.9864831995653,247.2049797878945,200.7755573641274,252.48598833109207,209.56463152868946,257.7669968742897,218.35370569325153,263.0480054174873,227.1427798578136,268.3290139606849,235.9318540223757,273.61002250388253,244.72092818693778,278.8910310470801,253.51000235149982,284.1720395902777,262.2990765160619,289.4530481334753,271.088150680624,294.73405667667294,279.8772248451861,300.0150652198705,288.6662990097481,305.29607376306814,297.45537317431024
