future_x1,future_y1,future_x2,future_y2,future_x3,future_y3,future_x4,future_y4,future_x5,future_y5,future_x6,future_y6,future_x7,future_y7,future_x8,future_y8,future_x9,future_y9,future_x10,future_y10,future_x11,future_y11,future_x12,future_y12,future_x13,future_y13,future_x14,future_y14,future_x15,future_y15,future_x16,future_y16,future_x17,future_y17,future_x18,future_y18,future_x19,future_y19,future_x20,future_y20
125.7043720730951,15.29883583175365,138.1495264882404,6.904473185318878,150.59468090338575,-1.4898894611159221,163.03983531853106,-9.884252107550708,175.48498973367637,-18.278614753985494,187.93014414882165,-26.67297740042028,200.375298563967,-35.06734004685504,212.8204529791123,-43.46170269328982,225.26560739425764,-51.85606533972464,237.71076180940292,-60.25042798615942,250.1559162245482,-68.64479063259418,262.60107063969355,-77.03915327902897,275.0462250548389,-85.43351592546372,287.49137946998417,-93.82787857189857,299.9365338851295,-102.22224121833332,312.3816883002748,-110.61660386476811,324.82684271542007,-119.01096651120287,337.2719971305654,-127.40532915763765,349.71715154571075,-135.7996918040725,362.1623059608561,-144.19405445050722
