future_x1,future_y1,future_x2,future_y2,future_x3,future_y3,future_x4,future_y4,future_x5,future_y5,future_x6,future_y6,future_x7,future_y7,future_x8,future_y8,future_x9,future_y9,future_x10,future_y10,future_x11,future_y11,future_x12,future_y12,future_x13,future_y13,future_x14,future_y14,future_x15,future_y15,future_x16,future_y16,future_x17,future_y17,future_x18,future_y18,future_x19,future_y19,future_x20,future_y20
177.7201019014363,193.5824402989182,173.97162819336,203.88128716927665,170.22315448528371,214.18013403963508,166.4746807772074,224.47898090999354,162.7262070691311,234.77782778035194,158.97773336105482,245.07667465071034,155.2292596529785,255.37552152106883,151.4807859449022,265.67436839142727,147.73231223682592,275.9732152617857,143.9838385287496,286.2720621321442,140.23536482067334,296.57090900250256,136.48689111259702,306.869755872861,132.73841740452073,317.1686027432194,128.9899436964444,327.4674496135779,125.24146998836812,337.76629648393634,121.49299628029185,348.0651433542947,117.74452257221553,358.3639902246532,113.99604886413923,368.66283709501164,110.24757515606294,378.96168396537007,106.49910144798663,389.2605308357285
