future_x1,future_y1,future_x2,future_y2,future_x3,future_y3,future_x4,future_y4,future_x5,future_y5,future_x6,future_y6,future_x7,future_y7,future_x8,future_y8,future_x9,future_y9,future_x10,future_y10,future_x11,future_y11,future_x12,future_y12,future_x13,future_y13,future_x14,future_y14,future_x15,future_y15,future_x16,future_y16,future_x17,future_y17,future_x18,future_y18,future_x19,future_y19,future_x20,future_y20
35.58856455333657,94.66952727464692,32.645653411895324,81.92237866533256,29.70274227045404,69.17523005601821,26.75983112901278,56.428081446703885,23.81691998757151,43.68093283738952,20.874008846130252,30.933784228075197,17.93109770468898,18.186635618760832,14.988186563247694,5.439487009446523,12.045275421806451,-7.307661599867828,9.102364280365151,-20.05481020918222,6.159453138923894,-32.8019588184965,3.2165419974826364,-45.54910742781084,0.27363085604137893,-58.296256037125204,-2.669280285399907,-71.04340464643957,-5.6121914268411786,-83.7905532557539,-8.555102568282422,-96.53770186506819,-11.498013709723693,-109.28485047438258,-14.440924851164993,-122.03199908369692,-17.383835992606237,-134.77914769301128,-20.32674713404751,-147.52629630232565
