future_x1,future_y1,future_x2,future_y2,future_x3,future_y3,future_x4,future_y4,future_x5,future_y5,future_x6,future_y6,future_x7,future_y7,future_x8,future_y8,future_x9,future_y9,future_x10,future_y10,future_x11,future_y11,future_x12,future_y12,future_x13,future_y13,future_x14,future_y14,future_x15,future_y15,future_x16,future_y16,future_x17,future_y17,future_x18,future_y18,future_x19,future_y19,future_x20,future_y20
208.12218210844318,117.92522893381668,215.03466964829784,126.163210793201,221.9471571881525,134.4011926525853,228.85964472800714,142.63917451196963,235.7721322678618,150.87715637135392,242.68461980771644,159.11513823073824,249.5971073475711,167.35312009012253,256.50959488742575,175.59110194950685,263.4220824272804,183.82908380889114,270.33456996713505,192.0670656682755,277.2470575069897,200.30504752765975,284.1595450468443,208.54302938704407,291.072032586699,216.78101124642836,297.9845201265536,225.01899310581268,304.8970076664083,233.256974965197,311.8094952062629,241.49495682458127,318.72198274611753,249.73293868396559,325.6344702859722,257.97092054334996,332.5469578258269,266.2089024027342,339.4594453656815,274.44688426211854
