future_x1,future_y1,future_x2,future_y2,future_x3,future_y3,future_x4,future_y4,future_x5,future_y5,future_x6,future_y6,future_x7,future_y7,future_x8,future_y8,future_x9,future_y9,future_x10,future_y10,future_x11,future_y11,future_x12,future_y12,future_x13,future_y13,future_x14,future_y14,future_x15,future_y15,future_x16,future_y16,future_x17,future_y17,future_x18,future_y18,future_x19,future_y19,future_x20,future_y20
48.47722026449965,172.3835187001309,37.768970359889735,166.68984122926173,27.060720455279835,160.99616375839258,16.352470550670006,155.30248628752344,5.644220646060077,149.60880881665426,-5.064029258549795,143.9151313457851,-15.77227916315968,138.22145387491594,-26.480529067769595,132.52777640404676,-37.18877897237948,126.83409893317761,-47.897028876989395,121.14042146230844,-58.60527878159925,115.44674399143929,-69.31352868620914,109.75306652057013,-80.02177859081903,104.05938904970097,-90.73002849542894,98.36571157883179,-101.43827840003883,92.67203410796265,-112.14652830464871,86.9783566370935,-122.85477820925857,81.28467916622432,-133.56302811386848,75.59100169535516,-144.27127801847837,69.89732422448601,-154.9795279230883,64.20364675361684
