future_x1,future_y1,future_x2,future_y2,future_x3,future_y3,future_x4,future_y4,future_x5,future_y5,future_x6,future_y6,future_x7,future_y7,future_x8,future_y8,future_x9,future_y9,future_x10,future_y10,future_x11,future_y11,future_x12,future_y12,future_x13,future_y13,future_x14,future_y14,future_x15,future_y15,future_x16,future_y16,future_x17,future_y17,future_x18,future_y18,future_x19,future_y19,future_x20,future_y20
54.855634281661196,175.80401412465187,44.22518943278712,171.07103514034276,33.59474458391301,166.33805615603364,22.964299735038963,161.60507717172453,12.333854886164858,156.87209818741542,1.7034100372908085,152.1391192031063,-8.927034811583269,147.4061402187972,-19.557479660457318,142.67316123448808,-30.187924509331424,137.94018225017896,-40.81836935820553,133.20720326586985,-51.44881420707952,128.47422428156077,-62.07925905595363,123.74124529725165,-72.7097039048277,119.00826631294254,-83.34014875370181,114.27528732863342,-93.97059360257589,109.54230834432431,-104.60103845144991,104.8093293600152,-115.23148330032399,100.0763503757061,-125.86192814919809,95.34337139139697,-136.4923729980722,90.61039240708787,-147.1228178469463,85.87741342277874
