future_x1,future_y1,future_x2,future_y2,future_x3,future_y3,future_x4,future_y4,future_x5,future_y5,future_x6,future_y6,future_x7,future_y7,future_x8,future_y8,future_x9,future_y9,future_x10,future_y10,future_x11,future_y11,future_x12,future_y12,future_x13,future_y13,future_x14,future_y14,future_x15,future_y15,future_x16,future_y16,future_x17,future_y17,future_x18,future_y18,future_x19,future_y19,future_x20,future_y20
209.770384707954,196.20857239088443,208.04221767859488,210.28336336338958,206.31405064923575,224.35815433589477,204.5858836198766,238.43294530839987,202.85771659051747,252.50773628090502,201.12954956115834,266.58252725341015,199.4013825317992,280.65731822591533,197.67321550244006,294.73210919842046,195.94504847308093,308.8069001709257,194.21688144372177,322.8816911434308,192.48871441436268,336.9564821159359,190.76054738500352,351.031273088441,189.0323803556444,365.10606406094627,187.30421332628526,379.1808550334514,185.5760462969261,393.2556460059565,183.84787926756698,407.33043697846165,182.11971223820785,421.40522795096683,180.39154520884873,435.48001892347196,178.6633781794896,449.55480989597714,176.93521115013044,463.62960086848227
