future_x1,future_y1,future_x2,future_y2,future_x3,future_y3,future_x4,future_y4,future_x5,future_y5,future_x6,future_y6,future_x7,future_y7,future_x8,future_y8,future_x9,future_y9,future_x10,future_y10,future_x11,future_y11,future_x12,future_y12,future_x13,future_y13,future_x14,future_y14,future_x15,future_y15,future_x16,future_y16,future_x17,future_y17,future_x18,future_y18,future_x19,future_y19,future_x20,future_y20
77.8973461542689,68.64200428140359,80.92170212848478,58.74978162391187,83.94605810270065,48.85755896642016,86.97041407691651,38.96533630892846,89.99477005113239,29.073113651436728,93.01912602534826,19.18089099394504,96.04348199956414,9.288668336453313,99.06783797378,-0.6035543210384162,102.09219394799588,-10.495776978530131,105.11654992221175,-20.387999636021846,108.14090589642761,-30.280222293513532,111.16526187064349,-40.17244495100525,114.18961784485937,-50.06466760849696,117.21397381907524,-59.956890265988676,120.23832979329111,-69.84911292348039,123.26268576750697,-79.7413355809721,126.28704174172285,-89.63355823846376,129.3113977159387,-99.52578089595553,132.3357536901546,-109.41800355344722,135.36010966437047,-119.31022621093899
