future_x1,future_y1,future_x2,future_y2,future_x3,future_y3,future_x4,future_y4,future_x5,future_y5,future_x6,future_y6,future_x7,future_y7,future_x8,future_y8,future_x9,future_y9,future_x10,future_y10,future_x11,future_y11,future_x12,future_y12,future_x13,future_y13,future_x14,future_y14,future_x15,future_y15,future_x16,future_y16,future_x17,future_y17,future_x18,future_y18,future_x19,future_y19,future_x20,future_y20
22.759887828092403,98.15438424285313,18.500748687597593,84.22336783267751,14.241609547102755,70.29235142250188,9.982470406607945,56.36133501232628,5.723331266113107,42.43031860215065,1.4641921256182684,28.499302191975033,-2.7949470148765556,14.568285781799403,-7.054086155371408,0.6372693716237734,-11.313225295866232,-13.293747038551885,-15.572364436361056,-27.224763448727487,-19.83150357685585,-41.15577985890309,-24.090642717350704,-55.08679626907869,-28.349781857845528,-69.01781267925429,-32.60892099834035,-82.94882908942995,-36.868060138835204,-96.87984549960555,-41.12719927933,-110.81086190978118,-45.386338419824824,-124.74187831995678,-49.64547756031968,-138.67289473013244,-53.9046167008145,-152.603911140308,-58.163755841309325,-166.53492755048364
