future_x1,future_y1,future_x2,future_y2,future_x3,future_y3,future_x4,future_y4,future_x5,future_y5,future_x6,future_y6,future_x7,future_y7,future_x8,future_y8,future_x9,future_y9,future_x10,future_y10,future_x11,future_y11,future_x12,future_y12,future_x13,future_y13,future_x14,future_y14,future_x15,future_y15,future_x16,future_y16,future_x17,future_y17,future_x18,future_y18,future_x19,future_y19,future_x20,future_y20
77.8044543498865,41.640718537468246,83.84346268274541,29.788497340566067,89.88247101560435,17.936276143663875,95.92147934846328,6.084054946761711,101.96048768132222,-5.768166250140467,107.99949601418113,-17.620387447042617,114.03850434704007,-29.472608643944795,120.077512679899,-41.324829840846974,126.11652101275794,-53.17705103774915,132.15552934561688,-65.02927223465136,138.1945376784758,-76.88149343155345,144.2335460113347,-88.73371462845563,150.27255434419368,-100.58593582535781,156.31156267705256,-112.43815702225999,162.35057100991153,-124.29037821916216,168.38957934277045,-136.1425994160643,174.4285876756294,-147.99482061296646,180.4675960084883,-159.84704180986864,186.50660434134724,-171.69926300677082,192.54561267420618,-183.551484203673
