future_x1,future_y1,future_x2,future_y2,future_x3,future_y3,future_x4,future_y4,future_x5,future_y5,future_x6,future_y6,future_x7,future_y7,future_x8,future_y8,future_x9,future_y9,future_x10,future_y10,future_x11,future_y11,future_x12,future_y12,future_x13,future_y13,future_x14,future_y14,future_x15,future_y15,future_x16,future_y16,future_x17,future_y17,future_x18,future_y18,future_x19,future_y19,future_x20,future_y20
63.459455844544635,168.5913059430536,54.257321926461174,164.30028042568358,45.05518800837771,160.00925490831355,35.85305409029428,155.71822939094352,26.650920172210817,151.42720387357346,17.44878625412737,147.13617835620346,8.246652336043923,142.8451528388334,-0.955481582039539,138.55412732146337,-10.157615500123,134.26310180409334,-19.359749418206462,129.9720762867233,-28.561883336289895,125.68105076935328,-37.76401725437333,121.39002525198325,-46.96615117245682,117.09899973461322,-56.16828509054025,112.80797421724318,-65.37041900862374,108.51694869987314,-74.57255292670717,104.22592318250312,-83.77468684479064,99.9348976651331,-92.97682076287407,95.64387214776306,-102.17895468095753,91.352846630393,-111.381088599041,87.06182111302297
