future_x1,future_y1,future_x2,future_y2,future_x3,future_y3,future_x4,future_y4,future_x5,future_y5,future_x6,future_y6,future_x7,future_y7,future_x8,future_y8,future_x9,future_y9,future_x10,future_y10,future_x11,future_y11,future_x12,future_y12,future_x13,future_y13,future_x14,future_y14,future_x15,future_y15,future_x16,future_y16,future_x17,future_y17,future_x18,future_y18,future_x19,future_y19,future_x20,future_y20
96.1257796196689,207.55793374281544,84.92204512796039,209.7357191168106,73.71831063625186,211.91350449080574,62.51457614454337,214.0912898648009,51.31084165283485,216.26907523879603,40.10710716112632,218.44686061279117,28.903372669417806,220.62464598678633,17.699638177709318,222.80243136078147,6.495903686000787,224.98021673477663,-4.707830805707715,227.15800210877177,-15.911565297416189,229.33578748276693,-27.115299789124748,231.51357285676207,-38.31903428083325,233.6913582307572,-49.52276877254178,235.86914360475237,-60.72650326425031,238.04692897874753,-71.93023775595879,240.22471435274264,-83.13397224766732,242.40249972673783,-94.33770673937579,244.58028510073297,-105.54144123108435,246.7580704747281,-116.74517572279282,248.93585584872326
