future_x1,future_y1,future_x2,future_y2,future_x3,future_y3,future_x4,future_y4,future_x5,future_y5,future_x6,future_y6,future_x7,future_y7,future_x8,future_y8,future_x9,future_y9,future_x10,future_y10,future_x11,future_y11,future_x12,future_y12,future_x13,future_y13,future_x14,future_y14,future_x15,future_y15,future_x16,future_y16,future_x17,future_y17,future_x18,future_y18,future_x19,future_y19,future_x20,future_y20
23.32064356907253,160.33742812318445,12.14390493917388,150.95903086107162,0.9671663092752141,141.5806335989588,-10.209572320623408,132.20223633684597,-21.386310950522073,122.82383907473313,-32.56304958042074,113.44544181262033,-43.739788210319404,104.06704455050749,-54.91652684021807,94.68864728839466,-66.0932654701167,85.31025002628185,-77.27000410001537,75.93185276416901,-88.446742729914,66.55345550205621,-99.6234813598127,57.17505823994338,-110.80021998971134,47.79666097783054,-121.97695861961,38.418263715717714,-133.15369724950864,29.0398664536049,-144.33043587940728,19.661469191492102,-155.50717450930597,10.283071929379275,-166.6839131392046,0.9046746672664057,-177.8606517691033,-8.473722594846407,-189.03739039900194,-17.852119856959234
