future_x1,future_y1,future_x2,future_y2,future_x3,future_y3,future_x4,future_y4,future_x5,future_y5,future_x6,future_y6,future_x7,future_y7,future_x8,future_y8,future_x9,future_y9,future_x10,future_y10,future_x11,future_y11,future_x12,future_y12,future_x13,future_y13,future_x14,future_y14,future_x15,future_y15,future_x16,future_y16,future_x17,future_y17,future_x18,future_y18,future_x19,future_y19,future_x20,future_y20
179.42043759351628,203.75696486778313,174.65623762105736,214.98071664415835,169.89203764859838,226.20446842053354,165.12783767613945,237.42822019690874,160.3636377036805,248.65197197328393,155.59943773122154,259.87572374965913,150.8352377587626,271.0994755260343,146.07103778630363,282.3232273024095,141.30683781384468,293.5469790787848,136.54263784138573,304.77073085515997,131.7784378689268,315.9944826315351,127.01423789646783,327.21823440791036,122.2500379240089,338.44198618428555,117.48583795154994,349.66573796066075,112.72163797909096,360.889489737036,107.95743800663205,372.11324151341114,103.19323803417309,383.3369932897864,98.42903806171412,394.56074506616153,93.66483808925517,405.7844968425368,88.90063811679623,417.008248618912
