future_x1,future_y1,future_x2,future_y2,future_x3,future_y3,future_x4,future_y4,future_x5,future_y5,future_x6,future_y6,future_x7,future_y7,future_x8,future_y8,future_x9,future_y9,future_x10,future_y10,future_x11,future_y11,future_x12,future_y12,future_x13,future_y13,future_x14,future_y14,future_x15,future_y15,future_x16,future_y16,future_x17,future_y17,future_x18,future_y18,future_x19,future_y19,future_x20,future_y20
41.23973131507648,178.4286158202897,29.33247736226849,172.36156689774108,17.42522340946053,166.29451797519246,5.517969456652551,160.22746905264384,-6.389284496155426,154.16042013009522,-18.29653844896339,148.0933712075466,-30.20379240177138,142.02632228499797,-42.11104635457937,135.95927336244935,-54.018300307387335,129.89222443990073,-65.9255542601953,123.82517551735211,-77.83280821300326,117.75812659480351,-89.74006216581125,111.69107767225488,-101.64731611861922,105.62402874970624,-113.55457007142724,99.55697982715763,-125.4618240242352,93.489930904609,-137.3690779770431,87.42288198206039,-149.27633192985115,81.35583305951178,-161.1835858826591,75.28878413696314,-173.09083983546708,69.22173521441454,-184.99809378827507,63.1546862918659
