future_x1,future_y1,future_x2,future_y2,future_x3,future_y3,future_x4,future_y4,future_x5,future_y5,future_x6,future_y6,future_x7,future_y7,future_x8,future_y8,future_x9,future_y9,future_x10,future_y10,future_x11,future_y11,future_x12,future_y12,future_x13,future_y13,future_x14,future_y14,future_x15,future_y15,future_x16,future_y16,future_x17,future_y17,future_x18,future_y18,future_x19,future_y19,future_x20,future_y20
170.1543775949017,54.49279269370663,181.42332446546897,53.90221221336181,192.69227133603627,53.31163173301697,203.96121820660355,52.721051252672126,215.23016507717082,52.1304707723273,226.4991119477381,51.53989029198246,237.76805881830538,50.94930981163762,249.0370056888727,50.35872933129278,260.30595255944,49.76814885094794,271.5748994300073,49.1775683706031,282.8438463005745,48.58698789025827,294.1127931711418,47.99640740991343,305.3817400417091,47.40582692956859,316.65068691227646,46.81524644922375,327.91963378284373,46.22466596887891,339.1885806534109,45.63408548853408,350.45752752397823,45.04350500818924,361.72647439454556,44.4529245278444,372.99542126511284,43.862344047499576,384.2643681356801,43.271763567154736
