future_x1,future_y1,future_x2,future_y2,future_x3,future_y3,future_x4,future_y4,future_x5,future_y5,future_x6,future_y6,future_x7,future_y7,future_x8,future_y8,future_x9,future_y9,future_x10,future_y10,future_x11,future_y11,future_x12,future_y12,future_x13,future_y13,future_x14,future_y14,future_x15,future_y15,future_x16,future_y16,future_x17,future_y17,future_x18,future_y18,future_x19,future_y19,future_x20,future_y20
10.48429702889807,168.8472032626135,-2.5714960392405715,158.6468997958307,-15.627289107379255,148.4465963290479,-28.68308217551788,138.24629286226514,-41.73887524365654,128.04598939548237,-54.79466831179519,117.8456859286996,-67.85046137993385,107.6453824619168,-80.90625444807256,97.44507899513398,-93.96204751621116,87.24477552835121,-107.01784058434987,77.04447206156843,-120.07363365248847,66.84416859478567,-133.12942672062718,56.643865128002886,-146.18521978876578,46.44356166122009,-159.2410128569045,36.24325819443729,-172.2968059250431,26.042954727654475,-185.3525989931817,15.842651260871747,-198.4083920613204,5.642347794088977,-211.4641851294591,-4.557955672693822,-224.5199781975977,-14.758259139476593,-237.57577126573642,-24.95856260625942
