future_x1,future_y1,future_x2,future_y2,future_x3,future_y3,future_x4,future_y4,future_x5,future_y5,future_x6,future_y6,future_x7,future_y7,future_x8,future_y8,future_x9,future_y9,future_x10,future_y10,future_x11,future_y11,future_x12,future_y12,future_x13,future_y13,future_x14,future_y14,future_x15,future_y15,future_x16,future_y16,future_x17,future_y17,future_x18,future_y18,future_x19,future_y19,future_x20,future_y20
68.88250638206007,227.04040645072382,53.531667320061075,227.57646956311288,38.18082825806205,228.11253267550188,22.829989196063067,228.64859578789094,7.479150134064071,229.18465890027997,-7.87168892793494,229.720722012669,-23.222527989933923,230.25678512505803,-38.57336705193296,230.79284823744706,-53.924206113931916,231.32891134983612,-69.27504517593098,231.86497446222512,-84.62588423792994,232.40103757461415,-99.97672329992892,232.9371006870032,-115.3275623619279,233.47316379939224,-130.67840142392697,234.00922691178127,-146.02924048592592,234.5452900241703,-161.38007954792482,235.08135313655933,-176.7309186099239,235.61741624894836,-192.0817576719229,236.1534793613374,-207.43259673392197,236.68954247372645,-222.78343579592104,237.22560558611548
