future_x1,future_y1,future_x2,future_y2,future_x3,future_y3,future_x4,future_y4,future_x5,future_y5,future_x6,future_y6,future_x7,future_y7,future_x8,future_y8,future_x9,future_y9,future_x10,future_y10,future_x11,future_y11,future_x12,future_y12,future_x13,future_y13,future_x14,future_y14,future_x15,future_y15,future_x16,future_y16,future_x17,future_y17,future_x18,future_y18,future_x19,future_y19,future_x20,future_y20
97.05073970343167,38.960266806917616,104.7793434236863,29.068105146641145,112.50794714394097,19.175943486364645,120.23655086419559,9.283781826088187,127.96515458445025,-0.6083798341882698,135.6937583047049,-10.500541494464755,143.42236202495954,-20.39270315474124,151.15096574521417,-30.2848648150177,158.87956946546882,-40.17702647529421,166.6081731857235,-50.0691881355707,174.3367769059781,-59.96134979584713,182.06538062623275,-69.85351145612361,189.79398434648738,-79.74567311640007,197.52258806674206,-89.63783477667661,205.25119178699669,-99.52999643695313,212.9797955072513,-109.42215809722953,220.70839922750594,-119.31431975750601,228.43700294776062,-129.20648141778253,236.16560666801527,-139.098643078059,243.89421038826993,-148.99080473833544
