future_x1,future_y1,future_x2,future_y2,future_x3,future_y3,future_x4,future_y4,future_x5,future_y5,future_x6,future_y6,future_x7,future_y7,future_x8,future_y8,future_x9,future_y9,future_x10,future_y10,future_x11,future_y11,future_x12,future_y12,future_x13,future_y13,future_x14,future_y14,future_x15,future_y15,future_x16,future_y16,future_x17,future_y17,future_x18,future_y18,future_x19,future_y19,future_x20,future_y20
223.88632483218925,153.39351989654998,227.96825755317988,165.95641703179933,232.05019027417052,178.51931416704872,236.13212299516113,191.08221130229805,240.21405571615173,203.64510843754738,244.29598843714237,216.20800557279674,248.377921158133,228.77090270804607,252.4598538791236,241.33379984329545,256.5417866001142,253.89669697854478,260.6237193211049,266.45959411379414,264.7056520420955,279.0224912490434,268.7875847630861,291.5853883842928,272.8695174840767,304.1482855195421,276.9514502050673,316.7111826547915,281.0333829260579,329.2740797900409,285.11531564704853,341.8369769252902,289.1972483680392,354.39987406053956,293.2791810890298,366.9627711957889,297.3611138100204,379.5256683310382,301.4430465310111,392.0885654662876
