future_x1,future_y1,future_x2,future_y2,future_x3,future_y3,future_x4,future_y4,future_x5,future_y5,future_x6,future_y6,future_x7,future_y7,future_x8,future_y8,future_x9,future_y9,future_x10,future_y10,future_x11,future_y11,future_x12,future_y12,future_x13,future_y13,future_x14,future_y14,future_x15,future_y15,future_x16,future_y16,future_x17,future_y17,future_x18,future_y18,future_x19,future_y19,future_x20,future_y20
223.04374093180184,79.2235294117647,235.36422586740574,86.33676470588235,247.68471080300966,93.45,260.00519573861357,100.56323529411763,272.3256806742175,107.67647058823529,284.64616560982137,114.78970588235293,296.9666505454253,121.90294117647058,309.28713548102917,129.01617647058822,321.6076204166331,136.12941176470588,333.9281053522371,143.24264705882354,346.2485902878409,150.35588235294114,358.5690752234449,157.4691176470588,370.88956015904876,164.58235294117645,383.2100450946527,171.6955882352941,395.5305300302566,178.80882352941177,407.8510149658605,185.9220588235294,420.1714999014644,193.03529411764706,432.49198483706834,200.14852941176468,444.8124697726722,207.26176470588234,457.13295470827615,214.375
