future_x1,future_y1,future_x2,future_y2,future_x3,future_y3,future_x4,future_y4,future_x5,future_y5,future_x6,future_y6,future_x7,future_y7,future_x8,future_y8,future_x9,future_y9,future_x10,future_y10,future_x11,future_y11,future_x12,future_y12,future_x13,future_y13,future_x14,future_y14,future_x15,future_y15,future_x16,future_y16,future_x17,future_y17,future_x18,future_y18,future_x19,future_y19,future_x20,future_y20
113.70115453019203,14.284790676974993,125.3930955992864,4.474087238151384,137.08503666838075,-5.336616200672211,148.77697773747508,-15.147319639495777,160.46891880656943,-24.95802307831937,172.1608598756638,-34.76872651714294,183.85280094475814,-44.57942995596653,195.5447420138525,-54.390133394790155,207.23668308294685,-64.20083683361372,218.92862415204124,-74.01154027243734,230.62056522113554,-83.82224371126091,242.3125062902299,-93.63294715008448,254.00444735932427,-103.44365058890807,265.6963884284186,-113.25435402773164,277.388329497513,-123.06505746655529,289.0802705666073,-132.8757609053788,300.77221163570164,-142.68646434420242,312.464152704796,-152.497167783026,324.1560937738904,-162.3078712218496,335.8480348429847,-172.11857466067323
