future_x1,future_y1,future_x2,future_y2,future_x3,future_y3,future_x4,future_y4,future_x5,future_y5,future_x6,future_y6,future_x7,future_y7,future_x8,future_y8,future_x9,future_y9,future_x10,future_y10,future_x11,future_y11,future_x12,future_y12,future_x13,future_y13,future_x14,future_y14,future_x15,future_y15,future_x16,future_y16,future_x17,future_y17,future_x18,future_y18,future_x19,future_y19,future_x20,future_y20
10.116514063500205,78.36620361629544,7.158706770573488,61.591644889987464,4.200899477646772,44.817086163679534,1.2430921847200551,28.042527437371604,-1.7147151082066614,11.267968711063645,-4.672522401133364,-5.506590015244285,-7.630329694060094,-22.281148741552244,-10.588136986986797,-39.055707467860174,-13.545944279913499,-55.83026619416816,-16.50375157284023,-72.60482492047612,-19.461558865766932,-89.37938364678402,-22.419366158693663,-106.15394237309192,-25.377173451620365,-122.92850109939991,-28.334980744547067,-139.7030598257079,-31.292788037473798,-156.47761855201577,-34.25059533040047,-173.2521772783237,-37.20840262332723,-190.0267360046317,-40.16620991625393,-206.80129473093967,-43.124017209180636,-223.57585345724755,-46.081824502107395,-240.35041218355553
