future_x1,future_y1,future_x2,future_y2,future_x3,future_y3,future_x4,future_y4,future_x5,future_y5,future_x6,future_y6,future_x7,future_y7,future_x8,future_y8,future_x9,future_y9,future_x10,future_y10,future_x11,future_y11,future_x12,future_y12,future_x13,future_y13,future_x14,future_y14,future_x15,future_y15,future_x16,future_y16,future_x17,future_y17,future_x18,future_y18,future_x19,future_y19,future_x20,future_y20
178.77681478665784,60.20690328815037,190.02894607200034,60.993728956504256,201.28107735734284,61.78055462485813,212.53320864268528,62.56738029321201,223.78533992802778,63.354205961565896,235.03747121337025,64.14103162991977,246.28960249871272,64.92785729827365,257.5417337840552,65.71468296662752,268.7938650693977,66.5015086349814,280.04599635474017,67.28833430333529,291.2981276400826,68.07515997168916,302.5502589254251,68.86198564004305,313.80239021076756,69.64881130839692,325.05452149611006,70.4356369767508,336.30665278145256,71.22246264510468,347.55878406679494,72.00928831345854,358.81091535213744,72.79611398181244,370.06304663747994,73.58293965016631,381.31517792282244,74.3697653185202,392.56730920816494,75.15659098687408
