future_x1,future_y1,future_x2,future_y2,future_x3,future_y3,future_x4,future_y4,future_x5,future_y5,future_x6,future_y6,future_x7,future_y7,future_x8,future_y8,future_x9,future_y9,future_x10,future_y10,future_x11,future_y11,future_x12,future_y12,future_x13,future_y13,future_x14,future_y14,future_x15,future_y15,future_x16,future_y16,future_x17,future_y17,future_x18,future_y18,future_x19,future_y19,future_x20,future_y20
54.11065656020446,190.36821429758274,41.79673274128869,186.6034699769955,29.48280892237291,182.8387256564083,17.168885103457185,179.07398133582106,4.854961284541375,175.30923701523383,-7.458962534374365,171.54449269464664,-19.772886353290147,167.77974837405938,-32.08681017220593,164.01500405347218,-44.40073399112171,160.25025973288493,-56.714657810037494,156.4855154122977,-69.02858162895322,152.7207710917105,-81.34250544786897,148.95602677112328,-93.65642926678476,145.19128245053605,-105.97035308570057,141.42653812994882,-118.28427690461632,137.6617938093616,-130.59820072353205,133.89704948877437,-142.91212454244783,130.13230516818714,-155.22604836136355,126.36756084759995,-167.5399721802794,122.6028165270127,-179.85389599919517,118.83807220642548
