future_x1,future_y1,future_x2,future_y2,future_x3,future_y3,future_x4,future_y4,future_x5,future_y5,future_x6,future_y6,future_x7,future_y7,future_x8,future_y8,future_x9,future_y9,future_x10,future_y10,future_x11,future_y11,future_x12,future_y12,future_x13,future_y13,future_x14,future_y14,future_x15,future_y15,future_x16,future_y16,future_x17,future_y17,future_x18,future_y18,future_x19,future_y19,future_x20,future_y20
29.90454581850493,156.4379310025323,19.63953364271599,147.5146920545971,9.374521466927064,138.59145310666193,-0.8904907088618188,129.66821415872678,-11.155502884650758,120.74497521079161,-21.42051506043967,111.82173626285643,-31.68552723622858,102.89849731492127,-41.95053941201752,93.9752583669861,-52.21555158780646,85.05201941905091,-62.48056376359537,76.12878047111576,-72.74557593938425,67.20554152318059,-83.01058811517319,58.282302575245424,-93.27560029096213,49.35906362731025,-103.54061246675104,40.43582467937509,-113.80562464253998,31.512585731439884,-124.07063681832884,22.589346783504766,-134.33564899411778,13.66610783556959,-144.6006611699067,4.742868887634387,-154.86567334569565,-4.180370060300788,-165.13068552148457,-13.103609008235964
