future_x1,future_y1,future_x2,future_y2,future_x3,future_y3,future_x4,future_y4,future_x5,future_y5,future_x6,future_y6,future_x7,future_y7,future_x8,future_y8,future_x9,future_y9,future_x10,future_y10,future_x11,future_y11,future_x12,future_y12,future_x13,future_y13,future_x14,future_y14,future_x15,future_y15,future_x16,future_y16,future_x17,future_y17,future_x18,future_y18,future_x19,future_y19,future_x20,future_y20
46.05956599932219,98.44615325622051,43.450111714908616,87.14336497823479,40.84065743049504,75.84057670024906,38.23120314608147,64.53778842226336,35.621748861667896,53.235000144277635,33.01229457725432,41.93221186629194,30.40284029284075,30.62942358830621,27.793386008427177,19.326635310320484,25.183931724013604,8.023847032334785,22.57447743960003,-3.2789412456509694,19.965023155186458,-14.581729523636653,17.355568870772913,-25.884517801622366,14.746114586359312,-37.18730607960805,12.136660301945739,-48.49009435759382,9.527206017532166,-59.7928826355795,6.917751733118621,-71.09567091356521,4.308297448705019,-82.3984591915509,1.6988431642914463,-93.70124746953667,-0.9106111201221267,-105.00403574752235,-3.5200654045357,-116.30682402550809
