future_x1,future_y1,future_x2,future_y2,future_x3,future_y3,future_x4,future_y4,future_x5,future_y5,future_x6,future_y6,future_x7,future_y7,future_x8,future_y8,future_x9,future_y9,future_x10,future_y10,future_x11,future_y11,future_x12,future_y12,future_x13,future_y13,future_x14,future_y14,future_x15,future_y15,future_x16,future_y16,future_x17,future_y17,future_x18,future_y18,future_x19,future_y19,future_x20,future_y20
209.33397704606946,184.59828712865053,208.8734542364452,197.78593494761745,208.41293142682096,210.97358276658434,207.95240861719674,224.1612305855512,207.4918858075725,237.3488784045181,207.03136299794824,250.53652622348497,206.57084018832398,263.7241740424519,206.11031737869973,276.9118218614188,205.64979456907548,290.0994696803857,205.18927175945123,303.28711749935263,204.72874894982698,316.47476531831944,204.26822614020276,329.66241313728636,203.8077033305785,342.85006095625323,203.34718052095425,356.0377087752201,202.88665771133,369.2253565941871,202.42613490170575,382.4130044131539,201.9656120920815,395.60065223212086,201.50508928245728,408.78830005108773,201.04456647283303,421.97594787005465,200.58404366320877,435.1635956890215
