future_x1,future_y1,future_x2,future_y2,future_x3,future_y3,future_x4,future_y4,future_x5,future_y5,future_x6,future_y6,future_x7,future_y7,future_x8,future_y8,future_x9,future_y9,future_x10,future_y10,future_x11,future_y11,future_x12,future_y12,future_x13,future_y13,future_x14,future_y14,future_x15,future_y15,future_x16,future_y16,future_x17,future_y17,future_x18,future_y18,future_x19,future_y19,future_x20,future_y20
193.2981269423069,18.60508764744945,210.25387009710718,18.01298004917939,227.20961325190743,17.420872450909343,244.16535640670767,16.82876485263928,261.12109956150795,16.23665725436922,278.07684271630814,15.644549656099159,295.0325858711084,15.052442057829097,311.9883290259087,14.46033445955905,328.944072180709,13.868226861288989,345.89981533550923,13.276119263018927,362.8555584903094,12.684011664748866,379.81130164510967,12.091904066478804,396.76704479990997,11.499796468208757,413.7227879547102,10.90768886993871,430.6785311095105,10.315581271668663,447.6342742643107,9.723473673398601,464.59001741911095,9.13136607512854,481.54576057391125,8.539258476858478,498.50150372871155,7.947150878588417,515.4572468835117,7.35504328031837
