future_x1,future_y1,future_x2,future_y2,future_x3,future_y3,future_x4,future_y4,future_x5,future_y5,future_x6,future_y6,future_x7,future_y7,future_x8,future_y8,future_x9,future_y9,future_x10,future_y10,future_x11,future_y11,future_x12,future_y12,future_x13,future_y13,future_x14,future_y14,future_x15,future_y15,future_x16,future_y16,future_x17,future_y17,future_x18,future_y18,future_x19,future_y19,future_x20,future_y20
113.11979012313154,223.75444149558342,101.3307546820943,229.00325824605233,89.54171924105707,234.25207499652123,77.75268380001987,239.5008917469901,65.96364835898261,244.749708497459,54.174612917945396,249.99852524792786,42.38557747690817,255.24734199839676,30.59654203587094,260.49615874886564,18.807506594833697,265.74497549933454,7.018471153796469,270.99379224980345,-4.770564287240774,276.2426090002723,-16.55959972827796,281.4914257507412,-28.348635169315173,286.7402425012101,-40.13767061035247,291.989059251679,-51.92670605138969,297.23787600214786,-63.71574149242687,302.4866927526167,-75.50477693346411,307.7355095030856,-87.29381237450133,312.9843262535545,-99.08284781553857,318.2331430040234,-110.87188325657581,323.4819597544923
