future_x1,future_y1,future_x2,future_y2,future_x3,future_y3,future_x4,future_y4,future_x5,future_y5,future_x6,future_y6,future_x7,future_y7,future_x8,future_y8,future_x9,future_y9,future_x10,future_y10,future_x11,future_y11,future_x12,future_y12,future_x13,future_y13,future_x14,future_y14,future_x15,future_y15,future_x16,future_y16,future_x17,future_y17,future_x18,future_y18,future_x19,future_y19,future_x20,future_y20
174.2357198363889,44.01248680221144,186.9720699478827,43.1218744431183,199.70842005937646,42.231262084025175,212.44477017087019,41.340649724932035,225.18112028236396,40.450037365838895,237.9174703938577,39.55942500674578,250.65382050535146,38.66881264765263,263.39017061684524,37.7782002885595,276.126520728339,36.88758792946638,288.8628708398328,35.99697557037324,301.5992209513266,35.10636321128011,314.3355710628203,34.21575085218697,327.07192117431407,33.325138493093846,339.8082712858078,32.434526134000706,352.5446213973016,31.543913774907566,365.2809715087953,30.65330141581444,378.0173216202891,29.762689056721314,390.7536717317829,28.872076697628174,403.4900218432766,27.981464338535048,416.2263719547704,27.090851979441908
