future_x1,future_y1,future_x2,future_y2,future_x3,future_y3,future_x4,future_y4,future_x5,future_y5,future_x6,future_y6,future_x7,future_y7,future_x8,future_y8,future_x9,future_y9,future_x10,future_y10,future_x11,future_y11,future_x12,future_y12,future_x13,future_y13,future_x14,future_y14,future_x15,future_y15,future_x16,future_y16,future_x17,future_y17,future_x18,future_y18,future_x19,future_y19,future_x20,future_y20
52.010327082599616,181.53911030314075,40.53269996684173,176.90184793801797,29.055072851083835,172.2645855728952,17.577445735325952,167.62732320777243,6.099818619568055,162.99006084264965,-5.377808496189829,158.3527984775269,-16.855435611947712,153.7155361124041,-28.333062727705624,149.07827374728134,-39.810689843463535,144.44101138215856,-51.28831695922142,139.80374901703578,-62.765944074979274,135.16648665191303,-74.24357119073721,130.52922428679025,-85.72119830649507,125.89196192166749,-97.19882542225295,121.25469955654471,-108.67645253801089,116.61743719142194,-120.15407965376875,111.98017482629916,-131.63170676952666,107.34291246117641,-143.1093338852845,102.70565009605363,-154.58696100104243,98.06838773093084,-166.06458811680034,93.43112536580807
