future_x1,future_y1,future_x2,future_y2,future_x3,future_y3,future_x4,future_y4,future_x5,future_y5,future_x6,future_y6,future_x7,future_y7,future_x8,future_y8,future_x9,future_y9,future_x10,future_y10,future_x11,future_y11,future_x12,future_y12,future_x13,future_y13,future_x14,future_y14,future_x15,future_y15,future_x16,future_y16,future_x17,future_y17,future_x18,future_y18,future_x19,future_y19,future_x20,future_y20
230.91079929689562,147.69289689390845,236.13780996369252,160.6302022779636,241.3648206304894,173.56750766201878,246.5918312972862,186.50481304607396,251.8188419640831,199.44211843012914,257.04585263087995,212.3794238141843,262.2728632976768,225.3167291982395,267.4998739644737,238.25403458229465,272.72688463127054,251.19133996634986,277.95389529806744,264.128645350405,283.1809059648643,277.06595073446016,288.4079166316611,290.0032561185153,293.63492729845797,302.94056150257046,298.86193796525487,315.87786688662567,304.0889486320517,328.8151722706809,309.31595929884855,341.752477654736,314.5429699656454,354.6897830387912,319.7699806324423,367.6270884228464,324.99699129923914,380.56439380690153,330.22400196603604,393.5016991909567
