future_x1,future_y1,future_x2,future_y2,future_x3,future_y3,future_x4,future_y4,future_x5,future_y5,future_x6,future_y6,future_x7,future_y7,future_x8,future_y8,future_x9,future_y9,future_x10,future_y10,future_x11,future_y11,future_x12,future_y12,future_x13,future_y13,future_x14,future_y14,future_x15,future_y15,future_x16,future_y16,future_x17,future_y17,future_x18,future_y18,future_x19,future_y19,future_x20,future_y20
149.77590452200707,2.3636645225732593,165.40652816149887,-4.271141574041536,181.03715180099067,-10.905947670656303,196.66777544048242,-17.5407537672711,212.29839907997422,-24.175559863885894,227.929022719466,-30.810365960500633,243.55964635895774,-37.44517205711543,259.19026999844954,-44.079978153730195,274.8208936379413,-50.71478425034496,290.4515172774331,-57.34959034695976,306.0821409169248,-63.98439644357455,321.7127645564166,-70.61920254018929,337.3433881959084,-77.25400863680412,352.9740118354001,-83.88881473341885,368.604635474892,-90.52362083003362,384.23525911438367,-97.15842692664842,399.8658827538755,-103.79323302326321,415.4965063933672,-110.42803911987798,431.127130032859,-117.06284521649272,446.7577536723508,-123.69765131310751
