future_x1,future_y1,future_x2,future_y2,future_x3,future_y3,future_x4,future_y4,future_x5,future_y5,future_x6,future_y6,future_x7,future_y7,future_x8,future_y8,future_x9,future_y9,future_x10,future_y10,future_x11,future_y11,future_x12,future_y12,future_x13,future_y13,future_x14,future_y14,future_x15,future_y15,future_x16,future_y16,future_x17,future_y17,future_x18,future_y18,future_x19,future_y19,future_x20,future_y20
214.06750472307596,101.41212400784379,223.25703394464819,109.12305458835814,232.44656316622044,116.83398516887249,241.63609238779267,124.54491574938683,250.82562160936493,132.2558463299012,260.01515083093716,139.96677691041555,269.20468005250945,147.6777074909299,278.3942092740817,155.38863807144426,287.58373849565396,163.09956865195863,296.7732677172262,170.81049923247298,305.9627969387984,178.5214298129873,315.15232616037065,186.23236039350166,324.34185538194293,193.943290974016,333.5313846035152,201.65422155453035,342.72091382508745,209.36515213504475,351.9104430466597,217.07608271555907,361.09997226823197,224.78701329607344,370.2895014898042,232.49794387658778,379.4790307113765,240.20887445710213,388.6685599329487,247.9198050376165
