future_x1,future_y1,future_x2,future_y2,future_x3,future_y3,future_x4,future_y4,future_x5,future_y5,future_x6,future_y6,future_x7,future_y7,future_x8,future_y8,future_x9,future_y9,future_x10,future_y10,future_x11,future_y11,future_x12,future_y12,future_x13,future_y13,future_x14,future_y14,future_x15,future_y15,future_x16,future_y16,future_x17,future_y17,future_x18,future_y18,future_x19,future_y19,future_x20,future_y20
244.9526280188173,172.50345329912642,248.4172928948034,188.80341999394287,251.88195777078948,205.10338668875931,255.3466226467756,221.40335338357576,258.8112875227617,237.7033200783922,262.27595239874773,254.00328677320869,265.74061727473384,270.3032534680251,269.20528215071994,286.6032201628416,272.66994702670604,302.903186857658,276.13461190269214,319.20315355247453,279.5992767786782,335.5031202472909,283.0639416546643,351.80308694210737,286.5286065306504,368.10305363692385,289.9932714066365,384.40302033174027,293.45793628262254,400.7029870265568,296.92260115860864,417.00295372137316,300.38726603459475,433.3029204161896,303.85193091058085,449.6028871110061,307.3165957865669,465.9028538058226,310.781260662553,482.202820500639
