future_x1,future_y1,future_x2,future_y2,future_x3,future_y3,future_x4,future_y4,future_x5,future_y5,future_x6,future_y6,future_x7,future_y7,future_x8,future_y8,future_x9,future_y9,future_x10,future_y10,future_x11,future_y11,future_x12,future_y12,future_x13,future_y13,future_x14,future_y14,future_x15,future_y15,future_x16,future_y16,future_x17,future_y17,future_x18,future_y18,future_x19,future_y19,future_x20,future_y20
166.35462219011137,244.88374217102617,156.04505852508638,257.6149930260826,145.73549486006138,270.346243881139,135.4259311950364,283.0774947361954,125.11636753001142,295.8087455912518,114.80680386498643,308.53999644630824,104.49724019996145,321.2712473013646,94.18767653493644,334.00249815642104,83.87811286991148,346.73374901147747,73.5685492048865,359.46499986653384,63.25898553986153,372.1962507215902,52.94942187483653,384.92750157664665,42.639858209811536,397.658752431703,32.33029454478654,410.39000328675945,22.020730879761572,423.1212541418159,11.711167214736605,435.8525049968722,1.4016035497116093,448.58375585192863,-8.907960115313415,461.31500670698506,-19.21752378033841,474.0462575620415,-29.527087445363378,486.7775084170979
