future_x1,future_y1,future_x2,future_y2,future_x3,future_y3,future_x4,future_y4,future_x5,future_y5,future_x6,future_y6,future_x7,future_y7,future_x8,future_y8,future_x9,future_y9,future_x10,future_y10,future_x11,future_y11,future_x12,future_y12,future_x13,future_y13,future_x14,future_y14,future_x15,future_y15,future_x16,future_y16,future_x17,future_y17,future_x18,future_y18,future_x19,future_y19,future_x20,future_y20
63.14904679981518,42.45947204593192,68.03825828004214,29.026473905069793,72.92746976026913,15.593475764207668,77.81668124049608,2.160477623345585,82.70589272072306,-11.27252051751654,87.59510420095002,-24.705518658378622,92.48431568117698,-38.13851679924079,97.37352716140396,-51.57151494010287,102.26273864163093,-65.00451308096498,107.1519501218579,-78.43751122182712,112.04116160208484,-91.8705093626892,116.93037308231182,-105.30350750355132,121.81958456253878,-118.73650564441346,126.70879604276577,-132.1695037852756,131.59800752299276,-145.60250192613773,136.48721900321968,-159.03550006699976,141.37643048344665,-172.4684982078619,146.26564196367363,-185.90149634872398,151.1548534439006,-199.33449448958612,156.04406492412755,-212.76749263044826
