future_x1,future_y1,future_x2,future_y2,future_x3,future_y3,future_x4,future_y4,future_x5,future_y5,future_x6,future_y6,future_x7,future_y7,future_x8,future_y8,future_x9,future_y9,future_x10,future_y10,future_x11,future_y11,future_x12,future_y12,future_x13,future_y13,future_x14,future_y14,future_x15,future_y15,future_x16,future_y16,future_x17,future_y17,future_x18,future_y18,future_x19,future_y19,future_x20,future_y20
139.42022566636965,32.69535971103967,150.90910462172047,27.091859038426605,162.39798357707127,21.48835836581354,173.88686253242207,15.884857693200473,185.37574148777287,10.281357020587436,196.86462044312364,4.6778563479743696,208.35349939847447,-0.9256443246386823,219.84237835382524,-6.529144997251763,231.33125730917604,-12.132645669864814,242.82013626452687,-17.736146342477866,254.3090152198776,-23.339647015090918,265.7978941752284,-28.94314768770397,277.28677313057926,-34.54664836031705,288.77565208593006,-40.1501490329301,300.2645310412808,-45.75364970554318,311.7534099966316,-51.357150378156206,323.2422889519824,-56.960651050769286,334.7311679073332,-62.56415172338234,346.220046862684,-68.16765239599539,357.70892581803486,-73.77115306860847
