future_x1,future_y1,future_x2,future_y2,future_x3,future_y3,future_x4,future_y4,future_x5,future_y5,future_x6,future_y6,future_x7,future_y7,future_x8,future_y8,future_x9,future_y9,future_x10,future_y10,future_x11,future_y11,future_x12,future_y12,future_x13,future_y13,future_x14,future_y14,future_x15,future_y15,future_x16,future_y16,future_x17,future_y17,future_x18,future_y18,future_x19,future_y19,future_x20,future_y20
204.81379150642942,133.14653214734884,209.78418331211768,142.11335632722023,214.75457511780593,151.08018050709163,219.72496692349415,160.047004686963,224.69535872918237,169.0138288668344,229.66575053487063,177.98065304670575,234.63614234055888,186.94747722657715,239.60653414624713,195.91430140644852,244.57692595193538,204.8811255863199,249.5473177576236,213.84794976619133,254.51770956331183,222.81477394606267,259.4881013690001,231.78159812593407,264.45849317468833,240.74842230580546,269.42888498037655,249.71524648567683,274.39927678606483,258.6820706655482,279.36966859175305,267.6488948454196,284.3400603974413,276.61571902529096,289.31045220312956,285.5825432051623,294.2808440088178,294.5493673850338,299.251235814506,303.51619156490517
