future_x1,future_y1,future_x2,future_y2,future_x3,future_y3,future_x4,future_y4,future_x5,future_y5,future_x6,future_y6,future_x7,future_y7,future_x8,future_y8,future_x9,future_y9,future_x10,future_y10,future_x11,future_y11,future_x12,future_y12,future_x13,future_y13,future_x14,future_y14,future_x15,future_y15,future_x16,future_y16,future_x17,future_y17,future_x18,future_y18,future_x19,future_y19,future_x20,future_y20
75.8557782618659,186.25238712128146,65.5724901534167,184.6236742895288,55.28920204496748,182.99496145777613,45.0059139365183,181.3662486260235,34.722625828069084,179.7375357942708,24.439337719619886,178.10882296251816,14.156049611170673,176.4801101307655,3.8727615027214597,174.85139729901283,-6.410526605727739,173.22268446726017,-16.693814714176966,171.5939716355075,-26.977102822626136,169.96525880375484,-37.260390931075335,168.33654597200217,-47.54367903952456,166.7078331402495,-57.82696714797379,165.07912030849684,-68.11025525642302,163.45040747674418,-78.39354336487213,161.82169464499154,-88.67683147332136,160.19298181323887,-98.9601195817705,158.5642689814862,-109.24340769021973,156.93555614973354,-119.52669579866898,155.30684331798088
