future_x1,future_y1,future_x2,future_y2,future_x3,future_y3,future_x4,future_y4,future_x5,future_y5,future_x6,future_y6,future_x7,future_y7,future_x8,future_y8,future_x9,future_y9,future_x10,future_y10,future_x11,future_y11,future_x12,future_y12,future_x13,future_y13,future_x14,future_y14,future_x15,future_y15,future_x16,future_y16,future_x17,future_y17,future_x18,future_y18,future_x19,future_y19,future_x20,future_y20
206.20869985480678,91.25294130034408,215.9675717503417,97.35096125707325,225.7264436458766,103.44898121380244,235.48531554141152,109.54700117053162,245.24418743694642,115.64502112726078,255.0030593324813,121.74304108398995,264.76193122801624,127.84106104071914,274.52080312355116,133.93908099744831,284.2796750190861,140.0371009541775,294.038546914621,146.13512091090666,303.7974188101559,152.23314086763583,313.5562907056908,158.331160824365,323.3151626012257,164.4291807810942,333.07403449676065,170.52720073782336,342.83290639229557,176.62522069455255,352.59177828783044,182.7232406512817,362.35065018336536,188.8212606080109,372.1095220789003,194.91928056474006,381.8683939744352,201.01730052146925,391.6272658699701,207.11532047819844
