future_x1,future_y1,future_x2,future_y2,future_x3,future_y3,future_x4,future_y4,future_x5,future_y5,future_x6,future_y6,future_x7,future_y7,future_x8,future_y8,future_x9,future_y9,future_x10,future_y10,future_x11,future_y11,future_x12,future_y12,future_x13,future_y13,future_x14,future_y14,future_x15,future_y15,future_x16,future_y16,future_x17,future_y17,future_x18,future_y18,future_x19,future_y19,future_x20,future_y20
152.8082527135061,208.30669348016949,145.61344277253428,216.88113407535516,138.4186328315625,225.4555746705408,131.2238228905907,234.03001526572643,124.02901294961889,242.60445586091208,116.83420300864711,251.1788964560977,109.63939306767529,259.7533370512834,102.44458312670346,268.32777764646903,95.24977318573167,276.9022182416547,88.05496324475988,285.47665883684033,80.8601533037881,294.051099432026,73.66534336281627,302.6255400272116,66.47053342184446,311.1999806223972,59.27572348087264,319.7744212175829,52.08091353990085,328.3488618127686,44.88610359892907,336.92330240795417,37.691293657957274,345.4977430031398,30.496483716985466,354.07218359832547,23.301673776013644,362.6466241935111,16.10686383504185,371.22106478869676
