future_x1,future_y1,future_x2,future_y2,future_x3,future_y3,future_x4,future_y4,future_x5,future_y5,future_x6,future_y6,future_x7,future_y7,future_x8,future_y8,future_x9,future_y9,future_x10,future_y10,future_x11,future_y11,future_x12,future_y12,future_x13,future_y13,future_x14,future_y14,future_x15,future_y15,future_x16,future_y16,future_x17,future_y17,future_x18,future_y18,future_x19,future_y19,future_x20,future_y20
93.82730432861594,44.12390992639659,100.74536717980108,34.24389225496006,107.6634300309862,24.36387458352351,114.58149288217132,14.483856912087006,121.49955573335646,4.603839240650444,128.41761858454157,-5.276178430786047,135.3356814357267,-15.156196102222594,142.25374428691183,-25.036213773659142,149.17180713809697,-34.91623144509566,156.08986998928208,-44.79624911653224,163.00793284046722,-54.67626678796873,169.92599569165236,-64.55628445940528,176.84405854283747,-74.43630213084182,183.7621213940226,-84.31631980227834,190.68018424520776,-94.19633747371489,197.5982470963928,-104.07635514515135,204.51630994757795,-113.95637281658793,211.4343727987631,-123.83639048802442,218.35243564994823,-133.71640815946097,225.27049850113337,-143.59642583089754
