future_x1,future_y1,future_x2,future_y2,future_x3,future_y3,future_x4,future_y4,future_x5,future_y5,future_x6,future_y6,future_x7,future_y7,future_x8,future_y8,future_x9,future_y9,future_x10,future_y10,future_x11,future_y11,future_x12,future_y12,future_x13,future_y13,future_x14,future_y14,future_x15,future_y15,future_x16,future_y16,future_x17,future_y17,future_x18,future_y18,future_x19,future_y19,future_x20,future_y20
135.89801357102044,215.34347673012886,126.69482052845615,222.53379917225067,117.49162748589187,229.72412161437254,108.2884344433276,236.91444405649435,99.08524140076331,244.1047664986162,89.88204835819904,251.295088940738,80.67885531563475,258.48541138285987,71.47566227307047,265.67573382498165,62.272469230506175,272.86605626710354,53.06927618794187,280.0563787092253,43.866083145377644,287.24670115134717,34.66289010281335,294.437023593469,25.45969706024907,301.6273460355908,16.256504017684776,308.8176684777127,7.053310975120482,316.00799091983447,-2.1498820674437695,323.1983133619563,-11.353075110008035,330.38863580407815,-20.556268152572358,337.57895824619993,-29.759461195136623,344.7692806883218,-38.962654237700946,351.95960313044367
