future_x1,future_y1,future_x2,future_y2,future_x3,future_y3,future_x4,future_y4,future_x5,future_y5,future_x6,future_y6,future_x7,future_y7,future_x8,future_y8,future_x9,future_y9,future_x10,future_y10,future_x11,future_y11,future_x12,future_y12,future_x13,future_y13,future_x14,future_y14,future_x15,future_y15,future_x16,future_y16,future_x17,future_y17,future_x18,future_y18,future_x19,future_y19,future_x20,future_y20
127.79594233103066,57.95070884600632,135.61950539089094,52.87002758907346,143.4430684507512,47.789346332140596,151.2666315106115,42.70866507520773,159.09019457047177,37.627983818274885,166.91375763033204,32.54730256134202,174.73732069019232,27.466621304409173,182.56088375005262,22.385940047476282,190.3844468099129,17.305258790543434,198.20800986977318,12.22457753361057,206.0315729296334,7.1438962766777365,213.8551359894937,2.0632150197448738,221.678699049354,-3.017466237187989,229.50226210921429,-8.098147494120838,237.32582516907456,-13.178828751053686,245.1493882289348,-18.259510007986535,252.9729512887951,-23.340191264919383,260.79651434865536,-28.42087252185229,268.62007740851567,-33.50155377878514,276.443640468376,-38.58223503571804
