future_x1,future_y1,future_x2,future_y2,future_x3,future_y3,future_x4,future_y4,future_x5,future_y5,future_x6,future_y6,future_x7,future_y7,future_x8,future_y8,future_x9,future_y9,future_x10,future_y10,future_x11,future_y11,future_x12,future_y12,future_x13,future_y13,future_x14,future_y14,future_x15,future_y15,future_x16,future_y16,future_x17,future_y17,future_x18,future_y18,future_x19,future_y19,future_x20,future_y20
119.68429855649399,36.037347746476414,129.37420412334455,28.46676380488843,139.06410969019512,20.896179863300446,148.75401525704567,13.325595921712491,158.4439208238962,5.755011980124522,168.13382639074678,-1.815571961463462,177.82373195759735,-9.386155903051446,187.5136375244479,-16.95673984463943,197.20354309129846,-24.527323786227413,206.89344865814903,-32.0979077278154,216.58335422499954,-39.66849166940332,226.2732597918501,-47.23907561099131,235.96316535870068,-54.80965955257929,245.65307092555122,-62.380243494167274,255.3429764924018,-69.95082743575523,265.0328820592523,-77.52141137734321,274.72278762610284,-85.09199531893114,284.41269319295344,-92.66257926051912,294.102598759804,-100.23316320210716,303.7925043266546,-107.80374714369515
