future_x1,future_y1,future_x2,future_y2,future_x3,future_y3,future_x4,future_y4,future_x5,future_y5,future_x6,future_y6,future_x7,future_y7,future_x8,future_y8,future_x9,future_y9,future_x10,future_y10,future_x11,future_y11,future_x12,future_y12,future_x13,future_y13,future_x14,future_y14,future_x15,future_y15,future_x16,future_y16,future_x17,future_y17,future_x18,future_y18,future_x19,future_y19,future_x20,future_y20
26.278487141583113,83.06526458330944,23.961830744747544,68.43847174880774,21.64517434791199,53.81167891430604,19.32851795107642,39.184886079804386,17.011861554240866,24.558093245302686,14.695205157405297,9.931300410800986,12.378548760569743,-4.695492423700671,10.06189236373416,-19.322285258202385,7.745235966898605,-33.94907809270407,5.428579570063036,-48.575870927205784,3.1119231732274812,-63.202663761707385,0.7952667763919123,-77.8294565962091,-1.5213896204436423,-92.45624943071078,-3.838046017279197,-107.0830422652125,-6.154702414114752,-121.70983509971421,-8.471358810950335,-136.33662793421587,-10.78801520778589,-150.96342076871758,-13.104671604621444,-165.59021360321924,-15.421328001457027,-180.2170064377209,-17.737984398292582,-194.8437992722226
