future_x1,future_y1,future_x2,future_y2,future_x3,future_y3,future_x4,future_y4,future_x5,future_y5,future_x6,future_y6,future_x7,future_y7,future_x8,future_y8,future_x9,future_y9,future_x10,future_y10,future_x11,future_y11,future_x12,future_y12,future_x13,future_y13,future_x14,future_y14,future_x15,future_y15,future_x16,future_y16,future_x17,future_y17,future_x18,future_y18,future_x19,future_y19,future_x20,future_y20
163.43121485786622,34.88871572111927,176.40835661489575,32.13033908894053,189.38549837192534,29.371962456761793,202.36264012895484,26.613585824583055,215.3397818859844,23.855209192404317,228.31692364301392,21.09683256022558,241.29406540004348,18.33845592804684,254.27120715707306,15.580079295868103,267.2483489141026,12.82170266368935,280.22549067113215,10.063326031510613,293.2026324281616,7.304949399331889,306.1797741851912,4.546572767153151,319.15691594222073,1.7881961349743989,332.1340576992503,-0.9701804972043249,345.1111994562799,-3.7285571293830913,358.0883412133094,-6.486933761561801,371.0654829703389,-9.245310393740567,384.04262472736843,-12.003687025919277,397.019766484398,-14.762063658098043,409.9969082414276,-17.52044029027678
