future_x1,future_y1,future_x2,future_y2,future_x3,future_y3,future_x4,future_y4,future_x5,future_y5,future_x6,future_y6,future_x7,future_y7,future_x8,future_y8,future_x9,future_y9,future_x10,future_y10,future_x11,future_y11,future_x12,future_y12,future_x13,future_y13,future_x14,future_y14,future_x15,future_y15,future_x16,future_y16,future_x17,future_y17,future_x18,future_y18,future_x19,future_y19,future_x20,future_y20
28.038410745822844,75.22242134869397,26.726417753647397,60.22627282727268,25.414424761471963,45.23012430585139,24.10243176929653,30.23397578443013,22.790438777121082,15.237827263008825,21.47844578494565,0.2416787415875632,20.1664527927702,-14.754469779833698,18.854459800594753,-29.750618301255003,17.54246680841932,-44.74676682267628,16.230473816243872,-59.74291534409758,14.918480824068453,-74.7390638655188,13.60648783189302,-89.7352123869401,12.294494839717572,-104.73136090836138,10.982501847542125,-119.72750942978263,9.670508855366691,-134.72365795120396,8.358515863191244,-149.71980647262524,7.04652287101581,-164.71595499404646,5.7345298788403625,-179.71210351546773,4.422536886664915,-194.70825203688906,3.1105438944894814,-209.70440055831034
