future_x1,future_y1,future_x2,future_y2,future_x3,future_y3,future_x4,future_y4,future_x5,future_y5,future_x6,future_y6,future_x7,future_y7,future_x8,future_y8,future_x9,future_y9,future_x10,future_y10,future_x11,future_y11,future_x12,future_y12,future_x13,future_y13,future_x14,future_y14,future_x15,future_y15,future_x16,future_y16,future_x17,future_y17,future_x18,future_y18,future_x19,future_y19,future_x20,future_y20
45.23139824939426,82.43529953341599,44.35371135455351,69.88379217241155,43.47602445971276,57.332284811407106,42.598337564872025,44.78077745040267,41.720650670031276,32.22927008939827,40.842963775190526,19.67776272839383,39.965276880349776,7.126255367389419,39.08758998550903,-5.425251993615035,38.20990309066828,-17.976759354619475,37.33221619582753,-30.528266715623886,36.45452930098678,-43.0797740766283,35.57684240614603,-55.63128143763274,34.69915551130529,-68.1827887986372,33.82146861646454,-80.73429615964156,32.94378172162378,-93.285803520646,32.06609482678304,-105.83731088165041,31.188407931942294,-118.38881824265485,30.310721037101544,-130.9403256036593,29.433034142260794,-143.49183296466379,28.555347247420045,-156.04334032566817
