future_x1,future_y1,future_x2,future_y2,future_x3,future_y3,future_x4,future_y4,future_x5,future_y5,future_x6,future_y6,future_x7,future_y7,future_x8,future_y8,future_x9,future_y9,future_x10,future_y10,future_x11,future_y11,future_x12,future_y12,future_x13,future_y13,future_x14,future_y14,future_x15,future_y15,future_x16,future_y16,future_x17,future_y17,future_x18,future_y18,future_x19,future_y19,future_x20,future_y20
134.1767674864646,239.63649663123797,122.13098033257134,248.38827328184226,110.08519317867808,257.1400499324465,98.03940602478482,265.89182658305083,85.99361887089158,274.6436032336551,73.94783171699832,283.39537988425934,61.90204456310508,292.14715653486365,49.85625740921179,300.8989331854679,37.81047025531855,309.6507098360722,25.76468310142529,318.4024864866765,13.718895947532062,327.15426313728074,1.6731087936388178,335.90603978788505,-10.37267836025444,344.6578164384893,-22.418465514147726,353.4095930890936,-34.464252668040984,362.1613697396979,-46.510039821934186,370.91314639030213,-58.55582697582744,379.6649230409064,-70.6016141297207,388.41669969151064,-82.64740128361399,397.16847634211496,-94.69318843750725,405.9202529927192
