future_x1,future_y1,future_x2,future_y2,future_x3,future_y3,future_x4,future_y4,future_x5,future_y5,future_x6,future_y6,future_x7,future_y7,future_x8,future_y8,future_x9,future_y9,future_x10,future_y10,future_x11,future_y11,future_x12,future_y12,future_x13,future_y13,future_x14,future_y14,future_x15,future_y15,future_x16,future_y16,future_x17,future_y17,future_x18,future_y18,future_x19,future_y19,future_x20,future_y20
134.8375918681018,47.133484465590044,144.38000469617992,42.059693564093365,153.922417524258,36.985902662596715,163.4648303523361,31.91211176110008,173.00724318041418,26.838320859603414,182.54965600849224,21.764529958106777,192.09206883657032,16.6907390566101,201.63448166464843,11.616948155113434,211.17689449272652,6.543157253616798,220.7193073208046,1.4693663521201188,230.26172014888266,-3.6044245493765175,239.80413297696072,-8.678215450873182,249.34654580503883,-13.752006352369847,258.88895863311694,-18.825797253866483,268.431371461195,-23.899588155363148,277.9737842892731,-28.973379056859784,287.51619711735117,-34.04716995835645,297.0586099454292,-39.12096085985311,306.60102277350734,-44.19475176134978,316.1434356015854,-49.268542662846414
