future_x1,future_y1,future_x2,future_y2,future_x3,future_y3,future_x4,future_y4,future_x5,future_y5,future_x6,future_y6,future_x7,future_y7,future_x8,future_y8,future_x9,future_y9,future_x10,future_y10,future_x11,future_y11,future_x12,future_y12,future_x13,future_y13,future_x14,future_y14,future_x15,future_y15,future_x16,future_y16,future_x17,future_y17,future_x18,future_y18,future_x19,future_y19,future_x20,future_y20
9.095987259211597,92.02580849916924,4.53602660281237,76.1233358426963,-0.023934053586827986,60.22086318622338,-4.583894709986055,44.31839052975046,-9.143855366385253,28.415917873277536,-13.703816022784451,12.513445216804627,-18.263776679183678,-3.3890274396682685,-22.823737335582877,-19.29150009614122,-27.383697991982103,-35.19397275261417,-31.94365864838133,-51.09644540908707,-36.50361930478053,-66.99891806555996,-41.06357996117973,-82.90139072203291,-45.62354061757895,-98.80386337850587,-50.18350127397815,-114.70633603497876,-54.74346193037735,-130.6088086914517,-59.30342258677655,-146.51128134792464,-63.86338324317575,-162.4137540043975,-68.423343899575,-178.31622666087048,-72.9833045559742,-194.21869931734346,-77.54326521237346,-210.1211719738164
