future_x1,future_y1,future_x2,future_y2,future_x3,future_y3,future_x4,future_y4,future_x5,future_y5,future_x6,future_y6,future_x7,future_y7,future_x8,future_y8,future_x9,future_y9,future_x10,future_y10,future_x11,future_y11,future_x12,future_y12,future_x13,future_y13,future_x14,future_y14,future_x15,future_y15,future_x16,future_y16,future_x17,future_y17,future_x18,future_y18,future_x19,future_y19,future_x20,future_y20
221.57352941176492,132.63068877670574,227.81176470588264,143.43562925568688,234.05000000000035,154.240569734668,240.28823529411804,165.04551021364907,246.52647058823578,175.8504506926302,252.76470588235347,186.65539117161126,259.00294117647115,197.46033165059242,265.24117647058887,208.2652721295735,271.4794117647066,219.0702126085546,277.71764705882435,229.87515308753572,283.955882352942,240.68009356651683,290.1941176470597,251.4850340454979,296.43235294117744,262.289974524479,302.67058823529516,273.0949150034602,308.90882352941287,283.89985548244124,315.1470588235306,294.7047959614223,321.3852941176483,305.50973644040346,327.623529411766,316.3146769193846,333.86176470588373,327.1196173983657,340.10000000000144,337.9245578773468
