future_x1,future_y1,future_x2,future_y2,future_x3,future_y3,future_x4,future_y4,future_x5,future_y5,future_x6,future_y6,future_x7,future_y7,future_x8,future_y8,future_x9,future_y9,future_x10,future_y10,future_x11,future_y11,future_x12,future_y12,future_x13,future_y13,future_x14,future_y14,future_x15,future_y15,future_x16,future_y16,future_x17,future_y17,future_x18,future_y18,future_x19,future_y19,future_x20,future_y20
10.993966580181109,157.5351776364079,-0.7592459115554959,146.57512967728195,-12.512458403292072,135.615081718156,-24.26567089502859,124.6550337590301,-36.01888338676517,113.69498579990416,-47.772095878501716,102.73493784077826,-59.52530837023829,91.77488988165233,-71.27852086197487,80.81484192252637,-83.03173335371145,69.85479396340045,-94.78494584544805,58.894746004274495,-106.53815833718454,47.93469804514862,-118.29137082892112,36.97465008602269,-130.0445833206577,26.014602126896733,-141.79779581239433,15.054554167770789,-153.55100830413085,4.0945062086448445,-165.30422079586737,-6.865541750481015,-177.05743328760394,-17.82558970960696,-188.81064577934052,-28.78563766873293,-200.5638582710771,-39.745685627858876,-212.31707076281373,-50.70573358698482
