future_x1,future_y1,future_x2,future_y2,future_x3,future_y3,future_x4,future_y4,future_x5,future_y5,future_x6,future_y6,future_x7,future_y7,future_x8,future_y8,future_x9,future_y9,future_x10,future_y10,future_x11,future_y11,future_x12,future_y12,future_x13,future_y13,future_x14,future_y14,future_x15,future_y15,future_x16,future_y16,future_x17,future_y17,future_x18,future_y18,future_x19,future_y19,future_x20,future_y20
44.15929671626546,152.30547016760963,35.38594582844647,144.67891259462013,26.612594940627474,137.05235502163066,17.839244052808496,129.4257974486412,9.06589316498949,121.7992398756517,0.2925422771705115,114.17268230266224,-8.480808610648467,106.54612472967274,-17.25415949846746,98.91956715668327,-26.02751038628645,91.29300958369376,-34.80086127410544,83.6664520107043,-43.574212161924436,76.03989443771484,-52.34756304974343,68.41333686472535,-61.12091393756242,60.78677929173587,-69.89426482538141,53.1602217187464,-78.6676157132004,45.53366414575689,-87.44096660101937,37.90710657276745,-96.21431748883833,30.280548999777963,-104.98766837665735,22.65399142678848,-113.76101926447637,15.027433853798968,-122.53437015229534,7.400876280809513
