future_x1,future_y1,future_x2,future_y2,future_x3,future_y3,future_x4,future_y4,future_x5,future_y5,future_x6,future_y6,future_x7,future_y7,future_x8,future_y8,future_x9,future_y9,future_x10,future_y10,future_x11,future_y11,future_x12,future_y12,future_x13,future_y13,future_x14,future_y14,future_x15,future_y15,future_x16,future_y16,future_x17,future_y17,future_x18,future_y18,future_x19,future_y19,future_x20,future_y20
7.778806566011596,104.99460520243264,1.6725721887858072,89.88114477148241,-4.4336621884400245,74.76768434053216,-10.539896565665828,59.65422390958196,-16.646130942891602,44.5407634786317,-22.752365320117406,29.427303047681534,-28.858599697343237,14.31384261673125,-34.96483407456904,-0.7996178142189763,-41.071068451794844,-15.913078245169203,-47.177302829020675,-31.02653867611943,-53.28353720624642,-46.13999910706963,-59.38977158347225,-61.253459538019854,-65.49600596069806,-76.36691996897011,-71.60224033792389,-91.48038039992034,-77.70847471514966,-106.59384083087056,-83.81470909237547,-121.70730126182076,-89.9209434696013,-136.820761692771,-96.0271778468271,-151.93422212372127,-102.13341222405288,-167.04768255467144,-108.23964660127871,-182.16114298562172
