future_x1,future_y1,future_x2,future_y2,future_x3,future_y3,future_x4,future_y4,future_x5,future_y5,future_x6,future_y6,future_x7,future_y7,future_x8,future_y8,future_x9,future_y9,future_x10,future_y10,future_x11,future_y11,future_x12,future_y12,future_x13,future_y13,future_x14,future_y14,future_x15,future_y15,future_x16,future_y16,future_x17,future_y17,future_x18,future_y18,future_x19,future_y19,future_x20,future_y20
55.94755152454415,180.67053616937858,44.851398990668216,176.4111222843563,33.75524645679225,172.15170839933404,22.659093922916327,167.8922945143118,11.56294138904039,163.63288062928953,0.46678885516446655,159.3734667442673,-10.629363678711513,155.11405285924502,-21.72551621258748,150.85463897422275,-32.82166874646339,146.5952250892005,-43.91782128033935,142.33581120417824,-55.01397381421526,138.076397319156,-66.1101263480912,133.81698343413373,-77.2062788819672,129.55756954911146,-88.30243141584316,125.29815566408921,-99.39858394971907,121.03874177906695,-110.49473648359498,116.7793278940447,-121.59088901747094,112.51991400902244,-132.68704155134685,108.26050012400017,-143.78319408522282,104.00108623897792,-154.87934661909878,99.74167235395565
