future_x1,future_y1,future_x2,future_y2,future_x3,future_y3,future_x4,future_y4,future_x5,future_y5,future_x6,future_y6,future_x7,future_y7,future_x8,future_y8,future_x9,future_y9,future_x10,future_y10,future_x11,future_y11,future_x12,future_y12,future_x13,future_y13,future_x14,future_y14,future_x15,future_y15,future_x16,future_y16,future_x17,future_y17,future_x18,future_y18,future_x19,future_y19,future_x20,future_y20
205.6042497659648,105.50248144766879,213.72499884029696,112.56174091911949,221.84574791462916,119.62100039057019,229.96649698896132,126.68025986202089,238.08724606329352,133.73951933347158,246.2079951376257,140.79877880492228,254.32874421195785,147.85803827637295,262.44949328629,154.91729774782368,270.5702423606222,161.97655721927438,278.6909914349544,169.03581669072508,286.81174050928655,176.09507616217576,294.93248958361875,183.1543356336265,303.05323865795094,190.21359510507716,311.1739877322831,197.27285457652786,319.2947368066153,204.33211404797856,327.4154858809475,211.39137351942924,335.5362349552796,218.45063299087997,343.6569840296118,225.50989246233064,351.77773310394394,232.56915193378137,359.8984821782762,239.62841140523204
