future_x1,future_y1,future_x2,future_y2,future_x3,future_y3,future_x4,future_y4,future_x5,future_y5,future_x6,future_y6,future_x7,future_y7,future_x8,future_y8,future_x9,future_y9,future_x10,future_y10,future_x11,future_y11,future_x12,future_y12,future_x13,future_y13,future_x14,future_y14,future_x15,future_y15,future_x16,future_y16,future_x17,future_y17,future_x18,future_y18,future_x19,future_y19,future_x20,future_y20
148.72458424264374,243.56535670568786,137.28958231245485,254.22866851560235,125.85458038226598,264.8919803255169,114.41957845207712,275.5552921354314,102.98457652188824,286.2186039453459,91.54957459169941,296.88191575526037,80.11457266151051,307.54522756517486,68.67957073132166,318.20853937508934,57.2445688011328,328.87185118500383,45.8095668709439,339.5351629949184,34.37456494075509,350.1984748048328,22.93956301056619,360.86178661474736,11.504561080377329,371.52509842466185,0.06955915018843939,382.1884102345764,-11.365442780000421,392.8517220444909,-22.800444710189225,403.5150338544053,-34.23544664037814,414.17834566431986,-45.670448570566975,424.84165747423435,-57.10545050075589,435.50496928414884,-68.5404524309447,446.16828109406333
