future_x1,future_y1,future_x2,future_y2,future_x3,future_y3,future_x4,future_y4,future_x5,future_y5,future_x6,future_y6,future_x7,future_y7,future_x8,future_y8,future_x9,future_y9,future_x10,future_y10,future_x11,future_y11,future_x12,future_y12,future_x13,future_y13,future_x14,future_y14,future_x15,future_y15,future_x16,future_y16,future_x17,future_y17,future_x18,future_y18,future_x19,future_y19,future_x20,future_y20
187.8588623279191,226.96769450246146,181.10674329559188,240.81159009324284,174.3546242632647,254.65548568402423,167.6025052309375,268.4993812748056,160.8503861986103,282.343276865587,154.0982671662831,296.18717245636833,147.34614813395592,310.0310680471497,140.5940291016287,323.8749636379311,133.8419100693015,337.71885922871246,127.08979103697432,351.5627548194939,120.33767200464715,365.4066504102752,113.58555297231995,379.25054600105653,106.83343393999273,393.094441591838,100.08131490766554,406.93833718261936,93.32919587533834,420.7822327734007,86.57707684301117,434.626128364182,79.82495781068397,448.47002395496344,73.07283877835675,462.31391954574485,66.32071974602957,476.1578151365262,59.56860071370235,490.00171072730757
