future_x1,future_y1,future_x2,future_y2,future_x3,future_y3,future_x4,future_y4,future_x5,future_y5,future_x6,future_y6,future_x7,future_y7,future_x8,future_y8,future_x9,future_y9,future_x10,future_y10,future_x11,future_y11,future_x12,future_y12,future_x13,future_y13,future_x14,future_y14,future_x15,future_y15,future_x16,future_y16,future_x17,future_y17,future_x18,future_y18,future_x19,future_y19,future_x20,future_y20
36.3632092891675,142.78760787607743,28.091967782093917,133.60146354514688,19.82072627502032,124.41531921421634,11.549484767946751,115.22917488328582,3.2782432608731398,106.04303055235528,-4.992998246200443,96.85688622142477,-13.264239753274012,87.67074189049421,-21.535481260347638,78.48459755956367,-29.806722767421235,69.29845322863314,-38.07796427449483,60.112308897702604,-46.3492057815684,50.92616456677209,-54.62044728864197,41.740020235841556,-62.89168879571554,32.553875904911024,-71.16293030278916,23.36773157398045,-79.43417180986276,14.181587243049918,-87.7054133169363,4.995442912119415,-95.9766548240099,-4.190701418811102,-104.2478963310835,-13.376845749741648,-112.51913783815706,-22.562990080672222,-120.79037934523066,-31.74913441160274
