future_x1,future_y1,future_x2,future_y2,future_x3,future_y3,future_x4,future_y4,future_x5,future_y5,future_x6,future_y6,future_x7,future_y7,future_x8,future_y8,future_x9,future_y9,future_x10,future_y10,future_x11,future_y11,future_x12,future_y12,future_x13,future_y13,future_x14,future_y14,future_x15,future_y15,future_x16,future_y16,future_x17,future_y17,future_x18,future_y18,future_x19,future_y19,future_x20,future_y20
222.1041185548704,144.3105863681178,227.0737205186001,156.01823491157253,232.04332248232987,167.72588345502726,237.01292444605957,179.43353199848195,241.98252640978927,191.14118054193665,246.95212837351897,202.84882908539137,251.9217303372487,214.55647762884607,256.89133230097843,226.2641261723008,261.86093426470813,237.97177471575554,266.83053622843784,249.6794232592102,271.80013819216754,261.3870718026649,276.7697401558973,273.09472034611963,281.739342119627,284.8023688895743,286.70894408335676,296.5100174330291,291.67854604708646,308.21766597648383,296.64814801081616,319.9253145199384,301.6177499745459,331.63296306339316,306.5873519382756,343.34061160684786,311.5569539020054,355.04826015030267,316.5265558657351,366.75590869375736
