future_x1,future_y1,future_x2,future_y2,future_x3,future_y3,future_x4,future_y4,future_x5,future_y5,future_x6,future_y6,future_x7,future_y7,future_x8,future_y8,future_x9,future_y9,future_x10,future_y10,future_x11,future_y11,future_x12,future_y12,future_x13,future_y13,future_x14,future_y14,future_x15,future_y15,future_x16,future_y16,future_x17,future_y17,future_x18,future_y18,future_x19,future_y19,future_x20,future_y20
60.837177739247124,32.67378208365997,66.65445087363005,18.275525826016704,72.471724008013,3.8772695683734355,78.28899714239591,-10.520986689269819,84.10627027677886,-24.919242946913073,89.92354341116177,-39.31749920455633,95.74081654554473,-53.71575546219958,101.55808967992766,-68.11401171984284,107.3753628143106,-82.51226797748615,113.19263594869354,-96.91052423512937,119.00990908307645,-111.30878049277257,124.82718221745938,-125.70703675041585,130.6444553518423,-140.1052930080591,136.46172848622524,-154.50354926570236,142.2790016206082,-168.90180552334562,148.0962747549911,-183.3000617809888,153.91354788937403,-197.69831803863212,159.730821023757,-212.09657429627538,165.54809415813992,-226.49483055391863,171.36536729252285,-240.8930868115619
