future_x1,future_y1,future_x2,future_y2,future_x3,future_y3,future_x4,future_y4,future_x5,future_y5,future_x6,future_y6,future_x7,future_y7,future_x8,future_y8,future_x9,future_y9,future_x10,future_y10,future_x11,future_y11,future_x12,future_y12,future_x13,future_y13,future_x14,future_y14,future_x15,future_y15,future_x16,future_y16,future_x17,future_y17,future_x18,future_y18,future_x19,future_y19,future_x20,future_y20
79.52393999846345,19.969029104006722,88.11209664089304,6.744427586577899,96.70025328332267,-6.480173930850924,105.28840992575225,-19.704775448279747,113.87656656818186,-32.92937696570857,122.46472321061144,-46.153978483137394,131.05287985304105,-59.378580000566245,139.64103649547067,-72.6031815179951,148.22919313790027,-85.82778303542395,156.8173497803299,-99.05238455285274,165.40550642275946,-112.27698607028157,173.99366306518908,-125.50158758771039,182.58181970761868,-138.72618910513927,191.16997635004827,-151.9507906225681,199.7581329924779,-165.17539213999692,208.34628963490746,-178.39999365742568,216.93444627733706,-191.62459517485456,225.52260291976665,-204.84919669228339,234.11075956219628,-218.0737982097122,242.69891620462587,-231.29839972714103
