future_x1,future_y1,future_x2,future_y2,future_x3,future_y3,future_x4,future_y4,future_x5,future_y5,future_x6,future_y6,future_x7,future_y7,future_x8,future_y8,future_x9,future_y9,future_x10,future_y10,future_x11,future_y11,future_x12,future_y12,future_x13,future_y13,future_x14,future_y14,future_x15,future_y15,future_x16,future_y16,future_x17,future_y17,future_x18,future_y18,future_x19,future_y19,future_x20,future_y20
78.47064251027513,221.809405735001,64.3974390767918,223.0406514949251,50.32423564330847,224.27189725484916,36.251032209825155,225.50314301477323,22.177828776341812,226.7343887746973,8.104625342858526,227.96563453462136,-5.968578090624845,229.19688029454545,-20.04178152410813,230.4281260544695,-34.1149849575915,231.65937181439358,-48.188188391074846,232.89061757431764,-62.26139182455813,234.1218633342417,-76.33459525804147,235.35310909416577,-90.40779869152479,236.58435485408987,-104.48100212500813,237.81560061401393,-118.55420555849145,239.046846373938,-132.62740899197473,240.27809213386206,-146.70061242545808,241.50933789378615,-160.77381585894148,242.7405836537102,-174.84701929242476,243.97182941363425,-188.9202227259081,245.20307517355835
