future_x1,future_y1,future_x2,future_y2,future_x3,future_y3,future_x4,future_y4,future_x5,future_y5,future_x6,future_y6,future_x7,future_y7,future_x8,future_y8,future_x9,future_y9,future_x10,future_y10,future_x11,future_y11,future_x12,future_y12,future_x13,future_y13,future_x14,future_y14,future_x15,future_y15,future_x16,future_y16,future_x17,future_y17,future_x18,future_y18,future_x19,future_y19,future_x20,future_y20
10.985592130176741,81.11915671196655,7.782489007496366,64.64061967861427,4.579385884815991,48.162082645262004,1.3762827621356308,31.68354561190975,-1.8268203605447582,15.205008578557454,-5.0299234832251045,-1.2735284547947288,-8.23302660590548,-17.752065488147025,-11.436129728585854,-34.23060252149935,-14.639232851266257,-50.70913955485156,-17.842335973946604,-67.18767658820389,-21.04543909662698,-83.6662136215561,-24.248542219307353,-100.14475065490836,-27.451645341987728,-116.62328768826063,-30.654748464668103,-133.1018247216129,-33.85785158734848,-149.58036175496522,-37.06095471002885,-166.05889878831744,-40.2640578327092,-182.53743582166965,-43.4671609553896,-199.01597285502197,-46.67026407806998,-215.4945098883743,-49.87336720075032,-231.9730469217265
