future_x1,future_y1,future_x2,future_y2,future_x3,future_y3,future_x4,future_y4,future_x5,future_y5,future_x6,future_y6,future_x7,future_y7,future_x8,future_y8,future_x9,future_y9,future_x10,future_y10,future_x11,future_y11,future_x12,future_y12,future_x13,future_y13,future_x14,future_y14,future_x15,future_y15,future_x16,future_y16,future_x17,future_y17,future_x18,future_y18,future_x19,future_y19,future_x20,future_y20
213.88546071133848,85.80071610617027,224.80871338262904,92.36406846803618,235.7319660539196,98.92742082990208,246.6552187252101,105.49077319176796,257.5784713965007,112.05412555363384,268.5017240677912,118.61747791549973,279.4249767390817,125.18083027736563,290.3482294103723,131.74418263923152,301.27148208166284,138.30753500109745,312.1947347529534,144.87088736296334,323.1179874242439,151.43423972482918,334.0412400955345,157.9975920866951,344.964492766825,164.560944448561,355.88774543811553,171.12429681042687,366.8109981094061,177.6876491722928,377.73425078069664,184.25100153415863,388.65750345198717,190.81435389602456,399.5807561232777,197.37770625789042,410.5040087945683,203.94105861975635,421.4272614658588,210.50441098162221
