future_x1,future_y1,future_x2,future_y2,future_x3,future_y3,future_x4,future_y4,future_x5,future_y5,future_x6,future_y6,future_x7,future_y7,future_x8,future_y8,future_x9,future_y9,future_x10,future_y10,future_x11,future_y11,future_x12,future_y12,future_x13,future_y13,future_x14,future_y14,future_x15,future_y15,future_x16,future_y16,future_x17,future_y17,future_x18,future_y18,future_x19,future_y19,future_x20,future_y20
138.08867831905235,198.29818268678954,130.95097546852773,204.50289311322348,123.81327261800311,210.70760353965744,116.67556976747849,216.91231396609135,109.53786691695387,223.11702439252528,102.40016406642926,229.32173481895921,95.26246121590462,235.52644524539318,88.12475836538002,241.7311556718271,80.98705551485538,247.93586609826104,73.84935266433074,254.14057652469498,66.71164981380616,260.34528695112886,59.57394696328154,266.5499973775628,52.43624411275691,272.7547078039968,45.29854126223229,278.9594182304307,38.16083841170769,285.16412865686465,31.023135561183082,291.36883908329855,23.885432710658435,297.5735495097325,16.747729860133816,303.7782599361664,9.610027009609183,309.9829703626004,2.4723241590845646,316.18768078903435
