future_x1,future_y1,future_x2,future_y2,future_x3,future_y3,future_x4,future_y4,future_x5,future_y5,future_x6,future_y6,future_x7,future_y7,future_x8,future_y8,future_x9,future_y9,future_x10,future_y10,future_x11,future_y11,future_x12,future_y12,future_x13,future_y13,future_x14,future_y14,future_x15,future_y15,future_x16,future_y16,future_x17,future_y17,future_x18,future_y18,future_x19,future_y19,future_x20,future_y20
49.926463135287094,71.62300761161865,50.597640988246155,58.816171257529305,51.26881884120522,46.00933490343999,51.93999669416428,33.20249854935069,52.61117454712334,20.395662195261323,53.28235240008242,7.588825841172053,53.95353025304148,-5.21801051291726,54.624708106000554,-18.0248468670066,55.295885958959616,-30.831683221095943,55.96706381191868,-43.63851957518531,56.638241664877754,-56.4453559292746,57.309419517836815,-69.25219228336391,57.98059737079589,-82.05902863745322,58.65177522375495,-94.86586499154254,59.322953076714015,-107.67270134563188,59.99413092967308,-120.47953769972113,60.66530878263215,-133.2863740538105,61.33648663559123,-146.09321040789985,62.007664488550276,-158.9000467619892,62.67884234150935,-171.70688311607853
