future_x1,future_y1,future_x2,future_y2,future_x3,future_y3,future_x4,future_y4,future_x5,future_y5,future_x6,future_y6,future_x7,future_y7,future_x8,future_y8,future_x9,future_y9,future_x10,future_y10,future_x11,future_y11,future_x12,future_y12,future_x13,future_y13,future_x14,future_y14,future_x15,future_y15,future_x16,future_y16,future_x17,future_y17,future_x18,future_y18,future_x19,future_y19,future_x20,future_y20
31.57238351743274,131.6485969943651,24.20164514540184,121.12209168013189,16.83090677337097,110.59558636589871,9.460168401340113,100.06908105166555,2.089430029309227,89.54257573743233,-5.281308342721616,79.01607042319917,-12.652046714752515,68.48956510896598,-20.022785086783387,57.96305979473276,-27.393523458814258,47.436554480499595,-34.76426183084513,36.910049166266404,-42.135000202876,26.383543852033227,-49.50573857490684,15.857038537800051,-56.87647694693774,5.33053322356686,-64.24721531896861,-5.1959720906663165,-71.61795369099951,-15.722477404899564,-78.98869206303033,-26.248982719132698,-86.35943043506123,-36.77548803336589,-93.7301688070921,-47.30199334759905,-101.100907179123,-57.82849866183227,-108.47164555115387,-68.35500397606546
