future_x1,future_y1,future_x2,future_y2,future_x3,future_y3,future_x4,future_y4,future_x5,future_y5,future_x6,future_y6,future_x7,future_y7,future_x8,future_y8,future_x9,future_y9,future_x10,future_y10,future_x11,future_y11,future_x12,future_y12,future_x13,future_y13,future_x14,future_y14,future_x15,future_y15,future_x16,future_y16,future_x17,future_y17,future_x18,future_y18,future_x19,future_y19,future_x20,future_y20
88.93988976562987,230.64782177485478,74.63361803348555,233.68871370455642,60.32734630134121,236.72960563425806,46.02107456919694,239.77049756395968,31.714802837052588,242.81138949366132,17.408531104908292,245.85228142336297,3.1022593727639816,248.89317335306458,-11.204012359380357,251.9340652827662,-25.51028409152471,254.97495721246784,-39.816555823669006,258.0158491421695,-54.1228275558133,261.0567410718711,-68.4290992879576,264.0976330015727,-82.73537102010195,267.1385249312744,-97.0416427522463,270.179416860976,-111.34791448439063,273.2203087906777,-125.6541862165349,276.26120072037924,-139.96045794867922,279.3020926500809,-154.26672968082357,282.3429845797825,-168.5730014129678,285.38387650948414,-182.87927314511217,288.4247684391858
