future_x1,future_y1,future_x2,future_y2,future_x3,future_y3,future_x4,future_y4,future_x5,future_y5,future_x6,future_y6,future_x7,future_y7,future_x8,future_y8,future_x9,future_y9,future_x10,future_y10,future_x11,future_y11,future_x12,future_y12,future_x13,future_y13,future_x14,future_y14,future_x15,future_y15,future_x16,future_y16,future_x17,future_y17,future_x18,future_y18,future_x19,future_y19,future_x20,future_y20
191.5752069649145,49.02184914166739,205.00300759102512,50.43316785777458,218.4308082171357,51.84448657388177,231.85860884324626,53.25580528998894,245.2864094693569,54.66712400609613,258.7142100954675,56.07844272220332,272.14201072157806,57.48976143831051,285.56981134768864,58.9010801544177,298.9976119737993,60.31239887052489,312.4254125999098,61.72371758663208,325.85321322602033,63.13503630273925,339.28101385213097,64.54635501884644,352.7088144782416,65.95767373495363,366.1366151043522,67.3689924510608,379.56441573046277,68.780311167168,392.9922163565733,70.19162988327518,406.42001698268393,71.60294859938237,419.84781760879457,73.01426731548956,433.2756182349051,74.42558603159675,446.7034188610157,75.83690474770394
