future_x1,future_y1,future_x2,future_y2,future_x3,future_y3,future_x4,future_y4,future_x5,future_y5,future_x6,future_y6,future_x7,future_y7,future_x8,future_y8,future_x9,future_y9,future_x10,future_y10,future_x11,future_y11,future_x12,future_y12,future_x13,future_y13,future_x14,future_y14,future_x15,future_y15,future_x16,future_y16,future_x17,future_y17,future_x18,future_y18,future_x19,future_y19,future_x20,future_y20
214.16625453408497,210.72606013107034,211.1310259138075,226.340957718907,208.09579729352998,241.95585530674367,205.0605686732525,257.57075289458027,202.025340052975,273.1856504824169,198.99011143269752,288.80054807025357,195.95488281242004,304.4154456580902,192.91965419214253,320.03034324592693,189.88442557186505,335.6452408337635,186.84919695158754,351.2601384216002,183.81396833131006,366.8750360094368,180.77873971103259,382.4899335972735,177.74351109075508,398.10483118511013,174.7082824704776,413.7197287729468,171.67305385020012,429.33462636078343,168.6378252299226,444.9495239486201,165.60259660964513,460.56442153645673,162.56736798936765,476.1793191242934,159.53213936909015,491.79421671213004,156.49691074881264,507.40911429996675
