future_x1,future_y1,future_x2,future_y2,future_x3,future_y3,future_x4,future_y4,future_x5,future_y5,future_x6,future_y6,future_x7,future_y7,future_x8,future_y8,future_x9,future_y9,future_x10,future_y10,future_x11,future_y11,future_x12,future_y12,future_x13,future_y13,future_x14,future_y14,future_x15,future_y15,future_x16,future_y16,future_x17,future_y17,future_x18,future_y18,future_x19,future_y19,future_x20,future_y20
89.32477079275944,204.45417807920805,77.97727596660745,205.64684784509208,66.62978114045544,206.83951761097612,55.28228631430345,208.03218737686018,43.934791488151475,209.2248571427442,32.58729666199952,210.41752690862825,21.239801835847516,211.61019667451228,9.892307009695514,212.80286644039631,-1.4551878164564869,213.99553620628035,-12.802682642608488,215.18820597216438,-24.150177468760432,216.38087573804842,-35.497672294912434,217.57354550393248,-46.845167121064435,218.7662152698165,-58.19266194721641,219.95888503570055,-69.54015677336844,221.15155480158458,-80.88765159952035,222.34422456746861,-92.23514642567238,223.53689433335268,-103.58264125182436,224.7295640992367,-114.93013607797633,225.92223386512075,-126.27763090412836,227.11490363100478
