future_x1,future_y1,future_x2,future_y2,future_x3,future_y3,future_x4,future_y4,future_x5,future_y5,future_x6,future_y6,future_x7,future_y7,future_x8,future_y8,future_x9,future_y9,future_x10,future_y10,future_x11,future_y11,future_x12,future_y12,future_x13,future_y13,future_x14,future_y14,future_x15,future_y15,future_x16,future_y16,future_x17,future_y17,future_x18,future_y18,future_x19,future_y19,future_x20,future_y20
234.5441176470591,133.27256642892183,241.64705882352982,145.57522142974187,248.75000000000054,157.8778764305619,255.85294117647126,170.18053143138192,262.955882352942,182.48318643220196,270.05882352941273,194.78584143302197,277.16176470588346,207.088496433842,284.2647058823542,219.39115143466205,291.3676470588249,231.69380643548212,298.4705882352956,243.99646143630216,305.57352941176634,256.29911643712217,312.67647058823707,268.6017714379422,319.7794117647078,280.90442643876224,326.8823529411785,293.2070814395823,333.9852941176493,305.5097364404024,341.08823529412,317.8123914412223,348.19117647059073,330.1150464420424,355.29411764706146,342.4177014428624,362.3970588235322,354.7203564436825,369.5000000000029,367.02301144450246
