future_x1,future_y1,future_x2,future_y2,future_x3,future_y3,future_x4,future_y4,future_x5,future_y5,future_x6,future_y6,future_x7,future_y7,future_x8,future_y8,future_x9,future_y9,future_x10,future_y10,future_x11,future_y11,future_x12,future_y12,future_x13,future_y13,future_x14,future_y14,future_x15,future_y15,future_x16,future_y16,future_x17,future_y17,future_x18,future_y18,future_x19,future_y19,future_x20,future_y20
107.22567321887516,51.36284849316509,114.30113897176139,43.504747679763994,121.37660472464763,35.646646866362886,128.45207047753385,27.78854605296182,135.52753623042008,19.930445239560683,142.60300198330629,12.072344426159617,149.67846773619252,4.214243612758537,156.75393348907878,-3.6438572006425716,163.829399241965,-11.50195801404368,170.9048649948512,-19.36005882744479,177.98033074773744,-27.21815964084584,185.05579650062367,-35.07626045424695,192.1312622535099,-42.93436126764806,199.20672800639613,-50.79246208104914,206.2821937592824,-58.650562894450275,213.35765951216857,-66.50866370785133,220.43312526505483,-74.3667645212524,227.50859101794106,-82.22486533465354,234.5840567708273,-90.08296614805462,241.65952252371352,-97.94106696145573
