future_x1,future_y1,future_x2,future_y2,future_x3,future_y3,future_x4,future_y4,future_x5,future_y5,future_x6,future_y6,future_x7,future_y7,future_x8,future_y8,future_x9,future_y9,future_x10,future_y10,future_x11,future_y11,future_x12,future_y12,future_x13,future_y13,future_x14,future_y14,future_x15,future_y15,future_x16,future_y16,future_x17,future_y17,future_x18,future_y18,future_x19,future_y19,future_x20,future_y20
175.58407509845028,216.86714081321477,169.0758861894828,228.60822440532039,162.5676972805153,240.349307997426,156.05950837154782,252.09039158953155,149.55131946258032,263.8314751816372,143.04313055361285,275.57255877374274,136.5349416446454,287.31364236584835,130.0267527356779,299.05472595795396,123.5185638267104,310.7958095500596,117.01037491774292,322.5368931421652,110.50218600877545,334.27797673427074,103.99399709980797,346.0190603263763,97.48580819084052,357.76014391848196,90.977619281873,369.50122751058757,84.46943037290552,381.2423111026932,77.96124146393805,392.9833946947987,71.45305255497057,404.7244782869043,64.9448636460031,416.4655618790099,58.43667473703562,428.2066454711155,51.928485828068105,439.9477290632211
