future_x1,future_y1,future_x2,future_y2,future_x3,future_y3,future_x4,future_y4,future_x5,future_y5,future_x6,future_y6,future_x7,future_y7,future_x8,future_y8,future_x9,future_y9,future_x10,future_y10,future_x11,future_y11,future_x12,future_y12,future_x13,future_y13,future_x14,future_y14,future_x15,future_y15,future_x16,future_y16,future_x17,future_y17,future_x18,future_y18,future_x19,future_y19,future_x20,future_y20
175.47849430162293,190.62568657222863,171.89901878201357,200.46021473584585,168.31954326240424,210.2947428994631,164.7400677427949,220.1292710630803,161.16059222318555,229.96379922669752,157.5811167035762,239.79832739031474,154.00164118396685,249.63285555393196,150.42216566435752,259.4673837175492,146.84269014474816,269.3019118811664,143.26321462513883,279.1364400447836,139.6837391055295,288.97096820840085,136.10426358592014,298.80549637201807,132.5247880663108,308.6400245356353,128.94531254670144,318.4745526992525,125.3658370270921,328.3090808628698,121.78636150748275,338.14360902648696,118.20688598787342,347.9781371901041,114.62741046826407,357.8126653537214,111.04793494865473,367.6471935173386,107.46845942904538,377.48172168095584
