future_x1,future_y1,future_x2,future_y2,future_x3,future_y3,future_x4,future_y4,future_x5,future_y5,future_x6,future_y6,future_x7,future_y7,future_x8,future_y8,future_x9,future_y9,future_x10,future_y10,future_x11,future_y11,future_x12,future_y12,future_x13,future_y13,future_x14,future_y14,future_x15,future_y15,future_x16,future_y16,future_x17,future_y17,future_x18,future_y18,future_x19,future_y19,future_x20,future_y20
138.32135449903774,26.96862974049671,150.3716936172005,20.828675284754212,162.42203273536322,14.688720829011757,174.47237185352594,8.548766373269288,186.5227109716887,2.4088119175267764,198.5730500898514,-3.7311425382156926,210.62338920801415,-9.871096993958133,222.6737283261769,-16.01105144970063,234.7240674443396,-22.151005905443128,246.7744065625024,-28.29096036118557,258.8247456806651,-34.43091481692804,270.8750847988278,-40.57086927267056,282.92542391699055,-46.710823728413004,294.9757630351533,-52.85077818415547,307.026102153316,-58.99073263989794,319.0764412714787,-65.13068709564041,331.1267803896415,-71.27064155138291,343.1771195078042,-77.41059600712538,355.22745862596696,-83.55055046286788,367.2777977441297,-89.69050491861034
