future_x1,future_y1,future_x2,future_y2,future_x3,future_y3,future_x4,future_y4,future_x5,future_y5,future_x6,future_y6,future_x7,future_y7,future_x8,future_y8,future_x9,future_y9,future_x10,future_y10,future_x11,future_y11,future_x12,future_y12,future_x13,future_y13,future_x14,future_y14,future_x15,future_y15,future_x16,future_y16,future_x17,future_y17,future_x18,future_y18,future_x19,future_y19,future_x20,future_y20
43.95211565524441,44.44036612724305,47.23357364132161,29.00232008295552,50.51503162739883,13.564274038668003,53.79648961347603,-1.8737720056194576,57.07794759955323,-17.311818049906975,60.35940558563043,-32.749864094194464,63.64086357170764,-48.18791013848198,66.92232155778485,-63.62595618276947,70.20377954386205,-79.06400222705696,73.48523752993927,-94.50204827134448,76.76669551601645,-109.94009431563191,80.04815350209367,-125.37814035991943,83.32961148817087,-140.81618640420703,86.61106947424808,-156.25423244849452,89.89252746032528,-171.69227849278207,93.17398544640248,-187.13032453706944,96.45544343247968,-202.568370581357,99.7369014185569,-218.00641662564448,103.0183594046341,-233.44446266993202,106.29981739071131,-248.8825087142195
