future_x1,future_y1,future_x2,future_y2,future_x3,future_y3,future_x4,future_y4,future_x5,future_y5,future_x6,future_y6,future_x7,future_y7,future_x8,future_y8,future_x9,future_y9,future_x10,future_y10,future_x11,future_y11,future_x12,future_y12,future_x13,future_y13,future_x14,future_y14,future_x15,future_y15,future_x16,future_y16,future_x17,future_y17,future_x18,future_y18,future_x19,future_y19,future_x20,future_y20
194.8626185495846,67.44301644268357,206.46651277746014,70.55227053009912,218.0704070053357,73.66152461751469,229.67430123321125,76.77077870493024,241.2781954610868,79.88003279234579,252.88208968896237,82.98928687976134,264.4859839168379,86.09854096717689,276.08987814471345,89.20779505459244,287.693772372589,92.31704914200799,299.2976666004646,95.42630322942355,310.9015608283401,98.53555731683909,322.5054550562157,101.64481140425464,334.1093492840912,104.75406549167019,345.71324351196677,107.86331957908575,357.31713773984234,110.9725736665013,368.92103196771785,114.08182775391684,380.5249261955934,117.1910818413324,392.128820423469,120.30033592874796,403.7327146513445,123.4095900161635,415.3366088792201,126.51884410357907
