future_x1,future_y1,future_x2,future_y2,future_x3,future_y3,future_x4,future_y4,future_x5,future_y5,future_x6,future_y6,future_x7,future_y7,future_x8,future_y8,future_x9,future_y9,future_x10,future_y10,future_x11,future_y11,future_x12,future_y12,future_x13,future_y13,future_x14,future_y14,future_x15,future_y15,future_x16,future_y16,future_x17,future_y17,future_x18,future_y18,future_x19,future_y19,future_x20,future_y20
215.94487975431076,184.7485294117635,215.944879754311,198.6867647058812,215.94487975431122,212.62499999999883,215.94487975431142,226.56323529411648,215.94487975431164,240.50147058823413,215.94487975431184,254.43970588235175,215.94487975431207,268.3779411764694,215.9448797543123,282.3161764705871,215.94487975431252,296.25441176470474,215.94487975431272,310.1926470588224,215.94487975431295,324.13088235294,215.94487975431318,338.0691176470576,215.94487975431338,352.0073529411753,215.9448797543136,365.945588235293,215.94487975431383,379.8838235294106,215.94487975431406,393.8220588235282,215.94487975431426,407.76029411764586,215.94487975431448,421.6985294117635,215.94487975431468,435.63676470588115,215.9448797543149,449.5749999999988
