future_x1,future_y1,future_x2,future_y2,future_x3,future_y3,future_x4,future_y4,future_x5,future_y5,future_x6,future_y6,future_x7,future_y7,future_x8,future_y8,future_x9,future_y9,future_x10,future_y10,future_x11,future_y11,future_x12,future_y12,future_x13,future_y13,future_x14,future_y14,future_x15,future_y15,future_x16,future_y16,future_x17,future_y17,future_x18,future_y18,future_x19,future_y19,future_x20,future_y20
102.66618935644104,10.497940017515106,113.98509716999338,-0.8209677960371948,125.30400498354572,-12.139875609589495,136.62291279709802,-23.458783423141767,147.94182061065035,-34.77769123669407,159.26072842420268,-46.09659905024634,170.57963623775498,-57.41550686379864,181.89854405130734,-68.73441467735094,193.21745186485967,-80.05332249090324,204.536359678412,-91.37223030445557,215.8552674919643,-102.69113811800781,227.1741753055166,-114.01004593156009,238.49308311906893,-125.32895374511241,249.8119909326213,-136.64786155866466,261.1308987461736,-147.96676937221702,272.4498065597259,-159.28567718576926,283.7687143732782,-170.60458499932156,295.0876221868306,-181.92349281287386,306.40653000038293,-193.24240062642616,317.72543781393523,-204.56130843997846
