future_x1,future_y1,future_x2,future_y2,future_x3,future_y3,future_x4,future_y4,future_x5,future_y5,future_x6,future_y6,future_x7,future_y7,future_x8,future_y8,future_x9,future_y9,future_x10,future_y10,future_x11,future_y11,future_x12,future_y12,future_x13,future_y13,future_x14,future_y14,future_x15,future_y15,future_x16,future_y16,future_x17,future_y17,future_x18,future_y18,future_x19,future_y19,future_x20,future_y20
157.6228175563888,200.70851961714644,151.6258509824027,209.2730754762836,145.6288844084166,217.83763133542075,139.6319178344305,226.40218719455788,133.6349512604444,234.96674305369504,127.63798468645832,243.53129891283214,121.64101811247221,252.09585477196933,115.64405153848612,260.66041063110646,109.64708496450001,269.2249664902436,103.65011839051391,277.7895223493808,97.65315181652784,286.3540782085179,91.65618524254174,294.91863406765503,85.65921866855562,303.4831899267922,79.66225209456952,312.04774578592935,73.6652855205834,320.6123016450665,67.66831894659734,329.1768575042036,61.671352372611224,337.7414133633407,55.674385798625124,346.3059692224779,49.67741922463901,354.870525081615,43.68045265065294,363.4350809407522
