future_x1,future_y1,future_x2,future_y2,future_x3,future_y3,future_x4,future_y4,future_x5,future_y5,future_x6,future_y6,future_x7,future_y7,future_x8,future_y8,future_x9,future_y9,future_x10,future_y10,future_x11,future_y11,future_x12,future_y12,future_x13,future_y13,future_x14,future_y14,future_x15,future_y15,future_x16,future_y16,future_x17,future_y17,future_x18,future_y18,future_x19,future_y19,future_x20,future_y20
189.75129829014952,185.2486179126312,187.80405529391965,196.2919817155269,185.85681229768971,207.3353455184226,183.90956930145984,218.3787093213183,181.9623263052299,229.42207312421402,180.01508330900003,240.4654369271097,178.0678403127701,251.5088007300054,176.12059731654023,262.5521645329011,174.1733543203103,273.5955283357968,172.22611132408042,284.6388921386925,170.27886832785052,295.68225594158815,168.33162533162061,306.7256197444838,166.3843823353907,317.76898354737955,164.4371393391608,328.8123473502753,162.48989634293088,339.855711153171,160.542653346701,350.89907495606656,158.5954103504711,361.94243875896234,156.6481673542412,372.985802561858,154.7009243580113,384.02916636475373,152.7536813617814,395.07253016764946
