future_x1,future_y1,future_x2,future_y2,future_x3,future_y3,future_x4,future_y4,future_x5,future_y5,future_x6,future_y6,future_x7,future_y7,future_x8,future_y8,future_x9,future_y9,future_x10,future_y10,future_x11,future_y11,future_x12,future_y12,future_x13,future_y13,future_x14,future_y14,future_x15,future_y15,future_x16,future_y16,future_x17,future_y17,future_x18,future_y18,future_x19,future_y19,future_x20,future_y20
57.27529607446161,219.06907326542606,41.978335820675355,217.73076265681323,26.681375566889074,216.3924520482004,11.384415313102863,215.05414143958757,-3.9125449406834036,213.71583083097474,-19.209505194469614,212.3775202223619,-34.50646544825591,211.03920961374908,-49.80342570204215,209.70089900513625,-65.10038595582841,208.36258839652345,-80.39734620961468,207.02427778791062,-95.69430646340089,205.6859671792978,-110.99126671718719,204.34765657068496,-126.2882269709734,203.00934596207213,-141.58518722475964,201.6710353534593,-156.88214747854596,200.33272474484647,-172.17910773233217,198.99441413623364,-187.47606798611838,197.65610352762081,-202.77302823990465,196.317792919008,-218.06998849369091,194.97948231039518,-233.36694874747724,193.64117170178235
