future_x1,future_y1,future_x2,future_y2,future_x3,future_y3,future_x4,future_y4,future_x5,future_y5,future_x6,future_y6,future_x7,future_y7,future_x8,future_y8,future_x9,future_y9,future_x10,future_y10,future_x11,future_y11,future_x12,future_y12,future_x13,future_y13,future_x14,future_y14,future_x15,future_y15,future_x16,future_y16,future_x17,future_y17,future_x18,future_y18,future_x19,future_y19,future_x20,future_y20
148.47743587109113,20.989370512740265,161.930146397832,15.554122651368147,175.38285692457288,10.118874789996042,188.8355674513137,4.683626928623951,202.28827797805457,-0.7516209327481533,215.7409885047954,-6.186868794120244,229.19369903153626,-11.622116655492391,242.64640955827716,-17.05736451686448,256.099120085018,-22.4926123782366,269.5518306117589,-27.92786023960872,283.0045411384997,-33.36310810098081,296.45725166524056,-38.7983559623529,309.90996219198144,-44.23360382372502,323.36267271872225,-49.66885168509711,336.81538324546307,-55.1040995464692,350.268093772204,-60.53934740784135,363.72080429894487,-65.97459526921344,377.17351482568563,-71.40984313058553,390.62622535242656,-76.84509099195765,404.07893587916743,-82.28033885332974
