future_x1,future_y1,future_x2,future_y2,future_x3,future_y3,future_x4,future_y4,future_x5,future_y5,future_x6,future_y6,future_x7,future_y7,future_x8,future_y8,future_x9,future_y9,future_x10,future_y10,future_x11,future_y11,future_x12,future_y12,future_x13,future_y13,future_x14,future_y14,future_x15,future_y15,future_x16,future_y16,future_x17,future_y17,future_x18,future_y18,future_x19,future_y19,future_x20,future_y20
39.40432821351337,148.7259457159878,30.688186585723756,140.3088655864026,21.972044957934145,131.8917854568174,13.255903330144562,123.47470532723219,4.539761702354966,115.05762519764698,-4.176379925434645,106.64054506806178,-12.892521553224242,98.22346493847658,-21.60866318101384,89.80638480889138,-30.324804808803435,81.38930467930618,-39.04094643659306,72.97222454972095,-47.75708806438263,64.55514442013578,-56.4732296921722,56.1380642905506,-65.18937131996182,47.72098416096537,-73.90551294775145,39.30390403138017,-82.62165457554102,30.88682390179497,-91.33779620333058,22.469743772209796,-100.05393783112021,14.052663642624566,-108.77007945890983,5.635583513039364,-117.48622108669943,-2.7814966165458372,-126.20236271448908,-11.198576746131096
