future_x1,future_y1,future_x2,future_y2,future_x3,future_y3,future_x4,future_y4,future_x5,future_y5,future_x6,future_y6,future_x7,future_y7,future_x8,future_y8,future_x9,future_y9,future_x10,future_y10,future_x11,future_y11,future_x12,future_y12,future_x13,future_y13,future_x14,future_y14,future_x15,future_y15,future_x16,future_y16,future_x17,future_y17,future_x18,future_y18,future_x19,future_y19,future_x20,future_y20
74.5083399339907,54.82426720741488,78.8341572920168,43.55512771215851,83.15997465004291,32.285988216902155,87.48579200806901,21.016848721645786,91.81160936609511,9.747709226389446,96.13742672412121,-1.5214302688668795,100.46324408214733,-12.79056976412329,104.78906144017343,-24.059709259379645,109.11487879819954,-35.328848754636,113.44069615622564,-46.59798824989238,117.76651351425174,-57.86712774514871,122.09233087227786,-69.13626724040509,126.41814823030396,-80.40540673566147,130.74396558833007,-91.6745462309178,135.06978294635616,-102.94368572617418,139.39560030438224,-114.2128252214305,143.72141766240838,-125.48196471668689,148.04723502043447,-136.75110421194324,152.37305237846056,-148.0202437071996,156.6988697364867,-159.28938320245595
