future_x1,future_y1,future_x2,future_y2,future_x3,future_y3,future_x4,future_y4,future_x5,future_y5,future_x6,future_y6,future_x7,future_y7,future_x8,future_y8,future_x9,future_y9,future_x10,future_y10,future_x11,future_y11,future_x12,future_y12,future_x13,future_y13,future_x14,future_y14,future_x15,future_y15,future_x16,future_y16,future_x17,future_y17,future_x18,future_y18,future_x19,future_y19,future_x20,future_y20
174.41702191922488,204.74361767603023,169.1811513240268,215.4787432713768,163.94528072882878,226.21386886672335,158.7094101336307,236.94899446206986,153.47353953843268,247.6841200574164,148.2376689432346,258.4192456527629,143.00179834803657,269.1543712481095,137.7659277528385,279.889496843456,132.53005715764044,290.6246224388026,127.29418656244238,301.3597480341491,122.05831596724434,312.0948736294956,116.82244537204629,322.8299992248422,111.58657477684822,333.56512482018877,106.35070418165017,344.3002504155353,101.11483358645214,355.0353760108818,95.87896299125408,365.7705016062283,90.64309239605603,376.5056272015749,85.40722180085798,387.2407527969214,80.17135120565992,397.975878392268,74.93548061046187,408.7110039876145
