future_x1,future_y1,future_x2,future_y2,future_x3,future_y3,future_x4,future_y4,future_x5,future_y5,future_x6,future_y6,future_x7,future_y7,future_x8,future_y8,future_x9,future_y9,future_x10,future_y10,future_x11,future_y11,future_x12,future_y12,future_x13,future_y13,future_x14,future_y14,future_x15,future_y15,future_x16,future_y16,future_x17,future_y17,future_x18,future_y18,future_x19,future_y19,future_x20,future_y20
223.9075391017072,174.4318779475355,225.6368770326012,188.5162051477721,227.36621496349528,202.60053234800867,229.0955528943893,216.68485954824524,230.82489082528338,230.76918674848181,232.55422875617742,244.8535139487184,234.28356668707144,258.937841148955,236.0129046179655,273.02216834919153,237.74224254885956,287.10649554942813,239.47158047975358,301.19082274966473,241.20091841064763,315.2751499499013,242.93025634154168,329.3594771501379,244.65959427243575,343.4438043503745,246.38893220332977,357.528131550611,248.11827013422382,371.6124587508476,249.84760806511787,385.69678595108417,251.57694599601191,399.78111315132077,253.30628392690596,413.86544035155737,255.0356218578,427.94976755179397,256.76495978869406,442.0340947520305
