future_x1,future_y1,future_x2,future_y2,future_x3,future_y3,future_x4,future_y4,future_x5,future_y5,future_x6,future_y6,future_x7,future_y7,future_x8,future_y8,future_x9,future_y9,future_x10,future_y10,future_x11,future_y11,future_x12,future_y12,future_x13,future_y13,future_x14,future_y14,future_x15,future_y15,future_x16,future_y16,future_x17,future_y17,future_x18,future_y18,future_x19,future_y19,future_x20,future_y20
69.66900091504212,193.1638825281951,58.16562720938718,191.34192712198072,46.662253503732245,189.51997171576633,35.15887979807735,187.69801630955195,23.655506092422428,185.87606090333756,12.15213238676749,184.0541054971232,0.6487586811125823,182.23215009090882,-10.85461502454234,180.41019468469443,-22.35798873019729,178.58823927848005,-33.861362435852215,176.76628387226566,-45.36473614150708,174.94432846605127,-56.86810984716203,173.1223730598369,-68.37148355281693,171.30041765362253,-79.8748572584719,169.47846224740815,-91.37823096412686,167.65650684119376,-102.8816046697817,165.8345514349794,-114.38497837543665,164.01259602876502,-125.88835208109154,162.19064062255063,-137.39172578674646,160.36868521633625,-148.89509949240147,158.54672981012186
