future_x1,future_y1,future_x2,future_y2,future_x3,future_y3,future_x4,future_y4,future_x5,future_y5,future_x6,future_y6,future_x7,future_y7,future_x8,future_y8,future_x9,future_y9,future_x10,future_y10,future_x11,future_y11,future_x12,future_y12,future_x13,future_y13,future_x14,future_y14,future_x15,future_y15,future_x16,future_y16,future_x17,future_y17,future_x18,future_y18,future_x19,future_y19,future_x20,future_y20
51.769996504733086,219.38670541841827,36.039988861696656,217.45530333696874,20.309981218660226,215.5239012555192,4.579973575623853,213.59249917406967,-11.150034067412548,211.66109709262014,-26.88004171044895,209.72969501117063,-42.61004935348538,207.7982929297211,-58.34005699652181,205.86689084827157,-74.07006463955821,203.93548876682203,-89.80007228259464,202.0040866853725,-105.53007992563099,200.07268460392297,-121.26008756866742,198.14128252247343,-136.99009521170382,196.20988044102393,-152.72010285474028,194.2784783595744,-168.45011049777668,192.34707627812486,-184.18011814081302,190.41567419667533,-199.91012578384948,188.4842721152258,-215.64013342688588,186.5528700337763,-231.37014106992228,184.62146795232673,-247.10014871295868,182.69006587087722
