future_x1,future_y1,future_x2,future_y2,future_x3,future_y3,future_x4,future_y4,future_x5,future_y5,future_x6,future_y6,future_x7,future_y7,future_x8,future_y8,future_x9,future_y9,future_x10,future_y10,future_x11,future_y11,future_x12,future_y12,future_x13,future_y13,future_x14,future_y14,future_x15,future_y15,future_x16,future_y16,future_x17,future_y17,future_x18,future_y18,future_x19,future_y19,future_x20,future_y20
29.673721450726305,130.00282359683078,22.350048745936874,119.14503229854826,15.02637604114743,108.28724100026577,7.702703336358013,97.42944970198326,0.37903063156859673,86.57165840370077,-6.944642073220848,75.71386710541827,-14.268314778010279,64.85607580713575,-21.591987482799738,53.99828450885326,-28.91566018758914,43.14049321057074,-36.23933289237857,32.282701912288246,-43.563005597168,21.424910614005782,-50.8866783019574,10.56711931572326,-58.21035100674689,-0.2906719825592461,-65.53402371153629,-11.148463280841781,-72.85769641632572,-22.00625457912429,-80.18136912111518,-32.86404587740671,-87.50504182590458,-43.721837175689245,-94.82871453069401,-54.57962847397175,-102.15238723548345,-65.43741977225426,-109.4760599402729,-76.29521107053674
