future_x1,future_y1,future_x2,future_y2,future_x3,future_y3,future_x4,future_y4,future_x5,future_y5,future_x6,future_y6,future_x7,future_y7,future_x8,future_y8,future_x9,future_y9,future_x10,future_y10,future_x11,future_y11,future_x12,future_y12,future_x13,future_y13,future_x14,future_y14,future_x15,future_y15,future_x16,future_y16,future_x17,future_y17,future_x18,future_y18,future_x19,future_y19,future_x20,future_y20
109.4926789670218,48.88811954090687,117.0087463278646,41.10500394826239,124.5248136887074,33.321888355617915,132.0408810495502,25.538772762973437,139.55694841039298,17.755657170328988,147.07301577123576,9.972541577684524,154.58908313207857,2.189425985040046,162.10515049292135,-5.593689607604432,169.62121785376416,-13.376805200248924,177.13728521460698,-21.159920792893388,184.65335257544973,-28.943036385537823,192.1694199362925,-36.726151978182315,199.68548729713532,-44.50926757082681,207.20155465797814,-52.29238316347124,214.71762201882092,-60.07549875611576,222.2336893796637,-67.85861434876014,229.74975674050648,-75.64172994140466,237.2658241013493,-83.4248455340491,244.7818914621921,-91.20796112669359,252.2979588230349,-98.99107671933808
