future_x1,future_y1,future_x2,future_y2,future_x3,future_y3,future_x4,future_y4,future_x5,future_y5,future_x6,future_y6,future_x7,future_y7,future_x8,future_y8,future_x9,future_y9,future_x10,future_y10,future_x11,future_y11,future_x12,future_y12,future_x13,future_y13,future_x14,future_y14,future_x15,future_y15,future_x16,future_y16,future_x17,future_y17,future_x18,future_y18,future_x19,future_y19,future_x20,future_y20
233.31392434511383,101.41619596692271,243.892668833662,111.28103479488945,254.47141332221014,121.14587362285619,265.05015781075826,131.0107124508229,275.62890229930645,140.87555127878963,286.20764678785457,150.74039010675634,296.7863912764027,160.60522893472307,307.3651357649509,170.4700677626898,317.94388025349906,180.33490659065654,328.5226247420472,190.1997454186233,339.1013692305953,200.06458424658996,349.68011371914343,209.9294230745567,360.25885820769156,219.79426190252343,370.83760269623974,229.65910073049017,381.4163471847879,239.5239395584569,391.99509167333605,249.38877838642358,402.5738361618842,259.2536172143903,413.15258065043236,269.1184560423571,423.7313251389805,278.9832948703238,434.31006962752866,288.84813369829055
