future_x1,future_y1,future_x2,future_y2,future_x3,future_y3,future_x4,future_y4,future_x5,future_y5,future_x6,future_y6,future_x7,future_y7,future_x8,future_y8,future_x9,future_y9,future_x10,future_y10,future_x11,future_y11,future_x12,future_y12,future_x13,future_y13,future_x14,future_y14,future_x15,future_y15,future_x16,future_y16,future_x17,future_y17,future_x18,future_y18,future_x19,future_y19,future_x20,future_y20
106.57623087055862,28.63330618844512,116.14816898941469,19.061368069588895,125.72010710827075,9.489429950732685,135.2920452271268,-0.08250816812352468,144.86398334598286,-9.654446286979748,154.43592146483888,-19.226384405835944,164.00785958369494,-28.79832252469214,173.57979770255102,-38.37026064354836,183.15173582140704,-47.94219876240456,192.72367394026315,-57.51413688126081,202.29561205911915,-67.08607500011698,211.86755017797523,-76.6580131189732,221.43948829683129,-86.2299512378294,231.01142641568737,-95.80188935668562,240.58336453454342,-105.37382747554184,250.15530265339942,-114.94576559439798,259.7272407722555,-124.51770371325424,269.2991788911115,-134.08964183211043,278.87111700996763,-143.66157995096665,288.4430551288237,-153.23351806982288
