future_x1,future_y1,future_x2,future_y2,future_x3,future_y3,future_x4,future_y4,future_x5,future_y5,future_x6,future_y6,future_x7,future_y7,future_x8,future_y8,future_x9,future_y9,future_x10,future_y10,future_x11,future_y11,future_x12,future_y12,future_x13,future_y13,future_x14,future_y14,future_x15,future_y15,future_x16,future_y16,future_x17,future_y17,future_x18,future_y18,future_x19,future_y19,future_x20,future_y20
74.38199214754582,39.3506268812383,80.4301386912059,26.950088788337354,86.47828523486596,14.549550695436409,92.52643177852602,2.1490126025355067,98.57457832218608,-10.251525490365424,104.62272486584614,-22.65206358326634,110.67087140950622,-35.052601676167285,116.71901795316629,-47.4531397690682,122.76716449682634,-59.853677861969146,128.81531104048642,-72.25421595487006,134.86345758414646,-84.65475404777098,140.91160412780653,-97.05529214067192,146.95975067146662,-109.45583023357284,153.0078972151267,-121.85636832647378,159.05604375878673,-134.25690641937473,165.1041903024468,-146.65744451227567,171.15233684610686,-159.05798260517656,177.20048338976693,-171.4585206980775,183.24862993342697,-183.85905879097845,189.29677647708706,-196.2595968838794
