future_x1,future_y1,future_x2,future_y2,future_x3,future_y3,future_x4,future_y4,future_x5,future_y5,future_x6,future_y6,future_x7,future_y7,future_x8,future_y8,future_x9,future_y9,future_x10,future_y10,future_x11,future_y11,future_x12,future_y12,future_x13,future_y13,future_x14,future_y14,future_x15,future_y15,future_x16,future_y16,future_x17,future_y17,future_x18,future_y18,future_x19,future_y19,future_x20,future_y20
188.92245926171162,74.72854505619156,199.28222158633005,77.69915910033373,209.64198391094845,80.6697731444759,220.00174623556686,83.64038718861805,230.36150856018529,86.61100123276022,240.7212708848037,89.58161527690238,251.08103320942212,92.55222932104455,261.4407955340405,95.52284336518672,271.800557858659,98.49345740932888,282.16032018327735,101.46407145347105,292.5200825078957,104.4346854976132,302.87984483251415,107.40529954175537,313.2396071571326,110.37591358589754,323.59936948175095,113.3465276300397,333.95913180636944,116.31714167418187,344.3188941309878,119.28775571832404,354.67865645560624,122.25836976246619,365.0384187802247,125.22898380660835,375.39818110484305,128.19959785075054,385.7579434294615,131.1702118948927
