future_x1,future_y1,future_x2,future_y2,future_x3,future_y3,future_x4,future_y4,future_x5,future_y5,future_x6,future_y6,future_x7,future_y7,future_x8,future_y8,future_x9,future_y9,future_x10,future_y10,future_x11,future_y11,future_x12,future_y12,future_x13,future_y13,future_x14,future_y14,future_x15,future_y15,future_x16,future_y16,future_x17,future_y17,future_x18,future_y18,future_x19,future_y19,future_x20,future_y20
60.30183310599446,173.9504861637992,50.27203027189151,169.69308744917458,40.24222743778856,165.43568873454996,30.212424603685662,161.17829001992533,20.18262176958271,156.92089130530067,10.152818935479786,152.66349259067604,0.12301610137683383,148.4060938760514,-9.90678673272609,144.14869516142676,-19.936589566829042,139.89129644680213,-29.966392400931966,135.6338977321775,-39.99619523503492,131.37649901755287,-50.02599806913784,127.11910030292822,-60.055800903240794,122.86170158830359,-70.08560373734375,118.60430287367893,-80.1154065714467,114.3469041590543,-90.14520940554962,110.08950544442968,-100.17501223965252,105.83210672980505,-110.20481507375547,101.5747080151804,-120.23461790785845,97.31730930055576,-130.26442074196137,93.05991058593114
