future_x1,future_y1,future_x2,future_y2,future_x3,future_y3,future_x4,future_y4,future_x5,future_y5,future_x6,future_y6,future_x7,future_y7,future_x8,future_y8,future_x9,future_y9,future_x10,future_y10,future_x11,future_y11,future_x12,future_y12,future_x13,future_y13,future_x14,future_y14,future_x15,future_y15,future_x16,future_y16,future_x17,future_y17,future_x18,future_y18,future_x19,future_y19,future_x20,future_y20
104.84413201214453,29.017318664462067,114.24803565035235,19.279291379132516,123.65193928856016,9.541264093802994,133.05584292676795,-0.1967631915265713,142.45974656497577,-9.934790476856108,151.86365020318357,-19.672817762185616,161.26755384139136,-29.410845047515153,170.67145747959918,-39.14887233284472,180.07536111780698,-48.886899618174255,189.4792647560148,-58.62492690350376,198.88316839422257,-68.3629541888333,208.2870720324304,-78.10098147416284,217.6909756706382,-87.8390087594924,227.09487930884603,-97.57703604482191,236.49878294705383,-107.3150633301515,245.90268658526162,-117.05309061548101,255.30659022346944,-126.79111790081052,264.71049386167726,-136.52914518614006,274.11439749988506,-146.26717247146962,283.51830113809285,-156.0051997567992
