future_x1,future_y1,future_x2,future_y2,future_x3,future_y3,future_x4,future_y4,future_x5,future_y5,future_x6,future_y6,future_x7,future_y7,future_x8,future_y8,future_x9,future_y9,future_x10,future_y10,future_x11,future_y11,future_x12,future_y12,future_x13,future_y13,future_x14,future_y14,future_x15,future_y15,future_x16,future_y16,future_x17,future_y17,future_x18,future_y18,future_x19,future_y19,future_x20,future_y20
81.88334529960272,227.6543738759156,67.40251941124804,229.68952123344508,52.92169352289338,231.7246685909745,38.44086763453873,233.7598159485039,23.96004174618406,235.79496330603337,9.479215857829416,237.83011066356278,-5.001610030525256,239.86525802109222,-19.482435918879958,241.90040537862166,-33.96326180723463,243.93555273615107,-48.4440876955893,245.9707000936805,-62.92491358394392,248.00584745120995,-77.40573947229859,250.04099480873938,-91.88656536065324,252.0761421662688,-106.36739124900797,254.11128952379823,-120.84821713736264,256.14643688132765,-135.32904302571723,258.1815842388571,-149.8098689140719,260.2167315963865,-164.29069480242657,262.25187895391593,-178.77152069078124,264.2870263114454,-193.25234657913592,266.3221736689748
