future_x1,future_y1,future_x2,future_y2,future_x3,future_y3,future_x4,future_y4,future_x5,future_y5,future_x6,future_y6,future_x7,future_y7,future_x8,future_y8,future_x9,future_y9,future_x10,future_y10,future_x11,future_y11,future_x12,future_y12,future_x13,future_y13,future_x14,future_y14,future_x15,future_y15,future_x16,future_y16,future_x17,future_y17,future_x18,future_y18,future_x19,future_y19,future_x20,future_y20
206.28146828846653,118.156685065525,213.03514947769247,126.20540888602133,219.7888306669184,134.25413270651768,226.54251185614433,142.302856527014,233.29619304537022,150.35158034751032,240.04987423459616,158.40030416800664,246.80355542382208,166.449027988503,253.55723661304802,174.4977518089993,260.31091780227393,182.54647562949566,267.0645989914999,190.59519944999198,273.81828018072576,198.64392327048827,280.57196136995174,206.69264709098462,287.32564255917765,214.74137091148094,294.07932374840357,222.79009473197726,300.8330049376295,230.83881855247358,307.5866861268554,238.8875423729699,314.3403673160813,246.93626619346625,321.0940485053072,254.98499001396257,327.8477296945332,263.0337138344589,334.6014108837591,271.08243765495524
