future_x1,future_y1,future_x2,future_y2,future_x3,future_y3,future_x4,future_y4,future_x5,future_y5,future_x6,future_y6,future_x7,future_y7,future_x8,future_y8,future_x9,future_y9,future_x10,future_y10,future_x11,future_y11,future_x12,future_y12,future_x13,future_y13,future_x14,future_y14,future_x15,future_y15,future_x16,future_y16,future_x17,future_y17,future_x18,future_y18,future_x19,future_y19,future_x20,future_y20
0.05638817039357491,132.84108904272202,-9.723371234311543,118.87414514247499,-19.50313063901666,104.9072012422279,-29.282890043721807,90.94025734198085,-39.062649448426924,76.97331344173381,-48.842408853132014,63.00636954148676,-58.62216825783716,49.0394256412397,-68.40192766254228,35.072481740992615,-78.18168706724742,21.105537840745527,-87.96144647195251,7.138593940498524,-97.7412058766576,-6.828349959748465,-107.52096528136272,-20.795293859995553,-117.30072468606787,-34.76223776024264,-127.08048409077301,-48.72918166048973,-136.86024349547813,-62.69612556073679,-146.64000290018322,-76.66306946098376,-156.41976230488837,-90.63001336123088,-166.1995217095935,-104.59695726147794,-175.9792811142986,-118.56390116172497,-185.7590405190037,-132.530845061972
