future_x1,future_y1,future_x2,future_y2,future_x3,future_y3,future_x4,future_y4,future_x5,future_y5,future_x6,future_y6,future_x7,future_y7,future_x8,future_y8,future_x9,future_y9,future_x10,future_y10,future_x11,future_y11,future_x12,future_y12,future_x13,future_y13,future_x14,future_y14,future_x15,future_y15,future_x16,future_y16,future_x17,future_y17,future_x18,future_y18,future_x19,future_y19,future_x20,future_y20
253.2212258363836,125.44934894690114,262.5481248836063,139.2770454315721,271.875023930829,153.10474191624309,281.2019229780517,166.93243840091404,290.5288220252744,180.76013488558502,299.8557210724971,194.58783137025597,309.1826201197198,208.41552785492692,318.50951916694254,222.24322433959793,327.83641821416523,236.0709208242689,337.163317261388,249.8986173089399,346.4902163086106,263.7263137936108,355.8171153558334,277.5540102782818,365.1440144030561,291.3817067629527,374.4709134502788,305.20940324762375,383.79781249750147,319.03709973229473,393.12471154472416,332.8647962169656,402.45161059194686,346.69249270163664,411.77850963916956,360.52018918630756,421.1054086863923,374.3478856709786,430.432307733615,388.1755821556496
