future_x1,future_y1,future_x2,future_y2,future_x3,future_y3,future_x4,future_y4,future_x5,future_y5,future_x6,future_y6,future_x7,future_y7,future_x8,future_y8,future_x9,future_y9,future_x10,future_y10,future_x11,future_y11,future_x12,future_y12,future_x13,future_y13,future_x14,future_y14,future_x15,future_y15,future_x16,future_y16,future_x17,future_y17,future_x18,future_y18,future_x19,future_y19,future_x20,future_y20
134.21245870538309,2.4632352941175952,148.7081956846103,-5.905882352941234,163.2039326638375,-14.275000000000034,177.69966964306465,-22.644117647058863,192.19540662229184,-31.013235294117692,206.691143601519,-39.38235294117652,221.1868805807462,-47.75147058823535,235.68261755997338,-56.12058823529418,250.1783545392006,-64.48970588235301,264.67409151842776,-72.85882352941184,279.16982849765486,-81.22794117647064,293.665565476882,-89.59705882352941,308.16130245610924,-97.96617647058824,322.6570394353364,-106.33529411764707,337.1527764145636,-114.7044117647059,351.6485133937907,-123.07352941176472,366.144250373018,-131.44264705882358,380.63998735224516,-139.8117647058824,395.13572433147226,-148.18088235294124,409.63146131069954,-156.55000000000007
