future_x1,future_y1,future_x2,future_y2,future_x3,future_y3,future_x4,future_y4,future_x5,future_y5,future_x6,future_y6,future_x7,future_y7,future_x8,future_y8,future_x9,future_y9,future_x10,future_y10,future_x11,future_y11,future_x12,future_y12,future_x13,future_y13,future_x14,future_y14,future_x15,future_y15,future_x16,future_y16,future_x17,future_y17,future_x18,future_y18,future_x19,future_y19,future_x20,future_y20
169.76225737103144,52.13856311676939,181.2663224792631,51.334120519360255,192.77038758749472,50.529677921951105,204.27445269572635,49.725235324541956,215.77851780395798,48.920792727132806,227.2825829121896,48.116350129723656,238.78664802042127,47.31190753231451,250.29071312865292,46.50746493490536,261.79477823688455,45.70302233749622,273.2988433451162,44.89857974008707,284.8029084533478,44.09413714267792,296.3069735615794,43.28969454526877,307.81103866981107,42.48525194785964,319.3151037780427,41.68080935045049,330.8191688862743,40.87636675304134,342.3232339945059,40.0719241556322,353.8272991027376,39.267481558223054,365.33136421096924,38.463038960813904,376.8354293192009,37.65859636340477,388.33949442743256,36.85415376599562
