future_x1,future_y1,future_x2,future_y2,future_x3,future_y3,future_x4,future_y4,future_x5,future_y5,future_x6,future_y6,future_x7,future_y7,future_x8,future_y8,future_x9,future_y9,future_x10,future_y10,future_x11,future_y11,future_x12,future_y12,future_x13,future_y13,future_x14,future_y14,future_x15,future_y15,future_x16,future_y16,future_x17,future_y17,future_x18,future_y18,future_x19,future_y19,future_x20,future_y20
191.05013265742164,86.79314281399449,200.2135309772579,90.87295060089366,209.37692929709414,94.95275838779284,218.5403276169304,99.032566174692,227.70372593676663,103.11237396159116,236.86712425660284,107.19218174849033,246.0305225764391,111.2719895353895,255.19392089627536,115.35179732228866,264.3573192161116,119.43160510918783,273.5207175359478,123.511412896087,282.68411585578406,127.59122068298616,291.84751417562035,131.67102846988533,301.0109124954566,135.75083625678448,310.1743108152928,139.83064404368366,319.3377091351291,143.91045183058284,328.50110745496534,147.990259617482,337.66450577480157,152.07006740438115,346.8279040946378,156.14987519128033,355.99130241447403,160.22968297817948,365.15470073431027,164.30949076507866
