future_x1,future_y1,future_x2,future_y2,future_x3,future_y3,future_x4,future_y4,future_x5,future_y5,future_x6,future_y6,future_x7,future_y7,future_x8,future_y8,future_x9,future_y9,future_x10,future_y10,future_x11,future_y11,future_x12,future_y12,future_x13,future_y13,future_x14,future_y14,future_x15,future_y15,future_x16,future_y16,future_x17,future_y17,future_x18,future_y18,future_x19,future_y19,future_x20,future_y20
116.81523824590577,209.3014721938545,106.91027152434584,213.92023402988812,97.00530480278591,218.53899586592178,87.10033808122601,223.15775770195538,77.19537135966608,227.77651953798903,67.2904046381062,232.39528137402266,57.38543791654624,237.0140432100563,47.48047119498632,241.6328050460899,37.57550447342638,246.25156688212357,27.670537751866476,250.8703287181572,17.76557103030659,255.4890905541908,7.86060430874663,260.1078523902245,-2.0443624128132853,264.7266142262581,-11.949329134373187,269.34537606229173,-21.854295855933145,273.96413789832536,-31.75926257749302,278.582899734359,-41.66422929905292,283.2016615703926,-51.56919602061285,287.82042340642624,-61.47416274217281,292.4391852424599,-71.37912946373271,297.05794707849356
