future_x1,future_y1,future_x2,future_y2,future_x3,future_y3,future_x4,future_y4,future_x5,future_y5,future_x6,future_y6,future_x7,future_y7,future_x8,future_y8,future_x9,future_y9,future_x10,future_y10,future_x11,future_y11,future_x12,future_y12,future_x13,future_y13,future_x14,future_y14,future_x15,future_y15,future_x16,future_y16,future_x17,future_y17,future_x18,future_y18,future_x19,future_y19,future_x20,future_y20
159.35914257369495,191.82322539478426,154.48178249822564,199.9405156964234,149.60442242275633,208.05780599806255,144.72706234728705,216.17509629970166,139.84970227181776,224.2923866013408,134.97234219634845,232.40967690297992,130.09498212087917,240.5269672046191,125.21762204540985,248.6442575062582,120.34026196994056,256.7615478078974,115.46290189447126,264.8788381095365,110.58554181900197,272.9961284111756,105.70818174353266,281.11341871281473,100.83082166806336,289.23070901445385,95.95346159259408,297.347999316093,91.07610151712477,305.46528961773214,86.19874144165549,313.58257991937126,81.32138136618619,321.69987022101037,76.4440212907169,329.81716052264954,71.5666612152476,337.93445082428866,66.68930113977831,346.0517411259278
