future_x1,future_y1,future_x2,future_y2,future_x3,future_y3,future_x4,future_y4,future_x5,future_y5,future_x6,future_y6,future_x7,future_y7,future_x8,future_y8,future_x9,future_y9,future_x10,future_y10,future_x11,future_y11,future_x12,future_y12,future_x13,future_y13,future_x14,future_y14,future_x15,future_y15,future_x16,future_y16,future_x17,future_y17,future_x18,future_y18,future_x19,future_y19,future_x20,future_y20
176.5992981015305,192.1040634355727,172.93532348768787,202.17075095256058,169.27134887384517,212.2374384695485,165.6073742600025,222.30412598653635,161.94339964615983,232.37081350352426,158.27942503231716,242.43750102051212,154.61545041847447,252.5041885375,150.9514758046318,262.5708760544879,147.2875011907891,272.63756357147577,143.62352657694643,282.70425108846365,139.95955196310376,292.7709386054515,136.2955773492611,302.83762612243936,132.6316027354184,312.9043136394273,128.96762812157573,322.9710011564152,125.30365350773305,333.03768867340307,121.63967889389039,343.10437619039095,117.97570428004771,353.17106370737883,114.31172966620503,363.23775122436666,110.64775505236236,373.3044387413546,106.98378043851967,383.3711262583425
