future_x1,future_y1,future_x2,future_y2,future_x3,future_y3,future_x4,future_y4,future_x5,future_y5,future_x6,future_y6,future_x7,future_y7,future_x8,future_y8,future_x9,future_y9,future_x10,future_y10,future_x11,future_y11,future_x12,future_y12,future_x13,future_y13,future_x14,future_y14,future_x15,future_y15,future_x16,future_y16,future_x17,future_y17,future_x18,future_y18,future_x19,future_y19,future_x20,future_y20
171.0852735101393,191.47689176488373,167.0933421210471,200.88129277208225,163.10141073195493,210.28569377928073,159.10947934286276,219.69009478647922,155.11754795377055,229.09449579367774,151.12561656467838,238.49889680087622,147.1336851755862,247.9032978080747,143.141753786494,257.3076988152732,139.1498223974018,266.7120998224717,135.15789100830963,276.11650082967026,131.16595961921746,285.5209018368687,127.17402823012529,294.92530284406723,123.18209684103309,304.3297038512657,119.19016545194091,313.7341048584642,115.19823406284873,323.13850586566275,111.20630267375655,332.5429068728612,107.21437128466437,341.9473078800597,103.22243989557218,351.3517088872582,99.23050850647999,360.7561098944567,95.2385771173878,370.16051090165524
