future_x1,future_y1,future_x2,future_y2,future_x3,future_y3,future_x4,future_y4,future_x5,future_y5,future_x6,future_y6,future_x7,future_y7,future_x8,future_y8,future_x9,future_y9,future_x10,future_y10,future_x11,future_y11,future_x12,future_y12,future_x13,future_y13,future_x14,future_y14,future_x15,future_y15,future_x16,future_y16,future_x17,future_y17,future_x18,future_y18,future_x19,future_y19,future_x20,future_y20
186.11993143607802,227.9928470238662,179.12754305376606,241.716181921564,172.1351546714541,255.43951681926174,165.14276628914217,269.1628517169595,158.1503779068302,282.8861866146573,151.15798952451826,296.609521512355,144.1656011422063,310.3328564100527,137.17321275989434,324.0561913077505,130.18082437758238,337.7795262054483,123.18843599527042,351.5028611031461,116.1960476129585,365.22619600084374,109.20365923064654,378.9495308985415,102.21127084833458,392.6728657962393,95.21888246602263,406.39620069393703,88.22649408371066,420.1195355916348,81.23410570139872,433.84287048933254,74.2417173190868,447.56620538703027,67.24932893677483,461.28954028472805,60.25694055446286,475.0128751824258,53.264552172150914,488.7362100801236
