future_x1,future_y1,future_x2,future_y2,future_x3,future_y3,future_x4,future_y4,future_x5,future_y5,future_x6,future_y6,future_x7,future_y7,future_x8,future_y8,future_x9,future_y9,future_x10,future_y10,future_x11,future_y11,future_x12,future_y12,future_x13,future_y13,future_x14,future_y14,future_x15,future_y15,future_x16,future_y16,future_x17,future_y17,future_x18,future_y18,future_x19,future_y19,future_x20,future_y20
153.03731403765315,33.458714013649114,165.42398599488317,29.4340403239693,177.8106579521132,25.40936663428947,190.19732990934315,21.384692944609668,202.58400186657317,17.360019254929853,214.97067382380317,13.335345565250037,227.35734578103316,9.310671875570236,239.74401773826318,5.285998185890406,252.1306896954932,1.261324496210591,264.5173616527232,-2.7633491934692245,276.90403360995316,-6.78802288314904,289.2907055671832,-10.812696572828855,301.6773775244132,-14.83737026250867,314.0640494816432,-18.862043952188486,326.45072143887325,-22.8867176418683,338.8373933961032,-26.911391331548117,351.22406535333323,-30.936065021227932,363.6107373105632,-34.96073871090775,375.9974092677932,-38.98541240058756,388.38408122502324,-43.01008609026741
